source_system,source_record_id,support_ticket_id,support_ticket_created_date_time,requester_name,requester_email,requester_phone,contact_channel,issue_category,ticket_status,resolution_time_hours_minutes
SUPPORT,SUP000001,SUP000001,2025-01-01 03:37:46,Hollie Smith,hollie.smith@yahoo.fr,+44 7962334231,Email,Complaint,Resolved,38:56
SUPPORT,SUP000002,SUP000002,2025-01-01 05:49:50,Vincent Gregory,vincent.gregory@gmail.com,+44 7789656227,Email,Complaint,Resolved,38:55
SUPPORT,SUP000003,SUP000003,2025-01-01 06:40:57,Kimberley Patel,kimberley.patel@hotmail.com,+44 7507794405,Email,Refund request,Resolved,42:59
SUPPORT,SUP000004,SUP000004,2025-01-01 08:32:08,Debra Forster,debra.forster@hotmail.com,+44 7133863501,Phone,Refund request,Resolved,33:35
SUPPORT,SUP000005,SUP000005,2025-01-01 12:24:16,Alison Hall,alison.hall@yahoo.com,+44 7039760254,Phone,Complaint,Resolved,08:12
SUPPORT,SUP000006,SUP000006,2025-01-01 13:56:05,Geoffrey Hill,geoffrey.hill@hotmail.com,+44 7607153863,Email,Complaint,Resolved,20:07
SUPPORT,SUP000007,SUP000007,2025-01-01 15:11:06,Natasha Baldwin,natasha.baldwin@gmail.com,+44 7963877746,Email,Refund request,Resolved,43:51
SUPPORT,SUP000008,SUP000008,2025-01-01 15:48:12,Lydia Foster,lydia.foster@hotmail.co.uk,+44 7288908408,Email,Accessibility,Resolved,03:53
SUPPORT,SUP000009,SUP000009,2025-01-01 16:06:29,Dawn Lynch,dawn.lynch@yahoo.com,+44 7833307013,Email,Enquiry,Resolved,03:20
SUPPORT,SUP000010,SUP000010,2025-01-01 19:18:14,Shaun Booth,shaun.booth@gmail.com,+44 7697275107,Email,Refund request,Resolved,02:22
SUPPORT,SUP000011,SUP000011,2025-01-01 20:12:56,Toby Hanon,toby.hanson@gmail.com,+44 7549076479,Email,Complaint,Resolved,29:37
SUPPORT,SUP000012,SUP000012,2025-01-01 22:23:54,Garry Brown,garry.brown@gmail.com,+44 7076883215,Email,Complaint,Resolved,17:33
SUPPORT,SUP000013,SUP000013,2025-01-01 23:45:37,Jean Turner,jean.turner@gmail.com,+44 7360291317,Phone,Accessibility,Resolved,23:55
SUPPORT,SUP000014,SUP000014,2025-01-02 02:30:57,Lynne Ford,lynne.ford@yahoo.com,+44 7766995270,Email,Refund request,Resolved,08:30
SUPPORT,SUP000015,SUP000015,2025-01-02 02:36:36,Martin Benson,martin.benson@hotmail.com,+44 7543066694,Phone,Enquiry,Resolved,02:56
SUPPORT,SUP000016,SUP000016,2025-01-02 08:21:12,Bradley Smith,bradley.smith@aol.com,,Email,Refund request,Resolved,07:43
SUPPORT,SUP000017,SUP000017,2025-01-02 11:50:10,Sheila Smith,sheila.smih@yahoo.com,,Email,Refund request,Resolved,32:07
SUPPORT,SUP000018,SUP000018,2025-01-02 13:17:53,Bethany Brown,bethany.brown@aol.com,+44 7795857901,Email,Refund request,Resolved,11:53
SUPPORT,SUP000019,SUP000019,2025-01-02 18:22:02,Joanna Martin,joanna.martin@hotmail.co.uk,+44 7348905937,Email,Complaint,Resolved,14:41
SUPPORT,SUP000020,SUP000020,2025-01-02 19:49:39,Phillip McDonald,phillip.mcdonald@gmail.com,+44 7398243903,Email,Enquiry,Resolved,04:04
SUPPORT,SUP000021,SUP000021,2025-01-02 21:44:20,Lesley Gibbs,lesley.gibbs@yahoo.com,,Email,Refund request,Resolved,05:11
SUPPORT,SUP000022,SUP000022,2025-01-02 21:52:29,Deborah White,deborah.white@hotmail.com,+44 7200807113,Email,Refund request,Resolved,06:57
SUPPORT,SUP000023,SUP000023,2025-01-02 21:58:26,Glenn Greenwood,glenn.greenwood@yahoo.com,+44 7547326093,Email,Complaint,Open,
SUPPORT,SUP000024,SUP000024,2025-01-02 22:54:19,Henry Wright,,+44 7851334649,Phone,Accessibility,Resolved,11:09
SUPPORT,SUP000025,SUP000025,2025-01-02 23:04:36,Shirley Holden,shirley.holden@hotmail.com,+44 7504972217,Email,Accessibility,Resolved,06:45
SUPPORT,SUP000026,SUP000026,2025-01-03 01:42:52,Craig Birch,craig.birch@hotmail.com,+44 7656047604,Phone,Enquiry,Resolved,10:20
SUPPORT,SUP000027,SUP000027,2025-01-03 04:41:06,Damien Spencer,damien.spencer@aol.com,+44 7684650992,Email,Accessibility,Resolved,08:49
SUPPORT,SUP000028,SUP000028,2025-01-03 04:49:29,Jeremy Barnes,jeremy.barnes@orange.fr,+44 7485153106,Email,Complaint,Resolved,24:24
SUPPORT,SUP000029,SUP000029,2025-01-03 05:48:02,Dale Kelly,dale.kelly@yahoo.com,+44 7988328151,Phone,Enquiry,Resolved,02:07
SUPPORT,SUP000030,SUP000030,2025-01-03 06:34:38,Jean Collier,jean.colier@yahoo.com,,Email,Accessibility,Resolved,14:37
SUPPORT,SUP000031,SUP000031,2025-01-03 07:35:47,Charles Ahmed,charles.ahmed@gmail.com,+44 7250536859,Email,Accessibility,Open,
SUPPORT,SUP000032,SUP000032,2025-01-03 13:52:37,Joseph Hill,,+44 7022316554,Phone,Complaint,Resolved,14:57
SUPPORT,SUP000033,SUP000033,2025-01-03 14:27:14,Gerald Owen,gerald.owen@hotmail.com,+44 7047412653,Email,Enquiry,Resolved,02:54
SUPPORT,SUP000034,SUP000034,2025-01-03 15:33:54,Marilyn Reynolds,marilyn.ryenolds@gmail.com,,Email,Enquiry,Resolved,04:27
SUPPORT,SUP000035,SUP000035,2025-01-03 16:46:24,Allan Webster,allan.webster@hotmail.com,+44 7216711670,Email,Accessibility,Resolved,07:32
SUPPORT,SUP000036,SUP000036,2025-01-03 18:50:12,Julie Reeves,julie.reeves@msn.com,,Email,Enquiry,Resolved,10:29
SUPPORT,SUP000037,SUP000037,2025-01-03 20:29:04,Joanne Dean,,+44 7882597693,Phone,Refund request,Resolved,27:29
SUPPORT,SUP000038,SUP000038,2025-01-03 23:03:00,Glen Ali,glen.ali2@gmail.com,,Email,Refund request,Resolved,07:52
SUPPORT,SUP000039,SUP000039,2025-01-04 04:44:29,Naomi Simpson,naomi.simpson@hotmail.com,+44 7111150543,Email,Enquiry,Resolved,11:07
SUPPORT,SUP000040,SUP000040,2025-01-04 04:54:39,Jacob Dickinson,jacob.dickinson@gmail.com,+44 7770732348,Email,Enquiry,Resolved,04:55
SUPPORT,SUP000041,SUP000041,2025-01-04 06:33:59,Susan Wong,susan.wong@gmail.com,+44 7162115311,Phone,Complaint,Resolved,22:32
SUPPORT,SUP000042,SUP000042,2025-01-04 09:27:08,Charlotte Moore,charlotte.moore@orange.fr,+44 7623351146,Email,Accessibility,Resolved,31:40
SUPPORT,SUP000043,SUP000043,2025-01-04 12:05:04,Alexandra Walker,alexandra.walker@yahoo.com,+44 7668248051,Email,Refund request,Open,
SUPPORT,SUP000044,SUP000044,2025-01-04 18:13:30,Josh Matthews,josh.matthews@hotmail.com,+44 7506988216,Email,Complaint,Resolved,12:18
SUPPORT,SUP000045,SUP000045,2025-01-04 19:14:25,Melissa Spencer,melissa.spencer@hotmail.com,+44 7332466477,Email,Complaint,Open,
SUPPORT,SUP000046,SUP000046,2025-01-04 23:02:10,Christine Dodd,christine.dodd@hotmail.com,+44 7417413260,Email,Enquiry,Resolved,02:51
SUPPORT,SUP000047,SUP000047,2025-01-05 04:30:56,Kevin Akhtar,kevin.akhtar@gmail.com,+44 7005609381,Email,Enquiry,Resolved,00:45
SUPPORT,SUP000048,SUP000048,2025-01-05 08:27:00,Brandon Greenwood,brandon.greenwood@hotmail.com,+44 7139698790,Email,Enquiry,Resolved,06:05
SUPPORT,SUP000049,SUP000049,2025-01-05 10:02:50,Jill Smiht,jill.smith@hotmail.com,,Email,Enquiry,Resolved,05:10
SUPPORT,SUP000050,SUP000050,2025-01-05 11:39:30,Toby Wong,toby.wong@gmail.com,,Email,Complaint,Resolved,12:48
SUPPORT,SUP000051,SUP000051,2025-01-05 11:53:46,Stacey Taylor,stacey.taylor@hotmail.com,,Email,Accessibility,Resolved,05:27
SUPPORT,SUP000052,SUP000052,2025-01-05 14:03:21,Katherine Welch,katherine.welch@aol.com,+44 7141947530,Email,Refund request,Resolved,02:00
SUPPORT,SUP000053,SUP000053,2025-01-05 14:52:55,Denise Jordan,denise.jordan@hotmail.com,+44 7536273984,Email,Refund request,Open,
SUPPORT,SUP000054,SUP000054,2025-01-05 15:14:51,Natasha Chapman,,+44 7038125439,Phone,Enquiry,Open,
SUPPORT,SUP000055,SUP000055,2025-01-05 16:52:08,Linda Watson,linda.watson@aol.com,,Email,Complaint,Resolved,13:43
SUPPORT,SUP000056,SUP000056,2025-01-05 18:14:14,Gerard Robson,egrard.robson@gmail.com,+44 7944022007,Email,Complaint,Resolved,04:34
SUPPORT,SUP000057,SUP000057,2025-01-05 21:20:44,Janice Roberts,janice.roberts@hotmail.com,+44 7730534585,Email,Refund request,Open,
SUPPORT,SUP000058,SUP000058,2025-01-05 22:59:48,Joanne Brady,joanne.brady@yahoo.com,+44 7101676583,Email,Enquiry,Resolved,05:06
SUPPORT,SUP000059,SUP000059,2025-01-05 23:02:42,Kathryn Henderson,kathryn.henderson@yahoo.com,+44 7951999532,Phone,Complaint,Resolved,72:00
SUPPORT,SUP000060,SUP000060,2025-01-06 00:03:26,Alice Hill,alice.hill@orange.fr,+44 7659305904,Email,Refund request,Resolved,20:32
SUPPORT,SUP000061,SUP000061,2025-01-06 01:09:50,Sam Arnold,sam.arnold@hotmail.com,,Email,Enquiry,Resolved,02:59
SUPPORT,SUP000062,SUP000062,2025-01-06 04:00:00,Alison Baker,alison.baker@yahoo.com,,Email,Complaint,Resolved,30:08
SUPPORT,SUP000063,SUP000063,2025-01-06 04:40:48,Glenn Faulkner,glenn.faulkner@gmail.com,+44 7045414070,Phone,Enquiry,Resolved,02:25
SUPPORT,SUP000064,SUP000064,2025-01-06 10:36:25,Sheila Kelly,sheila.kelly@yahoo.com,+44 7830004825,Email,Refund request,Resolved,21:18
SUPPORT,SUP000065,SUP000065,2025-01-06 13:21:23,Frederick Griffiths,federick.griffiths@yahoo.com,+44 7088961660,Email,Enquiry,Resolved,04:34
SUPPORT,SUP000066,SUP000066,2025-01-06 14:42:40,Diane Slater,diane.slater@gmail.com,,Email,Enquiry,Resolved,10:50
SUPPORT,SUP000067,SUP000067,2025-01-06 15:23:17,Shirley Lewis,shirley.lewis@hotmail.com,+44 7957976875,Phone,Refund request,Resolved,16:19
SUPPORT,SUP000068,SUP000068,2025-01-06 16:30:56,Andrea Anderson,andrea.anderson@hotmail.com,,Email,Accessibility,Resolved,15:18
SUPPORT,SUP000069,SUP000069,2025-01-06 17:22:48,Alison Boyle,alison.boyle@hotmail.com,+44 7118386063,Email,Refund request,Resolved,32:16
SUPPORT,SUP000070,SUP000070,2025-01-06 19:48:15,Ben Evans,ben.evans@gmail.com,+44 7818548881,Phone,Accessibility,Resolved,02:58
SUPPORT,SUP000071,SUP000071,2025-01-07 00:16:44,Samantha Ryan,samantha.ryan@yahoo.fr,+44 7007584297,Phone,Complaint,Open,
SUPPORT,SUP000072,SUP000072,2025-01-07 02:07:37,George Walker,george.walker@hotmail.co.uk,+44 7267008272,Phone,Accessibility,Resolved,03:53
SUPPORT,SUP000073,SUP000073,2025-01-07 03:33:14,Darren Kemp,darren.kemp@hotmail.com,+44 7021087306,Phone,Complaint,Open,
SUPPORT,SUP000074,SUP000074,2025-01-07 03:51:18,Gareth Stephenson,gareth.stephenson@hotmail.com,+44 7126060858,Email,Accessibility,Open,
SUPPORT,SUP000075,SUP000075,2025-01-07 04:33:39,Amelia Day,amelia.day@yahoo.com,+44 7958066067,Phone,Accessibility,Resolved,16:06
SUPPORT,SUP000076,SUP000076,2025-01-07 06:08:20,Jordan Gibbs,jordan.gibbs@aol.com,,Email,Enquiry,Open,
SUPPORT,SUP000077,SUP000077,2025-01-07 18:06:55,Catherine Barker,catherine.barker@hotmail.com,+44 7786804093,Phone,Accessibility,Resolved,01:16
SUPPORT,SUP000078,SUP000078,2025-01-07 19:26:54,Jayne Shepherd,jayne.shepherd@hotmail.com,+44 7027046432,Email,Refund request,Resolved,10:19
SUPPORT,SUP000079,SUP000079,2025-01-07 22:55:36,Gavin Nelson,gavin.nelson@hotmail.com,+44 7390069567,Email,Complaint,Resolved,04:26
SUPPORT,SUP000080,SUP000080,2025-01-08 00:45:05,Hollie Elliott,hollie.elliott@hotmail.com,+44 7185184620,Email,Accessibility,Resolved,15:20
SUPPORT,SUP000081,SUP000081,2025-01-08 01:02:22,Ben Dale,ben.dale@hotmail.com,+44 7402904280,Phone,Enquiry,Open,
SUPPORT,SUP000082,SUP000082,2025-01-08 04:48:27,Owen Davies,owen.davies@aol.com,+44 7349587724,Phone,Complaint,Resolved,15:02
SUPPORT,SUP000083,SUP000083,2025-01-08 06:45:48,Elaine Campbell,elaine.campbell@yahoo.com,+44 7476511219,Email,Refund request,Resolved,15:42
SUPPORT,SUP000084,SUP000084,2025-01-08 09:53:25,Clare Evans,clare.evans@gmail.com,+44 7913313044,Email,Enquiry,Resolved,08:14
SUPPORT,SUP000085,SUP000085,2025-01-08 11:18:26,Josh Matthews,josh.matthews@hotmail.com,+44 7506988219,Email,Refund request,Resolved,10:24
SUPPORT,SUP000086,SUP000086,2025-01-08 11:29:51,Kathryn Cole,katrhyn.cole@hotmail.com,+44 7923985482,Phone,Enquiry,Resolved,02:11
SUPPORT,SUP000087,SUP000087,2025-01-08 12:50:46,Sarah Vincent,sarah.vnicent@hotmail.com,+44 7742586794,Email,Enquiry,Resolved,03:32
SUPPORT,SUP000088,SUP000088,2025-01-08 16:31:37,Angela Cook,angela.cook@hotmail.com,+44 7872256618,Email,Enquiry,Resolved,02:02
SUPPORT,SUP000089,SUP000089,2025-01-08 16:55:34,Samantha Matthews,samantha.matthews@hotmail.com,+44 7017646240,Email,Enquiry,Resolved,04:03
SUPPORT,SUP000090,SUP000090,2025-01-08 22:17:50,James Barnett,james.barnett@hotmail.com,+44 7085339159,Phone,Refund request,Resolved,39:04
SUPPORT,SUP000091,SUP000091,2025-01-08 23:07:27,Stacey Curtis,stacey.curtis@gmail.com,+44 7751118992,Email,Refund request,Open,
SUPPORT,SUP000092,SUP000092,2025-01-09 02:51:44,Clifford Bennett,,+44 7826169049,Phone,Enquiry,Open,
SUPPORT,SUP000093,SUP000093,2025-01-09 04:00:43,Debra Williams,debra.williams@yahoo.com,+44 7956758906,Email,Enquiry,Resolved,04:58
SUPPORT,SUP000094,SUP000094,2025-01-09 05:25:35,Gerard Smith,gerard.smith@hotmail.com,+44 7676354889,Email,Refund request,Open,
SUPPORT,SUP000095,SUP000095,2025-01-09 11:05:26,Dennis Graham,denni.sgraham@gmail.com,+44 7678519791,Email,Accessibility,Resolved,10:26
SUPPORT,SUP000096,SUP000096,2025-01-09 15:21:40,Amanda Fraser,amanda.fraser@gmail.com,+44 7358210777,Phone,Enquiry,Resolved,05:21
SUPPORT,SUP000097,SUP000097,2025-01-09 17:38:48,Lindsey Spencer,lindsey.spencer@hotmail.com,+44 7910762273,Email,Refund request,Resolved,28:26
SUPPORT,SUP000098,SUP000098,2025-01-09 21:07:00,Rebecca Bennett,rebecca.bennett@gmail.com,+44 7234945545,Email,Refund request,Resolved,39:06
SUPPORT,SUP000099,SUP000099,2025-01-09 21:59:36,Stanley Parker,stanley.parker@gmail.com,+44 7168437815,Email,Refund request,Resolved,07:50
SUPPORT,SUP000100,SUP000100,2025-01-09 22:03:16,Dennis Craig,dennis.craig@yahoo.fr,+44 7076701153,Email,Complaint,Resolved,20:18
SUPPORT,SUP000101,SUP000101,2025-01-09 22:11:48,Deborah O'Connor,deborah.oconnor@yahoo.com,+44 7093257056,Email,Refund request,Resolved,04:54
SUPPORT,SUP000102,SUP000102,2025-01-09 22:22:02,Catherine Andrews,catherine.andrews@yahoo.com,,Email,Enquiry,Resolved,07:28
SUPPORT,SUP000103,SUP000103,2025-01-10 07:31:36,Rebecca Evans,rbeecca.evans@hotmail.com,+44 7140863963,Email,Refund request,Open,
SUPPORT,SUP000104,SUP000104,2025-01-10 08:46:13,Anna Edwards,anna.edwards@gmail.com,+44 7697088604,Email,Refund request,Resolved,02:37
SUPPORT,SUP000105,SUP000105,2025-01-10 10:37:09,Roy Hurst,roy.hurst@yahoo.com,,Email,Accessibility,Resolved,12:01
SUPPORT,SUP000106,SUP000106,2025-01-10 11:14:33,Billy Marsh,,+44 7210191546,Phone,Refund request,Resolved,08:06
SUPPORT,SUP000107,SUP000107,2025-01-10 18:26:46,Kelly Schofield,,+44 7227672729,Phone,Refund request,Resolved,20:26
SUPPORT,SUP000108,SUP000108,2025-01-10 19:17:57,Patricia Webb,patricia.webb@hotmail.com,+44 7533778577,Email,Enquiry,Resolved,05:55
SUPPORT,SUP000109,SUP000109,2025-01-10 21:26:21,Michelle Turner,michelle.turner@yahoo.fr,+44 7909059917,Email,Refund request,Resolved,20:44
SUPPORT,SUP000110,SUP000110,2025-01-10 21:50:50,Louise Pearson,louise.pearson@yahoo.com,+44 7892186629,Phone,Refund request,Resolved,45:13
SUPPORT,SUP000111,SUP000111,2025-01-11 01:24:18,Mitchell Todd,mitchell.todd@hotmail.com,+44 7723060596,Email,Refund request,Resolved,06:41
SUPPORT,SUP000112,SUP000112,2025-01-11 15:44:27,Chelsea Kay,chelsea.kay@hotmail.com,,Email,Enquiry,Resolved,09:43
SUPPORT,SUP000113,SUP000113,2025-01-11 16:07:37,Frank Jackson,frank.jackson@hotmail.com,,Email,Enquiry,Resolved,10:10
SUPPORT,SUP000114,SUP000114,2025-01-11 16:29:47,Natasha Middleton,natasha.middleton@yahoo.com,,Email,Accessibility,Resolved,05:21
SUPPORT,SUP000115,SUP000115,2025-01-11 17:04:43,Lewis Thornton,lewis.thornton@hotmail.co.uk,+44 7743390083,Email,Enquiry,Resolved,20:07
SUPPORT,SUP000116,SUP000116,2025-01-11 17:34:37,Bernard O'Donnell,,+44 7633307557,Phone,Accessibility,Resolved,10:34
SUPPORT,SUP000117,SUP000117,2025-01-11 23:17:17,Tracey O'Connor,tracey.oconnor@yahoo.com,+44 7942776315,Email,Refund request,Resolved,33:44
SUPPORT,SUP000118,SUP000118,2025-01-11 23:31:35,Wendy Green,wendy.green2@hotmail.com,+44 7137585550,Email,Refund request,Open,
SUPPORT,SUP000119,SUP000119,2025-01-12 04:08:57,Timothy Howarth,timothy.howarth@hotmail.com,,Email,Enquiry,Resolved,02:44
SUPPORT,SUP000120,SUP000120,2025-01-12 06:38:09,Clive Singh,clive.singh@gmail.com,+44 7594211925,Email,Refund request,Resolved,14:46
SUPPORT,SUP000121,SUP000121,2025-01-12 10:53:03,Rachael Houghton,rachael.houghton@hotmail.com,+44 7377841894,Email,Refund request,Resolved,06:36
SUPPORT,SUP000122,SUP000122,2025-01-12 11:40:27,Dylan Saunders,dylan.saunders@yahoo.com,+44 7322269026,Email,Refund request,Open,
SUPPORT,SUP000123,SUP000123,2025-01-12 14:10:38,Russell Davies,russell.davies@hotmail.fr,+44 7410592199,Phone,Enquiry,Resolved,08:10
SUPPORT,SUP000124,SUP000124,2025-01-12 15:44:42,Kenneth Carter,kenneth.carter@orange.fr,+44 7218099887,Phone,Enquiry,Resolved,05:58
SUPPORT,SUP000125,SUP000125,2025-01-12 17:11:39,Christopher Watson,christopher.watson@yahoo.com,+44 7580035481,Phone,Complaint,Open,
SUPPORT,SUP000126,SUP000126,2025-01-12 18:58:05,Shaun Noble,shaun.noble@yahoo.com,+44 7045831376,Email,Refund request,Resolved,11:31
SUPPORT,SUP000127,SUP000127,2025-01-12 21:10:17,Kate Waters,kate.waters@hotmail.com,,Email,Refund request,Resolved,13:01
SUPPORT,SUP000128,SUP000128,2025-01-12 23:20:47,Vanessa Wade,vanessa.wade@msn.com,+44 7104466830,Email,Complaint,Resolved,19:56
SUPPORT,SUP000129,SUP000129,2025-01-13 04:40:05,Kathleen Lewis,kathleen.lewis@gmail.com,+44 7283333273,Email,Refund request,Resolved,33:02
SUPPORT,SUP000130,SUP000130,2025-01-13 05:39:34,Duncan Mills,duncanmills@hotmail.com,+44 7998249040,Email,Enquiry,Resolved,05:20
SUPPORT,SUP000131,SUP000131,2025-01-13 11:11:37,Leah Singh,leah.singh@hotmail.fr,+44 7757898807,Email,Complaint,Resolved,31:23
SUPPORT,SUP000132,SUP000132,2025-01-13 11:59:22,Irene Edwards,irene.edwards@aol.com,+44 7233909753,Email,Refund request,Resolved,03:09
SUPPORT,SUP000133,SUP000133,2025-01-13 12:48:11,John Owens,john.owens@hotmail.co.uk,+44 7681516504,Phone,Enquiry,Resolved,01:10
SUPPORT,SUP000134,SUP000134,2025-01-13 13:02:04,Russell Howard,russell.howard@hotmail.com,+44 7448526998,Email,Enquiry,Resolved,24:21
SUPPORT,SUP000135,SUP000135,2025-01-13 13:51:18,Thomas Kelly,thomas.kelly@yahoo.com,+44 7496852755,Email,Refund request,Resolved,09:34
SUPPORT,SUP000136,SUP000136,2025-01-13 15:23:11,Zoe Moss,,+44 7002394496,Phone,Enquiry,Resolved,09:34
SUPPORT,SUP000137,SUP000137,2025-01-13 19:22:21,Bethan Jones,bethan.jones@yahoo.com,+44 7164116802,Email,Complaint,Open,
SUPPORT,SUP000138,SUP000138,2025-01-13 22:05:41,Karen James,karen.james2@hotmail.com,+44 7900616856,Phone,Complaint,Resolved,14:51
SUPPORT,SUP000139,SUP000139,2025-01-13 22:26:53,Gerard Robson,gerard.robson@gmail.com,+44 7944022007,Email,Refund request,Resolved,13:19
SUPPORT,SUP000140,SUP000140,2025-01-13 22:33:51,Gary Ellis,gary.ellis@hotmail.fr,+44 7824766950,Phone,Accessibility,Resolved,01:16
SUPPORT,SUP000141,SUP000141,2025-01-13 23:35:53,Carly Johnson,carly.johnson@hotmail.com,+44 7463614949,Phone,Refund request,Resolved,14:30
SUPPORT,SUP000142,SUP000142,2025-01-14 04:56:12,John Wilson,john.wilson@gmail.com,+44 7756120809,Email,Enquiry,Resolved,02:52
SUPPORT,SUP000143,SUP000143,2025-01-14 07:03:55,Claire Phillips,claire.phillips@gmail.com,+44 7743105303,Phone,Complaint,Resolved,03:07
SUPPORT,SUP000144,SUP000144,2025-01-14 08:24:48,Ronald Lewis,ronald.lewis@gmail.com,+44 7877061766,Phone,Refund request,Resolved,07:08
SUPPORT,SUP000145,SUP000145,2025-01-14 13:35:40,Elliot Marsden,,+44 7152035907,Phone,Accessibility,Resolved,09:59
SUPPORT,SUP000146,SUP000146,2025-01-14 13:53:17,Sandra Sullivan,,+44 7736779540,Phone,Complaint,Resolved,08:50
SUPPORT,SUP000147,SUP000147,2025-01-14 19:12:28,Nicholas Barrett,nicholas.barrett@gmail.com,+44 7403808131,Email,Enquiry,Resolved,02:01
SUPPORT,SUP000148,SUP000148,2025-01-14 23:00:49,Edward Walsh,edward.walsh@gmail.com,,Email,Enquiry,Resolved,07:01
SUPPORT,SUP000149,SUP000149,2025-01-14 23:01:22,Michael Murray,michael.murray@hotmail.fr,+44 7593774866,Phone,Accessibility,Open,
SUPPORT,SUP000150,SUP000150,2025-01-15 01:36:40,Judith Anderson,,+44 7273202631,Phone,Accessibility,Open,
SUPPORT,SUP000151,SUP000151,2025-01-15 01:53:26,Helen Garner,helen.garner@yahoo.com,+44 7921324702,Email,Complaint,Resolved,09:33
SUPPORT,SUP000152,SUP000152,2025-01-15 03:07:34,Rita Brown,rita.brown2@yahoo.com,+44 7029252924,Phone,Refund request,Resolved,37:51
SUPPORT,SUP000153,SUP000153,2025-01-15 05:03:29,Alexandra Lord,aelxandra.lord@hotmail.com,+44 7489242795,Email,Accessibility,Resolved,15:59
SUPPORT,SUP000154,SUP000154,2025-01-15 07:08:12,Dale Parker,dalep.arker@yahoo.com,,Email,Complaint,Resolved,04:35
SUPPORT,SUP000155,SUP000155,2025-01-15 08:20:20,Annette Webster,annette.webster@hotmail.com,+44 7259996737,Email,Refund request,Resolved,14:32
SUPPORT,SUP000156,SUP000156,2025-01-15 08:27:42,Elliot Taylor,elliot.tayolr@yahoo.com,,Email,Complaint,Resolved,10:44
SUPPORT,SUP000157,SUP000157,2025-01-15 11:22:39,Sarah Hunt,sarah.hunt@aol.com,+44 7787075371,Email,Enquiry,Resolved,01:37
SUPPORT,SUP000158,SUP000158,2025-01-15 13:30:00,Chelsea Frost,chelsea.frost@gmail.com,+44 7858620101,Email,Refund request,Resolved,03:33
SUPPORT,SUP000159,SUP000159,2025-01-15 13:58:19,Mohammed Taylor,mohammed.taylor@yahoo.com,,Email,Refund request,Resolved,18:39
SUPPORT,SUP000160,SUP000160,2025-01-15 14:23:34,Carly Johnson,carly.johnson@hotmail.com,,Email,Refund request,Resolved,33:38
SUPPORT,SUP000161,SUP000161,2025-01-15 17:55:33,Clare Rees,clare.rees@yahoo.com,,Email,Refund request,Resolved,29:13
SUPPORT,SUP000162,SUP000162,2025-01-15 18:48:11,Pamela Hammond,pamela.hammond@hotmail.com,+44 7322100190,Email,Accessibility,Resolved,07:20
SUPPORT,SUP000163,SUP000163,2025-01-15 20:10:15,Roger Robinson,roger.robinson@yahoo.com,+44 7476759481,Phone,Refund request,Resolved,24:51
SUPPORT,SUP000164,SUP000164,2025-01-15 20:24:37,Ruth Brown,ruth.brown@gmail.com,+44 7016998121,Email,Refund request,Open,
SUPPORT,SUP000165,SUP000165,2025-01-15 21:09:16,Judith Jackson,judith.jackson@gmail.com,,Email,Refund request,Resolved,01:23
SUPPORT,SUP000166,SUP000166,2025-01-15 23:20:49,Francesca Miller,francesca.miller@yahoo.com,+44 7341353322,Email,Complaint,Resolved,17:59
SUPPORT,SUP000167,SUP000167,2025-01-16 02:49:26,Ian Smith,ian.smith@gmail.com,+44 7973884757,Email,Enquiry,Open,
SUPPORT,SUP000168,SUP000168,2025-01-16 03:28:12,Frederick Morris,frederick.morris@yahoo.com,,Email,Refund request,Resolved,12:20
SUPPORT,SUP000169,SUP000169,2025-01-16 08:19:36,Sharon Mahmood,sharon.mahmood@hotmail.com,,Email,Refund request,Resolved,05:44
SUPPORT,SUP000170,SUP000170,2025-01-16 11:23:11,Kathryn Allen,kathryn.allen@yahoo.com,+44 7785779108,Phone,Refund request,Resolved,36:23
SUPPORT,SUP000171,SUP000171,2025-01-16 16:47:53,Irene Williams,irene.williams@hotmail.com,+44 7940135960,Phone,Enquiry,Resolved,05:17
SUPPORT,SUP000172,SUP000172,2025-01-16 16:56:27,Karl Williams,karl.williams@hotmail.com,+44 7277032899,Email,Refund request,Resolved,28:53
SUPPORT,SUP000173,SUP000173,2025-01-16 17:01:10,Ryan Abbott,yran.abbott@yahoo.com,+44 7025268282,Phone,Refund request,Open,
SUPPORT,SUP000174,SUP000174,2025-01-16 18:40:20,Andrew Burgess,,+44 7755893415,Phone,Enquiry,Resolved,15:24
SUPPORT,SUP000175,SUP000175,2025-01-17 02:37:29,Scott Reeves,scott.reeves@gmail.com,+44 7941005578,Email,Complaint,Resolved,13:57
SUPPORT,SUP000176,SUP000176,2025-01-17 02:39:27,Anthony Clarke,anthony.clarke@gmail.com,+44 7769187722,Phone,Accessibility,Resolved,25:19
SUPPORT,SUP000177,SUP000177,2025-01-17 02:42:38,Harriet Powell,harriet.powell@yahoo.com,+44 7461985689,Phone,Complaint,Resolved,12:44
SUPPORT,SUP000178,SUP000178,2025-01-17 09:13:38,Clive Lloyd,clive.lloyd@yahoo.com,+44 7868849590,Phone,Enquiry,Resolved,12:17
SUPPORT,SUP000179,SUP000179,2025-01-17 11:12:22,Wayne Ros,wayne.rose@gmail.com,+44 7186064467,Email,Accessibility,Open,
SUPPORT,SUP000180,SUP000180,2025-01-17 21:11:17,Jonathan Parry,jonathan.parry@gmail.com,+44 7623238821,Email,Refund request,Resolved,31:00
SUPPORT,SUP000181,SUP000181,2025-01-18 03:06:01,Roger aPtel,roger.patel@hotmail.com,+44 7349956488,Phone,Enquiry,Resolved,03:39
SUPPORT,SUP000182,SUP000182,2025-01-18 08:05:32,Hannah Berry,hannah.berry@wanadoo.fr,,Email,Accessibility,Resolved,53:46
SUPPORT,SUP000183,SUP000183,2025-01-18 08:05:36,Raymond Price,raymond.price@gmail.com,,Email,Enquiry,Open,
SUPPORT,SUP000184,SUP000184,2025-01-18 08:43:27,Steven Johnson,stevn.johnson@msn.com,+44 7937365377,Phone,Enquiry,Resolved,04:12
SUPPORT,SUP000185,SUP000185,2025-01-18 10:03:33,Jason Evans,jason.evans@gmail.com,+44 7935026810,Phone,Refund request,Resolved,28:35
SUPPORT,SUP000186,SUP000186,2025-01-18 12:54:07,Derek Butler,derek.butler@msn.com,,Email,Refund request,Resolved,17:34
SUPPORT,SUP000187,SUP000187,2025-01-18 13:01:52,David Oliver,david.oliver@hotmail.com,+44 7741575578,Email,Enquiry,Resolved,00:41
SUPPORT,SUP000188,SUP000188,2025-01-18 14:00:32,Daniel Jones,daniel.jones@hotmail.com,+44 7593236188,Email,Enquiry,Resolved,07:01
SUPPORT,SUP000189,SUP000189,2025-01-18 16:40:57,Dennis Stevens,dennis.stevens@gmail.com,+44 7225554092,Phone,Enquiry,Resolved,05:59
SUPPORT,SUP000190,SUP000190,2025-01-18 17:29:59,Kerry Jones,kerry.jones@msn.com,+44 7344334083,Email,Enquiry,Resolved,02:39
SUPPORT,SUP000191,SUP000191,2025-01-18 17:46:59,Karl Page,karl.page@gmail.com,+44 7455511798,Email,Enquiry,Resolved,12:20
SUPPORT,SUP000192,SUP000192,2025-01-18 21:08:57,Terenc eMorris,terence.morris@hotmail.co.uk,+44 7504280766,Email,Enquiry,Resolved,09:49
SUPPORT,SUP000193,SUP000193,2025-01-19 04:07:28,Maurice Bailey,maurice.bailey@hotmail.com,+44 7974268926,Phone,Complaint,Resolved,24:40
SUPPORT,SUP000194,SUP000194,2025-01-19 06:43:08,Chloe Scott,chloe.scott@hotmail.co.uk,+44 7043453426,Email,Complaint,Resolved,22:49
SUPPORT,SUP000195,SUP000195,2025-01-19 09:04:16,Mohammad Williams,mohammad.williams@yahoo.com,+44 7421134189,Email,Accessibility,Open,
SUPPORT,SUP000196,SUP000196,2025-01-19 09:23:18,Josephine Jones,josephine.jones@hotmail.com,+44 7350922469,Email,Complaint,Resolved,45:01
SUPPORT,SUP000197,SUP000197,2025-01-19 10:53:21,Kate Butler,kate.btler@hotmail.com,+44 7236163537,Phone,Accessibility,Open,
SUPPORT,SUP000198,SUP000198,2025-01-19 10:57:41,Peter Shaw,peter.shaw@orange.fr,+44 7803451776,Phone,Enquiry,Resolved,11:26
SUPPORT,SUP000199,SUP000199,2025-01-19 11:17:37,Harry Joyce,harry.joyce@yahoo.com,,Email,Complaint,Resolved,37:15
SUPPORT,SUP000200,SUP000200,2025-01-19 11:23:21,Beverley Bailey,beverley.bailey@gmail.com,+44 7955529246,Phone,Accessibility,Resolved,13:10
SUPPORT,SUP000201,SUP000201,2025-01-19 14:25:27,Eileen Burgess,eileen.burgess@hotmail.com,+44 7355690954,Phone,Refund request,Resolved,15:10
SUPPORT,SUP000202,SUP000202,2025-01-19 15:27:41,Jade Black,jade.black@hotmail.com,+44 7312552086,Phone,Refund request,Resolved,12:19
SUPPORT,SUP000203,SUP000203,2025-01-19 21:25:49,Zoe Smith,zoe.smith@yahoo.fr,+44 7650419870,Email,Enquiry,Resolved,07:00
SUPPORT,SUP000204,SUP000204,2025-01-19 22:15:16,Yvonne Simmons,yvonne.simmons@gmail.com,+44 7364769371,Email,Refund request,Resolved,49:19
SUPPORT,SUP000205,SUP000205,2025-01-20 10:09:55,Anna Howe,anna.howe@hotmail.fr,,Email,Refund request,Open,
SUPPORT,SUP000206,SUP000206,2025-01-20 15:40:35,Diane Hayes,diane.hayes@hotmail.com,+44 7967383800,Email,Accessibility,Resolved,10:50
SUPPORT,SUP000207,SUP000207,2025-01-20 15:56:01,Michael alker,michael.walker@hotmail.co.uk,+44 7400672974,Email,Complaint,Resolved,16:48
SUPPORT,SUP000208,SUP000208,2025-01-20 18:05:05,Gerard Baker,gerard.baker@yahoo.com,,Email,Enquiry,Resolved,01:20
SUPPORT,SUP000209,SUP000209,2025-01-20 18:39:57,Steven Graham,,+44 7386129247,Phone,Refund request,Resolved,36:57
SUPPORT,SUP000210,SUP000210,2025-01-20 19:00:17,Simon Harris,simon.harris@gmail.com,+44 7117364657,Email,Complaint,Resolved,32:05
SUPPORT,SUP000211,SUP000211,2025-01-20 21:42:46,Scott Clark,scott.clark@yahoo.com,,Email,Enquiry,Resolved,09:57
SUPPORT,SUP000212,SUP000212,2025-01-20 23:07:23,Stuart Stewart,,+44 7400460520,Phone,Enquiry,Resolved,11:25
SUPPORT,SUP000213,SUP000213,2025-01-21 06:48:21,Luke Chapman,luke.chapman@hotmail.com,,Email,Complaint,Resolved,29:12
SUPPORT,SUP000214,SUP000214,2025-01-21 06:58:01,Michael Matthews,michael.matthews@yahoo.com,+44 7885185037,Email,Accessibility,Resolved,04:50
SUPPORT,SUP000215,SUP000215,2025-01-21 07:44:30,Abigail Rees,abigail.rees@yahoo.com,+44 7907945246,Phone,Complaint,Resolved,40:40
SUPPORT,SUP000216,SUP000216,2025-01-21 08:58:16,Reece Hughes,reece.hughes@yahoo.com,+44 7233181514,Email,Complaint,Resolved,11:10
SUPPORT,SUP000217,SUP000217,2025-01-21 09:31:17,Tina Jones,tina.jones@gmail.com,+44 7250852891,Phone,Refund request,Resolved,10:20
SUPPORT,SUP000218,SUP000218,2025-01-21 10:48:08,Helen Wall,helen.wall@gmail.com,+44 7151037659,Email,Accessibility,Resolved,21:51
SUPPORT,SUP000219,SUP000219,2025-01-21 15:13:04,Robin Thompson,robin.thompson@hotmail.com,+44 7621796956,Phone,Enquiry,Resolved,07:22
SUPPORT,SUP000220,SUP000220,2025-01-21 23:14:19,Michael Williams,michael.williams@gmail.com,+44 7597576657,Email,Complaint,Resolved,17:55
SUPPORT,SUP000221,SUP000221,2025-01-22 01:52:56,Jack Lambert,jack.lambert@gmail.com,+44 7524141955,Email,Complaint,Open,
SUPPORT,SUP000222,SUP000222,2025-01-22 11:22:24,Pauline Hughes,pauline.hughes@yahoo.com,+44 7170162007,Email,Enquiry,Resolved,01:27
SUPPORT,SUP000223,SUP000223,2025-01-22 14:23:32,Joyce Wade,joyce.wade@yahoo.com,+44 7835253869,Email,Enquiry,Resolved,06:34
SUPPORT,SUP000224,SUP000224,2025-01-22 16:18:34,Jake Norris,jake.norris@gmail.com,+44 7260765904,Email,Accessibility,Resolved,20:19
SUPPORT,SUP000225,SUP000225,2025-01-22 17:20:18,Owen Marshall,owen.masrhall@gmail.com,+44 7655333445,Phone,Refund request,Open,
SUPPORT,SUP000226,SUP000226,2025-01-22 19:34:41,Derek Payne,derek.payne@gmail.com,+44 7886610896,Email,Enquiry,Resolved,19:30
SUPPORT,SUP000227,SUP000227,2025-01-22 20:57:46,Jade Cooper,jdae.cooper@aol.com,+44 7509544913,Email,Enquiry,Resolved,02:26
SUPPORT,SUP000228,SUP000228,2025-01-22 23:54:35,Conor Knight,,+44 7811143917,Phone,Enquiry,Resolved,10:16
SUPPORT,SUP000229,SUP000229,2025-01-23 03:09:14,Damian Hutchinson,damian.hutchinson@hotmail.com,+44 7984881266,Email,Accessibility,Resolved,16:06
SUPPORT,SUP000230,SUP000230,2025-01-23 03:13:21,Kathleen Hodgson,kathleen.hodgson@msn.com,+44 7050130724,Email,Complaint,Resolved,20:24
SUPPORT,SUP000231,SUP000231,2025-01-23 04:03:15,Margaret Bird,margaret.bird@yahoo.com,,Email,Enquiry,Resolved,07:40
SUPPORT,SUP000232,SUP000232,2025-01-23 06:12:08,Geraldine Barnes,geraldine.barnes@hotmail.com,+44 7893188884,Email,Refund request,Resolved,49:28
SUPPORT,SUP000233,SUP000233,2025-01-23 07:07:22,Louis Davies,louis.davies@hotmail.com,,Email,Refund request,Resolved,03:20
SUPPORT,SUP000234,SUP000234,2025-01-23 07:30:32,Carl Barrett,carl.barrett@hotmail.com,,Email,Refund request,Resolved,10:55
SUPPORT,SUP000235,SUP000235,2025-01-23 07:56:55,Billy Hughes,billy.hughes@hotmail.com,+44 7073770471,Phone,Accessibility,Resolved,17:35
SUPPORT,SUP000236,SUP000236,2025-01-23 08:49:03,Lesley Russell,lesley.russell@yahoo.com,+44 7118192166,Email,Refund request,Resolved,17:58
SUPPORT,SUP000237,SUP000237,2025-01-23 11:06:02,Dominic Barnett,,+44 7612418004,Phone,Refund request,Resolved,02:24
SUPPORT,SUP000238,SUP000238,2025-01-23 20:09:33,Garry Sharp,garry.sharp@yahoo.com,+44 7579239546,Email,Refund request,Resolved,11:37
SUPPORT,SUP000239,SUP000239,2025-01-23 21:27:36,Lewis Smith,lewis.smith@aol.com,+44 7203785297,Phone,Enquiry,Open,
SUPPORT,SUP000240,SUP000240,2025-01-23 21:32:58,Marc Finch,marc.finch@yahoo.fr,+44 7296987188,Email,Complaint,Resolved,04:56
SUPPORT,SUP000241,SUP000241,2025-01-24 00:11:46,Lynne King,lynne.king@gmail.com,+44 7993962674,Email,Refund request,Open,
SUPPORT,SUP000242,SUP000242,2025-01-24 00:20:52,Aimee Clark,,+44 7723741360,Phone,Enquiry,Resolved,11:26
SUPPORT,SUP000243,SUP000243,2025-01-24 00:56:22,Ronald Lynch,ronald.lynch@hotmail.fr,+44 7562957853,Email,Accessibility,Resolved,06:10
SUPPORT,SUP000244,SUP000244,2025-01-24 01:55:48,Pamela Noble,pamela.noble@yahoo.com,+44 7798004849,Email,Accessibility,Resolved,22:22
SUPPORT,SUP000245,SUP000245,2025-01-24 02:12:50,Marion Porter,marion.porter@hotmail.com,+44 7474163734,Email,Refund request,Resolved,31:31
SUPPORT,SUP000246,SUP000246,2025-01-24 03:21:29,Christopher Bell,christopher.bell@hotmail.com,+44 7033261043,Phone,Accessibility,Resolved,08:49
SUPPORT,SUP000247,SUP000247,2025-01-24 04:18:30,Jonathan Lyons,jonathan.lyons@aol.com,+44 7453158061,Email,Accessibility,Resolved,07:58
SUPPORT,SUP000248,SUP000248,2025-01-24 04:51:47,Glen Jones,glen.jones@yahoo.com,,Email,Refund request,Resolved,26:02
SUPPORT,SUP000249,SUP000249,2025-01-24 06:23:00,Alison Hall,alison.hall@yahoo.com,+44 7039760259,Email,Refund request,Open,
SUPPORT,SUP000250,SUP000250,2025-01-24 09:21:15,Lydia Ellis,lydia.ellis@gmail.com,+44 7741921131,Phone,Refund request,Open,
SUPPORT,SUP000251,SUP000251,2025-01-24 10:17:05,William Greenwood,william.greenwood@yahoo.com,+44 7936118585,Email,Enquiry,Resolved,04:50
SUPPORT,SUP000252,SUP000252,2025-01-24 11:38:56,AmberPotter,amber.potter@yahoo.com,+44 7354163565,Phone,Enquiry,Resolved,03:02
SUPPORT,SUP000253,SUP000253,2025-01-24 11:46:11,Barbara Mills,barbara.mills@gmail.com,+44 7871535080,Email,Accessibility,Resolved,05:58
SUPPORT,SUP000254,SUP000254,2025-01-24 13:04:43,Francesca Williams,francesca.williams@yahoo.com,+44 7053281332,Email,Complaint,Open,
SUPPORT,SUP000255,SUP000255,2025-01-24 15:41:26,Adam Cunningham,adam.cunningham@gmail.com,+44 7575787002,Email,Complaint,Resolved,25:50
SUPPORT,SUP000256,SUP000256,2025-01-24 20:29:01,Abigail Burns,abigail.burns@gmail.com,,Email,Accessibility,Resolved,06:45
SUPPORT,SUP000257,SUP000257,2025-01-24 22:16:20,Jamie Bird,jamie.bird@hotmail.com,+44 7636389260,Phone,Refund request,Resolved,13:12
SUPPORT,SUP000258,SUP000258,2025-01-25 01:26:04,Julia Francis,julia.francis@yahoo.com,+44 7761437968,Phone,Enquiry,Resolved,14:16
SUPPORT,SUP000259,SUP000259,2025-01-25 01:31:30,Stewart Black,stewart.black@yahoo.com,+44 7416935144,Email,Enquiry,Resolved,04:37
SUPPORT,SUP000260,SUP000260,2025-01-25 04:54:55,David Webb,david.webb@yahoo.com,+44 7831648004,Phone,Complaint,Resolved,36:21
SUPPORT,SUP000261,SUP000261,2025-01-25 05:02:27,Paula Walker,apula.walker@yahoo.com,+44 7606703784,Email,Complaint,Resolved,18:31
SUPPORT,SUP000262,SUP000262,2025-01-25 06:23:06,Alice Hill,alice.hill@orange.fr,+44 7659305904,Email,Refund request,Resolved,18:28
SUPPORT,SUP000263,SUP000263,2025-01-25 06:40:27,Carly Turner,carly.turner@hotmail.com,,Email,Complaint,Resolved,72:00
SUPPORT,SUP000264,SUP000264,2025-01-25 07:41:01,Sian Stewart,sian.stewart@yahoo.com,+44 7744235277,Email,Complaint,Resolved,17:32
SUPPORT,SUP000265,SUP000265,2025-01-25 09:57:00,Jeremy Clark,jeremy.clark@gmail.com,,Email,Refund request,Resolved,11:08
SUPPORT,SUP000266,SUP000266,2025-01-25 10:37:43,Lucy Young,lucy.young@yahoo.com,,Email,Refund request,Resolved,04:44
SUPPORT,SUP000267,SUP000267,2025-01-25 14:15:16,Dean Ward,dean.ward@hotmail.com,+44 7579259887,Email,Refund request,Open,
SUPPORT,SUP000268,SUP000268,2025-01-25 16:02:42,Karen Kelly,karen.kelly@hotmail.com,+44 7832102559,Email,Refund request,Resolved,39:59
SUPPORT,SUP000269,SUP000269,2025-01-25 17:00:40,Diane Walsh,diane.walsh@gmail.com,,Email,Enquiry,Resolved,00:46
SUPPORT,SUP000270,SUP000270,2025-01-25 18:42:47,Denis Turner,denis.turner@gmail.com,+44 7315684781,Email,Accessibility,Resolved,21:05
SUPPORT,SUP000271,SUP000271,2025-01-25 20:19:50,Rachael Houghton,,+44 7377841894,Phone,Accessibility,Resolved,08:02
SUPPORT,SUP000272,SUP000272,2025-01-26 02:12:49,Gary Wells,gary.wells@hotmail.com,+44 7052085579,Phone,Enquiry,Resolved,16:07
SUPPORT,SUP000273,SUP000273,2025-01-26 05:46:27,Bryan Benson,bryan.benson@yahoo.com,+44 7686238458,Email,Enquiry,Open,
SUPPORT,SUP000274,SUP000274,2025-01-26 08:57:54,Robert Slater,robert.slatr@gmail.com,+44 7675532659,Email,Enquiry,Resolved,03:45
SUPPORT,SUP000275,SUP000275,2025-01-26 13:43:56,Leigh Hale,leigh.hale@gmail.com,+44 7945266606,Email,Complaint,Resolved,18:44
SUPPORT,SUP000276,SUP000276,2025-01-26 13:50:36,Joshua Cox,joshua.cox@hotmail.com,+44 7191041153,Email,Accessibility,Open,
SUPPORT,SUP000277,SUP000277,2025-01-26 14:04:14,Holly Fox,,+44 7621838506,Phone,Refund request,Resolved,21:13
SUPPORT,SUP000278,SUP000278,2025-01-26 15:34:28,Anthony Adams,anthony.adams@gmail.com,+44 7262388472,Email,Refund request,Resolved,45:00
SUPPORT,SUP000279,SUP000279,2025-01-26 16:45:09,Alan Green,alan.green@hotmail.com,,Email,Complaint,Resolved,12:42
SUPPORT,SUP000280,SUP000280,2025-01-26 18:41:23,Kim Coates,kim.coates@hotmail.com,+44 7622264983,Email,Refund request,Resolved,12:24
SUPPORT,SUP000281,SUP000281,2025-01-26 22:03:51,Eileen Warner,eileen.warner@gmail.com,+44 7899117135,Phone,Accessibility,Resolved,15:33
SUPPORT,SUP000282,SUP000282,2025-01-27 02:05:21,Steven Fisher,steven.fisher@gmail.com,+44 7476901924,Phone,Complaint,Open,
SUPPORT,SUP000283,SUP000283,2025-01-27 06:04:25,Ben Chambers,ben.chambers@aol.com,+44 7186939113,Email,Enquiry,Open,
SUPPORT,SUP000284,SUP000284,2025-01-27 07:22:51,Ashleigh Hudson,ashleigh.hudson@hotmail.com,+44 7832376821,Email,Refund request,Resolved,15:50
SUPPORT,SUP000285,SUP000285,2025-01-27 07:57:48,Marcus Barker,marcus.barker@hotmail.com,+44 7769111706,Email,Refund request,Resolved,16:50
SUPPORT,SUP000286,SUP000286,2025-01-27 09:11:07,Shane Wood,shane.wood@yahoo.com,,Email,Complaint,Resolved,23:07
SUPPORT,SUP000287,SUP000287,2025-01-27 10:02:54,Jemma White,jemma.white@gmail.com,+44 7771705297,Phone,Complaint,Resolved,10:05
SUPPORT,SUP000288,SUP000288,2025-01-27 15:33:09,Jessica Hill,jessica.hill@hotmail.com,+44 7164905438,Email,Refund request,Resolved,02:27
SUPPORT,SUP000289,SUP000289,2025-01-27 16:17:16,Robin Day,robin.day@gmail.com,,Email,Refund request,Resolved,05:32
SUPPORT,SUP000290,SUP000290,2025-01-27 19:27:27,Jessica Cunningham,,+44 7977480521,Phone,Refund request,Resolved,24:28
SUPPORT,SUP000291,SUP000291,2025-01-27 20:34:20,Harriet Powell,harriet.powell@yahoo.com,+44 7461985689,Email,Refund request,Resolved,46:28
SUPPORT,SUP000292,SUP000292,2025-01-27 21:13:23,Joe Curis,joe.curtis@yahoo.com,+44 7908663694,Phone,Refund request,Resolved,03:43
SUPPORT,SUP000293,SUP000293,2025-01-27 21:53:07,Jordan Jones,jordan.jones@gmail.com,+44 7788746305,Email,Enquiry,Resolved,08:38
SUPPORT,SUP000294,SUP000294,2025-01-27 22:59:57,Dawn McLean,,+44 7060954438,Phone,Complaint,Resolved,14:33
SUPPORT,SUP000295,SUP000295,2025-01-28 02:29:11,Kathryn Black,kathryn.black@yahoo.com,,Email,Refund request,Resolved,15:49
SUPPORT,SUP000296,SUP000296,2025-01-28 05:13:25,Megan Pickering,megan.pickering@aol.com,+44 7330023588,Email,Complaint,Resolved,17:08
SUPPORT,SUP000297,SUP000297,2025-01-28 08:04:31,Sharon Chamberlain,sharon.chamberlain@gmail.com,,Email,Complaint,Resolved,00:20
SUPPORT,SUP000298,SUP000298,2025-01-28 08:21:45,Lee Knowles,lee.knowles@gmail.com,,Email,Enquiry,Open,
SUPPORT,SUP000299,SUP000299,2025-01-28 09:57:55,Sandra Reed,sandra.reed@yahoo.com,+44 7812316855,Email,Accessibility,Open,
SUPPORT,SUP000300,SUP000300,2025-01-28 11:29:38,Ellie Harvey,ellie.harvey@hotmail.com,+44 7638098078,Email,Refund request,Resolved,48:08
SUPPORT,SUP000301,SUP000301,2025-01-28 15:35:05,Kathleen Hodgson,kathleen.hodgson@msn.com,+44 7050130724,Email,Refund request,Resolved,05:28
SUPPORT,SUP000302,SUP000302,2025-01-28 15:37:57,Geoffrey Jones,geoffrey.jones@hotmail.com,,Email,Refund request,Resolved,30:55
SUPPORT,SUP000303,SUP000303,2025-01-28 17:11:10,Joyce Waters,,+44 7248610374,Phone,Accessibility,Resolved,18:00
SUPPORT,SUP000304,SUP000304,2025-01-28 19:19:27,Sarah Burton,sarah.burton@yahoo.fr,+44 7351189392,Email,Complaint,Resolved,41:53
SUPPORT,SUP000305,SUP000305,2025-01-28 22:59:40,Olivia Khan,olivia.khan@hotmail.co.uk,+44 7777597208,Phone,Enquiry,Resolved,02:55
SUPPORT,SUP000306,SUP000306,2025-01-29 00:12:13,Roegr Ward,roger.ward@yahoo.com,+44 7650442161,Email,Enquiry,Resolved,05:45
SUPPORT,SUP000307,SUP000307,2025-01-29 08:47:46,Ross Gardiner,,+44 7228034715,Phone,Refund request,Open,
SUPPORT,SUP000308,SUP000308,2025-01-29 12:12:54,Ross Fleming,ross.fleming@yahoo.com,+44 7217581019,Email,Accessibility,Resolved,15:57
SUPPORT,SUP000309,SUP000309,2025-01-29 15:19:15,Dean Allan,dean.allan@yahoo.com,+44 7313400721,Email,Enquiry,Resolved,03:53
SUPPORT,SUP000310,SUP000310,2025-01-29 15:34:54,Alice Berry,alice.berry@hotmail.com,,Email,Refund request,Resolved,28:48
SUPPORT,SUP000311,SUP000311,2025-01-29 17:24:55,Ruth White,ruth.white@yahoo.com,+44 7536081038,Phone,Complaint,Resolved,69:46
SUPPORT,SUP000312,SUP000312,2025-01-29 17:49:06,Rosemary Brown,rosemary.brown@yahoo.fr,+44 7421719999,Phone,Refund request,Resolved,32:13
SUPPORT,SUP000313,SUP000313,2025-01-29 19:44:47,Elizabeth Davison,elizabeth.davison@gmail.com,+44 7414353771,Email,Complaint,Resolved,14:49
SUPPORT,SUP000314,SUP000314,2025-01-29 20:33:20,Kieran White,kieran.white@yahoo.com,+44 7743157703,Email,Enquiry,Resolved,12:58
SUPPORT,SUP000315,SUP000315,2025-01-29 22:52:35,Emma Brown,emma.brown@wanadoo.fr,+44 7392278158,Phone,Refund request,Resolved,05:51
SUPPORT,SUP000316,SUP000316,2025-01-30 00:48:47,Kyle Ward,kyle.ward@gmail.com,+44 7309149313,Email,Complaint,Resolved,09:19
SUPPORT,SUP000317,SUP000317,2025-01-30 01:33:22,Kathryn Harvey,,+44 7045197043,Phone,Enquiry,Open,
SUPPORT,SUP000318,SUP000318,2025-01-30 03:04:56,Charlene Smith,charlene.smith@yahoo.com,+44 7831552306,Email,Accessibility,Resolved,26:27
SUPPORT,SUP000319,SUP000319,2025-01-30 05:51:37,Carol Elliott,carol.elliott@gmail.com,+44 7815392499,Phone,Accessibility,Resolved,01:38
SUPPORT,SUP000320,SUP000320,2025-01-30 08:09:08,Rebecca Evans,rebecca.evans@hotmail.com,+44 7140863963,Phone,Complaint,Resolved,03:38
SUPPORT,SUP000321,SUP000321,2025-01-30 09:23:22,Louise Stephens,louise.stephens@yahoo.com,+44 7536558347,Email,Refund request,Resolved,13:45
SUPPORT,SUP000322,SUP000322,2025-01-30 12:14:09,Christopher Barnes,christopher.barnes@hotmail.com,,Email,Enquiry,Resolved,04:10
SUPPORT,SUP000323,SUP000323,2025-01-30 17:11:08,Caroline Humphreys,caroline.humphreys@gmail.com,+44 7966314363,Email,Enquiry,Resolved,06:56
SUPPORT,SUP000324,SUP000324,2025-01-30 17:43:27,Gavin Hammond,gavin.hammond@yahoo.com,+44 7235993579,Email,Enquiry,Resolved,02:17
SUPPORT,SUP000325,SUP000325,2025-01-30 18:29:42,Leslie Nolan,leslie.nolan@gmail.com,+44 7153159298,Email,Complaint,Open,
SUPPORT,SUP000326,SUP000326,2025-01-30 19:07:33,Marcus Palmer,marcus.palmer@yahoo.com,+44 7430801670,Email,Accessibility,Resolved,15:36
SUPPORT,SUP000327,SUP000327,2025-01-30 21:47:22,Raymond Sharp,raymond.sharp@aol.com,+44 7114039677,Email,Refund request,Resolved,12:20
SUPPORT,SUP000328,SUP000328,2025-01-30 22:47:35,Amber Rogers,,+44 7801568976,Phone,Complaint,Resolved,22:09
SUPPORT,SUP000329,SUP000329,2025-01-31 02:10:22,Lauren Howard,lauren.howard@gmail.com,,Email,Accessibility,Open,
SUPPORT,SUP000330,SUP000330,2025-01-31 04:28:26,Stephanie Lee,stephanie.lee2@gmail.com,+44 7853688047,Phone,Refund request,Open,
SUPPORT,SUP000331,SUP000331,2025-01-31 04:49:46,Judith Palmer,judith.pamler@aol.com,,Email,Accessibility,Resolved,04:31
SUPPORT,SUP000332,SUP000332,2025-01-31 06:01:37,Hazel Wilson,hazel.wilson@wanadoo.fr,+44 7570445876,Email,Complaint,Resolved,48:55
SUPPORT,SUP000333,SUP000333,2025-01-31 06:03:58,Derek Smith,derek.msith@gmail.com,,Email,Refund request,Resolved,27:06
SUPPORT,SUP000334,SUP000334,2025-01-31 07:59:15,Kate Pearson,kate.pearson@gmail.com,,Email,Enquiry,Resolved,08:32
SUPPORT,SUP000335,SUP000335,2025-01-31 11:01:19,Scott Smith,scott.smih@gmail.com,,Email,Refund request,Resolved,09:48
SUPPORT,SUP000336,SUP000336,2025-01-31 12:16:00,Tina O'Connor,tina.oconnor@msn.com,+44 7736276837,Phone,Accessibility,Resolved,19:22
SUPPORT,SUP000337,SUP000337,2025-01-31 12:26:54,Louise Bennett,louise.bennett@wanadoo.fr,+44 7344353764,Phone,Refund request,Resolved,28:12
SUPPORT,SUP000338,SUP000338,2025-01-31 17:56:01,Shane Gray,shane.gray@yahoo.com,,Email,Refund request,Open,
SUPPORT,SUP000339,SUP000339,2025-01-31 19:24:13,Philip Hooper,philip.hooper@aol.com,+44 7153379028,Email,Enquiry,Resolved,06:56
SUPPORT,SUP000340,SUP000340,2025-01-31 21:56:51,Hannah Thompson,hannah.thompson@yahoo.com,+44 7956578062,Email,Complaint,Open,
SUPPORT,SUP000341,SUP000341,2025-01-31 22:49:08,Joyce Berry,joyce.berry@hotmail.com,+44 7344885848,Email,Enquiry,Resolved,13:44
SUPPORT,SUP000342,SUP000342,2025-02-01 02:16:14,Bradley Smith,bradley.smith@yahoo.com,,Email,Complaint,Resolved,28:28
SUPPORT,SUP000343,SUP000343,2025-02-01 02:19:11,Cheryl Brown,cheryl.brown@yahoo.com,,Email,Enquiry,Resolved,04:41
SUPPORT,SUP000344,SUP000344,2025-02-01 02:53:03,Alice Cooper,,+44 7741402871,Phone,Complaint,Resolved,08:35
SUPPORT,SUP000345,SUP000345,2025-02-01 03:00:42,Shane Davidson,sahne.davidson@hotmail.com,,Email,Accessibility,Resolved,13:50
SUPPORT,SUP000346,SUP000346,2025-02-01 04:17:27,Joseph Davey,joseph.davey@hotmail.com,+44 7687916512,Email,Refund request,Resolved,17:48
SUPPORT,SUP000347,SUP000347,2025-02-01 11:15:57,Keith Davison,keith.davison@aol.com,+44 7774266294,Email,Refund request,Resolved,16:06
SUPPORT,SUP000348,SUP000348,2025-02-01 12:30:10,Colin Andrews,colin.andrews@yahoo.com,+44 7963249208,Email,Refund request,Open,
SUPPORT,SUP000349,SUP000349,2025-02-01 13:15:29,Marian Nicholls,marian.nicholls@msn.com,+44 7588605624,Email,Accessibility,Resolved,13:23
SUPPORT,SUP000350,SUP000350,2025-02-01 13:27:42,Luke Reid,luke.reid@hotmail.com,+44 7140581922,Email,Complaint,Open,
SUPPORT,SUP000351,SUP000351,2025-02-01 17:37:29,Kathryn Allen,kathryn.allen@yahoo.com,+44 7785779108,Email,Accessibility,Resolved,03:20
SUPPORT,SUP000352,SUP000352,2025-02-01 19:39:32,Kyle Smith,,+44 7964537635,Phone,Refund request,Resolved,08:19
SUPPORT,SUP000353,SUP000353,2025-02-01 20:47:48,Bernard Wright,bernard.wright@hotmail.com,+44 7685159435,Email,Refund request,Resolved,53:34
SUPPORT,SUP000354,SUP000354,2025-02-01 21:28:03,Oliver Wood,oliver.wood@hotmail.com,+44 7568564256,Phone,Enquiry,Resolved,04:54
SUPPORT,SUP000355,SUP000355,2025-02-01 22:54:48,Wayne Leonard,wayne.leonard@hotmail.com,+44 7361897211,Email,Refund request,Resolved,08:55
SUPPORT,SUP000356,SUP000356,2025-02-02 00:05:29,Jeffrey Wilson,jeffrey.wilson@hotmail.co.uk,+44 7147957145,Email,Complaint,Resolved,17:16
SUPPORT,SUP000357,SUP000357,2025-02-02 02:55:38,Eileen Hartley,eileen.hartley@hotmail.com,+44 7557778817,Phone,Complaint,Open,
SUPPORT,SUP000358,SUP000358,2025-02-02 04:21:20,Jeremy Clark,jeremy.clark@gmail.com,+44 7561528414,Email,Enquiry,Resolved,03:25
SUPPORT,SUP000359,SUP000359,2025-02-02 04:56:19,Helen Hopkins,,+44 7577247834,Phone,Accessibility,Resolved,07:28
SUPPORT,SUP000360,SUP000360,2025-02-02 05:53:47,Gerard Smith,gerard.smith@hotmail.com,,Email,Refund request,Resolved,09:51
SUPPORT,SUP000361,SUP000361,2025-02-02 06:00:50,Kenneth Marsh,kenneth.marsh@hotmail.com,,Email,Refund request,Resolved,09:23
SUPPORT,SUP000362,SUP000362,2025-02-02 06:05:30,Molly Dixon,,+44 7895495048,Phone,Refund request,Resolved,03:35
SUPPORT,SUP000363,SUP000363,2025-02-02 08:30:13,Kenneth Macdonald,kenneth.macdonald@gmail.com,+44 7497193453,Email,Refund request,Resolved,29:17
SUPPORT,SUP000364,SUP000364,2025-02-02 11:59:19,Victoria Jenkins,,+44 7057665535,Phone,Refund request,Resolved,19:34
SUPPORT,SUP000365,SUP000365,2025-02-02 12:08:04,Vanessa Bell,vanessa.bell@yahoo.com,,Email,Accessibility,Resolved,19:11
SUPPORT,SUP000366,SUP000366,2025-02-02 13:35:56,Irene Clarke,irene.clarke@yahoo.com,+44 7019285444,Email,Complaint,Open,
SUPPORT,SUP000367,SUP000367,2025-02-02 19:55:40,Marie Clark,marie.clark@gmail.com,+44 7020850378,Phone,Refund request,Resolved,49:13
SUPPORT,SUP000368,SUP000368,2025-02-02 21:36:14,Alex Williams,alex.williams@yahoo.com,+44 7133194394,Email,Refund request,Resolved,24:37
SUPPORT,SUP000369,SUP000369,2025-02-02 23:33:31,Charlotte Reeves,charlotte.reeves@yahoo.fr,+44 7106538449,Email,Accessibility,Resolved,11:27
SUPPORT,SUP000370,SUP000370,2025-02-03 01:35:04,Justin Payne,justin.panye@gmail.com,+44 7157216202,Email,Enquiry,Resolved,00:45
SUPPORT,SUP000371,SUP000371,2025-02-03 02:17:57,Ricky Chapman,ricky.chapman@gmail.com,,Email,Complaint,Resolved,13:13
SUPPORT,SUP000372,SUP000372,2025-02-03 05:17:52,Daina Anderson,diana.anderson@yahoo.com,+44 7801169223,Email,Enquiry,Resolved,08:08
SUPPORT,SUP000373,SUP000373,2025-02-03 05:18:30,Eleanor Day,eleanor.day@hotmail.com,+44 7570241125,Phone,Accessibility,Resolved,04:54
SUPPORT,SUP000374,SUP000374,2025-02-03 07:59:41,Garry Hall,garry.hall2@hotmail.com,+44 7962425109,Email,Complaint,Resolved,02:58
SUPPORT,SUP000375,SUP000375,2025-02-03 17:07:20,Sam Jarvis,sam.jarvis@gmail.com,,Email,Enquiry,Resolved,02:22
SUPPORT,SUP000376,SUP000376,2025-02-03 18:59:13,Lawrence Brown,lawrence.brown@gmail.com,,Email,Refund request,Open,
SUPPORT,SUP000377,SUP000377,2025-02-03 19:30:09,Michael Long,,+44 7464848581,Phone,Complaint,Resolved,28:39
SUPPORT,SUP000378,SUP000378,2025-02-03 21:10:24,Anthony Scott,anthony.scott@gmail.com,+44 7005181001,Email,Complaint,Resolved,34:57
SUPPORT,SUP000379,SUP000379,2025-02-03 23:05:37,Jacqueline Owen,jacqueline.owen@yahoo.com,,Email,Refund request,Open,
SUPPORT,SUP000380,SUP000380,2025-02-03 23:41:09,Charlene Harrison,charlene.harrison@gmail.com,+44 7980446210,Email,Refund request,Resolved,03:19
SUPPORT,SUP000381,SUP000381,2025-02-04 01:04:23,Craig Williams,craig.williams@orange.fr,+44 7084916091,Email,Accessibility,Resolved,14:39
SUPPORT,SUP000382,SUP000382,2025-02-04 04:07:54,Frances Wilkinson,frances.wilkinson@gmail.com,+44 7851291910,Email,Enquiry,Resolved,12:02
SUPPORT,SUP000383,SUP000383,2025-02-04 05:12:37,Catherine Leonard,catherine.leonard@orange.fr,+44 7635389098,Phone,Complaint,Resolved,34:53
SUPPORT,SUP000384,SUP000384,2025-02-04 05:35:34,Ross Middleton,ross.middleto@hotmail.com,+44 7831361572,Email,Enquiry,Resolved,05:41
SUPPORT,SUP000385,SUP000385,2025-02-04 05:56:37,Kelly Hurst,kelly.hurst@hotmail.com,+44 7704923649,Email,Accessibility,Resolved,41:14
SUPPORT,SUP000386,SUP000386,2025-02-04 11:00:48,Carl Davies,,+44 7184494399,Phone,Refund request,Resolved,17:53
SUPPORT,SUP000387,SUP000387,2025-02-04 11:23:23,Judith Ward,judith.ward@gmail.com,,Email,Enquiry,Resolved,02:02
SUPPORT,SUP000388,SUP000388,2025-02-04 15:33:35,Bernard Mistry,bernard.mistry@hotmail.com,,Email,Refund request,Resolved,05:47
SUPPORT,SUP000389,SUP000389,2025-02-04 16:17:18,Jenna Shah,jenna.shah@gmail.com,+44 7587507768,Email,Complaint,Resolved,09:53
SUPPORT,SUP000390,SUP000390,2025-02-04 19:03:58,Dean Booth,dean.booth@yahoo.com,+44 7097120096,Phone,Refund request,Resolved,11:19
SUPPORT,SUP000391,SUP000391,2025-02-05 01:05:25,Joseph Smith,,+44 7078470680,Phone,Enquiry,Resolved,04:09
SUPPORT,SUP000392,SUP000392,2025-02-05 04:42:48,Gordon Simpson,gordon.simpson@hotmail.com,,Email,Refund request,Resolved,15:50
SUPPORT,SUP000393,SUP000393,2025-02-05 06:01:19,Robert Dennis,robert.dennis@gmail.com,+44 7694483694,Email,Accessibility,Open,
SUPPORT,SUP000394,SUP000394,2025-02-05 08:51:24,Victoria Holmes,victoria.holmes@gmail.com,+44 7972835948,Phone,Complaint,Resolved,10:59
SUPPORT,SUP000395,SUP000395,2025-02-05 10:54:48,Clare Davies,clare.davies@hotmail.com,,Email,Complaint,Open,
SUPPORT,SUP000396,SUP000396,2025-02-05 11:18:43,Hollie Smith,hollie.smith@yahoo.fr,+44 7962334231,Email,Refund request,Resolved,15:29
SUPPORT,SUP000397,SUP000397,2025-02-05 13:44:09,Kathleen Lloyd,kathleen.lloyd@yahoo.com,+44 7444835759,Phone,Enquiry,Resolved,04:19
SUPPORT,SUP000398,SUP000398,2025-02-05 13:57:05,Pauline Smith,pauline.smith@hotmail.com,+44 7629516571,Phone,Accessibility,Open,
SUPPORT,SUP000399,SUP000399,2025-02-05 17:13:24,Kevin Akhtar,kevin.akhtar@gmail.com,+44 7005604381,Email,Refund request,Resolved,30:48
SUPPORT,SUP000400,SUP000400,2025-02-05 18:19:03,Kenneth Rose,kenneth.rose@gmail.com,+44 7743522615,Email,Refund request,Resolved,60:32
SUPPORT,SUP000401,SUP000401,2025-02-06 00:40:08,Carol Walker,carol.walker@gmail.com,+44 7064352412,Email,Refund request,Resolved,05:05
SUPPORT,SUP000402,SUP000402,2025-02-06 01:20:48,Jonathan Lyons,jonathan.lyons@aol.com,+44 7453458061,Phone,Complaint,Open,
SUPPORT,SUP000403,SUP000403,2025-02-06 02:29:25,Lauren Roberts,lauren.roberts@gmail.com,,Email,Refund request,Resolved,17:05
SUPPORT,SUP000404,SUP000404,2025-02-06 02:42:36,Joe Murray,joe.murray@gmail.com,+44 7138528154,Phone,Complaint,Resolved,22:33
SUPPORT,SUP000405,SUP000405,2025-02-06 03:01:35,George Yates,geore.yates@yahoo.com,+44 7240090113,Email,Refund request,Resolved,24:01
SUPPORT,SUP000406,SUP000406,2025-02-06 06:16:24,Anne Jenkins,anne.jenkins@gmail.com,+44 7577050879,Email,Accessibility,Resolved,03:45
SUPPORT,SUP000407,SUP000407,2025-02-06 08:21:05,Shannon Hobbs,shannon.hobbs@yahoo.com,+44 7452333043,Phone,Complaint,Resolved,10:38
SUPPORT,SUP000408,SUP000408,2025-02-06 11:36:35,Donald Moore,donald.moore@gmail.com,+44 7103530887,Email,Accessibility,Resolved,28:19
SUPPORT,SUP000409,SUP000409,2025-02-06 12:14:44,Kim Andrews,kim.andrews@yahoo.com,+44 7804708588,Phone,Refund request,Resolved,19:05
SUPPORT,SUP000410,SUP000410,2025-02-06 13:56:40,Steven Taylor,steven.taylor@msn.com,,Email,Refund request,Resolved,45:39
SUPPORT,SUP000411,SUP000411,2025-02-07 02:42:54,Jane Bentley,jane.bentley@hotmail.com,,Email,Accessibility,Resolved,29:27
SUPPORT,SUP000412,SUP000412,2025-02-07 03:18:30,Lydia Foster,lydia.foster@hotmail.co.uk,+44 7288908408,Email,Refund request,Resolved,24:51
SUPPORT,SUP000413,SUP000413,2025-02-07 03:29:22,Claire Barker,claire.barker@yahoo.com,+44 7170114123,Email,Enquiry,Resolved,24:05
SUPPORT,SUP000414,SUP000414,2025-02-07 04:44:43,Owen Burke,oewn.burke@yahoo.com,+44 7948646467,Email,Enquiry,Resolved,04:50
SUPPORT,SUP000415,SUP000415,2025-02-07 08:24:17,Eleanor Bennett,eleanor.bennett@hotmail.com,+44 7136340721,Email,Refund request,Open,
SUPPORT,SUP000416,SUP000416,2025-02-07 08:52:57,Thomas Allen,thomas.allen@hotmail.com,+44 7660833222,Phone,Complaint,Resolved,15:10
SUPPORT,SUP000417,SUP000417,2025-02-07 13:17:14,Joel Mitchell,joel.mitchell@yahoo.com,+44 7260079923,Email,Refund request,Resolved,14:48
SUPPORT,SUP000418,SUP000418,2025-02-07 14:20:12,Bradley Wood,bradley.wood@gmail.com,,Email,Refund request,Resolved,12:09
SUPPORT,SUP000419,SUP000419,2025-02-07 14:32:37,Gerald Russell,gerald.rusell@yahoo.com,,Email,Complaint,Open,
SUPPORT,SUP000420,SUP000420,2025-02-07 16:57:14,Bethan McCarthy,bethan.mccarthy@yahoo.com,+44 7430226526,Email,Complaint,Resolved,04:21
SUPPORT,SUP000421,SUP000421,2025-02-07 18:15:19,Amanda Middleton,amanda.middleton@gmail.com,+44 7467928185,Email,Accessibility,Resolved,20:30
SUPPORT,SUP000422,SUP000422,2025-02-07 19:01:22,John Campbell,john.campbell@yahoo.com,,Email,Complaint,Resolved,11:30
SUPPORT,SUP000423,SUP000423,2025-02-07 20:16:35,Bernard Perry,bernard.perry@gmail.com,+44 7988953538,Phone,Enquiry,Resolved,08:45
SUPPORT,SUP000424,SUP000424,2025-02-07 20:51:08,Deborah Collins,deborah.collins@yahoo.com,+44 7588220032,Email,Complaint,Open,
SUPPORT,SUP000425,SUP000425,2025-02-08 06:05:25,Eileen Simpson,eileen.simpson@gmail.com,,Email,Accessibility,Resolved,07:58
SUPPORT,SUP000426,SUP000426,2025-02-08 10:12:59,Geraldine Barnes,,+44 7893188884,Phone,Refund request,Open,
SUPPORT,SUP000427,SUP000427,2025-02-08 12:38:35,Billy Hughes,billy.hughes@hotmail.com,,Email,Refund request,Open,
SUPPORT,SUP000428,SUP000428,2025-02-08 13:33:51,Gerald Hunt,gerald.hunt@yahoo.com,+44 7508790230,Email,Complaint,Resolved,32:20
SUPPORT,SUP000429,SUP000429,2025-02-08 13:50:14,Terry Clarke,terry.clarke@gmail.com,,Email,Refund request,Resolved,03:22
SUPPORT,SUP000430,SUP000430,2025-02-08 18:54:46,Abigail Thompson,abigail.thompson@hotmail.com,+44 7363367338,Email,Refund request,Resolved,09:39
SUPPORT,SUP000431,SUP000431,2025-02-08 20:58:48,Megan Morley,megan.morley@yahoo.com,,Email,Enquiry,Resolved,08:30
SUPPORT,SUP000432,SUP000432,2025-02-08 21:00:33,Tony Khan,tony.khan@gmail.com,+44 7222376831,Email,Refund request,Resolved,07:13
SUPPORT,SUP000433,SUP000433,2025-02-08 21:36:39,Charles Howells,charles.howells@gmail.com,+44 7678390058,Email,Refund request,Resolved,05:55
SUPPORT,SUP000434,SUP000434,2025-02-09 01:10:35,Phillip Williams,phillip.williams@hotmail.com,+44 7265423566,Email,Refund request,Resolved,27:58
SUPPORT,SUP000435,SUP000435,2025-02-09 02:18:00,Ross Simpson,ross.simpson@yahoo.com,,Email,Enquiry,Resolved,03:48
SUPPORT,SUP000436,SUP000436,2025-02-09 07:32:18,Georgina Watson,georgina.watson@hotmail.com,+44 7314215690,Email,Enquiry,Open,
SUPPORT,SUP000437,SUP000437,2025-02-09 09:46:07,Hazel Jones,hazel.jones@aol.com,+44 7997096472,Email,Refund request,Resolved,12:09
SUPPORT,SUP000438,SUP000438,2025-02-09 19:58:24,Christopher Fox,christopher.fox@yahoo.com,+44 7096817069,Email,Refund request,Resolved,04:48
SUPPORT,SUP000439,SUP000439,2025-02-09 20:04:05,Luke Roberts,lue.roberts@yahoo.com,+44 7564468805,Phone,Complaint,Resolved,72:00
SUPPORT,SUP000440,SUP000440,2025-02-09 20:10:05,Russell Dean,russell.dean@yahoo.com,+44 7756089115,Email,Refund request,Resolved,16:10
SUPPORT,SUP000441,SUP000441,2025-02-09 21:06:22,Rita Wade,rita.wade@yahoo.com,+44 7898709014,Email,Enquiry,Resolved,02:38
SUPPORT,SUP000442,SUP000442,2025-02-09 21:49:01,Callum Gallagher,callum.gallagher@hotmail.com,+44 7665307876,Email,Enquiry,Resolved,03:11
SUPPORT,SUP000443,SUP000443,2025-02-09 22:36:48,Sam Davis,sam.davis@hotmail.com,+44 7031700048,Email,Refund request,Resolved,04:26
SUPPORT,SUP000444,SUP000444,2025-02-10 01:33:32,Jason Preston,jason.preston@hotmail.fr,+44 7395391005,Email,Refund request,Resolved,13:55
SUPPORT,SUP000445,SUP000445,2025-02-10 03:44:11,Bruce Holt,bruce.holt@gmail.com,+44 7395008807,Email,Refund request,Resolved,08:21
SUPPORT,SUP000446,SUP000446,2025-02-10 05:19:10,Deborah Robson,deborah.robson@gmail.com,+44 7004480027,Email,Complaint,Resolved,12:39
SUPPORT,SUP000447,SUP000447,2025-02-10 05:48:20,Elliott Skinner,elliott.skinner@yahoo.com,,Email,Refund request,Resolved,27:12
SUPPORT,SUP000448,SUP000448,2025-02-10 06:05:34,Barry Miller,barry.miller@hotmail.com,+44 7592956630,Phone,Refund request,Resolved,02:41
SUPPORT,SUP000449,SUP000449,2025-02-10 07:04:50,Jake Summers,jake.summers@hotmail.com,+44 7953906749,Email,Refund request,Resolved,11:09
SUPPORT,SUP000450,SUP000450,2025-02-10 12:38:43,Gerald Watkins,gerald.watkins@gmail.com,+44 7389999761,Email,Enquiry,Open,
SUPPORT,SUP000451,SUP000451,2025-02-10 14:55:09,Hugh Nelson,hugh.nelson@gmail.com,+44 7190746499,Email,Refund request,Open,
SUPPORT,SUP000452,SUP000452,2025-02-10 16:19:21,Stephanie Lee,stephanie.lee2@gmail.com,+44 7853688047,Email,Accessibility,Resolved,14:54
SUPPORT,SUP000453,SUP000453,2025-02-10 22:43:33,Zoe Saunders,zoe.saunders@gmail.com,+44 7031911050,Phone,Refund request,Resolved,20:22
SUPPORT,SUP000454,SUP000454,2025-02-10 23:16:34,Rachael Gough,rachael.gough@hotmail.com,,Email,Complaint,Resolved,28:01
SUPPORT,SUP000455,SUP000455,2025-02-11 02:05:04,Graeme Miles,graeme.miles@yahoo.com,,Email,Enquiry,Open,
SUPPORT,SUP000456,SUP000456,2025-02-11 04:27:05,Dennis Bond,dennis.bond@yahoo.com,+44 7314895671,Phone,Complaint,Resolved,37:07
SUPPORT,SUP000457,SUP000457,2025-02-11 11:59:41,Vanessa Burgess,vanessa.burgess@yahoo.com,+44 7967971863,Email,Accessibility,Resolved,12:19
SUPPORT,SUP000458,SUP000458,2025-02-11 12:41:31,Lynn Hodgson,lynn.hodgson@yahoo.com,+44 7850285890,Email,Complaint,Resolved,13:42
SUPPORT,SUP000459,SUP000459,2025-02-11 14:51:46,Richard Moore,richard.moore@yahoo.fr,+44 7679159939,Phone,Accessibility,Resolved,10:04
SUPPORT,SUP000460,SUP000460,2025-02-11 18:35:16,Arthur Lee,arthur.lee@wanadoo.fr,+44 7778615235,Email,Accessibility,Resolved,11:02
SUPPORT,SUP000461,SUP000461,2025-02-12 04:33:36,Jill Cooper,jill.cooper@hotmail.com,+44 7198767550,Email,Refund request,Open,
SUPPORT,SUP000462,SUP000462,2025-02-12 05:55:42,Leanne Howell,leanne.howell@msn.com,+44 7225928957,Email,Complaint,Open,
SUPPORT,SUP000463,SUP000463,2025-02-12 08:51:01,Katie Slater,katie.slater@yahoo.com,+44 7066708775,Phone,Complaint,Resolved,33:02
SUPPORT,SUP000464,SUP000464,2025-02-12 10:17:57,Gareth Stephenson,gareth.stephenson@hotmail.com,+44 7126060858,Phone,Accessibility,Open,
SUPPORT,SUP000465,SUP000465,2025-02-12 11:13:13,Joanne Chan,joanne.chan@yahoo.com,+44 7145527084,Email,Refund request,Open,
SUPPORT,SUP000466,SUP000466,2025-02-12 11:38:41,Carl Davies,carl.davies@hotmail.com,,Email,Accessibility,Resolved,15:44
SUPPORT,SUP000467,SUP000467,2025-02-12 13:12:13,Holly Ball,,+44 7242131058,Phone,Enquiry,Resolved,14:19
SUPPORT,SUP000468,SUP000468,2025-02-12 15:34:03,Peter Pritchard,peter.pritchard@yahoo.com,,Email,Refund request,Resolved,00:23
SUPPORT,SUP000469,SUP000469,2025-02-12 19:06:37,Jemma Clark,jemma.clark@aol.com,+44 7770720980,Email,Complaint,Resolved,10:06
SUPPORT,SUP000470,SUP000470,2025-02-12 20:35:05,Zoe Crawford,zoe.crawford@hotmail.com,+44 7704338825,Phone,Refund request,Open,
SUPPORT,SUP000471,SUP000471,2025-02-12 22:46:55,Frank Fox,frank.fox@yahoo.com,+44 7635711336,Phone,Enquiry,Resolved,04:29
SUPPORT,SUP000472,SUP000472,2025-02-12 23:48:48,Lewis Gill,lewis.gill@hotmail.com,+44 7053032371,Email,Refund request,Resolved,04:41
SUPPORT,SUP000473,SUP000473,2025-02-13 00:36:49,Naomi Mason,naomi.ason@hotmail.com,,Email,Complaint,Resolved,14:33
SUPPORT,SUP000474,SUP000474,2025-02-13 04:22:22,Toby Richardson,toby.richardson@gmail.com,+44 7247809931,Email,Accessibility,Resolved,10:26
SUPPORT,SUP000475,SUP000475,2025-02-13 05:38:19,Susan Hawkins,susan.hawkins@yahoo.com,+44 7979544975,Phone,Accessibility,Resolved,06:09
SUPPORT,SUP000476,SUP000476,2025-02-13 06:45:18,Simon O'Brien,simon.obrien@hotmail.fr,+44 7017250858,Phone,Enquiry,Resolved,05:51
SUPPORT,SUP000477,SUP000477,2025-02-13 08:04:10,Maurice Finch,maurice.finch@yahoo.com,+44 7319364165,Phone,Complaint,Resolved,17:49
SUPPORT,SUP000478,SUP000478,2025-02-13 08:38:58,Suzanne Jackson,suzanne.jackson@gmail.com,+44 7938168256,Phone,Complaint,Open,
SUPPORT,SUP000479,SUP000479,2025-02-13 16:21:19,Aaron Smith,aaron.mith@yahoo.com,+44 7723346224,Phone,Enquiry,Resolved,05:11
SUPPORT,SUP000480,SUP000480,2025-02-13 17:15:34,Sean Richardson,sean.richardson@hotmail.com,,Email,Complaint,Resolved,19:48
SUPPORT,SUP000481,SUP000481,2025-02-13 18:44:03,Kim Kelly,,+44 7991013172,Phone,Refund request,Resolved,08:15
SUPPORT,SUP000482,SUP000482,2025-02-13 21:02:10,Maurice Ashton,maurice.ashton@gmail.com,+44 7519452071,Email,Enquiry,Resolved,04:18
SUPPORT,SUP000483,SUP000483,2025-02-13 22:23:39,Joel O'Connor,joel.oconnor@gmail.com,+44 7377943007,Phone,Refund request,Open,
SUPPORT,SUP000484,SUP000484,2025-02-14 04:41:05,Alice Atkins,,+44 7523824206,Phone,Refund request,Open,
SUPPORT,SUP000485,SUP000485,2025-02-14 05:11:30,Katherine Faulkner,katherine.faulkner@hotmail.com,+44 7812813824,Phone,Refund request,Resolved,15:13
SUPPORT,SUP000486,SUP000486,2025-02-14 08:52:40,Sandra Mills,sandra.mills@msn.com,+44 7986631544,Email,Refund request,Resolved,32:29
SUPPORT,SUP000487,SUP000487,2025-02-14 14:37:59,Janice Hughes,janice.hughes@hotmail.com,+44 7563199801,Email,Refund request,Open,
SUPPORT,SUP000488,SUP000488,2025-02-14 16:09:59,Barbara Williams,barbara.williams2@gmail.com,,Email,Complaint,Resolved,11:04
SUPPORT,SUP000489,SUP000489,2025-02-14 16:48:19,Jonathan Skinner,jonathan.skinner@yahoo.com,+44 7966648362,Email,Refund request,Resolved,20:35
SUPPORT,SUP000490,SUP000490,2025-02-14 17:21:18,Ryan Russell,,+44 7079268970,Phone,Refund request,Resolved,24:26
SUPPORT,SUP000491,SUP000491,2025-02-14 20:24:05,Marie Noble,marie.noble@gmail.com,+44 7760691876,Email,Enquiry,Resolved,06:27
SUPPORT,SUP000492,SUP000492,2025-02-14 20:44:55,Dean Ward,dean.ward@hotmail.com,+44 7579259887,Email,Complaint,Resolved,46:29
SUPPORT,SUP000493,SUP000493,2025-02-14 21:57:23,Deborah White,deborah.white@hotmail.com,+44 7200867113,Email,Refund request,Open,
SUPPORT,SUP000494,SUP000494,2025-02-14 22:13:03,Jennifer Reed,jennifer.reed@hotmail.com,+44 7181462097,Email,Complaint,Resolved,30:32
SUPPORT,SUP000495,SUP000495,2025-02-15 00:00:02,June Archer,june.archer@hotmail.com,+44 7007216575,Email,Refund request,Resolved,30:31
SUPPORT,SUP000496,SUP000496,2025-02-15 00:14:38,Annette Thomas,annette.thomas@gmail.com,,Email,Refund request,Resolved,03:54
SUPPORT,SUP000497,SUP000497,2025-02-15 04:49:24,Hilary Stevens,hilary.stevens@yahoo.com,,Email,Enquiry,Resolved,02:21
SUPPORT,SUP000498,SUP000498,2025-02-15 05:14:26,Barbara Williams,barbara.williams@hotmail.com,+44 7485074606,Email,Complaint,Resolved,30:02
SUPPORT,SUP000499,SUP000499,2025-02-15 08:40:20,Amy Pearson,amy.pearson@gmail.com,,Email,Enquiry,Resolved,10:31
SUPPORT,SUP000500,SUP000500,2025-02-15 12:01:46,Irene Clarke,,+44 7019285444,Phone,Enquiry,Resolved,07:24
SUPPORT,SUP000501,SUP000501,2025-02-15 13:54:54,Karl Lawson,karl.lawson@yahoo.com,+44 7312133645,Email,Refund request,Resolved,22:28
SUPPORT,SUP000502,SUP000502,2025-02-15 17:52:33,Joanna Ward,joanna.ward@yahoo.com,+44 7160987695,Phone,Enquiry,Resolved,06:07
SUPPORT,SUP000503,SUP000503,2025-02-15 18:17:48,Lawrence Phillips,lawrence.phillips@hotmail.com,+44 7458712840,Email,Enquiry,Resolved,03:49
SUPPORT,SUP000504,SUP000504,2025-02-15 22:13:15,Josh Holmes,,+44 7460240742,Phone,Accessibility,Resolved,17:17
SUPPORT,SUP000505,SUP000505,2025-02-15 23:22:16,Anne Ali,anne.ali@aol.com,+44 7890927361,Email,Refund request,Resolved,11:09
SUPPORT,SUP000506,SUP000506,2025-02-16 00:45:13,Dominic Moore,dominic.moore@hotmail.com,+44 7904601984,Phone,Refund request,Resolved,11:46
SUPPORT,SUP000507,SUP000507,2025-02-16 01:02:51,Chloe Scott,chlo.escott@hotmail.co.uk,+44 7043453426,Email,Enquiry,Open,
SUPPORT,SUP000508,SUP000508,2025-02-16 01:38:39,Janet Robinson,janet.robinson@hotmail.com,,Email,Complaint,Resolved,30:16
SUPPORT,SUP000509,SUP000509,2025-02-16 02:27:40,Jacob Green,,+44 7800166535,Phone,Enquiry,Resolved,05:15
SUPPORT,SUP000510,SUP000510,2025-02-16 02:28:13,Jason Williams,jason.williams@gmail.com,+44 7447607233,Email,Enquiry,Resolved,14:26
SUPPORT,SUP000511,SUP000511,2025-02-16 03:13:09,Sam Glover,,+44 7720986615,Phone,Refund request,Resolved,17:53
SUPPORT,SUP000512,SUP000512,2025-02-16 04:52:27,Timothy Sullivan,timothy.sullivan@gmail.com,,Email,Complaint,Resolved,01:24
SUPPORT,SUP000513,SUP000513,2025-02-16 07:53:32,Beth Evans,beth.evans@hotmail.com,+44 7272164293,Phone,Enquiry,Resolved,05:31
SUPPORT,SUP000514,SUP000514,2025-02-16 07:53:45,Joshua Graham,joshua.graham@hotmail.com,+44 7349987523,Email,Refund request,Resolved,07:28
SUPPORT,SUP000515,SUP000515,2025-02-16 08:44:59,Alison Thomas,alison.thomas@hotmail.co.uk,+44 7963271157,Phone,Refund request,Resolved,17:54
SUPPORT,SUP000516,SUP000516,2025-02-16 10:37:58,Abigail Rees,abigail.rees@yahoo.com,,Email,Enquiry,Resolved,08:16
SUPPORT,SUP000517,SUP000517,2025-02-16 14:41:09,Frederick Morris,frederick.morris@yahoo.com,,Email,Enquiry,Resolved,11:02
SUPPORT,SUP000518,SUP000518,2025-02-16 14:59:57,Katherine Baldwin,katherine.baldwin@yahoo.com,,Email,Refund request,Resolved,47:44
SUPPORT,SUP000519,SUP000519,2025-02-16 15:09:02,Joel Kaur,,+44 7377632223,Phone,Enquiry,Resolved,03:59
SUPPORT,SUP000520,SUP000520,2025-02-16 16:29:47,Jake Harris,jake.harris@yahoo.com,+44 7292332816,Phone,Accessibility,Resolved,14:50
SUPPORT,SUP000521,SUP000521,2025-02-16 18:15:38,Matthwe Woods,matthew.woods@gmail.com,+44 7179721772,Phone,Refund request,Resolved,34:03
SUPPORT,SUP000522,SUP000522,2025-02-17 01:34:08,Jamie Wilkins,jamie.wilkins@hotmail.com,,Email,Enquiry,Resolved,25:47
SUPPORT,SUP000523,SUP000523,2025-02-17 04:08:54,Kim Stevens,kim.stevens@yahoo.fr,,Email,Refund request,Resolved,07:12
SUPPORT,SUP000524,SUP000524,2025-02-17 05:01:24,Gerard Ellis,geard.ellis@yahoo.com,+44 7551040577,Email,Accessibility,Resolved,04:38
SUPPORT,SUP000525,SUP000525,2025-02-17 11:22:54,Dale Carter,,+44 7984084588,Phone,Accessibility,Open,
SUPPORT,SUP000526,SUP000526,2025-02-17 11:58:03,Sylvia Houghton,sylvia.houghton@gmail.com,,Email,Enquiry,Resolved,07:02
SUPPORT,SUP000527,SUP000527,2025-02-17 11:59:06,Kelly Johnson,kelly.johnson@yahoo.com,+44 7426737641,Email,Refund request,Open,
SUPPORT,SUP000528,SUP000528,2025-02-17 13:44:14,Kathryn Hughes,kathryn.hughes@yahoo.com,+44 7085929799,Email,Enquiry,Resolved,02:57
SUPPORT,SUP000529,SUP000529,2025-02-17 14:24:17,Rosemary Wilson,rosemary.wilson@yahoo.com,+44 7075907897,Email,Refund request,Open,
SUPPORT,SUP000530,SUP000530,2025-02-17 18:28:52,Phillip Williams,phillip.williams@hotmail.com,+44 7265473566,Phone,Complaint,Resolved,24:45
SUPPORT,SUP000531,SUP000531,2025-02-17 21:54:59,Amy Fisher,,+44 7723559353,Phone,Accessibility,Resolved,11:52
SUPPORT,SUP000532,SUP000532,2025-02-17 22:03:46,Conor Peacock,conor.peacock@hotmail.co.uk,+44 7813034980,Phone,Complaint,Resolved,23:30
SUPPORT,SUP000533,SUP000533,2025-02-17 22:36:57,Kyle Ross,,+44 7132314243,Phone,Enquiry,Resolved,03:54
SUPPORT,SUP000534,SUP000534,2025-02-17 23:13:13,Brandon Barton,bandon.barton@hotmail.com,+44 7086024476,Email,Refund request,Resolved,16:25
SUPPORT,SUP000535,SUP000535,2025-02-18 00:58:25,Doimnic Murphy,dominic.murphy@hotmail.com,+44 7721445684,Email,Complaint,Open,
SUPPORT,SUP000536,SUP000536,2025-02-18 05:02:12,Heather Cooper,heather.cooper@gmail.com,,Email,Refund request,Resolved,12:14
SUPPORT,SUP000537,SUP000537,2025-02-18 05:56:25,Dylan Baker,dylan.baker@yahoo.com,,Email,Enquiry,Resolved,06:20
SUPPORT,SUP000538,SUP000538,2025-02-18 09:02:23,Shaun Williams,shaun.williams@gmail.com,+44 7295764865,Email,Refund request,Resolved,15:49
SUPPORT,SUP000539,SUP000539,2025-02-18 09:25:57,Conor Butcher,conor.butcher@hotmail.com,,Email,Accessibility,Resolved,07:02
SUPPORT,SUP000540,SUP000540,2025-02-18 11:57:03,Francis Miah,francis.miah@yahoo.com,+44 7768915233,Email,Enquiry,Open,
SUPPORT,SUP000541,SUP000541,2025-02-18 13:16:11,Francis Brooks,francis.brooks@hotmail.com,,Email,Refund request,Resolved,37:54
SUPPORT,SUP000542,SUP000542,2025-02-18 13:45:53,Melissa Richards,melissa.richards@gmail.com,+44 7009182445,Email,Accessibility,Open,
SUPPORT,SUP000543,SUP000543,2025-02-18 16:22:59,Terence Robinson,terence.robinson@gmail.com,+44 7372091915,Email,Refund request,Resolved,12:20
SUPPORT,SUP000544,SUP000544,2025-02-18 18:21:23,Teresa Kelly,teresa.kelly@hotmail.com,,Email,Complaint,Resolved,37:23
SUPPORT,SUP000545,SUP000545,2025-02-18 20:34:50,Howard Saunders,howard.saunders@hotmail.co.uk,+44 7982093386,Phone,Enquiry,Resolved,12:38
SUPPORT,SUP000546,SUP000546,2025-02-18 21:10:50,Sam Martin,sam.martin@orange.fr,,Email,Complaint,Resolved,15:09
SUPPORT,SUP000547,SUP000547,2025-02-18 22:06:08,Marie Bryant,,+44 7131448044,Phone,Complaint,Resolved,35:35
SUPPORT,SUP000548,SUP000548,2025-02-19 03:30:21,Eric Hooper,eric.hooper@msn.com,,Email,Refund request,Resolved,04:15
SUPPORT,SUP000549,SUP000549,2025-02-19 05:19:13,Gemma Parsons,gemma.parsons@hotmail.com,+44 7923590987,Email,Enquiry,Open,
SUPPORT,SUP000550,SUP000550,2025-02-19 06:01:34,Sandra Reed,sandra.reed@yahoo.com,+44 7812516855,Email,Enquiry,Resolved,06:26
SUPPORT,SUP000551,SUP000551,2025-02-19 07:00:23,Robert Slater,robert.slater@gmail.com,+44 7675532659,Email,Refund request,Resolved,02:21
SUPPORT,SUP000552,SUP000552,2025-02-19 09:25:04,Anthony Clarke,anthony.clarke@gmail.com,+44 7769187722,Email,Complaint,Resolved,39:38
SUPPORT,SUP000553,SUP000553,2025-02-19 16:01:24,Jason Mann,jason.mann@hotmail.com,+44 7176578516,Email,Complaint,Resolved,21:15
SUPPORT,SUP000554,SUP000554,2025-02-19 17:24:43,Karl Morris,karl.morris@aol.com,,Email,Enquiry,Resolved,02:19
SUPPORT,SUP000555,SUP000555,2025-02-19 20:11:38,Bruce Gray,bruce.gray@yahoo.com,+44 7128291424,Email,Complaint,Resolved,08:10
SUPPORT,SUP000556,SUP000556,2025-02-19 21:19:28,Craig Hammond,craig.hammond@gmail.com,,Email,Accessibility,Resolved,14:52
SUPPORT,SUP000557,SUP000557,2025-02-20 04:28:22,Lawrene Campbell,lawrence.campbell@hotmail.com,,Email,Accessibility,Resolved,29:04
SUPPORT,SUP000558,SUP000558,2025-02-20 08:53:57,Jade Carter,jade.carter@hotmail.com,+44 7954550626,Phone,Complaint,Resolved,30:17
SUPPORT,SUP000559,SUP000559,2025-02-20 10:55:24,Mark O'Neill,mark.oneill@aol.com,+44 7968554810,Phone,Complaint,Resolved,03:15
SUPPORT,SUP000560,SUP000560,2025-02-20 17:57:37,Steven Howe,steven.howe@gmail.com,,Email,Refund request,Resolved,19:43
SUPPORT,SUP000561,SUP000561,2025-02-20 22:20:08,Kyle Richards,kyle.richards@gmail.com,+44 7097068457,Email,Refund request,Resolved,13:09
SUPPORT,SUP000562,SUP000562,2025-02-21 00:16:11,Jason Evans,jason.evans@gmail.com,+44 7935026810,Email,Complaint,Resolved,10:37
SUPPORT,SUP000563,SUP000563,2025-02-21 05:48:54,Karen Perry,karen.perry@yahoo.com,+44 7597952976,Phone,Complaint,Resolved,10:02
SUPPORT,SUP000564,SUP000564,2025-02-21 06:52:02,Elliott Hodgson,elliott.hodgson@hotmail.com,+44 7517094185,Email,Complaint,Resolved,14:09
SUPPORT,SUP000565,SUP000565,2025-02-21 12:58:46,Maurice Richardson,maurice.richardson@gmail.com,+44 7182864693,Phone,Accessibility,Open,
SUPPORT,SUP000566,SUP000566,2025-02-21 16:03:16,Katherine Boyle,katherine.boyle@gmail.com,+44 7685337155,Email,Complaint,Open,
SUPPORT,SUP000567,SUP000567,2025-02-21 18:18:46,Eileen Wilson,eileen.wilson@hotmail.com,+44 7677795300,Email,Complaint,Resolved,28:24
SUPPORT,SUP000568,SUP000568,2025-02-21 19:23:19,Michelle Lewis,michelle.lewis@yahoo.com,+44 7876206568,Email,Complaint,Resolved,20:45
SUPPORT,SUP000569,SUP000569,2025-02-22 00:31:20,Rosie Chadwick,rosie.hadwick@hotmail.com,+44 7135652717,Email,Complaint,Resolved,30:56
SUPPORT,SUP000570,SUP000570,2025-02-22 06:57:38,Jordan Rhodes,jordan.rhodes@gmail.com,,Email,Complaint,Resolved,28:11
SUPPORT,SUP000571,SUP000571,2025-02-22 08:31:40,Russell Dean,russell.dean@yahoo.com,+44 7756089115,Phone,Refund request,Resolved,19:48
SUPPORT,SUP000572,SUP000572,2025-02-22 15:22:48,Ryan Fowler,ryan.fowler@hotmail.com,+44 7157811415,Email,Accessibility,Resolved,07:50
SUPPORT,SUP000573,SUP000573,2025-02-22 16:47:46,Josh Charlton,josh.charlton@hotmail.co.uk,,Email,Enquiry,Resolved,03:08
SUPPORT,SUP000574,SUP000574,2025-02-22 17:39:45,Louise Mann,,+44 7406007536,Phone,Refund request,Resolved,01:37
SUPPORT,SUP000575,SUP000575,2025-02-22 22:20:41,Jenna Nelson,jenna.nelson@gmail.com,+44 7189378504,Email,Accessibility,Resolved,10:01
SUPPORT,SUP000576,SUP000576,2025-02-23 02:20:22,Paige Clark,paige.clark@yahoo.com,+44 7113432497,Phone,Refund request,Resolved,18:35
SUPPORT,SUP000577,SUP000577,2025-02-23 09:53:29,Laura Turnbull,laura.turnbull@hotmail.com,+44 7910526598,Phone,Refund request,Resolved,12:57
SUPPORT,SUP000578,SUP000578,2025-02-23 14:38:45,Georgia Taylor,georgia.talyor@yahoo.com,,Email,Refund request,Resolved,37:10
SUPPORT,SUP000579,SUP000579,2025-02-23 15:21:06,Beth Ellis,beth.ellis@gmail.com,+44 7178628618,Email,Refund request,Resolved,26:44
SUPPORT,SUP000580,SUP000580,2025-02-24 00:16:57,Anne Saunders,anne.saunders@gmail.com,+44 7811925470,Email,Refund request,Resolved,16:53
SUPPORT,SUP000581,SUP000581,2025-02-24 02:26:45,Lynne Jones,lynne.jones@gmail.com,+44 7615241967,Email,Refund request,Resolved,52:24
SUPPORT,SUP000582,SUP000582,2025-02-24 03:33:59,Jamie Kelly,jamie.kelly@hotmail.com,+44 7990686492,Phone,Accessibility,Resolved,14:25
SUPPORT,SUP000583,SUP000583,2025-02-24 06:32:48,Wayne Farrell,wayne.farrel@aol.com,+44 7020936896,Email,Complaint,Resolved,18:28
SUPPORT,SUP000584,SUP000584,2025-02-24 08:07:21,Derek Smith,drek.smith@gmail.com,+44 7975601648,Email,Refund request,Open,
SUPPORT,SUP000585,SUP000585,2025-02-24 11:30:11,Andrea Jones,andrea.jones@aol.com,+44 7836367980,Email,Complaint,Resolved,07:02
SUPPORT,SUP000586,SUP000586,2025-02-24 12:58:25,Craig Fuller,craig.fuller@hotmail.com,+44 7351628563,Phone,Refund request,Open,
SUPPORT,SUP000587,SUP000587,2025-02-24 14:24:25,Marie Dixon,marie.dixon@aol.com,,Email,Refund request,Resolved,29:15
SUPPORT,SUP000588,SUP000588,2025-02-24 15:19:14,Shane Davidson,shane.davidson@hotmail.com,+44 7653236866,Email,Accessibility,Resolved,20:15
SUPPORT,SUP000589,SUP000589,2025-02-24 18:32:04,Pamela Noble,pamela.noble@yahoo.com,+44 7798004849,Email,Enquiry,Resolved,00:34
SUPPORT,SUP000590,SUP000590,2025-02-24 21:49:19,Liam Roberts,liam.roberts@yahoo.com,+44 7155044496,Email,Accessibility,Resolved,05:32
SUPPORT,SUP000591,SUP000591,2025-02-24 21:51:34,Nicola Jones,nicola.jones@hotmail.com,+44 7276985445,Phone,Refund request,Resolved,36:41
SUPPORT,SUP000592,SUP000592,2025-02-25 01:30:31,Arthur Wilkins,arthur.wilkins@wanadoo.fr,+44 7575482844,Email,Complaint,Resolved,01:55
SUPPORT,SUP000593,SUP000593,2025-02-25 02:39:08,Wendy Barnes,wendy.barnes@gmail.com,+44 7873940347,Email,Refund request,Resolved,09:05
SUPPORT,SUP000594,SUP000594,2025-02-25 04:23:29,Lesley Woods,,+44 7718087249,Phone,Refund request,Resolved,16:06
SUPPORT,SUP000595,SUP000595,2025-02-25 06:06:08,Joe Dunn,joe.dunn@yahoo.com,+44 7135692153,Email,Enquiry,Resolved,08:30
SUPPORT,SUP000596,SUP000596,2025-02-25 08:26:30,Stephanie Shaw,,+44 7098885086,Phone,Refund request,Resolved,03:03
SUPPORT,SUP000597,SUP000597,2025-02-25 08:54:42,Barbara Kelly,barbara.kelly@yahoo.com,+44 7761005037,Email,Enquiry,Resolved,01:50
SUPPORT,SUP000598,SUP000598,2025-02-25 10:26:17,Naomi Brown,naomi.brown@gmail.com,+44 7823149864,Phone,Complaint,Open,
SUPPORT,SUP000599,SUP000599,2025-02-25 12:03:53,Phillip Wood,phillip.wood@aol.com,+44 7907580012,Phone,Refund request,Resolved,03:22
SUPPORT,SUP000600,SUP000600,2025-02-25 12:04:58,Charlotte Reeves,charlotte.reeves@yahoo.fr,+44 7106538449,Email,Complaint,Resolved,25:35
SUPPORT,SUP000601,SUP000601,2025-02-25 13:51:21,Frank Jackson,frank.jackson@hotmail.com,,Email,Accessibility,Resolved,33:59
SUPPORT,SUP000602,SUP000602,2025-02-25 14:24:11,Rebecca Chan,rebecca.chan@yahoo.com,+44 7185001540,Phone,Accessibility,Resolved,05:15
SUPPORT,SUP000603,SUP000603,2025-02-25 18:28:22,Ross Simpson,ross.simpson@yahoo.com,+44 7479330272,Email,Refund request,Resolved,41:26
SUPPORT,SUP000604,SUP000604,2025-02-25 18:37:15,Eileen Perkins,eileen.perkins@gmail.com,+44 7960212623,Phone,Accessibility,Resolved,18:03
SUPPORT,SUP000605,SUP000605,2025-02-25 19:48:56,Leslie Perry,leslie.pery@yahoo.com,+44 7155593101,Email,Enquiry,Resolved,03:11
SUPPORT,SUP000606,SUP000606,2025-02-25 21:37:10,Georgia Burns,georgia.burns@hotmail.com,+44 7021498280,Email,Enquiry,Resolved,04:06
SUPPORT,SUP000607,SUP000607,2025-02-26 00:41:36,Max Smith,max.smith@yahoo.com,+44 7625025170,Email,Refund request,Resolved,16:50
SUPPORT,SUP000608,SUP000608,2025-02-26 00:49:14,Clifford Burrows,,+44 7087249854,Phone,Refund request,Resolved,25:18
SUPPORT,SUP000609,SUP000609,2025-02-26 00:59:18,Victor Thorpe,victor.thorpe@yahoo.com,+44 7717677149,Email,Complaint,Open,
SUPPORT,SUP000610,SUP000610,2025-02-26 01:05:58,Barbara Williams,barbara.williams2@gmail.com,+44 7724337604,Email,Refund request,Resolved,10:36
SUPPORT,SUP000611,SUP000611,2025-02-26 05:08:42,Bethan McCarthy,bethan.mccarthy@yahoo.com,+44 7430266526,Email,Enquiry,Resolved,06:37
SUPPORT,SUP000612,SUP000612,2025-02-26 05:17:57,Ruth Hawkins,ruth.hawkins@gmail.com,+44 7038888763,Phone,Refund request,Resolved,03:16
SUPPORT,SUP000613,SUP000613,2025-02-26 05:19:22,Thomas Marshall,,+44 7985270293,Phone,Complaint,Open,
SUPPORT,SUP000614,SUP000614,2025-02-26 08:37:47,Tina Garner,tina.garner@gmail.com,,Email,Complaint,Resolved,03:29
SUPPORT,SUP000615,SUP000615,2025-02-26 11:14:17,Lucy Berry,lucy.berry@hotmail.fr,+44 7030094394,Email,Enquiry,Resolved,08:57
SUPPORT,SUP000616,SUP000616,2025-02-26 15:09:35,Denis Harris,denis.harris@gmail.com,+44 7341044794,Email,Refund request,Open,
SUPPORT,SUP000617,SUP000617,2025-02-26 15:27:04,Sarah Thompson,sarah.thompson@hotmail.com,,Email,Accessibility,Resolved,13:04
SUPPORT,SUP000618,SUP000618,2025-02-26 16:24:48,Timothy Green,timothy.green@yahoo.com,+44 7521387310,Phone,Enquiry,Resolved,05:11
SUPPORT,SUP000619,SUP000619,2025-02-26 16:32:58,Brenda Hayward,brenda.hayward@gmail.com,,Email,Refund request,Resolved,17:16
SUPPORT,SUP000620,SUP000620,2025-02-26 21:39:10,Gillian Taylor,gillian.taylor@hotmail.com,+44 7955990317,Email,Complaint,Resolved,24:15
SUPPORT,SUP000621,SUP000621,2025-02-26 22:34:16,Keith King,keith.king@hotmail.com,+44 7588003932,Phone,Refund request,Resolved,06:27
SUPPORT,SUP000622,SUP000622,2025-02-27 06:15:06,Kim Kelly,kim.kelly@yahoo.com,+44 7991013172,Phone,Accessibility,Resolved,18:50
SUPPORT,SUP000623,SUP000623,2025-02-27 06:32:20,Dean Shaw,dean.shaw@hotmail.com,+44 7101999397,Phone,Complaint,Resolved,40:38
SUPPORT,SUP000624,SUP000624,2025-02-27 14:34:47,Philip Bolton,philip.bolton@gmail.com,+44 7474765339,Email,Accessibility,Resolved,12:09
SUPPORT,SUP000625,SUP000625,2025-02-27 19:12:06,Shannon Carr,shannon.carr@gmail.com,+44 7505991133,Email,Refund request,Open,
SUPPORT,SUP000626,SUP000626,2025-02-27 21:09:23,Bethany Turner,,+44 7567828518,Phone,Refund request,Resolved,15:22
SUPPORT,SUP000627,SUP000627,2025-02-27 22:48:45,Damien Patel,damien.patel@hotmail.com,+44 7329423215,Email,Accessibility,Resolved,11:09
SUPPORT,SUP000628,SUP000628,2025-02-27 23:49:57,Dorothy Middleton,,+44 7627532005,Phone,Enquiry,Resolved,13:40
SUPPORT,SUP000629,SUP000629,2025-02-28 00:17:49,Stacey O'Brien,stacey.obrien@yahoo.com,+44 7857463335,Phone,Enquiry,Resolved,12:20
SUPPORT,SUP000630,SUP000630,2025-02-28 01:27:14,Jill James,jill.james@yahoo.fr,+44 7911434577,Phone,Accessibility,Resolved,11:09
SUPPORT,SUP000631,SUP000631,2025-02-28 02:01:27,Grace Francis,grace.francis@aol.com,+44 7603344847,Email,Enquiry,Resolved,07:56
SUPPORT,SUP000632,SUP000632,2025-02-28 07:03:07,Katherine Welch,katherine.welch@aol.com,+44 7141947530,Phone,Enquiry,Resolved,06:48
SUPPORT,SUP000633,SUP000633,2025-02-28 11:28:02,Oliver Bailey,oliver.bailey@msn.com,+44 7822523846,Email,Complaint,Resolved,29:46
SUPPORT,SUP000634,SUP000634,2025-02-28 12:52:57,Stacey Williams,stacey.williams@gmail.com,+44 7878036661,Phone,Enquiry,Resolved,06:27
SUPPORT,SUP000635,SUP000635,2025-02-28 16:47:51,Jacob Ellis,jacob.ellis@yahoo.com,+44 7674871309,Email,Enquiry,Resolved,06:25
SUPPORT,SUP000636,SUP000636,2025-02-28 19:15:34,Russell Thorpe,russell.thorpe@gmail.com,,Email,Enquiry,Resolved,11:08
SUPPORT,SUP000637,SUP000637,2025-02-28 19:22:25,Adam Ahmed,adam.ahmed@yahoo.com,+44 7459965242,Email,Complaint,Resolved,35:58
SUPPORT,SUP000638,SUP000638,2025-02-28 21:13:57,Damien Miller,damien.miller@hotmail.com,+44 7051722935,Email,Complaint,Resolved,20:15
SUPPORT,SUP000639,SUP000639,2025-02-28 22:31:20,Marilyn Gibson,marilyn.gibson@yahoo.com,,Email,Enquiry,Resolved,12:52
SUPPORT,SUP000640,SUP000640,2025-03-01 04:27:01,Shaun Lewis,shaun.lewis@hotmail.com,+44 7244677281,Email,Enquiry,Resolved,03:07
SUPPORT,SUP000641,SUP000641,2025-03-01 05:34:27,Alan Franklin,alan.franklin@gmail.com,+44 7268577746,Email,Enquiry,Resolved,07:38
SUPPORT,SUP000642,SUP000642,2025-03-01 08:30:05,Brian Nolan,brian.nolan@yahoo.com,+44 7172258700,Email,Enquiry,Resolved,04:27
SUPPORT,SUP000643,SUP000643,2025-03-01 09:35:38,Terence Payne,terence.payne@yahoo.com,+44 7361269400,Email,Refund request,Resolved,05:10
SUPPORT,SUP000644,SUP000644,2025-03-01 10:23:26,Frederick Marsden,frederick.marsden@hotmail.com,,Email,Accessibility,Resolved,08:38
SUPPORT,SUP000645,SUP000645,2025-03-01 10:58:10,Teresa Stewart,teresa.stewart@hotmail.co.uk,+44 7959288271,Email,Enquiry,Resolved,02:45
SUPPORT,SUP000646,SUP000646,2025-03-01 12:40:12,Alexander Hall,alexander.hall@yahoo.com,+44 7882847503,Email,Refund request,Resolved,23:29
SUPPORT,SUP000647,SUP000647,2025-03-01 13:57:56,Katy Barlow,katy.barlw@hotmail.com,,Email,Accessibility,Resolved,23:22
SUPPORT,SUP000648,SUP000648,2025-03-01 17:26:37,Alison Boyle,alison.boyle@hotmail.com,,Email,Accessibility,Resolved,17:22
SUPPORT,SUP000649,SUP000649,2025-03-01 18:20:37,Elliot Wilson,elliot.wilson@yahoo.com,+44 7560212454,Email,Accessibility,Resolved,17:41
SUPPORT,SUP000650,SUP000650,2025-03-01 19:18:05,Valerie Foster,valerie.foster@hotmail.com,,Email,Complaint,Resolved,27:24
SUPPORT,SUP000651,SUP000651,2025-03-01 20:12:11,Nicole Richardson,nicole.richardson@aol.com,+44 7565057594,Email,Refund request,Resolved,43:30
SUPPORT,SUP000652,SUP000652,2025-03-01 21:33:46,Ann Ball,ann.ball@hotmail.com,,Email,Complaint,Resolved,15:17
SUPPORT,SUP000653,SUP000653,2025-03-02 01:28:40,Ashleigh Dean,ashleigh.dean@aol.com,,Email,Enquiry,Resolved,03:00
SUPPORT,SUP000654,SUP000654,2025-03-02 01:50:40,Stacey Miller,stacey.miller@gmail.com,+44 7716890189,Phone,Accessibility,Resolved,06:54
SUPPORT,SUP000655,SUP000655,2025-03-02 01:52:45,Shane Gray,shane.gray@yahoo.com,+44 7619416571,Email,Refund request,Resolved,01:07
SUPPORT,SUP000656,SUP000656,2025-03-02 05:26:14,June Cunningham,june.cunningham@gmail.com,+44 7052314027,Email,Accessibility,Resolved,17:33
SUPPORT,SUP000657,SUP000657,2025-03-02 05:32:36,Simon Smith,simon.smith@hotmail.com,,Email,Refund request,Resolved,04:48
SUPPORT,SUP000658,SUP000658,2025-03-02 06:36:12,Carl Pearson,carl.pearson@hotmail.com,+44 7090458796,Email,Enquiry,Open,
SUPPORT,SUP000659,SUP000659,2025-03-02 08:03:32,Liam Murphy,liam.murphy@yahoo.com,+44 7548598348,Email,Refund request,Resolved,09:05
SUPPORT,SUP000660,SUP000660,2025-03-02 14:52:46,Paula Fox,paula.fox@gmail.com,+44 7071175412,Email,Refund request,Resolved,16:54
SUPPORT,SUP000661,SUP000661,2025-03-02 15:40:07,Frederick Morris,frederick.morris@yahoo.com,+44 7221173903,Email,Complaint,Resolved,01:45
SUPPORT,SUP000662,SUP000662,2025-03-02 18:18:34,Antony Kemp,antony.kemp@wanadoo.fr,+44 7414897745,Phone,Enquiry,Resolved,07:46
SUPPORT,SUP000663,SUP000663,2025-03-02 20:11:47,Wayne Rose,wayne.rose@gmail.com,+44 7146064467,Phone,Accessibility,Resolved,50:07
SUPPORT,SUP000664,SUP000664,2025-03-02 20:37:20,Lawrence Shaw,lawrence.shaw@hotmail.com,,Email,Complaint,Open,
SUPPORT,SUP000665,SUP000665,2025-03-03 01:04:02,Judith Palmer,judith.palmer@aol.com,+44 7559829602,Email,Enquiry,Resolved,05:01
SUPPORT,SUP000666,SUP000666,2025-03-03 07:48:45,Emily Summers,emily.summers@gmail.com,,Email,Enquiry,Resolved,05:29
SUPPORT,SUP000667,SUP000667,2025-03-03 12:03:22,Jonathan Parry,jonathan.parry@gmail.com,,Email,Enquiry,Resolved,09:00
SUPPORT,SUP000668,SUP000668,2025-03-03 12:04:07,Jacob Perkins,jacob.perkins2@gmail.com,,Email,Refund request,Resolved,01:02
SUPPORT,SUP000669,SUP000669,2025-03-03 13:14:18,eRbecca Jenkins,rebecca.jenkins@gmail.com,+44 7251890831,Email,Refund request,Resolved,32:30
SUPPORT,SUP000670,SUP000670,2025-03-03 13:56:57,Ronald Knight,ornald.knight@gmail.com,+44 7478438157,Phone,Refund request,Resolved,25:18
SUPPORT,SUP000671,SUP000671,2025-03-03 14:05:24,David Barnett,david.barnett@aol.com,+44 7356185110,Email,Accessibility,Resolved,03:29
SUPPORT,SUP000672,SUP000672,2025-03-03 14:40:05,Sheila Page,sheila.page@yahoo.com,+44 7033169126,Phone,Refund request,Resolved,09:18
SUPPORT,SUP000673,SUP000673,2025-03-03 16:42:46,Malcolm Gough,malcolm.gough@gmail.com,,Email,Enquiry,Resolved,02:01
SUPPORT,SUP000674,SUP000674,2025-03-03 17:56:35,Lesley Walters,lesley.walters@aol.com,+44 7494585200,Phone,Accessibility,Resolved,05:40
SUPPORT,SUP000675,SUP000675,2025-03-03 18:30:37,Maurice Murphy,maurice.murphy2@gmail.com,+44 7016007524,Email,Refund request,Resolved,26:16
SUPPORT,SUP000676,SUP000676,2025-03-03 22:05:37,Stewart Green,stewart.green@gmail.com,+44 7441778274,Email,Enquiry,Resolved,04:03
SUPPORT,SUP000677,SUP000677,2025-03-04 01:33:31,Gregory Richardson,gregory.richardson@hotmail.com,,Email,Refund request,Resolved,08:58
SUPPORT,SUP000678,SUP000678,2025-03-04 05:35:57,Rachael Long,rachael.long@hotmail.com,,Email,Complaint,Resolved,50:44
SUPPORT,SUP000679,SUP000679,2025-03-04 08:53:05,Debra Hussain,debra.hussain@yahoo.com,+44 7888958588,Email,Refund request,Resolved,09:49
SUPPORT,SUP000680,SUP000680,2025-03-04 12:19:38,Amelia Gardner,amelia.gardner@msn.com,,Email,Enquiry,Resolved,01:22
SUPPORT,SUP000681,SUP000681,2025-03-04 12:58:21,Stephen Brown,stephen.brown@aol.com,,Email,Complaint,Resolved,20:18
SUPPORT,SUP000682,SUP000682,2025-03-04 13:50:53,Darren Phillips,darren.phillis@hotmail.com,+44 7414183504,Email,Complaint,Resolved,14:56
SUPPORT,SUP000683,SUP000683,2025-03-04 19:21:38,Katherine Wilkinson,katherine.wilkinson@yahoo.com,+44 7543520290,Phone,Accessibility,Resolved,04:16
SUPPORT,SUP000684,SUP000684,2025-03-04 20:49:23,Margaret Freeman,margaret.freeman@yahoo.com,+44 7918787505,Email,Refund request,Resolved,08:48
SUPPORT,SUP000685,SUP000685,2025-03-05 01:43:53,Antony Jones,antony.jones@aol.com,+44 7952188347,Phone,Accessibility,Open,
SUPPORT,SUP000686,SUP000686,2025-03-05 09:42:47,Louis Sims,louis.sims@hotmail.com,+44 7395887391,Email,Enquiry,Open,
SUPPORT,SUP000687,SUP000687,2025-03-05 10:25:59,Diane Walsh,diane.walsh@gmail.com,+44 7260141110,Email,Enquiry,Resolved,07:47
SUPPORT,SUP000688,SUP000688,2025-03-05 10:30:33,Alison Hughes,alison.hughes@gmail.com,,Email,Complaint,Resolved,08:21
SUPPORT,SUP000689,SUP000689,2025-03-05 11:21:55,Carol Riley,acrol.riley@yahoo.com,+44 7122920463,Email,Refund request,Resolved,07:41
SUPPORT,SUP000690,SUP000690,2025-03-05 17:17:19,Kimberley Fox,kimberley.fox@gmail.com,+44 7713930862,Email,Refund request,Resolved,13:16
SUPPORT,SUP000691,SUP000691,2025-03-05 17:40:35,Christophr Bell,,+44 7033261063,Phone,Complaint,Resolved,19:57
SUPPORT,SUP000692,SUP000692,2025-03-05 17:57:27,Russell Howard,russell.howard@hotmail.com,+44 7448526998,Phone,Refund request,Resolved,25:42
SUPPORT,SUP000693,SUP000693,2025-03-05 19:45:43,Amanda Walker,amanda.walker2@hotmail.com,+44 7174852300,Email,Accessibility,Resolved,07:59
SUPPORT,SUP000694,SUP000694,2025-03-05 21:16:19,Natasha Hussain,natasha.hussain@yahoo.com,,Email,Refund request,Resolved,20:24
SUPPORT,SUP000695,SUP000695,2025-03-06 00:01:47,Marcus Walker,marcus.walker@yahoo.com,+44 7839437762,Email,Refund request,Resolved,41:20
SUPPORT,SUP000696,SUP000696,2025-03-06 02:52:51,Kevin Watts,kevin.watts@msn.com,+44 7551226416,Email,Enquiry,Resolved,13:57
SUPPORT,SUP000697,SUP000697,2025-03-06 07:02:25,Chloe Lee,chloe.lee@hotmail.com,+44 7344543331,Phone,Complaint,Resolved,29:59
SUPPORT,SUP000698,SUP000698,2025-03-06 09:00:55,Joe Bailey,joe.bailey@yahoo.com,+44 7954509730,Phone,Accessibility,Resolved,12:42
SUPPORT,SUP000699,SUP000699,2025-03-06 10:17:08,Lauren Smith,lauren.smith@yahoo.com,+44 7510943948,Email,Accessibility,Resolved,13:37
SUPPORT,SUP000700,SUP000700,2025-03-06 15:52:09,Philip Bolton,philip.bolton@gmail.com,+44 7474765339,Email,Enquiry,Resolved,16:56
SUPPORT,SUP000701,SUP000701,2025-03-06 16:32:27,Gary Matthews,gary.matthews@yahoo.com,+44 7493459127,Phone,Accessibility,Resolved,01:56
SUPPORT,SUP000702,SUP000702,2025-03-06 20:19:53,Abigail Palmer,abigail.palmer@gmail.com,+44 7064134515,Email,Enquiry,Resolved,03:28
SUPPORT,SUP000703,SUP000703,2025-03-06 23:11:09,Lenoard Davies,leonard.davies@hotmail.com,+44 7052434579,Email,Accessibility,Resolved,08:43
SUPPORT,SUP000704,SUP000704,2025-03-07 04:28:13,Mitchell Farrell,mitchell.farrell@yahoo.com,+44 7973340233,Email,Accessibility,Resolved,06:15
SUPPORT,SUP000705,SUP000705,2025-03-07 07:46:02,Alice Berry,alice.berry@hotmail.com,,Email,Refund request,Resolved,05:07
SUPPORT,SUP000706,SUP000706,2025-03-07 13:15:05,David Barnett,,+44 7356185110,Phone,Refund request,Resolved,11:35
SUPPORT,SUP000707,SUP000707,2025-03-07 14:06:54,Leah Moore,leah.moore@hotmail.com,+44 7179100644,Email,Enquiry,Resolved,06:06
SUPPORT,SUP000708,SUP000708,2025-03-07 19:43:24,Bryan Walker,bryan.walker@gmail.com,+44 7978826013,Phone,Refund request,Open,
SUPPORT,SUP000709,SUP000709,2025-03-07 23:18:16,Donald Bell,donald.bll@gmail.com,+44 7733016179,Phone,Complaint,Resolved,21:34
SUPPORT,SUP000710,SUP000710,2025-03-08 02:16:00,Naomi Cooper,naomi.cooper@hotmail.com,,Email,Complaint,Resolved,40:20
SUPPORT,SUP000711,SUP000711,2025-03-08 04:06:57,Ann Hughse,ann.hughes@yahoo.com,+44 7430522203,Email,Complaint,Resolved,06:44
SUPPORT,SUP000712,SUP000712,2025-03-08 06:29:11,Alan Mitchell,alan.mitchell@yahoo.com,+44 7572782078,Email,Enquiry,Resolved,09:00
SUPPORT,SUP000713,SUP000713,2025-03-08 08:37:08,Leon Reid,leon.reid@hotmail.com,+44 7759208241,Phone,Enquiry,Resolved,15:29
SUPPORT,SUP000714,SUP000714,2025-03-08 09:11:54,Oliver Bennett,oliver.bennett@yahoo.com,,Email,Enquiry,Open,
SUPPORT,SUP000715,SUP000715,2025-03-08 10:17:38,Grace Ryan,grace.ryan@gmail.com,+44 7988779591,Email,Refund request,Resolved,04:32
SUPPORT,SUP000716,SUP000716,2025-03-08 13:44:59,Marcus Day,,+44 7738921030,Phone,Refund request,Resolved,12:04
SUPPORT,SUP000717,SUP000717,2025-03-08 13:46:14,Dylan Brown,dylan.brown@hotmail.com,+44 7708702492,Email,Accessibility,Resolved,06:15
SUPPORT,SUP000718,SUP000718,2025-03-08 14:56:11,Ellie Allen,ellie.allen@hotmail.com,+44 7643810551,Phone,Refund request,Resolved,26:04
SUPPORT,SUP000719,SUP000719,2025-03-08 17:44:38,Sandra Pearson,sandra.parson@orange.fr,+44 7409853029,Email,Enquiry,Resolved,03:56
SUPPORT,SUP000720,SUP000720,2025-03-08 19:16:16,Lynne Jones,lynne.jones@gmail.com,+44 7615241967,Email,Refund request,Open,
SUPPORT,SUP000721,SUP000721,2025-03-08 19:31:53,Derek Butler,derek.butler@msn.com,,Email,Accessibility,Resolved,30:26
SUPPORT,SUP000722,SUP000722,2025-03-08 22:13:14,Grace Francis,,+44 7603344847,Phone,Accessibility,Resolved,08:24
SUPPORT,SUP000723,SUP000723,2025-03-08 23:08:25,Marc Hartley,marc.hartley@gmail.com,,Email,Enquiry,Open,
SUPPORT,SUP000724,SUP000724,2025-03-09 00:05:23,Hugh Taylor,hugh.taylor@hotmail.com,+44 7805845247,Phone,Enquiry,Resolved,04:02
SUPPORT,SUP000725,SUP000725,2025-03-09 00:32:03,Damian Clarke,damian.clarke@yahoo.com,+44 7560198886,Email,Refund request,Resolved,40:16
SUPPORT,SUP000726,SUP000726,2025-03-09 03:38:16,Victor Harris,victor.harris@gmail.com,+44 7510989195,Phone,Complaint,Resolved,32:09
SUPPORT,SUP000727,SUP000727,2025-03-09 04:06:35,Carl Lane,carl.lane@hotmail.com,,Email,Accessibility,Resolved,22:30
SUPPORT,SUP000728,SUP000728,2025-03-09 05:12:33,Gerard Lowe,gerard.lowe@yahoo.com,+44 7095917347,Email,Complaint,Resolved,30:51
SUPPORT,SUP000729,SUP000729,2025-03-09 07:18:23,Timothy Parkes,timothy.parkes@yahoo.com,+44 7085462131,Email,Complaint,Resolved,23:45
SUPPORT,SUP000730,SUP000730,2025-03-09 07:40:17,Geraldine Horton,geraldine.horton@hotmail.com,+44 7281410281,Email,Enquiry,Resolved,05:17
SUPPORT,SUP000731,SUP000731,2025-03-09 09:10:18,Jacob Cox,jacob.cox@yahoo.com,+44 7966365626,Phone,Enquiry,Open,
SUPPORT,SUP000732,SUP000732,2025-03-09 09:26:21,Zoe Jones,zoe.jones@gmail.com,+44 7269459789,Phone,Accessibility,Resolved,05:04
SUPPORT,SUP000733,SUP000733,2025-03-09 13:57:04,Julian Davison,julian.davison@yahoo.com,,Email,Refund request,Resolved,27:26
SUPPORT,SUP000734,SUP000734,2025-03-09 14:48:20,Matthew Donnelly,matthew.donnelly@msn.com,+44 7061401512,Email,Refund request,Resolved,36:27
SUPPORT,SUP000735,SUP000735,2025-03-09 15:11:17,Ruth Robinson,ruth.robinson@yahoo.com,,Email,Accessibility,Open,
SUPPORT,SUP000736,SUP000736,2025-03-09 16:21:13,Aym Murray,amy.urray@hotmail.com,+44 7070968452,Email,Refund request,Resolved,28:52
SUPPORT,SUP000737,SUP000737,2025-03-09 21:04:01,Peter Moore,,+44 7746422193,Phone,Accessibility,Resolved,24:02
SUPPORT,SUP000738,SUP000738,2025-03-09 23:58:54,Rhys Johnson,rhys.johnson@yahoo.com,+44 7173128625,Email,Complaint,Resolved,08:38
SUPPORT,SUP000739,SUP000739,2025-03-09 23:59:40,Joshua Cox,joshua.cox@gmail.com,+44 7993811257,Phone,Complaint,Resolved,02:22
SUPPORT,SUP000740,SUP000740,2025-03-10 00:02:59,Amber Davies,amber.davies@hotmail.com,,Email,Accessibility,Resolved,04:36
SUPPORT,SUP000741,SUP000741,2025-03-10 00:24:03,Mohammed Carter,,+44 7983864647,Phone,Refund request,Resolved,06:22
SUPPORT,SUP000742,SUP000742,2025-03-10 03:00:51,Stephanie Palmer,stephanie.palmer@hotmail.fr,+44 7828574278,Email,Accessibility,Resolved,01:52
SUPPORT,SUP000743,SUP000743,2025-03-10 07:56:41,Declan Sharp,declan.shap@hotmail.com,+44 7744846519,Phone,Enquiry,Resolved,03:56
SUPPORT,SUP000744,SUP000744,2025-03-10 08:14:13,Marian Heath,marian.heath@gmail.com,,Email,Refund request,Resolved,30:17
SUPPORT,SUP000745,SUP000745,2025-03-10 10:25:36,Natasha White,natasha.white@hotmail.fr,+44 7983224528,Email,Refund request,Resolved,22:56
SUPPORT,SUP000746,SUP000746,2025-03-10 14:39:05,Lawrence Robinson,lawrence.robinson@hotmail.com,+44 7729342886,Email,Refund request,Resolved,10:50
SUPPORT,SUP000747,SUP000747,2025-03-10 15:31:45,Trevor Dale,trevor.dale@gmail.com,+44 7596279944,Email,Refund request,Resolved,20:52
SUPPORT,SUP000748,SUP000748,2025-03-10 15:42:34,Rhys Johnson,rhys.johnson@yahoo.com,+44 7173128625,Email,Enquiry,Resolved,09:56
SUPPORT,SUP000749,SUP000749,2025-03-10 17:19:34,Abdul Lee,abdul.lee@yahoo.com,+44 7691660290,Email,Enquiry,Open,
SUPPORT,SUP000750,SUP000750,2025-03-10 17:24:43,Colin Taylor,colintaylor@gmail.com,+44 7355046712,Email,Complaint,Resolved,18:48
SUPPORT,SUP000751,SUP000751,2025-03-10 17:27:59,Wendy Williams,wendy.williams@yahoo.com,+44 7407692533,Email,Refund request,Resolved,09:19
SUPPORT,SUP000752,SUP000752,2025-03-11 03:09:17,Aimee Cunningham,aimee.cunningham@hotmail.com,,Email,Enquiry,Resolved,01:55
SUPPORT,SUP000753,SUP000753,2025-03-11 04:13:12,Stewart Mitchell,stewart.mitchell@orange.fr,+44 7508065233,Phone,Refund request,Resolved,14:55
SUPPORT,SUP000754,SUP000754,2025-03-11 04:16:41,Danny Griffiths,danny.griffiths@aol.com,,Email,Accessibility,Resolved,11:16
SUPPORT,SUP000755,SUP000755,2025-03-11 04:31:53,Lucy Clark,lucy.clark@hotmail.com,,Email,Complaint,Resolved,39:23
SUPPORT,SUP000756,SUP000756,2025-03-11 08:06:26,Julian Murphy,julian.murphy@yahoo.com,+44 7268820662,Email,Enquiry,Resolved,21:39
SUPPORT,SUP000757,SUP000757,2025-03-11 09:50:51,Debra Webb,debra.webb@hotmail.com,+44 7190239236,Email,Refund request,Resolved,35:09
SUPPORT,SUP000758,SUP000758,2025-03-11 09:58:09,Jonathan Patel,jonathan.patel@yahoo.com,,Email,Refund request,Resolved,07:35
SUPPORT,SUP000759,SUP000759,2025-03-11 10:10:39,Kevin Watts,kevin.watts@msn.com,+44 7551226456,Phone,Accessibility,Resolved,08:26
SUPPORT,SUP000760,SUP000760,2025-03-11 15:17:25,Andrea Jones,andrea.jones@aol.com,+44 7836367980,Email,Accessibility,Open,
SUPPORT,SUP000761,SUP000761,2025-03-11 18:14:34,Bernard Atkinson,bernard.atkinson@aol.com,+44 7452962596,Email,Enquiry,Open,
SUPPORT,SUP000762,SUP000762,2025-03-11 20:04:40,Stephen Hurst,stephen.hurst@gmail.com,,Email,Refund request,Resolved,18:47
SUPPORT,SUP000763,SUP000763,2025-03-11 20:25:51,Robert Mitchell,robert.mitchell@hotmail.com,+44 7027114668,Email,Accessibility,Resolved,06:34
SUPPORT,SUP000764,SUP000764,2025-03-11 21:07:05,Reece Clarke,reece.clarke@yahoo.com,+44 7428781088,Phone,Accessibility,Resolved,05:27
SUPPORT,SUP000765,SUP000765,2025-03-11 21:54:15,Tina Reynolds,tina.reynolds@yahoo.com,,Email,Accessibility,Open,
SUPPORT,SUP000766,SUP000766,2025-03-11 23:01:39,Robert Owens,robert.owens@hotmail.com,+44 7210974653,Phone,Refund request,Resolved,12:49
SUPPORT,SUP000767,SUP000767,2025-03-12 01:16:17,Nathan Harrison,natha.nharrison@gmail.com,+44 7479564575,Email,Enquiry,Resolved,06:39
SUPPORT,SUP000768,SUP000768,2025-03-12 01:25:28,Gillian Taylor,gillian.taylor@hotmail.com,+44 7955990317,Phone,Enquiry,Resolved,12:43
SUPPORT,SUP000769,SUP000769,2025-03-12 06:14:29,Adam Roberts,adam.roberts@yahoo.com,+44 7532837871,Email,Refund request,Resolved,05:32
SUPPORT,SUP000770,SUP000770,2025-03-12 06:56:00,Lewis Thornton,,+44 7743390083,Phone,Refund request,Resolved,13:16
SUPPORT,SUP000771,SUP000771,2025-03-12 10:39:56,Gerard Robson,gerard.robson@gmail.com,,Email,Refund request,Resolved,28:10
SUPPORT,SUP000772,SUP000772,2025-03-13 02:42:28,Gerald Thomas,gerald.thomas@gmail.com,,Email,Refund request,Resolved,08:36
SUPPORT,SUP000773,SUP000773,2025-03-13 04:07:26,Stven Lowe,steven.lowe@aol.com,+44 7008907253,Phone,Refund request,Resolved,20:20
SUPPORT,SUP000774,SUP000774,2025-03-13 04:17:41,Graeme Miles,graeme.miles@yahoo.com,+44 7946875266,Phone,Refund request,Resolved,27:22
SUPPORT,SUP000775,SUP000775,2025-03-13 08:02:19,George Kirk,eorge.kirk@yahoo.com,+44 7352168883,Email,Refund request,Resolved,11:03
SUPPORT,SUP000776,SUP000776,2025-03-13 08:09:59,Raymond Walton,raymond.walton@hotmail.com,,Email,Complaint,Resolved,46:11
SUPPORT,SUP000777,SUP000777,2025-03-13 08:33:18,Malcolm Wilkinson,malcolm.wilkinson@hotmail.com,+44 7286202433,Phone,Refund request,Resolved,23:49
SUPPORT,SUP000778,SUP000778,2025-03-13 08:42:58,Ian O'Neill,ian.oneill@yahoo.com,+44 7501082855,Email,Refund request,Resolved,09:35
SUPPORT,SUP000779,SUP000779,2025-03-13 15:49:11,Duncan O'Connor,duncan.oconnor@hotmail.com,+44 7265653455,Email,Enquiry,Open,
SUPPORT,SUP000780,SUP000780,2025-03-13 19:16:37,Wendy Preston,wendy.preston@yahoo.com,,Email,Complaint,Resolved,19:29
SUPPORT,SUP000781,SUP000781,2025-03-13 20:53:13,Duncan Carr,duncan.carr@gmail.com,,Email,Enquiry,Resolved,07:13
SUPPORT,SUP000782,SUP000782,2025-03-13 22:18:12,Sheila Daniels,sheila.daniels@yahoo.com,+44 7925120118,Email,Accessibility,Resolved,25:30
SUPPORT,SUP000783,SUP000783,2025-03-14 00:23:26,Abigail Williams,abigail.williams@gmail.com,+44 7330196203,Email,Enquiry,Resolved,04:33
SUPPORT,SUP000784,SUP000784,2025-03-14 00:35:36,Elaine Roberts,ealine.roberts@gmail.com,,Email,Refund request,Resolved,13:16
SUPPORT,SUP000785,SUP000785,2025-03-14 04:00:18,Abigail Williams,abigail.williams@gmail.com,+44 7330196203,Email,Enquiry,Resolved,09:11
SUPPORT,SUP000786,SUP000786,2025-03-14 07:27:03,Jeremy White,jeremy.white@gmail.com,+44 7806848411,Email,Complaint,Resolved,50:50
SUPPORT,SUP000787,SUP000787,2025-03-14 08:28:11,Damian Noble,damian.noble@gmail.com,,Email,Refund request,Open,
SUPPORT,SUP000788,SUP000788,2025-03-14 13:38:03,June Smith,june.smith@hotmail.com,,Email,Enquiry,Resolved,04:18
SUPPORT,SUP000789,SUP000789,2025-03-14 15:02:49,Gillian Stewart,gillina.stewart@yahoo.com,+44 7182733048,Email,Refund request,Resolved,16:21
SUPPORT,SUP000790,SUP000790,2025-03-14 18:59:43,Brett Nolan,brett.nolan@gmail.com,+44 7145739427,Email,Complaint,Resolved,18:57
SUPPORT,SUP000791,SUP000791,2025-03-14 20:50:26,Sam Jones,sam.jones@hotmail.com,+44 7345260997,Email,Enquiry,Resolved,05:45
SUPPORT,SUP000792,SUP000792,2025-03-15 01:39:48,Dominic Fry,dominic.fry@hotmail.com,+44 7683817830,Email,Enquiry,Resolved,02:04
SUPPORT,SUP000793,SUP000793,2025-03-15 05:00:52,Amelia Day,amelia.day@yahoo.com,+44 7958066067,Email,Refund request,Resolved,18:54
SUPPORT,SUP000794,SUP000794,2025-03-15 05:46:23,Maria Collier,maria.collier@gmail.com,+44 7707586482,Email,Accessibility,Resolved,18:43
SUPPORT,SUP000795,SUP000795,2025-03-15 08:28:51,Tina Garner,tina.garner@gmail.com,+44 7508498594,Email,Refund request,Resolved,08:29
SUPPORT,SUP000796,SUP000796,2025-03-15 10:58:11,Mark Jones,mark.jones2@yahoo.com,+44 7991425648,Email,Accessibility,Resolved,21:10
SUPPORT,SUP000797,SUP000797,2025-03-15 14:15:44,Carl Hale,,+44 7378873927,Phone,Accessibility,Resolved,04:58
SUPPORT,SUP000798,SUP000798,2025-03-15 15:28:55,Justin Watts,justin.watts@yahoo.com,,Email,Complaint,Resolved,25:22
SUPPORT,SUP000799,SUP000799,2025-03-15 16:07:54,Beverley Walters,,+44 7257355103,Phone,Refund request,Resolved,28:05
SUPPORT,SUP000800,SUP000800,2025-03-15 17:32:17,Adrian Thomas,adrian.thomas@hotmail.com,,Email,Refund request,Resolved,10:38
SUPPORT,SUP000801,SUP000801,2025-03-15 17:53:31,David Marshall,david.marshall2@hotmail.com,+44 7353277007,Phone,Refund request,Resolved,08:50
SUPPORT,SUP000802,SUP000802,2025-03-15 19:01:00,Nicole Richards,nicole.richards@hotmail.com,,Email,Refund request,Resolved,40:13
SUPPORT,SUP000803,SUP000803,2025-03-15 19:05:41,Alison Hall,alison.hall@yahoo.com,+44 7039760214,Email,Refund request,Resolved,09:25
SUPPORT,SUP000804,SUP000804,2025-03-15 20:40:34,Nathan Allan,nathan.allan@hotmail.com,+44 7693782561,Email,Complaint,Resolved,65:11
SUPPORT,SUP000805,SUP000805,2025-03-15 21:04:23,Mathew Carey,mathew.carey@yahoo.com,+44 7802362220,Email,Accessibility,Open,
SUPPORT,SUP000806,SUP000806,2025-03-15 22:28:44,Lynda Smith,lynda.smith@hotmail.com,+44 7221857388,Phone,Complaint,Resolved,42:42
SUPPORT,SUP000807,SUP000807,2025-03-15 22:42:42,Emma Barber,emma.barber@gmail.com,+44 7636553009,Email,Refund request,Resolved,09:31
SUPPORT,SUP000808,SUP000808,2025-03-16 02:07:42,Nicola Fraser,nicola.fraser@hotmail.com,+44 7658664171,Phone,Refund request,Resolved,08:06
SUPPORT,SUP000809,SUP000809,2025-03-16 07:52:36,Stephanie Skinner,stephanie.skinner@yahoo.com,+44 7316404708,Phone,Enquiry,Resolved,09:44
SUPPORT,SUP000810,SUP000810,2025-03-16 08:46:04,Katy Jones,katy.jones@aol.com,+44 7425331433,Email,Refund request,Resolved,10:12
SUPPORT,SUP000811,SUP000811,2025-03-16 10:05:48,Michelle Lewis,michelle.lewis@yahoo.com,+44 7876206568,Email,Accessibility,Open,
SUPPORT,SUP000812,SUP000812,2025-03-16 10:09:36,Chloe Jackson,chloe.jacson@gmail.com,,Email,Complaint,Resolved,05:23
SUPPORT,SUP000813,SUP000813,2025-03-16 10:51:24,Gerald Welch,gerald.welch@gmail.com,+44 7097374220,Phone,Refund request,Resolved,28:12
SUPPORT,SUP000814,SUP000814,2025-03-16 11:13:35,Amber Potter,amber.potter@yahoo.com,+44 7350163565,Phone,Refund request,Resolved,21:06
SUPPORT,SUP000815,SUP000815,2025-03-16 11:25:50,Grace Francis,grace.francis@aol.com,+44 7603344847,Email,Refund request,Resolved,37:12
SUPPORT,SUP000816,SUP000816,2025-03-16 12:31:47,Margaret Norris,margaret.norris@yahoo.com,+44 7730085875,Email,Refund request,Resolved,06:33
SUPPORT,SUP000817,SUP000817,2025-03-16 13:55:50,Chloe Lee,chloe.lee@hotmail.com,+44 7344543331,Phone,Refund request,Resolved,08:03
SUPPORT,SUP000818,SUP000818,2025-03-16 20:19:46,Lydia Hutchinson,lydia.hutchinson@hotmail.com,,Email,Enquiry,Resolved,07:02
SUPPORT,SUP000819,SUP000819,2025-03-16 21:06:22,William Collins,william.collins@gmail.com,+44 7128999172,Phone,Enquiry,Open,
SUPPORT,SUP000820,SUP000820,2025-03-16 22:16:06,Kate Patel,kate.patel@gmail.com,+44 7995608608,Email,Accessibility,Resolved,16:52
SUPPORT,SUP000821,SUP000821,2025-03-17 00:34:30,Sean Ward,sean.ward@yahoo.com,+44 7794461896,Email,Accessibility,Resolved,08:04
SUPPORT,SUP000822,SUP000822,2025-03-17 03:36:49,Marion Miles,marion.miles@aol.com,+44 7899712933,Phone,Refund request,Resolved,27:18
SUPPORT,SUP000823,SUP000823,2025-03-17 04:41:48,William Jones,william.jones@yahoo.com,+44 7901827738,Email,Enquiry,Resolved,05:00
SUPPORT,SUP000824,SUP000824,2025-03-17 10:15:38,Annette Williams,annette.williams@yahoo.com,+44 7092807486,Phone,Complaint,Resolved,18:56
SUPPORT,SUP000825,SUP000825,2025-03-17 13:33:43,Rosie Barker,rosie.barker@hotmail.com,+44 7835746300,Email,Accessibility,Resolved,08:14
SUPPORT,SUP000826,SUP000826,2025-03-17 13:41:32,Roy Wilson,roy.wilson@hotmail.com,,Email,Complaint,Open,
SUPPORT,SUP000827,SUP000827,2025-03-17 13:55:41,Jacqueline Owen,jacqueline.owen@yahoo.com,+44 7778643242,Phone,Enquiry,Resolved,00:52
SUPPORT,SUP000828,SUP000828,2025-03-17 14:10:51,Laura Howard,laura.howard@hotmail.fr,+44 7253965056,Email,Complaint,Open,
SUPPORT,SUP000829,SUP000829,2025-03-17 14:47:26,Carly Leach,,+44 7979825702,Phone,Enquiry,Resolved,09:06
SUPPORT,SUP000830,SUP000830,2025-03-17 17:08:34,Craig Dunn,craig.dunn@hotmail.com,+44 7777657567,Email,Enquiry,Open,
SUPPORT,SUP000831,SUP000831,2025-03-17 18:56:21,Elizabeth Lowe,elizaebth.lowe@yahoo.com,+44 7672600303,Email,Accessibility,Resolved,11:01
SUPPORT,SUP000832,SUP000832,2025-03-17 21:50:19,Carly Kaur,carly.kaur@hotmail.com,+44 7541941146,Email,Enquiry,Resolved,03:10
SUPPORT,SUP000833,SUP000833,2025-03-17 22:35:00,Lee Johnson,lee.johnsn@yahoo.com,+44 7893276345,Email,Enquiry,Resolved,05:02
SUPPORT,SUP000834,SUP000834,2025-03-18 00:31:08,Barry Anderson,barry.anderson@gmail.com,+44 7932135034,Email,Enquiry,Resolved,06:52
SUPPORT,SUP000835,SUP000835,2025-03-18 04:50:07,Patricia Pearce,,+44 7854928374,Phone,Refund request,Resolved,43:44
SUPPORT,SUP000836,SUP000836,2025-03-18 06:13:49,Graham Brown,graham.brwn@gmail.com,,Email,Accessibility,Resolved,14:18
SUPPORT,SUP000837,SUP000837,2025-03-18 06:53:55,Harriet Powell,harriet.powell@yahoo.com,+44 7461985689,Email,Enquiry,Resolved,08:11
SUPPORT,SUP000838,SUP000838,2025-03-18 11:33:08,Shane Moore,,+44 7005708423,Phone,Enquiry,Open,
SUPPORT,SUP000839,SUP000839,2025-03-18 18:38:42,Anne Saunders,anne.saunders@gmail.com,,Email,Complaint,Resolved,25:24
SUPPORT,SUP000840,SUP000840,2025-03-18 19:22:00,Jemma Wallis,,+44 7448771577,Phone,Refund request,Resolved,19:15
SUPPORT,SUP000841,SUP000841,2025-03-18 21:57:25,Raymond Barker,raymond.barker@yahoo.com,+44 7654018461,Email,Refund request,Resolved,23:09
SUPPORT,SUP000842,SUP000842,2025-03-19 00:18:55,Allan Rice,allan.ric@yahoo.com,+44 7728421397,Email,Enquiry,Resolved,05:55
SUPPORT,SUP000843,SUP000843,2025-03-19 03:46:20,Charlene Smith,charlene.smith@gmail.com,+44 7646848913,Email,Accessibility,Resolved,10:28
SUPPORT,SUP000844,SUP000844,2025-03-19 05:20:41,Megan Richardson,megan.rchardson@msn.com,,Email,Accessibility,Resolved,06:11
SUPPORT,SUP000845,SUP000845,2025-03-19 05:31:13,Oliver Griffiths,oliver.griffiths@yahoo.com,+44 7246214266,Email,Enquiry,Resolved,06:45
SUPPORT,SUP000846,SUP000846,2025-03-19 08:29:24,Allan Webster,allan.webster@hotmail.com,,Email,Refund request,Resolved,10:18
SUPPORT,SUP000847,SUP000847,2025-03-19 12:36:34,Joseph Lewis,joseph.lewis@yahoo.com,+44 7224319781,Email,Refund request,Open,
SUPPORT,SUP000848,SUP000848,2025-03-19 15:07:40,Patrick Johnson,patrick.jhnson@gmail.com,+44 7906100899,Phone,Enquiry,Resolved,04:37
SUPPORT,SUP000849,SUP000849,2025-03-19 15:34:29,Maria Barber,maria.barber@yahoo.com,+44 7021434538,Email,Refund request,Resolved,14:54
SUPPORT,SUP000850,SUP000850,2025-03-19 21:00:25,Steven Graham,steven.graham@gmail.com,+44 7362764257,Email,Refund request,Resolved,20:45
SUPPORT,SUP000851,SUP000851,2025-03-19 21:30:44,Kirsty Smith,kirsty.smith@gmail.com,+44 7126230918,Phone,Enquiry,Resolved,03:19
SUPPORT,SUP000852,SUP000852,2025-03-19 21:33:43,Hannah Thompson,hannah.thompson@yahoo.com,,Email,Refund request,Resolved,20:23
SUPPORT,SUP000853,SUP000853,2025-03-20 00:04:57,Naomi Douglas,naomi.douglas@gmail.com,+44 7146187082,Email,Refund request,Open,
SUPPORT,SUP000854,SUP000854,2025-03-20 00:10:03,Abdul Holden,abdul.holden@yahoo.com,+44 7072648033,Email,Accessibility,Open,
SUPPORT,SUP000855,SUP000855,2025-03-20 02:37:33,Tia O'Connor,tina.oconnor@msn.com,+44 7736276837,Email,Complaint,Resolved,05:38
SUPPORT,SUP000856,SUP000856,2025-03-20 07:20:22,Wayne Burgess,wayne.burgess@hotmail.com,+44 7683303726,Email,Enquiry,Resolved,03:12
SUPPORT,SUP000857,SUP000857,2025-03-20 11:05:15,Denise Whitehead,denise.whitehead@yahoo.com,,Email,Refund request,Resolved,09:51
SUPPORT,SUP000858,SUP000858,2025-03-20 12:05:23,Sandra Middleton,sandra.middlton@gmail.com,+44 7914173581,Email,Complaint,Resolved,14:27
SUPPORT,SUP000859,SUP000859,2025-03-20 13:00:23,Maria Moss,maria.moss@yahoo.com,+44 7686773556,Email,Refund request,Resolved,14:12
SUPPORT,SUP000860,SUP000860,2025-03-21 01:16:34,Joel Field,joel.field@yahoo.com,+44 7010730103,Email,Refund request,Resolved,12:37
SUPPORT,SUP000861,SUP000861,2025-03-21 06:36:47,Phillip Rahman,phillip.rahman@yahoo.com,+44 7340718042,Email,Accessibility,Resolved,02:43
SUPPORT,SUP000862,SUP000862,2025-03-21 07:52:15,Mohammed Thomas,mohammed.thomas@yahoo.com,+44 7965827691,Email,Refund request,Resolved,30:37
SUPPORT,SUP000863,SUP000863,2025-03-21 08:01:58,Edward Jones,,+44 7628315921,Phone,Complaint,Resolved,31:08
SUPPORT,SUP000864,SUP000864,2025-03-21 08:27:20,Guy Taylor,guy.taylor@msn.com,,Email,Enquiry,Resolved,00:53
SUPPORT,SUP000865,SUP000865,2025-03-21 15:21:01,Lynn Clark,lynn.clark@yahoo.fr,+44 7712791099,Email,Accessibility,Open,
SUPPORT,SUP000866,SUP000866,2025-03-21 17:00:08,Damien Richardson,damien.richardson@yahoo.com,+44 7723289694,Email,Complaint,Resolved,72:00
SUPPORT,SUP000867,SUP000867,2025-03-21 19:33:03,James Davies,james.davies@hotmail.com,,Email,Complaint,Resolved,15:32
SUPPORT,SUP000868,SUP000868,2025-03-21 20:02:01,Mandy Chambers,mandy.chambers@aol.com,+44 7956430467,Email,Accessibility,Resolved,30:49
SUPPORT,SUP000869,SUP000869,2025-03-21 22:50:26,Shaun Lewis,shaun.lewis@hotmail.com,+44 7244677281,Email,Refund request,Resolved,18:59
SUPPORT,SUP000870,SUP000870,2025-03-22 02:46:32,Lynn Hughes,lynn.hguhes@yahoo.com,+44 7397595449,Email,Refund request,Resolved,33:05
SUPPORT,SUP000871,SUP000871,2025-03-22 03:56:19,Justin Walsh,justin.walsh@yahoo.com,,Email,Accessibility,Resolved,17:32
SUPPORT,SUP000872,SUP000872,2025-03-22 06:38:02,Zoe Alen,zoe.allen@yahoo.com,,Email,Complaint,Resolved,30:07
SUPPORT,SUP000873,SUP000873,2025-03-22 10:50:00,Harriet Chan,harriet.chan@hotmail.co.uk,+44 7352211695,Email,Refund request,Resolved,22:10
SUPPORT,SUP000874,SUP000874,2025-03-22 11:28:31,Joanna Martin,joanna.martin@hotmail.co.uk,+44 7348905937,Phone,Enquiry,Resolved,03:42
SUPPORT,SUP000875,SUP000875,2025-03-22 12:50:28,Amy Storey,amy.storey@gmail.com,+44 7079711034,Email,Accessibility,Resolved,10:13
SUPPORT,SUP000876,SUP000876,2025-03-22 14:05:52,Ronald Dunn,ronald.dunn@hotmail.com,,Email,Refund request,Open,
SUPPORT,SUP000877,SUP000877,2025-03-22 14:54:29,Sheila Donnelly,sheila.donnelly@gmail.com,,Email,Refund request,Resolved,21:30
SUPPORT,SUP000878,SUP000878,2025-03-22 15:03:19,Declan Skinner,dclan.skinner@msn.com,+44 7457844456,Email,Enquiry,Open,
SUPPORT,SUP000879,SUP000879,2025-03-22 15:06:55,Marc hite,marc.white@hotmail.com,,Email,Refund request,Resolved,15:24
SUPPORT,SUP000880,SUP000880,2025-03-22 16:16:03,Katerine Taylor,katherine.taylor@hotmail.com,,Email,Refund request,Resolved,29:47
SUPPORT,SUP000881,SUP000881,2025-03-22 16:27:14,Paul Watson,paul.watson@yahoo.com,+44 7717058512,Phone,Accessibility,Resolved,03:05
SUPPORT,SUP000882,SUP000882,2025-03-22 18:45:52,Harriet Parker,hrariet.parker@gmail.com,,Email,Enquiry,Resolved,03:33
SUPPORT,SUP000883,SUP000883,2025-03-22 21:33:19,Billy Hughes,billy.hughes@hotmail.com,,Email,Refund request,Resolved,19:23
SUPPORT,SUP000884,SUP000884,2025-03-22 21:45:37,Dale Lane,dale.lane@msn.com,+44 7145754342,Email,Accessibility,Resolved,04:44
SUPPORT,SUP000885,SUP000885,2025-03-22 23:51:23,Anthony Johnson,anthony.johnson@gmail.com,+44 7452527448,Email,Complaint,Resolved,33:36
SUPPORT,SUP000886,SUP000886,2025-03-23 00:20:33,Dorothy James,dorothy.james@gmail.com,+44 7937147470,Phone,Refund request,Resolved,19:16
SUPPORT,SUP000887,SUP000887,2025-03-23 02:21:18,Maurice Webster,maurice.webster@gmail.com,+44 7730768866,Phone,Enquiry,Resolved,07:16
SUPPORT,SUP000888,SUP000888,2025-03-23 03:58:04,Janet Robinson,,+44 7685009394,Phone,Enquiry,Resolved,03:01
SUPPORT,SUP000889,SUP000889,2025-03-23 05:41:31,Ashley Nicholson,ashley.nicholson@hotmail.com,,Email,Complaint,Resolved,34:12
SUPPORT,SUP000890,SUP000890,2025-03-23 19:55:42,Lewis Marshall,lewis.marshall@yahoo.com,+44 7747366708,Email,Enquiry,Resolved,14:56
SUPPORT,SUP000891,SUP000891,2025-03-23 20:59:10,Josh Jackson,josh.jackson@gmail.com,+44 7930684488,Email,Enquiry,Resolved,00:41
SUPPORT,SUP000892,SUP000892,2025-03-23 22:22:26,Neil Simpson,neil.simpson@yahoo.com,+44 7660979570,Phone,Enquiry,Resolved,04:44
SUPPORT,SUP000893,SUP000893,2025-03-23 23:45:16,Dawn Taylor,dawn.taylor@yahoo.com,+44 7299735941,Email,Accessibility,Resolved,23:49
SUPPORT,SUP000894,SUP000894,2025-03-24 00:55:37,Callum Robinson,callum.robinson@gmail.com,+44 7959541061,Email,Refund request,Resolved,01:46
SUPPORT,SUP000895,SUP000895,2025-03-24 07:51:18,Frank Dawson,frank.dawson@gmail.com,+44 7959799711,Email,Refund request,Resolved,10:48
SUPPORT,SUP000896,SUP000896,2025-03-24 08:37:30,Gregory Pearce,gregory.pearce@gmail.com,,Email,Accessibility,Resolved,03:41
SUPPORT,SUP000897,SUP000897,2025-03-24 09:37:31,Bethan Houghton,bethan.houghton@gmail.com,+44 7142621752,Email,Refund request,Open,
SUPPORT,SUP000898,SUP000898,2025-03-24 09:38:26,Alison Hall,alison.hall@yahoo.com,+44 7039760254,Email,Complaint,Open,
SUPPORT,SUP000899,SUP000899,2025-03-24 10:10:39,John Gardner,john.gardner@gmail.com,+44 7596947393,Phone,Refund request,Resolved,14:38
SUPPORT,SUP000900,SUP000900,2025-03-24 13:00:31,Sandra Walker,sandra.walker@aol.com,+44 7011070428,Email,Enquiry,Resolved,10:19
SUPPORT,SUP000901,SUP000901,2025-03-24 13:41:46,Brett Ryan,,+44 7871279315,Phone,Complaint,Resolved,07:41
SUPPORT,SUP000902,SUP000902,2025-03-24 17:59:53,Dorothy Porter,dorothy.porter@gmail.com,+44 7054083112,Email,Refund request,Resolved,05:44
SUPPORT,SUP000903,SUP000903,2025-03-24 19:04:58,Nicole Richards,nicole.richards@hotmail.com,,Email,Refund request,Open,
SUPPORT,SUP000904,SUP000904,2025-03-24 21:40:18,Lynne Morgan,lynne.morgan@gmail.com,+44 7483922565,Email,Refund request,Resolved,18:43
SUPPORT,SUP000905,SUP000905,2025-03-24 22:26:03,Patrick Poole,patrick.oole@hotmail.com,+44 7180528628,Email,Enquiry,Resolved,14:14
SUPPORT,SUP000906,SUP000906,2025-03-25 01:38:02,Oliver Griffiths,oliver.griffiths@yahoo.com,+44 7246214266,Email,Accessibility,Resolved,11:29
SUPPORT,SUP000907,SUP000907,2025-03-25 02:18:37,Josh Wiliams,josh.williams@yahoo.com,+44 7017279773,Email,Refund request,Resolved,38:56
SUPPORT,SUP000908,SUP000908,2025-03-25 11:25:30,Laura Hall,laura.hall@aol.com,+44 7276881268,Phone,Enquiry,Open,
SUPPORT,SUP000909,SUP000909,2025-03-25 12:38:21,Rachael Bird,rachael.bird@yahoo.com,+44 7382490982,Email,Refund request,Open,
SUPPORT,SUP000910,SUP000910,2025-03-25 14:42:41,Janet Campbell,janet.campbell@hotmail.com,,Email,Refund request,Resolved,07:01
SUPPORT,SUP000911,SUP000911,2025-03-25 16:41:27,Darren Phillips,darren.phillisp@hotmail.com,+44 7414183504,Phone,Refund request,Resolved,31:34
SUPPORT,SUP000912,SUP000912,2025-03-25 17:46:02,Diana Richardson,diana.richardson@hotmail.com,,Email,Refund request,Resolved,29:57
SUPPORT,SUP000913,SUP000913,2025-03-25 22:00:00,Georgia Lees,georgia.lees@gmail.com,,Email,Complaint,Open,
SUPPORT,SUP000914,SUP000914,2025-03-25 22:41:10,Kathryn Hughes,kathryn.hughes@yahoo.com,+44 7085929799,Email,Enquiry,Resolved,05:22
SUPPORT,SUP000915,SUP000915,2025-03-26 00:17:51,Ann Jones,ann.jones@gmail.com,+44 7832160385,Email,Refund request,Resolved,12:16
SUPPORT,SUP000916,SUP000916,2025-03-26 04:22:07,Brian Holden,brian.holden@gmail.com,+44 7109362133,Email,Refund request,Resolved,14:10
SUPPORT,SUP000917,SUP000917,2025-03-26 06:54:16,Billy Nicholls,,+44 7486099989,Phone,Refund request,Resolved,05:52
SUPPORT,SUP000918,SUP000918,2025-03-26 10:59:35,Max Wright,max.wright@hotmail.com,+44 7076652551,Email,Accessibility,Resolved,15:17
SUPPORT,SUP000919,SUP000919,2025-03-26 11:16:26,Hugh Morrison,hugh.morrison@gmail.com,+44 7219139099,Email,Complaint,Resolved,28:50
SUPPORT,SUP000920,SUP000920,2025-03-26 12:12:33,Charlene Harrison,charlene.harrison@gmail.com,+44 7980446210,Email,Complaint,Resolved,23:26
SUPPORT,SUP000921,SUP000921,2025-03-26 12:26:33,Ian Burton,,+44 7026433781,Phone,Accessibility,Resolved,19:00
SUPPORT,SUP000922,SUP000922,2025-03-26 13:05:14,Marilyn Gibson,marilyn.gibson@yahoo.com,+44 7603179029,Email,Refund request,Resolved,29:52
SUPPORT,SUP000923,SUP000923,2025-03-26 14:35:46,Stewart Chapman,stewart.chapman@hotmail.com,+44 7911841194,Email,Refund request,Open,
SUPPORT,SUP000924,SUP000924,2025-03-26 15:19:47,Declan Thomas,declan.thomas@yahoo.com,+44 7518725130,Email,Accessibility,Open,
SUPPORT,SUP000925,SUP000925,2025-03-26 16:32:53,Jay Spencer,,+44 7138410641,Phone,Complaint,Open,
SUPPORT,SUP000926,SUP000926,2025-03-26 17:44:36,Leah Lee,leah.lee@hotmail.com,,Email,Refund request,Resolved,17:42
SUPPORT,SUP000927,SUP000927,2025-03-26 18:16:35,Beverley Davies,beverley.davies@yahoo.com,+44 7162929832,Email,Refund request,Resolved,07:30
SUPPORT,SUP000928,SUP000928,2025-03-26 20:43:34,Scott Smith,,+44 7301599988,Phone,Enquiry,Resolved,01:29
SUPPORT,SUP000929,SUP000929,2025-03-27 00:45:34,Kerry Jones,kerry.jones@msn.com,+44 7344334083,Phone,Accessibility,Resolved,05:24
SUPPORT,SUP000930,SUP000930,2025-03-27 03:02:43,Stewart Morgan,stewart.morgan@gmail.com,+44 7427667827,Phone,Refund request,Resolved,18:17
SUPPORT,SUP000931,SUP000931,2025-03-27 06:41:35,Josh Jackson,josh.jackson@gmail.com,+44 7930684488,Phone,Accessibility,Resolved,20:44
SUPPORT,SUP000932,SUP000932,2025-03-27 09:22:52,Adrian Long,adrian.long@hotmail.com,,Email,Enquiry,Resolved,10:39
SUPPORT,SUP000933,SUP000933,2025-03-27 12:11:10,Daniel Rowley,daniel.rowley@yahoo.com,+44 7356754882,Email,Refund request,Resolved,14:38
SUPPORT,SUP000934,SUP000934,2025-03-27 15:13:16,Duncan Smith,duncan.smith@gmail.com,+44 7269563674,Email,Enquiry,Resolved,13:02
SUPPORT,SUP000935,SUP000935,2025-03-27 17:53:08,Stanley Dawson,stanley.dawson@yahoo.com,+44 7759785331,Email,Accessibility,Resolved,11:01
SUPPORT,SUP000936,SUP000936,2025-03-27 18:15:37,Gerard Bennett,gerard.bennett@yahoo.com,+44 7314712221,Email,Enquiry,Resolved,00:41
SUPPORT,SUP000937,SUP000937,2025-03-28 00:19:02,Catherine Parker,catherine.parker@aol.com,+44 7871064056,Phone,Refund request,Resolved,12:43
SUPPORT,SUP000938,SUP000938,2025-03-28 01:06:03,Conor Henderson,conor.henderson@hotmail.com,+44 7633074113,Phone,Refund request,Resolved,14:55
SUPPORT,SUP000939,SUP000939,2025-03-28 02:39:31,Colin Harrison,colin.harrison@yahoo.com,+44 7160946552,Email,Refund request,Resolved,16:35
SUPPORT,SUP000940,SUP000940,2025-03-28 06:29:14,Gail Moore,gail.moore@hotmail.com,+44 7925218778,Email,Enquiry,Resolved,04:45
SUPPORT,SUP000941,SUP000941,2025-03-28 07:53:58,Dale Evans,dale.evans@yahoo.com,,Email,Refund request,Resolved,23:54
SUPPORT,SUP000942,SUP000942,2025-03-28 09:04:08,Clare White,clar.white@gmail.com,+44 7643273632,Email,Complaint,Open,
SUPPORT,SUP000943,SUP000943,2025-03-28 16:10:36,Paige Harding,paige.harding@yahoo.com,+44 7322300816,Email,Refund request,Resolved,13:48
SUPPORT,SUP000944,SUP000944,2025-03-28 19:04:32,Georgina Turner,georgina.turner@hotmail.com,+44 7507932907,Phone,Accessibility,Open,
SUPPORT,SUP000945,SUP000945,2025-03-28 19:19:23,Dennis Reid,dennis.reid@gmail.com,,Email,Accessibility,Resolved,15:11
SUPPORT,SUP000946,SUP000946,2025-03-28 20:31:03,Scott Clark,scott.clark@yahoo.com,+44 7933983799,Phone,Accessibility,Open,
SUPPORT,SUP000947,SUP000947,2025-03-28 20:43:44,Timothy Davies,timothy.davies@hotmail.com,+44 7468799413,Email,Complaint,Open,
SUPPORT,SUP000948,SUP000948,2025-03-29 01:12:41,Paul Long,paul.long@yahoo.com,+44 7143390903,Email,Enquiry,Open,
SUPPORT,SUP000949,SUP000949,2025-03-29 02:23:53,Diane Johnson,iane.johnson@msn.com,+44 7902369920,Email,Enquiry,Resolved,04:46
SUPPORT,SUP000950,SUP000950,2025-03-29 10:11:19,Mandy Cooke,mandy.cooke@gmail.com,+44 7796951825,Email,Refund request,Resolved,08:41
SUPPORT,SUP000951,SUP000951,2025-03-29 12:06:47,Albert Charlton,albert.charlton@hotmail.com,+44 7962299209,Phone,Enquiry,Resolved,08:53
SUPPORT,SUP000952,SUP000952,2025-03-29 15:48:28,Andrea Davis,andrea.davis@gmail.com,+44 7519586057,Email,Enquiry,Resolved,08:31
SUPPORT,SUP000953,SUP000953,2025-03-29 20:58:19,Iain Graham,ain.graham@gmail.com,+44 7724355373,Phone,Refund request,Resolved,25:24
SUPPORT,SUP000954,SUP000954,2025-03-29 22:44:36,Susan Williams,susan.williams@yahoo.com,+44 7571764003,Email,Enquiry,Resolved,05:12
SUPPORT,SUP000955,SUP000955,2025-03-30 01:45:42,Ruth Hawkins,ruth.hawkins@gmail.com,+44 7038888763,Email,Complaint,Resolved,22:01
SUPPORT,SUP000956,SUP000956,2025-03-30 03:25:25,Francis Briggs,francis.briggs@yahoo.com,,Email,Refund request,Resolved,36:05
SUPPORT,SUP000957,SUP000957,2025-03-30 03:59:07,Tony Chapman,tony.chapman@yahoo.com,+44 7270696761,Email,Refund request,Resolved,09:36
SUPPORT,SUP000958,SUP000958,2025-03-30 04:42:58,Jacqueline Cunningham,jacquleine.cunningham@yahoo.com,,Email,Complaint,Resolved,14:34
SUPPORT,SUP000959,SUP000959,2025-03-30 06:07:38,Deborah O'Connor,deborah.oconnor@yahoo.com,+44 7093257056,Phone,Refund request,Open,
SUPPORT,SUP000960,SUP000960,2025-03-30 06:34:58,Amanda Dawson,amanda.dawson@yahoo.com,+44 7991579365,Phone,Refund request,Resolved,28:45
SUPPORT,SUP000961,SUP000961,2025-03-30 06:37:45,Dorothy Ryan,dorothy.ryan@hotmail.com,+44 7991106724,Phone,Refund request,Open,
SUPPORT,SUP000962,SUP000962,2025-03-30 07:20:16,Dennis Mitchell,dennis.mitchell@hotmail.fr,+44 7613228573,Email,Enquiry,Resolved,09:42
SUPPORT,SUP000963,SUP000963,2025-03-30 08:52:29,Damian Noble,,+44 7237062928,Phone,Complaint,Resolved,04:16
SUPPORT,SUP000964,SUP000964,2025-03-30 09:24:30,Rita Miller,rita.millre@aol.com,,Email,Enquiry,Resolved,00:45
SUPPORT,SUP000965,SUP000965,2025-03-30 10:22:07,Barbara Patel,barbarap.atel@aol.com,,Email,Accessibility,Open,
SUPPORT,SUP000966,SUP000966,2025-03-30 10:45:53,Elliott Hodgson,elliott.hodgson@hotmail.com,+44 7517094185,Email,Enquiry,Resolved,11:32
SUPPORT,SUP000967,SUP000967,2025-03-30 13:45:00,Elizabeth Bond,elizabeth.bond@gmail.com,,Email,Complaint,Resolved,16:38
SUPPORT,SUP000968,SUP000968,2025-03-30 15:52:09,Mohammed Harrison,mohammed.harrison@yahoo.com,,Email,Complaint,Resolved,34:48
SUPPORT,SUP000969,SUP000969,2025-03-30 15:57:25,Amy Phillips,amy.phillips@hotmail.com,+44 7740146208,Email,Enquiry,Resolved,12:07
SUPPORT,SUP000970,SUP000970,2025-03-30 18:41:52,Lucy Flynn,lucy.flynn@gmail.com,+44 7522640530,Phone,Enquiry,Resolved,06:44
SUPPORT,SUP000971,SUP000971,2025-03-30 22:11:41,Frank Marsh,frank.marsh@yahoo.com,,Email,Enquiry,Resolved,09:18
SUPPORT,SUP000972,SUP000972,2025-03-30 23:22:50,Julie Tucker,julie.tucker@gmail.com,+44 7626556422,Phone,Refund request,Resolved,23:35
SUPPORT,SUP000973,SUP000973,2025-03-31 00:05:08,Cheryl Turnbull,cheryl.turnbull@gmail.com,,Email,Refund request,Resolved,42:12
SUPPORT,SUP000974,SUP000974,2025-03-31 03:11:23,Robin Holt,robin.holt@wanadoo.fr,+44 7069819875,Phone,Refund request,Resolved,18:37
SUPPORT,SUP000975,SUP000975,2025-03-31 05:26:06,Jodie Burton,jodie.burton@hotmail.com,+44 7195403850,Email,Enquiry,Resolved,05:11
SUPPORT,SUP000976,SUP000976,2025-03-31 08:29:14,Rsemary Ali,rosemary.ali@hotmail.com,,Email,Accessibility,Resolved,29:30
SUPPORT,SUP000977,SUP000977,2025-03-31 08:33:09,Wayne Farrell,wayne.farrell@aol.com,+44 7020936896,Email,Enquiry,Resolved,06:10
SUPPORT,SUP000978,SUP000978,2025-03-31 09:59:11,Jayne Willis,jayne.willis@gmail.com,,Email,Accessibility,Open,
SUPPORT,SUP000979,SUP000979,2025-03-31 16:52:56,Lauren Howard,lauren.howard@gmail.com,,Email,Accessibility,Open,
SUPPORT,SUP000980,SUP000980,2025-03-31 17:30:16,Joe Curtis,joe.curtis@yahoo.com,,Email,Refund request,Resolved,17:41
SUPPORT,SUP000981,SUP000981,2025-03-31 19:21:52,Ashleigh Hobbs,ashleigh.hobbs@gmail.com,+44 7932360139,Phone,Enquiry,Resolved,03:10
SUPPORT,SUP000982,SUP000982,2025-03-31 20:16:58,Bryan Smith,bryan.smith@gmail.com,+44 7082024032,Phone,Complaint,Resolved,11:26
SUPPORT,SUP000983,SUP000983,2025-03-31 22:08:08,Joseph Lewis,joseph.lewis@yahoo.com,+44 7224319781,Phone,Enquiry,Resolved,02:29
SUPPORT,SUP000984,SUP000984,2025-03-31 22:14:05,Hugh Burns,hugh.burns@yahoo.com,+44 7091509486,Email,Accessibility,Resolved,06:41
SUPPORT,SUP000985,SUP000985,2025-03-31 22:16:00,Gerald Richardson,gerald.richardson2@hotmail.com,+44 7747114856,Email,Refund request,Resolved,15:27
SUPPORT,SUP000986,SUP000986,2025-03-31 23:49:54,Elliot Wall,elliot.wall@hotmail.com,+44 7020013258,Email,Accessibility,Resolved,02:12
SUPPORT,SUP000987,SUP000987,2025-04-01 00:56:03,Dennis Edwards,dennis.edwrds@yahoo.com,+44 7553448237,Email,Complaint,Resolved,27:12
SUPPORT,SUP000988,SUP000988,2025-04-01 02:05:09,Michael Stone,michael.stone@hotmail.com,+44 7293247910,Email,Complaint,Resolved,20:46
SUPPORT,SUP000989,SUP000989,2025-04-01 03:02:35,Luke Whitehouse,luke.whitehouse@yahoo.com,,Email,Complaint,Resolved,05:50
SUPPORT,SUP000990,SUP000990,2025-04-01 07:19:18,Sheila Carroll,sheila.carroll@gmail.com,+44 7447875301,Email,Accessibility,Resolved,36:00
SUPPORT,SUP000991,SUP000991,2025-04-01 07:31:30,Gerard Lowe,gerard.lowe@yahoo.com,+44 7095917347,Email,Refund request,Resolved,39:17
SUPPORT,SUP000992,SUP000992,2025-04-01 11:43:15,Katy Faulkner,katy.faulkner@yahoo.com,+44 7149335901,Email,Accessibility,Resolved,06:57
SUPPORT,SUP000993,SUP000993,2025-04-01 18:10:45,Brett Cook,brett.cook@gmail.com,,Email,Refund request,Resolved,03:27
SUPPORT,SUP000994,SUP000994,2025-04-01 18:33:00,Joel Field,joel.field@yahoo.com,+44 7010730105,Email,Enquiry,Resolved,13:38
SUPPORT,SUP000995,SUP000995,2025-04-01 19:19:36,Rhys Johnson,rhys.johnson@yahoo.com,+44 7173128625,Phone,Accessibility,Resolved,30:10
SUPPORT,SUP000996,SUP000996,2025-04-01 22:36:53,Sylvia Cunningham,sylvia.cunningha@gmail.com,+44 7667806571,Phone,Refund request,Resolved,16:22
SUPPORT,SUP000997,SUP000997,2025-04-02 02:03:42,Bethany Turner,bethany.turner@yahoo.com,+44 7567828518,Email,Complaint,Resolved,19:40
SUPPORT,SUP000998,SUP000998,2025-04-02 05:22:16,Kyle Hale,kyle.hale@yahoo.com,+44 7647379824,Phone,Complaint,Open,
SUPPORT,SUP000999,SUP000999,2025-04-02 05:28:33,Catherine Thomas,catherine.thomas@hotmail.com,+44 7981345652,Email,Refund request,Resolved,09:08
SUPPORT,SUP001000,SUP001000,2025-04-02 06:07:50,Jake Patel,jake.patel@msn.com,+44 7566699681,Phone,Complaint,Resolved,07:51
SUPPORT,SUP001001,SUP001001,2025-04-02 08:23:01,Lydia Preston,lydia.preston@wanadoo.fr,+44 7604562139,Email,Accessibility,Resolved,02:35
SUPPORT,SUP001002,SUP001002,2025-04-02 08:23:28,Joanne Chan,ojanne.chan@yahoo.com,,Email,Refund request,Resolved,22:25
SUPPORT,SUP001003,SUP001003,2025-04-02 09:07:45,Valerie Brennan,valerie.brennan@yahoo.com,+44 7589624852,Phone,Refund request,Resolved,07:30
SUPPORT,SUP001004,SUP001004,2025-04-02 10:52:20,Hugh Morrison,hugh.morrison@gmail.com,+44 7219139099,Email,Refund request,Resolved,22:38
SUPPORT,SUP001005,SUP001005,2025-04-02 11:08:00,Kathryn Cole,kathryn.cole@hotmail.com,+44 7923985482,Email,Refund request,Resolved,18:34
SUPPORT,SUP001006,SUP001006,2025-04-02 13:15:06,Malcolm Morrison,malcolm.morrison@gmail.com,+44 7440621518,Email,Enquiry,Resolved,05:59
SUPPORT,SUP001007,SUP001007,2025-04-02 14:06:12,Rebecca Chan,rebecca.chan@yahoo.com,,Email,Refund request,Resolved,21:20
SUPPORT,SUP001008,SUP001008,2025-04-02 15:42:34,Gail Tyler,gail.tyler@yahoo.com,+44 7277387466,Email,Enquiry,Resolved,06:00
SUPPORT,SUP001009,SUP001009,2025-04-02 17:56:42,Joanne Dean,joanne.dean@hotmail.com,,Email,Enquiry,Open,
SUPPORT,SUP001010,SUP001010,2025-04-03 02:08:49,Janice Boyle,janice.boyle@gmail.com,+44 7157901347,Email,Refund request,Resolved,16:30
SUPPORT,SUP001011,SUP001011,2025-04-03 03:39:59,Jacob Allen,jacob.allen@hotmail.com,+44 7531867066,Phone,Complaint,Resolved,29:32
SUPPORT,SUP001012,SUP001012,2025-04-03 04:06:12,George Kirk,,+44 7352168883,Phone,Refund request,Open,
SUPPORT,SUP001013,SUP001013,2025-04-03 05:57:24,Lucy Johnson,lucy.johnson@yahoo.com,+44 7416168475,Email,Refund request,Open,
SUPPORT,SUP001014,SUP001014,2025-04-03 06:52:00,Jessica Cunningham,jessica.cunningham@hotmail.com,,Email,Complaint,Resolved,18:48
SUPPORT,SUP001015,SUP001015,2025-04-03 10:57:37,Beth Evans,beth.evans@hotmail.com,+44 7272164293,Email,Refund request,Open,
SUPPORT,SUP001016,SUP001016,2025-04-03 11:45:51,Paula Wood,paula.wood@gmail.com,+44 7014434232,Email,Refund request,Resolved,09:19
SUPPORT,SUP001017,SUP001017,2025-04-03 15:55:16,Amber Potter,amber.potter@yahoo.com,,Email,Complaint,Resolved,20:44
SUPPORT,SUP001018,SUP001018,2025-04-03 16:11:09,Barry Davis,barry.davis@yahoo.com,+44 7750265987,Phone,Refund request,Open,
SUPPORT,SUP001019,SUP001019,2025-04-03 18:08:04,Michelle Garner,michelle.garner@hotmail.com,+44 7500181888,Email,Refund request,Resolved,27:00
SUPPORT,SUP001020,SUP001020,2025-04-03 18:52:31,Geoffrey Evans,geoffrey.evans@yahoo.com,+44 7156119162,Email,Accessibility,Resolved,14:09
SUPPORT,SUP001021,SUP001021,2025-04-03 19:34:36,Dean Booth,dean.booth@yahoo.com,,Email,Refund request,Resolved,36:00
SUPPORT,SUP001022,SUP001022,2025-04-04 03:48:56,Lee Griffiths,lee.griffiths@hotmail.com,+44 7737683389,Phone,Accessibility,Resolved,15:33
SUPPORT,SUP001023,SUP001023,2025-04-04 04:58:52,Lesley Stevens,lesley.stevens@gmail.com,,Email,Refund request,Resolved,20:45
SUPPORT,SUP001024,SUP001024,2025-04-04 05:44:33,Irene Storey,irene.storey@hotmail.fr,+44 7020299765,Phone,Refund request,Resolved,17:21
SUPPORT,SUP001025,SUP001025,2025-04-04 07:12:31,Tony Chambers,tony.chambers@yahoo.com,+44 7972391560,Email,Enquiry,Resolved,12:23
SUPPORT,SUP001026,SUP001026,2025-04-04 07:46:59,Roger Moss,roger.moss@gmail.com,+44 7792451070,Email,Accessibility,Resolved,04:45
SUPPORT,SUP001027,SUP001027,2025-04-04 09:45:44,Lynn Wright,lynn.wright@aol.com,+44 7971742288,Email,Refund request,Resolved,11:02
SUPPORT,SUP001028,SUP001028,2025-04-04 10:17:07,Russell Howard,russell.howard@hotmail.com,+44 7448526998,Phone,Refund request,Resolved,30:21
SUPPORT,SUP001029,SUP001029,2025-04-04 12:56:32,Steven Graham,steven.graham@gmail.com,,Email,Complaint,Resolved,22:48
SUPPORT,SUP001030,SUP001030,2025-04-04 13:37:00,June Clarke,june.clarke@hotmail.com,+44 7118211267,Phone,Complaint,Resolved,14:19
SUPPORT,SUP001031,SUP001031,2025-04-04 14:39:08,Joseph Davies,joseph.davies@wanadoo.fr,+44 7419557423,Phone,Refund request,Resolved,09:08
SUPPORT,SUP001032,SUP001032,2025-04-04 14:59:46,eJremy Shaw,,+44 7094949553,Phone,Refund request,Resolved,17:02
SUPPORT,SUP001033,SUP001033,2025-04-04 22:24:34,Tina Reyolds,tina.reynolds@yahoo.com,+44 7367332960,Email,Refund request,Resolved,14:28
SUPPORT,SUP001034,SUP001034,2025-04-04 23:09:45,Bryan Walker,bryan.walker@gmail.com,,Email,Complaint,Resolved,26:16
SUPPORT,SUP001035,SUP001035,2025-04-05 01:04:41,Justin Kerr,justin.kerr@gmail.com,,Email,Refund request,Resolved,07:17
SUPPORT,SUP001036,SUP001036,2025-04-05 01:41:24,Barry Edwards,barry.edwards@hotmail.com,,Email,Refund request,Resolved,37:22
SUPPORT,SUP001037,SUP001037,2025-04-05 05:44:31,Mark O'Neill,mark.oneill@aol.com,,Email,Enquiry,Open,
SUPPORT,SUP001038,SUP001038,2025-04-05 06:24:18,Nicholas Hall,nicholas.hall@aol.com,+44 7556313867,Email,Complaint,Resolved,15:01
SUPPORT,SUP001039,SUP001039,2025-04-05 09:00:47,Amy Leach,am.yleach@yahoo.com,+44 7470916743,Email,Enquiry,Resolved,07:22
SUPPORT,SUP001040,SUP001040,2025-04-05 10:14:02,Carol Miller,carol.miller@gmail.com,+44 7047059774,Phone,Enquiry,Resolved,02:53
SUPPORT,SUP001041,SUP001041,2025-04-05 14:06:38,Eleanor Roberts,,+44 7501652908,Phone,Accessibility,Resolved,24:37
SUPPORT,SUP001042,SUP001042,2025-04-05 19:44:51,Mohammad Collins,mohammad.collins@yahoo.com,+44 7641680412,Phone,Refund request,Resolved,24:58
SUPPORT,SUP001043,SUP001043,2025-04-05 21:00:23,Valerie Stewart,,+44 7469156607,Phone,Refund request,Resolved,21:30
SUPPORT,SUP001044,SUP001044,2025-04-05 22:46:27,Karen Brown,karen.brown@yahoo.com,+44 7377817948,Email,Accessibility,Resolved,15:53
SUPPORT,SUP001045,SUP001045,2025-04-06 00:47:13,Jennifer Barry,jennifer.barry@aol.com,+44 7646146481,Email,Enquiry,Resolved,03:46
SUPPORT,SUP001046,SUP001046,2025-04-06 05:13:29,Edward Green,edward.green@yahoo.com,+44 7555996363,Phone,Enquiry,Resolved,03:58
SUPPORT,SUP001047,SUP001047,2025-04-06 06:19:44,William Powell,illiam.powell@msn.com,+44 7421538197,Email,Enquiry,Resolved,02:00
SUPPORT,SUP001048,SUP001048,2025-04-06 12:26:50,Rachael Bennett,rachael.bennett@gmail.com,+44 7021558886,Email,Accessibility,Resolved,10:14
SUPPORT,SUP001049,SUP001049,2025-04-06 12:48:44,Leanne Stokes,leanne.stokes@yahoo.com,+44 7890162837,Email,Enquiry,Resolved,02:19
SUPPORT,SUP001050,SUP001050,2025-04-06 16:00:49,Jacqueline Hopkins,jacqueline.hopkins@hotmail.com,+44 7616577623,Phone,Refund request,Resolved,10:45
SUPPORT,SUP001051,SUP001051,2025-04-06 16:46:24,Georgina Turner,georgina.turner@hotmail.com,,Email,Refund request,Resolved,36:47
SUPPORT,SUP001052,SUP001052,2025-04-06 17:19:50,Toby Richardson,toby.richardson@gmail.com,+44 7247109931,Email,Accessibility,Resolved,06:02
SUPPORT,SUP001053,SUP001053,2025-04-06 21:34:35,George Yates,george.yates@yahoo.com,+44 7280090113,Email,Complaint,Resolved,30:06
SUPPORT,SUP001054,SUP001054,2025-04-06 21:59:35,Reece Brown,reece.brown@hotmail.com,,Email,Accessibility,Resolved,13:45
SUPPORT,SUP001055,SUP001055,2025-04-06 22:51:25,Wayne Payne,wayne.payne@hotmail.com,+44 7003190028,Email,Accessibility,Resolved,13:33
SUPPORT,SUP001056,SUP001056,2025-04-07 00:39:32,Zoe Crawford,zoe.crawford@hotmail.com,,Email,Enquiry,Resolved,01:41
SUPPORT,SUP001057,SUP001057,2025-04-07 00:45:40,Alan Knowles,alan.knowles@yahoo.fr,+44 7177786107,Email,Accessibility,Open,
SUPPORT,SUP001058,SUP001058,2025-04-07 01:47:33,Stuart Robinson,stuart.robinson@hotmail.com,+44 7509588785,Email,Complaint,Resolved,32:08
SUPPORT,SUP001059,SUP001059,2025-04-07 03:46:44,Naomi Hall,,+44 7509176575,Phone,Complaint,Resolved,45:41
SUPPORT,SUP001060,SUP001060,2025-04-07 04:46:03,Joanne Dean,joanne.dean@hotmail.com,,Email,Enquiry,Resolved,02:48
SUPPORT,SUP001061,SUP001061,2025-04-07 05:09:56,Dominic Barnett,dominic.barnett@hotmail.com,+44 7612418004,Email,Accessibility,Resolved,09:15
SUPPORT,SUP001062,SUP001062,2025-04-07 06:09:27,Beverley Davies,,+44 7162929832,Phone,Refund request,Resolved,09:02
SUPPORT,SUP001063,SUP001063,2025-04-07 07:44:46,Dominic Webb,dominic.webb@wanadoo.fr,+44 7221933200,Email,Refund request,Open,
SUPPORT,SUP001064,SUP001064,2025-04-07 08:21:29,Clifford Schofield,clifford.shcofield@yahoo.com,+44 7111301130,Email,Enquiry,Resolved,07:29
SUPPORT,SUP001065,SUP001065,2025-04-07 11:37:57,Eric Clarke,,+44 7947098835,Phone,Accessibility,Resolved,16:45
SUPPORT,SUP001066,SUP001066,2025-04-07 12:39:56,Elliott Hodgson,elliott.hodgson@hotmail.com,+44 7517094185,Phone,Refund request,Open,
SUPPORT,SUP001067,SUP001067,2025-04-07 17:33:09,Craig Fuller,craig.fuller@hotmail.com,+44 7351628563,Phone,Enquiry,Open,
SUPPORT,SUP001068,SUP001068,2025-04-07 21:38:16,Cheryl Morrison,,+44 7078366702,Phone,Accessibility,Resolved,03:05
SUPPORT,SUP001069,SUP001069,2025-04-07 22:29:23,Brett Cook,brett.cook@gmail.com,,Email,Refund request,Resolved,14:54
SUPPORT,SUP001070,SUP001070,2025-04-08 01:14:59,Alison Wright,alison.wright@yahoo.com,+44 7694519928,Email,Refund request,Resolved,03:06
SUPPORT,SUP001071,SUP001071,2025-04-08 03:42:01,Emma Cole,emma.cole@gmail.com,+44 7961401673,Email,Accessibility,Resolved,11:07
SUPPORT,SUP001072,SUP001072,2025-04-08 04:23:41,Holly Evans,holly.evans@gmail.com,+44 7056660435,Phone,Refund request,Resolved,03:52
SUPPORT,SUP001073,SUP001073,2025-04-08 07:44:03,Stewart Atkinson,stewart.atkinson@gmail.com,+44 7689194821,Phone,Accessibility,Resolved,06:08
SUPPORT,SUP001074,SUP001074,2025-04-08 09:24:45,Harriet Powell,harriet.powell@yahoo.com,,Email,Enquiry,Open,
SUPPORT,SUP001075,SUP001075,2025-04-08 10:47:51,Anthony Clarke,anthony.clarke@gmail.com,,Email,Refund request,Resolved,13:16
SUPPORT,SUP001076,SUP001076,2025-04-08 13:35:35,Clive Lloyd,clive.lloyd@yahoo.com,,Email,Enquiry,Resolved,04:48
SUPPORT,SUP001077,SUP001077,2025-04-08 13:43:14,Deborah Robson,deborah.robson@gmail.com,,Email,Enquiry,Open,
SUPPORT,SUP001078,SUP001078,2025-04-09 13:34:29,Ashley Nicholson,ashley.nicholson@hotmail.com,+44 7106388682,Email,Refund request,Resolved,30:41
SUPPORT,SUP001079,SUP001079,2025-04-09 13:43:10,Leah Owen,leah.owen@yahoo.com,,Email,Accessibility,Open,
SUPPORT,SUP001080,SUP001080,2025-04-09 13:52:59,Brandon Barton,,+44 7086024476,Phone,Refund request,Resolved,14:26
SUPPORT,SUP001081,SUP001081,2025-04-09 17:43:15,Gillian Hughes,gillian.hughes@hotmail.com,,Email,Refund request,Resolved,47:09
SUPPORT,SUP001082,SUP001082,2025-04-10 06:30:41,Gerald James,,+44 7167677385,Phone,Refund request,Open,
SUPPORT,SUP001083,SUP001083,2025-04-10 11:42:01,Olivia Middleton,,+44 7889914037,Phone,Refund request,Open,
SUPPORT,SUP001084,SUP001084,2025-04-10 16:54:30,Katherine Russell,katherine.russell@gmail.com,,Email,Accessibility,Resolved,05:52
SUPPORT,SUP001085,SUP001085,2025-04-10 17:08:56,Howar Saunders,howard.saunders@hotmail.co.uk,+44 7982093386,Phone,Complaint,Resolved,23:25
SUPPORT,SUP001086,SUP001086,2025-04-10 17:15:54,Oliver Bennett,oliver.bnnett@yahoo.com,+44 7349840374,Email,Refund request,Resolved,25:40
SUPPORT,SUP001087,SUP001087,2025-04-10 17:48:15,Leanne Howell,leanne.howell@msn.com,+44 7225928957,Email,Refund request,Resolved,09:11
SUPPORT,SUP001088,SUP001088,2025-04-10 19:32:24,Kieran Williams,kieran.williams2@yahoo.com,+44 7342050100,Email,Enquiry,Resolved,05:37
SUPPORT,SUP001089,SUP001089,2025-04-10 19:33:12,Philip Peters,philip.peters@yahoo.com,+44 7181443785,Phone,Enquiry,Resolved,04:57
SUPPORT,SUP001090,SUP001090,2025-04-10 19:58:42,Allan Jones,allan.jones@yahoo.com,,Email,Refund request,Resolved,26:40
SUPPORT,SUP001091,SUP001091,2025-04-10 20:43:59,Elliott Davis,elliott.davis@yahoo.com,+44 7724664141,Phone,Accessibility,Resolved,09:58
SUPPORT,SUP001092,SUP001092,2025-04-10 21:43:57,Norman King,norman.king@gmail.com,,Email,Complaint,Resolved,39:10
SUPPORT,SUP001093,SUP001093,2025-04-10 21:56:38,Naomi Harris,naomi.harris@yahoo.com,+44 7532290138,Phone,Complaint,Resolved,17:27
SUPPORT,SUP001094,SUP001094,2025-04-10 22:59:10,Robin Fox,robin.fox@yahoo.com,+44 7704986220,Email,Refund request,Resolved,20:56
SUPPORT,SUP001095,SUP001095,2025-04-10 23:54:03,Aaron Woods,aaron.woods@yahoo.com,,Email,Enquiry,Resolved,19:56
SUPPORT,SUP001096,SUP001096,2025-04-11 00:54:24,Kim Robinson,km.robinson@hotmail.com,+44 7809946288,Email,Enquiry,Open,
SUPPORT,SUP001097,SUP001097,2025-04-11 03:36:37,Anne Saunders,anne.saunders@gmail.com,+44 7811925470,Phone,Refund request,Resolved,28:45
SUPPORT,SUP001098,SUP001098,2025-04-11 06:33:20,Andrew Morgan,andrew.morgan@yahoo.com,+44 7898538901,Phone,Enquiry,Resolved,04:00
SUPPORT,SUP001099,SUP001099,2025-04-11 07:03:39,Gillian Stewart,gillian.stweart@yahoo.com,,Email,Accessibility,Resolved,08:31
SUPPORT,SUP001100,SUP001100,2025-04-11 07:41:14,Martyn Smith,martyn.smith@gmail.com,+44 7477912149,Email,Enquiry,Resolved,05:14
SUPPORT,SUP001101,SUP001101,2025-04-11 16:03:10,Christopher Bell,christopher.bell@hotmail.com,+44 7033261063,Email,Accessibility,Open,
SUPPORT,SUP001102,SUP001102,2025-04-11 17:15:49,Bethany Brown,bethany.rbown@aol.com,+44 7795857991,Email,Enquiry,Resolved,02:33
SUPPORT,SUP001103,SUP001103,2025-04-11 19:54:23,Ashleigh Abbott,ashleigh.abbott@yahoo.com,+44 7516432960,Email,Refund request,Resolved,00:36
SUPPORT,SUP001104,SUP001104,2025-04-11 20:19:52,Peter Waters,peter.waters@gmail.com,+44 7941300691,Email,Enquiry,Resolved,04:48
SUPPORT,SUP001105,SUP001105,2025-04-11 22:08:23,Vanessa Harper,vanessa.harper@hotmail.com,,Email,Accessibility,Resolved,08:21
SUPPORT,SUP001106,SUP001106,2025-04-11 23:37:19,Charles Ahmed,charles.ahmed@gmail.com,+44 7250536859,Email,Refund request,Resolved,25:04
SUPPORT,SUP001107,SUP001107,2025-04-11 23:37:37,Christopher Watson,,+44 7580035441,Phone,Refund request,Resolved,10:04
SUPPORT,SUP001108,SUP001108,2025-04-12 03:52:25,Harry Fisher,harry.fisher@hotmail.com,+44 7913607330,Email,Accessibility,Resolved,04:03
SUPPORT,SUP001109,SUP001109,2025-04-12 03:54:01,Jacqueline Chapman,jacqueline.chapman@yahoo.com,+44 7421312771,Email,Accessibility,Resolved,04:13
SUPPORT,SUP001110,SUP001110,2025-04-12 04:41:02,Hollie Boyle,hollie.boyle@wanadoo.fr,+44 7163528544,Email,Refund request,Resolved,26:54
SUPPORT,SUP001111,SUP001111,2025-04-12 04:52:29,Jane Giles,jane.giles@hotmail.com,+44 7590537408,Email,Accessibility,Resolved,01:56
SUPPORT,SUP001112,SUP001112,2025-04-12 05:00:49,Tom Brown,,+44 7338407261,Phone,Enquiry,Resolved,06:43
SUPPORT,SUP001113,SUP001113,2025-04-12 05:13:06,Harriet Todd,harriet.todd@hotmail.com,+44 7844104336,Email,Accessibility,Resolved,12:48
SUPPORT,SUP001114,SUP001114,2025-04-12 05:56:09,Tracey Bates,tracey.bates@msn.com,+44 7433443167,Email,Complaint,Resolved,23:30
SUPPORT,SUP001115,SUP001115,2025-04-12 07:03:43,David Marshall,david.marshall@hotmail.com,,Email,Refund request,Resolved,28:04
SUPPORT,SUP001116,SUP001116,2025-04-12 10:40:31,Melissa Barker,melissa.barker@hotmail.fr,+44 7918213271,Email,Complaint,Resolved,19:39
SUPPORT,SUP001117,SUP001117,2025-04-12 11:40:42,Josh Hlomes,josh.holems@yahoo.com,,Email,Accessibility,Resolved,23:52
SUPPORT,SUP001118,SUP001118,2025-04-12 14:08:19,Glen Turner,glen.turner@gmail.com,+44 7500704654,Email,Enquiry,Resolved,01:55
SUPPORT,SUP001119,SUP001119,2025-04-12 17:11:59,Bethan Brown,bethan.brown@hotmail.com,+44 7737530056,Email,Complaint,Resolved,14:51
SUPPORT,SUP001120,SUP001120,2025-04-12 19:51:00,Marie Dixon,marie.dixon@aol.com,+44 7523859178,Email,Enquiry,Resolved,04:11
SUPPORT,SUP001121,SUP001121,2025-04-12 20:45:00,Francesca Green,francesca.green@hotmail.com,,Email,Complaint,Resolved,63:39
SUPPORT,SUP001122,SUP001122,2025-04-12 21:41:38,Leanne Finch,,+44 7386703191,Phone,Refund request,Resolved,08:36
SUPPORT,SUP001123,SUP001123,2025-04-12 21:58:47,Sian Holmes,sian.holmes@hotmail.com,+44 7541966670,Email,Refund request,Resolved,02:37
SUPPORT,SUP001124,SUP001124,2025-04-13 00:01:48,Robin Sanderson,robin.sanderson@hotmail.com,+44 7082904412,Phone,Enquiry,Resolved,15:38
SUPPORT,SUP001125,SUP001125,2025-04-13 01:10:48,Abdul Shaw,abdul.shaw@yahoo.fr,+44 7064572947,Email,Refund request,Resolved,45:58
SUPPORT,SUP001126,SUP001126,2025-04-13 06:36:15,William Haynes,william.haynes@hotmail.com,,Email,Enquiry,Resolved,13:55
SUPPORT,SUP001127,SUP001127,2025-04-13 08:59:31,Gemma Gilbert,,+44 7359129331,Phone,Complaint,Resolved,15:33
SUPPORT,SUP001128,SUP001128,2025-04-13 10:15:57,Brett Clarke,brett.clarke@yahoo.com,+44 7679022481,Email,Refund request,Resolved,25:56
SUPPORT,SUP001129,SUP001129,2025-04-13 13:07:37,Joanne Smith,joanne.smith@gmail.com,+44 7620123088,Email,Accessibility,Resolved,09:43
SUPPORT,SUP001130,SUP001130,2025-04-13 14:54:13,Billy Nicholls,billy.nicholls@yahoo.com,,Email,Refund request,Resolved,05:34
SUPPORT,SUP001131,SUP001131,2025-04-13 17:30:10,Joel Kaur,joel.kaur@yahoo.com,+44 7377632223,Email,Refund request,Resolved,06:51
SUPPORT,SUP001132,SUP001132,2025-04-13 21:29:43,Gillian Stewart,gillian.sewart2@yahoo.com,+44 7544344849,Phone,Enquiry,Resolved,04:37
SUPPORT,SUP001133,SUP001133,2025-04-14 10:34:26,Michelle Young,michelle.young@gmail.com,,Email,Enquiry,Resolved,03:47
SUPPORT,SUP001134,SUP001134,2025-04-14 12:08:29,Lawrence Booth,lawrence.booth@aol.com,+44 7132171860,Email,Accessibility,Open,
SUPPORT,SUP001135,SUP001135,2025-04-14 12:46:32,Abigail Potter,abigail.potter@yahoo.com,+44 7409114598,Email,Complaint,Open,
SUPPORT,SUP001136,SUP001136,2025-04-14 14:13:02,June Clarke,june.clarke@hotmail.com,+44 7118211267,Email,Accessibility,Resolved,04:35
SUPPORT,SUP001137,SUP001137,2025-04-14 16:21:24,Adam Baxter,adam.baxter@yahoo.com,+44 7970225003,Email,Accessibility,Resolved,28:45
SUPPORT,SUP001138,SUP001138,2025-04-14 19:15:07,Simon Sutton,,+44 7765147169,Phone,Refund request,Resolved,71:20
SUPPORT,SUP001139,SUP001139,2025-04-15 01:21:41,Andrew Hill,andrew.hill@hotmail.com,+44 7232142303,Email,Accessibility,Resolved,23:50
SUPPORT,SUP001140,SUP001140,2025-04-15 01:31:42,Tina Jones,tina.jones@gmail.com,,Email,Enquiry,Resolved,00:25
SUPPORT,SUP001141,SUP001141,2025-04-15 03:23:40,Edward Carpenter,edward.carpenter@yahoo.com,+44 7200616465,Email,Complaint,Resolved,50:36
SUPPORT,SUP001142,SUP001142,2025-04-15 04:32:18,Robin Scott,,+44 7113790986,Phone,Refund request,Resolved,50:38
SUPPORT,SUP001143,SUP001143,2025-04-15 06:24:54,Joel Khan,joel.khan@hotmail.com,+44 7399584395,Email,Enquiry,Resolved,08:28
SUPPORT,SUP001144,SUP001144,2025-04-15 09:20:18,Jamie Clark,jamie.clark@yahoo.com,+44 7299355823,Email,Complaint,Resolved,12:16
SUPPORT,SUP001145,SUP001145,2025-04-16 04:20:40,Diane Thomson,,+44 7898546829,Phone,Accessibility,Resolved,02:19
SUPPORT,SUP001146,SUP001146,2025-04-16 05:43:36,Charles Ahmed,,+44 7250536859,Phone,Accessibility,Resolved,15:00
SUPPORT,SUP001147,SUP001147,2025-04-16 12:43:54,Alan Green,,+44 7996351224,Phone,Complaint,Resolved,14:35
SUPPORT,SUP001148,SUP001148,2025-04-16 13:05:23,Edward Baker,edward.baker@hotmail.com,+44 7072207167,Email,Accessibility,Resolved,15:54
SUPPORT,SUP001149,SUP001149,2025-04-16 18:12:25,Brett Noaln,brett.nolan@gmail.com,,Email,Refund request,Resolved,07:31
SUPPORT,SUP001150,SUP001150,2025-04-16 21:42:11,AmeliaGardner,amelia.gardner@msn.com,,Email,Accessibility,Resolved,10:05
SUPPORT,SUP001151,SUP001151,2025-04-16 23:31:56,Hugh Willams,hugh.williams@hotmail.com,+44 7192837295,Email,Accessibility,Resolved,10:07
SUPPORT,SUP001152,SUP001152,2025-04-16 23:44:26,Lewis Sharpe,lewis.sharpe@hotmail.fr,,Email,Enquiry,Resolved,04:16
SUPPORT,SUP001153,SUP001153,2025-04-17 01:36:07,Leah Hart,leah.hart@msn.com,+44 7189362099,Email,Complaint,Resolved,12:54
SUPPORT,SUP001154,SUP001154,2025-04-17 03:28:00,Kenneth Slater,kenneth.slater@yahoo.com,+44 7362160463,Phone,Enquiry,Resolved,05:27
SUPPORT,SUP001155,SUP001155,2025-04-17 04:10:31,Kelly Schofield,kelly.schofield@yahoo.com,+44 7227672729,Phone,Refund request,Resolved,15:05
SUPPORT,SUP001156,SUP001156,2025-04-17 05:49:16,Bernard Davis,bernard.davis@aol.com,,Email,Enquiry,Open,
SUPPORT,SUP001157,SUP001157,2025-04-17 08:20:26,Alice Thompson,alice.thopmson@yahoo.com,+44 7745586017,Email,Enquiry,Resolved,01:57
SUPPORT,SUP001158,SUP001158,2025-04-17 10:19:22,Kerry Walker,kerry.walker@hotmail.com,+44 7048963709,Email,Complaint,Resolved,25:25
SUPPORT,SUP001159,SUP001159,2025-04-17 10:42:57,Joanna Jones,ojanna.jones@yahoo.com,+44 7231287251,Email,Complaint,Resolved,17:27
SUPPORT,SUP001160,SUP001160,2025-04-17 11:52:59,Julia Bolton,julia.bolton@hotmail.fr,+44 7884408527,Email,Complaint,Resolved,08:58
SUPPORT,SUP001161,SUP001161,2025-04-17 12:04:58,Michelle Richardson,,+44 7492090720,Phone,Accessibility,Resolved,24:18
SUPPORT,SUP001162,SUP001162,2025-04-17 13:29:25,Edward Baker,edward.baker@hotmail.com,+44 7072207167,Phone,Refund request,Resolved,26:10
SUPPORT,SUP001163,SUP001163,2025-04-18 07:01:55,Hollie Jones,hollie.jones@yahoo.com,+44 7970307454,Email,Enquiry,Resolved,06:48
SUPPORT,SUP001164,SUP001164,2025-04-18 10:58:18,Lucy Berry,lucy.berry@hotmail.fr,+44 7030094394,Email,Accessibility,Resolved,07:56
SUPPORT,SUP001165,SUP001165,2025-04-18 12:15:20,Maria Willis,maria.willis@hotmail.com,+44 7444790922,Email,Accessibility,Resolved,07:40
SUPPORT,SUP001166,SUP001166,2025-04-18 13:28:33,Philip Patel,philip.patel@gmail.com,+44 7514557792,Email,Refund request,Resolved,18:51
SUPPORT,SUP001167,SUP001167,2025-04-18 14:17:17,Amy Morley,amy.morley@yahoo.com,+44 7130475459,Email,Refund request,Resolved,13:13
SUPPORT,SUP001168,SUP001168,2025-04-18 19:11:33,Michelle Turner,michelle.turner@yahoo.com,,Email,Enquiry,Resolved,11:13
SUPPORT,SUP001169,SUP001169,2025-04-18 21:07:37,Cheryl Robson,cheryl.robson@gmail.com,+44 7073447724,Phone,Accessibility,Open,
SUPPORT,SUP001170,SUP001170,2025-04-18 23:36:35,Owen Berry,,+44 7583477531,Phone,Refund request,Resolved,15:01
SUPPORT,SUP001171,SUP001171,2025-04-19 00:20:30,Terence Cook,terence.cook@yahoo.com,+44 7249500196,Phone,Refund request,Resolved,17:20
SUPPORT,SUP001172,SUP001172,2025-04-19 07:01:25,Georgina Watson,georgina.watson@hotmail.com,,Email,Complaint,Resolved,38:01
SUPPORT,SUP001173,SUP001173,2025-04-19 07:46:04,Katie Slater,katie.slater@yahoo.com,,Email,Complaint,Resolved,33:02
SUPPORT,SUP001174,SUP001174,2025-04-19 07:56:20,Charlotte Dawson,charlotte.dawson@gmail.com,,Email,Accessibility,Resolved,54:30
SUPPORT,SUP001175,SUP001175,2025-04-19 11:58:23,Ashley Lowe,ashley.lowe@hotmail.com,+44 7188945750,Email,Accessibility,Resolved,31:32
SUPPORT,SUP001176,SUP001176,2025-04-19 14:39:16,Elilott Bentley,,+44 7489404158,Phone,Refund request,Resolved,01:32
SUPPORT,SUP001177,SUP001177,2025-04-19 15:30:04,Richard Dodd,richard.dodd@hotmail.com,+44 7070191976,Email,Refund request,Resolved,34:10
SUPPORT,SUP001178,SUP001178,2025-04-19 16:54:58,Jeffrey Craig,,+44 7769566445,Phone,Refund request,Resolved,22:58
SUPPORT,SUP001179,SUP001179,2025-04-19 19:23:59,Marc White,marc.white@hotmail.com,,Email,Refund request,Resolved,34:10
SUPPORT,SUP001180,SUP001180,2025-04-19 23:24:26,Shaun Akhtar,shaun.akhtar@hotmail.com,,Email,Refund request,Resolved,14:07
SUPPORT,SUP001181,SUP001181,2025-04-20 00:43:06,Kim Robinson,kim.robinson@hotmail.com,+44 7809046288,Phone,Accessibility,Open,
SUPPORT,SUP001182,SUP001182,2025-04-20 00:52:50,Elaine Holmes,elaine.holmes@aol.com,+44 7235898050,Email,Refund request,Resolved,08:16
SUPPORT,SUP001183,SUP001183,2025-04-20 02:07:22,Rhys Cook,rhys.cook@hotmail.com,,Email,Accessibility,Resolved,27:04
SUPPORT,SUP001184,SUP001184,2025-04-20 05:16:37,Leigh Blake,leigh.blake@hotmail.com,+44 7531432284,Phone,Accessibility,Resolved,13:04
SUPPORT,SUP001185,SUP001185,2025-04-20 06:19:06,Hannah Page,hannah.page@hotmail.com,+44 7543207000,Phone,Enquiry,Resolved,02:53
SUPPORT,SUP001186,SUP001186,2025-04-20 11:30:20,Shirly Dyer,shirley.dyer@gmail.com,+44 7056717503,Email,Refund request,Resolved,03:56
SUPPORT,SUP001187,SUP001187,2025-04-20 13:01:26,Anne Brady,anne.brady@hotmail.com,,Email,Refund request,Resolved,72:00
SUPPORT,SUP001188,SUP001188,2025-04-20 13:32:57,Douglas Greenwood,douglas.greenwood@yahoo.com,+44 7458376290,Email,Accessibility,Resolved,08:33
SUPPORT,SUP001189,SUP001189,2025-04-20 14:58:39,Iain Young,iain.young@gmail.com,+44 7028996046,Email,Refund request,Resolved,37:40
SUPPORT,SUP001190,SUP001190,2025-04-20 15:27:43,Joe Kennedy,joe.kennedy@yahoo.com,+44 7433896756,Email,Accessibility,Resolved,03:17
SUPPORT,SUP001191,SUP001191,2025-04-20 18:33:07,Adrian Thomas,adrian.thomas@hotmail.com,+44 7141336322,Email,Refund request,Resolved,18:11
SUPPORT,SUP001192,SUP001192,2025-04-20 19:02:52,Edward Green,edward.green@yahoo.com,,Email,Accessibility,Resolved,04:21
SUPPORT,SUP001193,SUP001193,2025-04-20 20:52:13,Yvonne Simmons,yvonne.simmons@gmail.com,+44 7364769376,Phone,Enquiry,Resolved,05:54
SUPPORT,SUP001194,SUP001194,2025-04-20 21:15:00,Rachael Bird,,+44 7382490982,Phone,Complaint,Resolved,63:03
SUPPORT,SUP001195,SUP001195,2025-04-20 21:30:38,Robin Holt,robin.holt@wanadoo.fr,+44 7069819875,Phone,Refund request,Resolved,11:49
SUPPORT,SUP001196,SUP001196,2025-04-21 02:46:47,Adam Dale,adam.dale@hotmail.com,+44 7419347766,Phone,Accessibility,Resolved,09:12
SUPPORT,SUP001197,SUP001197,2025-04-21 03:03:24,Sharon Harrison,sharon.harrison@hotmail.fr,+44 7235732162,Email,Refund request,Resolved,40:16
SUPPORT,SUP001198,SUP001198,2025-04-21 04:53:28,Chelsea Robinson,chelsea.robinson@hotmail.com,+44 7525450869,Phone,Accessibility,Resolved,23:38
SUPPORT,SUP001199,SUP001199,2025-04-21 05:15:14,Catherine Leonard,catherine.leonard@orange.fr,+44 7635389098,Email,Enquiry,Resolved,08:10
SUPPORT,SUP001200,SUP001200,2025-04-21 05:41:10,Lee Powell,lee.powell@orange.fr,+44 7267034249,Email,Enquiry,Resolved,04:51
SUPPORT,SUP001201,SUP001201,2025-04-21 12:55:34,Charlie Kay,charlie.kay@yahoo.com,+44 7756143794,Email,Refund request,Resolved,38:02
SUPPORT,SUP001202,SUP001202,2025-04-21 18:44:44,Craig Hopkins,craig.hopkins@yahoo.com,+44 7542579167,Email,Refund request,Resolved,08:40
SUPPORT,SUP001203,SUP001203,2025-04-21 21:45:42,Ashley Green,ashley.green@hotmail.com,+44 7977180756,Email,Enquiry,Resolved,00:16
SUPPORT,SUP001204,SUP001204,2025-04-21 23:00:12,Alison Baker,alison.baker@yahoo.com,+44 7641545212,Email,Enquiry,Resolved,21:53
SUPPORT,SUP001205,SUP001205,2025-04-21 23:50:07,Jean Hope,jean.hope@hotmail.com,+44 7889113530,Email,Accessibility,Resolved,25:41
SUPPORT,SUP001206,SUP001206,2025-04-22 00:07:04,Harriet Davis,harriet.davis@hotmail.co.uk,,Email,Complaint,Resolved,13:30
SUPPORT,SUP001207,SUP001207,2025-04-22 00:54:34,Hayley Roberts,hayley.roberts@yahoo.com,+44 7699370373,Phone,Accessibility,Open,
SUPPORT,SUP001208,SUP001208,2025-04-22 01:13:49,Dale Smith,dale.smith@hotmail.com,+44 7202021398,Phone,Refund request,Resolved,08:52
SUPPORT,SUP001209,SUP001209,2025-04-22 02:49:51,Jessica Morris,jessica.morris@gmail.com,,Email,Complaint,Resolved,25:03
SUPPORT,SUP001210,SUP001210,2025-04-22 04:13:32,Barry Harper,barry.harper@yahoo.com,+44 7658042337,Email,Refund request,Resolved,20:43
SUPPORT,SUP001211,SUP001211,2025-04-22 06:34:48,Bradley Cunningham,bradley.cunningham@hotmail.com,+44 7684266054,Email,Complaint,Resolved,08:38
SUPPORT,SUP001212,SUP001212,2025-04-22 06:50:22,Joel Khan,,+44 7399584395,Phone,Complaint,Resolved,22:09
SUPPORT,SUP001213,SUP001213,2025-04-22 09:09:16,Geraldine Smith,geraldine.smith@gmail.com,+44 7813425803,Email,Complaint,Open,
SUPPORT,SUP001214,SUP001214,2025-04-22 09:39:55,Lee Harding,lee.harding@yahoo.com,+44 7942693585,Email,Refund request,Resolved,40:45
SUPPORT,SUP001215,SUP001215,2025-04-22 09:50:39,Naomi Bull,naomi.bull@hotmail.com,+44 7475654084,Email,Complaint,Resolved,39:02
SUPPORT,SUP001216,SUP001216,2025-04-22 12:15:52,Sara Ward,sara.ward@hotmail.com,+44 7979990964,Email,Enquiry,Resolved,04:58
SUPPORT,SUP001217,SUP001217,2025-04-22 13:11:04,Claire Payne,claire.payne@gmail.com,+44 7328269541,Email,Accessibility,Open,
SUPPORT,SUP001218,SUP001218,2025-04-22 18:54:44,Amanda Lowe,amanda.lowe@yahoo.com,,Email,Refund request,Open,
SUPPORT,SUP001219,SUP001219,2025-04-22 20:30:44,Pauline Hargreaves,pauline.hragreaves@yahoo.com,+44 7040420046,Email,Complaint,Resolved,65:13
SUPPORT,SUP001220,SUP001220,2025-04-22 20:43:15,Joel Field,joel.field@yahoo.com,,Email,Refund request,Resolved,04:35
SUPPORT,SUP001221,SUP001221,2025-04-22 23:11:35,Lynda Smith,lynda.smith@hotmail.com,,Email,Enquiry,Resolved,22:28
SUPPORT,SUP001222,SUP001222,2025-04-23 04:43:59,Duncan Stephenson,duncan.stephenson@gmail.com,+44 7399915321,Phone,Complaint,Resolved,33:51
SUPPORT,SUP001223,SUP001223,2025-04-23 05:21:06,Craig Elliott,craig.elliott@hotmail.com,+44 7571841976,Phone,Refund request,Resolved,21:03
SUPPORT,SUP001224,SUP001224,2025-04-23 06:48:06,Darren Jackson,darren.jackson@hotmail.com,+44 7367751896,Email,Accessibility,Resolved,06:29
SUPPORT,SUP001225,SUP001225,2025-04-23 07:56:04,Andrew Hill,andrew.hill@hotmail.com,,Email,Enquiry,Open,
SUPPORT,SUP001226,SUP001226,2025-04-23 12:11:13,Gareth Walker,gareth.walker@msn.com,+44 7083558622,Phone,Complaint,Resolved,13:43
SUPPORT,SUP001227,SUP001227,2025-04-23 12:12:28,Pauline Reynolds,pauline.reynolds@hotmail.com,+44 7243667453,Email,Refund request,Resolved,07:05
SUPPORT,SUP001228,SUP001228,2025-04-23 19:15:49,Shane Heath,shaen.heath@hotmail.com,,Email,Refund request,Resolved,11:02
SUPPORT,SUP001229,SUP001229,2025-04-23 20:21:36,Denise French,,+44 7302752437,Phone,Complaint,Resolved,07:12
SUPPORT,SUP001230,SUP001230,2025-04-23 22:21:53,Lindsey Stevens,lindsey.stevens@yahoo.com,+44 7799217799,Email,Accessibility,Resolved,58:15
SUPPORT,SUP001231,SUP001231,2025-04-23 23:58:19,Dean Brown,dean.brown@yahoo.com,+44 7303454132,Phone,Complaint,Resolved,21:50
SUPPORT,SUP001232,SUP001232,2025-04-24 00:03:44,Stewart Davies,stewart.davies@hotmail.com,+44 7224406310,Email,Refund request,Resolved,18:07
SUPPORT,SUP001233,SUP001233,2025-04-24 00:07:52,Michelle Richardson,michelle.richardson@hotmail.com,+44 7492090720,Email,Refund request,Resolved,27:56
SUPPORT,SUP001234,SUP001234,2025-04-24 01:22:05,Kevin Daly,,+44 7250653192,Phone,Accessibility,Resolved,07:09
SUPPORT,SUP001235,SUP001235,2025-04-24 02:55:43,Zoe Harris,zoe.harris@hotmail.fr,+44 7211175821,Email,Refund request,Open,
SUPPORT,SUP001236,SUP001236,2025-04-24 07:38:26,Jasmine Barnett,,+44 7567813145,Phone,Refund request,Resolved,15:12
SUPPORT,SUP001237,SUP001237,2025-04-24 13:11:37,Vincent Thomas,vincent.thomas@hotmail.com,,Email,Refund request,Resolved,27:30
SUPPORT,SUP001238,SUP001238,2025-04-24 13:15:31,oDuglas Taylor,douglas.tayolr@wanadoo.fr,+44 7895910684,Phone,Enquiry,Resolved,02:56
SUPPORT,SUP001239,SUP001239,2025-04-24 13:49:40,Max Hughes,max.hughe@hotmail.com,+44 7100391271,Email,Complaint,Resolved,39:36
SUPPORT,SUP001240,SUP001240,2025-04-24 16:35:26,Darren Jackson,darren.jackson@hotmail.com,+44 7367751896,Phone,Accessibility,Resolved,04:15
SUPPORT,SUP001241,SUP001241,2025-04-24 16:51:34,Bethan Phillips,bethan.phillips@gmail.com,,Email,Refund request,Resolved,33:55
SUPPORT,SUP001242,SUP001242,2025-04-24 20:31:34,Elliott Bentley,elliott.bentley@hotmail.com,+44 7489404158,Email,Enquiry,Open,
SUPPORT,SUP001243,SUP001243,2025-04-24 22:38:43,Kevin Roberts,kevin.roberts@wanadoo.fr,+44 7616560678,Phone,Accessibility,Resolved,04:36
SUPPORT,SUP001244,SUP001244,2025-04-25 03:31:29,Dylan Brown,dylan.brown@hotmail.com,+44 7708712492,Email,Refund request,Resolved,22:22
SUPPORT,SUP001245,SUP001245,2025-04-25 05:00:23,Dawn Taylor,dawn.taylor@yahoo.com,+44 7299635941,Email,Refund request,Resolved,15:47
SUPPORT,SUP001246,SUP001246,2025-04-25 05:31:31,Darren Wilson,darren.wilson@yahoo.com,,Email,Enquiry,Open,
SUPPORT,SUP001247,SUP001247,2025-04-25 06:04:07,Lynn Hughes,,+44 7397595449,Phone,Accessibility,Open,
SUPPORT,SUP001248,SUP001248,2025-04-25 07:51:17,Marcus Jackson,,+44 7794499006,Phone,Complaint,Resolved,12:41
SUPPORT,SUP001249,SUP001249,2025-04-25 08:50:48,Katie Haynes,katie.haynes@yahoo.com,+44 7135878395,Email,Enquiry,Resolved,04:27
SUPPORT,SUP001250,SUP001250,2025-04-25 12:12:53,William Watson,william.watson@orange.fr,+44 7606989761,Email,Enquiry,Resolved,03:32
SUPPORT,SUP001251,SUP001251,2025-04-25 14:58:43,Norman Hewitt,norman.hewitt@yahoo.com,,Email,Enquiry,Resolved,06:06
SUPPORT,SUP001252,SUP001252,2025-04-25 18:57:55,Nicole Young,,+44 7126983039,Phone,Enquiry,Resolved,01:53
SUPPORT,SUP001253,SUP001253,2025-04-25 21:25:28,Emma Clarke,emma.clarke@hotmail.com,+44 7484249111,Phone,Refund request,Resolved,27:11
SUPPORT,SUP001254,SUP001254,2025-04-25 23:09:19,Kenneth Slater,kenneth.slater@yahoo.com,+44 7362160463,Email,Accessibility,Resolved,28:07
SUPPORT,SUP001255,SUP001255,2025-04-26 00:49:31,Neil Jones,neil.jones@orange.fr,+44 7405684520,Phone,Refund request,Resolved,04:37
SUPPORT,SUP001256,SUP001256,2025-04-26 09:07:48,Elaine Roberts,elaine.roberts@gmail.com,+44 7376992322,Email,Refund request,Open,
SUPPORT,SUP001257,SUP001257,2025-04-26 11:50:33,Karen Giles,karen.giles@hotmail.co.uk,+44 7912205340,Phone,Refund request,Resolved,47:43
SUPPORT,SUP001258,SUP001258,2025-04-26 12:04:34,Lauren Faulkner,lauren.faulkner@yahoo.com,+44 7485413475,Email,Enquiry,Open,
SUPPORT,SUP001259,SUP001259,2025-04-26 12:57:26,Marie Talbot,marie.talbot@aol.com,+44 7476471496,Email,Accessibility,Resolved,19:37
SUPPORT,SUP001260,SUP001260,2025-04-26 13:42:16,Abigail Jones,,+44 7572163302,Phone,Enquiry,Open,
SUPPORT,SUP001261,SUP001261,2025-04-26 14:40:03,Barry Edwards,barry.edwards@hotmail.com,+44 7601937709,Email,Complaint,Open,
SUPPORT,SUP001262,SUP001262,2025-04-26 18:16:16,Henry Miles,henry.miles@hotmail.com,+44 7200935960,Email,Accessibility,Resolved,23:34
SUPPORT,SUP001263,SUP001263,2025-04-26 18:29:01,Naomi Taylor,naomi.taylor@gmail.com,+44 7155148839,Email,Enquiry,Resolved,00:14
SUPPORT,SUP001264,SUP001264,2025-04-26 18:41:10,harlene Smith,charlene.smith@yahoo.com,+44 7831552306,Email,Enquiry,Resolved,02:08
SUPPORT,SUP001265,SUP001265,2025-04-26 20:38:38,Maria Collier,maria.collier@gmail.com,,Email,Refund request,Resolved,15:42
SUPPORT,SUP001266,SUP001266,2025-04-26 22:06:43,Joe Curtis,joe.curtis@yahoo.com,+44 7908663694,Email,Enquiry,Resolved,11:43
SUPPORT,SUP001267,SUP001267,2025-04-26 22:12:36,Harriet Chan,harriet.chna@hotmail.co.uk,+44 7352211695,Phone,Refund request,Resolved,07:03
SUPPORT,SUP001268,SUP001268,2025-04-26 23:35:02,Nathan Williams,nathan.williams@hotmail.com,+44 7943131702,Email,Refund request,Resolved,04:38
SUPPORT,SUP001269,SUP001269,2025-04-27 01:23:46,Lindsey Little,lindsey.little@gmail.com,+44 7170230886,Email,Complaint,Resolved,40:48
SUPPORT,SUP001270,SUP001270,2025-04-27 02:19:30,Carol Ahmed,carol.ahmed@msn.com,+44 7752245222,Phone,Accessibility,Resolved,12:13
SUPPORT,SUP001271,SUP001271,2025-04-27 05:22:16,Emma Tylor,emma.taylor@yahoo.com,+44 7745163262,Email,Enquiry,Resolved,01:32
SUPPORT,SUP001272,SUP001272,2025-04-27 07:47:36,Alison Cole,alison.cole@yahoo.com,+44 7002793626,Email,Refund request,Open,
SUPPORT,SUP001273,SUP001273,2025-04-27 08:05:50,Jason Wood,jason.wood@gmail.com,+44 7919445273,Email,Refund request,Resolved,02:06
SUPPORT,SUP001274,SUP001274,2025-04-27 08:44:18,Connor Cartwright,connor.cartwright@hotmail.com,+44 7938093592,Email,Complaint,Resolved,27:04
SUPPORT,SUP001275,SUP001275,2025-04-27 11:59:29,Cheryl Brown,cheryl.brown@yahoo.com,+44 7564444117,Email,Accessibility,Resolved,11:17
SUPPORT,SUP001276,SUP001276,2025-04-27 13:31:53,Elliot Brady,elliot.brady@gmail.com,+44 7936475505,Email,Refund request,Resolved,13:30
SUPPORT,SUP001277,SUP001277,2025-04-27 15:13:54,Trevor Dale,trevor.dale@gmail.com,+44 7596279944,Email,Complaint,Resolved,22:33
SUPPORT,SUP001278,SUP001278,2025-04-27 16:13:45,William Hill,william.hill@hotmail.com,+44 7623479869,Phone,Enquiry,Open,
SUPPORT,SUP001279,SUP001279,2025-04-27 17:26:50,Mark Coko,mark.cook@gmail.com,+44 7527682330,Email,Refund request,Resolved,26:18
SUPPORT,SUP001280,SUP001280,2025-04-27 18:00:37,Chelsea White,chelsea.white@yahoo.com,+44 7394721694,Email,Accessibility,Resolved,19:49
SUPPORT,SUP001281,SUP001281,2025-04-27 18:21:11,Jacob Thomas,jacob.thomas@gmail.com,+44 7453167065,Phone,Accessibility,Resolved,36:13
SUPPORT,SUP001282,SUP001282,2025-04-27 21:57:35,Marilyn Fuller,marilyn.fuller@hotmail.com,+44 7094482226,Email,Accessibility,Resolved,11:21
SUPPORT,SUP001283,SUP001283,2025-04-27 22:07:36,Hollie Jones,hollie.jones@yahoo.com,+44 7970303454,Email,Complaint,Resolved,04:17
SUPPORT,SUP001284,SUP001284,2025-04-27 22:14:40,Liam Roberts,liam.robetrs@yahoo.com,+44 7155044596,Phone,Refund request,Resolved,16:12
SUPPORT,SUP001285,SUP001285,2025-04-27 22:41:47,Jordan Baldwin,jordan.baldwin@yahoo.com,+44 7396527570,Email,Refund request,Resolved,03:57
SUPPORT,SUP001286,SUP001286,2025-04-28 00:30:58,Douglas Greenwood,douglas.greenwood@yahoo.com,+44 7458376290,Email,Enquiry,Resolved,05:01
SUPPORT,SUP001287,SUP001287,2025-04-28 01:41:19,Arthur Harris,arthur.harris@aol.com,,Email,Refund request,Resolved,23:25
SUPPORT,SUP001288,SUP001288,2025-04-28 02:46:26,Rebecca Jenkins,rebecca.jenkins@gmail.com,,Email,Refund request,Resolved,15:26
SUPPORT,SUP001289,SUP001289,2025-04-28 06:22:42,Chelsea Whitehead,chelsea.whitehead@hotmail.com,+44 7839719378,Email,Accessibility,Open,
SUPPORT,SUP001290,SUP001290,2025-04-28 10:58:10,Jake Norris,jake.norris@gmail.com,+44 7260865904,Email,Accessibility,Resolved,18:55
SUPPORT,SUP001291,SUP001291,2025-04-28 11:19:48,Max Whitehead,max.whitehead@gmail.com,+44 7479050665,Email,Complaint,Resolved,18:29
SUPPORT,SUP001292,SUP001292,2025-04-28 12:05:47,Clifford Bennett,clifford.bennett@gmail.com,,Email,Enquiry,Resolved,05:55
SUPPORT,SUP001293,SUP001293,2025-04-28 12:59:02,Emma Cole,emma.cole@gmail.com,,Email,Refund request,Open,
SUPPORT,SUP001294,SUP001294,2025-04-28 15:18:43,Norman Harrison,norman.harrison@hotmail.com,+44 7635368552,Email,Refund request,Resolved,04:04
SUPPORT,SUP001295,SUP001295,2025-04-28 20:33:02,Bernard May,bernard.may@yahoo.com,+44 7077469093,Phone,Enquiry,Resolved,10:14
SUPPORT,SUP001296,SUP001296,2025-04-29 01:39:28,Jacob Wong,jacob.wong@hotmail.fr,+44 7384887783,Email,Enquiry,Resolved,07:05
SUPPORT,SUP001297,SUP001297,2025-04-29 02:30:30,Jonathan Skinner,,+44 7966648362,Phone,Refund request,Resolved,08:48
SUPPORT,SUP001298,SUP001298,2025-04-29 08:36:36,Vincent Jones,vincent.jones@gmail.com,+44 7239087232,Email,Accessibility,Resolved,07:12
SUPPORT,SUP001299,SUP001299,2025-04-29 13:15:21,Antony Robinson,antony.robinson@hotmail.com,+44 7233991942,Email,Enquiry,Resolved,01:49
SUPPORT,SUP001300,SUP001300,2025-04-29 15:28:33,Elizabeth Black,elizabeth.black@yahoo.com,+44 7590006406,Phone,Refund request,Open,
SUPPORT,SUP001301,SUP001301,2025-04-29 19:27:48,Alice Harrison,alice.harrison@hotmail.com,+44 7885366365,Email,Enquiry,Resolved,03:37
SUPPORT,SUP001302,SUP001302,2025-04-30 01:15:21,Jeffrey Hewitt,jeffrey.hewitt@hotmail.com,+44 7993702210,Phone,Complaint,Resolved,26:41
SUPPORT,SUP001303,SUP001303,2025-04-30 01:37:06,Antony Forster,antony.forster@orange.fr,+44 7227800448,Email,Refund request,Open,
SUPPORT,SUP001304,SUP001304,2025-04-30 02:30:37,Patricia Phillips,patricia.phillips@hotmail.com,+44 7315058188,Email,Complaint,Resolved,20:20
SUPPORT,SUP001305,SUP001305,2025-04-30 03:41:36,Eric Clayton,eric.clayton@aol.com,+44 7679898873,Email,Accessibility,Resolved,08:39
SUPPORT,SUP001306,SUP001306,2025-04-30 05:29:52,Daniel Watson,daniel.watson@yahoo.com,+44 7596310520,Phone,Accessibility,Resolved,28:37
SUPPORT,SUP001307,SUP001307,2025-04-30 11:33:18,Sharon Ryan,sharon.ryan@hotmail.com,,Email,Enquiry,Resolved,02:21
SUPPORT,SUP001308,SUP001308,2025-04-30 11:54:31,Elliot Wilson,elliot.wilson@yahoo.com,+44 7530212454,Email,Refund request,Resolved,03:16
SUPPORT,SUP001309,SUP001309,2025-04-30 12:21:00,June Wilson,jne.wilson@yahoo.com,,Email,Refund request,Resolved,39:05
SUPPORT,SUP001310,SUP001310,2025-04-30 15:01:03,Julia Rahman,julia.rahma@gmail.com,,Email,Complaint,Resolved,10:02
SUPPORT,SUP001311,SUP001311,2025-04-30 15:29:40,Garry Bird,garry.bird@yahoo.com,+44 7046789418,Email,Complaint,Resolved,41:59
SUPPORT,SUP001312,SUP001312,2025-05-01 01:52:54,Gary Carroll,gary.carroll@gmail.com,,Email,Refund request,Resolved,22:41
SUPPORT,SUP001313,SUP001313,2025-05-01 04:28:10,Alexandra Curtis,alexandra.curtis@yahoo.com,+44 7303387858,Email,Enquiry,Resolved,02:28
SUPPORT,SUP001314,SUP001314,2025-05-01 05:07:39,Phillip Moore,phillip.moore@gmail.com,+44 7254117474,Email,Refund request,Resolved,07:16
SUPPORT,SUP001315,SUP001315,2025-05-01 06:20:27,Judith Ali,judith.ali@gmail.com,+44 7923153028,Email,Refund request,Resolved,15:41
SUPPORT,SUP001316,SUP001316,2025-05-01 16:28:47,Amy Thomas,amy.thomas@hotmail.com,+44 7910346391,Email,Refund request,Resolved,05:59
SUPPORT,SUP001317,SUP001317,2025-05-01 19:43:12,Gillian Taylor,gillian.taylor@hotmail.com,+44 7955990317,Email,Enquiry,Resolved,05:05
SUPPORT,SUP001318,SUP001318,2025-05-02 01:10:31,Sharon Wilson,sharon.wilson@yahoo.com,+44 7499991991,Email,Refund request,Resolved,10:00
SUPPORT,SUP001319,SUP001319,2025-05-02 01:56:35,Marilyn Barton,marilyn.barton@aol.com,,Email,Refund request,Resolved,14:59
SUPPORT,SUP001320,SUP001320,2025-05-02 05:50:04,Damian Jordan,damian.jordan@yahoo.com,+44 7632572528,Phone,Accessibility,Resolved,11:24
SUPPORT,SUP001321,SUP001321,2025-05-02 08:52:04,Beverley O'Neill,beverley.oneill@hotmail.com,+44 7555548356,Email,Refund request,Resolved,05:45
SUPPORT,SUP001322,SUP001322,2025-05-02 13:08:18,Scott Houghton,scott.houghton@hotmail.com,+44 7880055998,Email,Complaint,Resolved,31:09
SUPPORT,SUP001323,SUP001323,2025-05-02 14:06:03,Danny Griffiths,danny.griffiths@aol.com,,Email,Accessibility,Resolved,27:09
SUPPORT,SUP001324,SUP001324,2025-05-02 14:12:46,Karen Brown,,+44 7377817948,Phone,Enquiry,Resolved,07:57
SUPPORT,SUP001325,SUP001325,2025-05-02 15:14:45,Peter Shaw,peter.shaw@orange.fr,+44 7803451776,Email,Accessibility,Resolved,06:14
SUPPORT,SUP001326,SUP001326,2025-05-02 20:10:01,Phillip Doyle,phillip.doyle@gmail.com,+44 7937516887,Phone,Refund request,Resolved,19:10
SUPPORT,SUP001327,SUP001327,2025-05-02 20:49:58,Luke Austin,luke.austin@gmail.com,+44 7309012908,Phone,Refund request,Resolved,15:42
SUPPORT,SUP001328,SUP001328,2025-05-02 21:43:51,Abigail Osborne,abigail.osborne@gmail.com,,Email,Complaint,Resolved,11:05
SUPPORT,SUP001329,SUP001329,2025-05-02 23:27:33,Shannon Hobbs,shannon.hobbs@yahoo.com,+44 7452333043,Email,Enquiry,Open,
SUPPORT,SUP001330,SUP001330,2025-05-02 23:37:40,Kenneth Carter,kenneth.carter@yahoo.com,,Email,Refund request,Open,
SUPPORT,SUP001331,SUP001331,2025-05-02 23:38:23,Brandon Greenwood,brandon.greenwood@hotmail.com,+44 7139698790,Phone,Complaint,Resolved,08:09
SUPPORT,SUP001332,SUP001332,2025-05-03 02:47:07,Claire Dixon,claire.dixon@gmail.com,+44 7429322137,Email,Complaint,Resolved,10:53
SUPPORT,SUP001333,SUP001333,2025-05-03 03:51:35,Timothy Davies,timothy.davies@hotmail.com,+44 7460799413,Email,Refund request,Open,
SUPPORT,SUP001334,SUP001334,2025-05-03 04:49:57,Barry Cartwright,barry.cartwright@hotmail.com,+44 7013263381,Email,Refund request,Resolved,06:26
SUPPORT,SUP001335,SUP001335,2025-05-03 06:12:10,Carl Bull,carl.bull@gmail.com,+44 7461296467,Email,Enquiry,Open,
SUPPORT,SUP001336,SUP001336,2025-05-03 16:02:07,Beth Hutchinson,beth.hutchinson@hotmail.com,+44 7529196975,Email,Enquiry,Resolved,07:23
SUPPORT,SUP001337,SUP001337,2025-05-03 18:22:22,Glenn Price,glenn.price@gmail.com,+44 7070294342,Email,Refund request,Resolved,09:52
SUPPORT,SUP001338,SUP001338,2025-05-03 19:30:35,Sheila Kay,,+44 7217434345,Phone,Enquiry,Resolved,05:06
SUPPORT,SUP001339,SUP001339,2025-05-04 00:02:01,Andrew Phillips,andrew.phillips@hotmail.com,+44 7612182278,Phone,Refund request,Resolved,16:02
SUPPORT,SUP001340,SUP001340,2025-05-04 03:37:14,Ashleigh Jones,ashleigh.jones@aol.com,+44 7759187073,Email,Enquiry,Resolved,05:56
SUPPORT,SUP001341,SUP001341,2025-05-04 05:20:53,Carole Reeves,carole.reevse@gmail.com,,Email,Accessibility,Resolved,11:32
SUPPORT,SUP001342,SUP001342,2025-05-04 09:41:45,Amy Bakre,,+44 7473131231,Phone,Complaint,Resolved,29:34
SUPPORT,SUP001343,SUP001343,2025-05-04 09:49:13,Chelsea White,chelsea.white@hotmail.com,+44 7644976594,Email,Accessibility,Open,
SUPPORT,SUP001344,SUP001344,2025-05-04 12:38:50,Patricia Butler,patricia.butler@wanadoo.fr,,Email,Complaint,Resolved,08:15
SUPPORT,SUP001345,SUP001345,2025-05-04 13:04:06,Denise Ball,denise.ball@gmail.com,,Email,Accessibility,Resolved,15:22
SUPPORT,SUP001346,SUP001346,2025-05-04 15:51:08,Diana Anderson,diana.anderson@yahoo.com,+44 7801169223,Email,Accessibility,Resolved,56:48
SUPPORT,SUP001347,SUP001347,2025-05-04 22:00:07,Garry Brown,garry.brown@gmail.com,+44 7076883215,Email,Enquiry,Resolved,11:39
SUPPORT,SUP001348,SUP001348,2025-05-04 23:03:30,Wayne Potter,wayne.potter@yahoo.fr,+44 7121391686,Email,Enquiry,Resolved,10:37
SUPPORT,SUP001349,SUP001349,2025-05-05 01:33:59,Zoe Williams,zoe.williams@gmail.com,+44 7231957266,Email,Refund request,Open,
SUPPORT,SUP001350,SUP001350,2025-05-05 04:09:40,Alice Harrison,alice.harrison@hotmail.com,+44 7885366365,Phone,Refund request,Resolved,15:23
SUPPORT,SUP001351,SUP001351,2025-05-05 09:20:45,Charlie Davies,charlie.davies@hotmail.com,+44 7133068011,Email,Refund request,Resolved,09:38
SUPPORT,SUP001352,SUP001352,2025-05-05 14:12:33,Olivia Parry,olivia.parry@hotmail.fr,+44 7322435302,Phone,Refund request,Resolved,13:29
SUPPORT,SUP001353,SUP001353,2025-05-05 15:59:29,Geoffrey Hopkins,geoffrey.hopkins@hotmail.com,+44 7977650918,Phone,Complaint,Resolved,28:56
SUPPORT,SUP001354,SUP001354,2025-05-05 16:56:59,Andrew Phillips,andrew.phillips@hotmail.com,+44 7612182278,Phone,Accessibility,Resolved,11:45
SUPPORT,SUP001355,SUP001355,2025-05-05 19:03:39,Jacob Dickinson,,+44 7730732348,Phone,Enquiry,Open,
SUPPORT,SUP001356,SUP001356,2025-05-05 19:04:22,Angela Davison,angela.davison@hotmail.com,,Email,Accessibility,Resolved,05:41
SUPPORT,SUP001357,SUP001357,2025-05-05 19:29:51,Louise Daly,louise.daly@gmail.com,+44 7282894815,Phone,Accessibility,Resolved,18:34
SUPPORT,SUP001358,SUP001358,2025-05-05 19:39:05,Danny Willis,danny.willis@gmail.com,+44 7928528016,Phone,Refund request,Resolved,04:57
SUPPORT,SUP001359,SUP001359,2025-05-05 20:55:10,Shane Collins,shane.collins@gmail.com,,Email,Enquiry,Resolved,10:20
SUPPORT,SUP001360,SUP001360,2025-05-05 21:09:26,Mitchell Jones,mitchell.jones@hotmail.com,+44 7062703892,Email,Refund request,Resolved,08:28
SUPPORT,SUP001361,SUP001361,2025-05-06 02:32:46,Wayne Lawson,wayne.lawson@hotmail.com,,Email,Refund request,Resolved,27:46
SUPPORT,SUP001362,SUP001362,2025-05-06 03:21:02,Georgina Forster,georgina.forster@yahoo.com,+44 7407746419,Phone,Refund request,Open,
SUPPORT,SUP001363,SUP001363,2025-05-06 12:59:52,Elizabeth Morris,elizabeth.morris@gmail.com,+44 7541860263,Email,Enquiry,Resolved,03:45
SUPPORT,SUP001364,SUP001364,2025-05-06 13:55:22,Katherine Russell,katherine.russell@gmail.com,+44 7204968455,Phone,Accessibility,Resolved,07:06
SUPPORT,SUP001365,SUP001365,2025-05-06 14:45:40,Mitchell Wood,mitchell.wood@gmail.com,+44 7579376581,Phone,Complaint,Resolved,09:38
SUPPORT,SUP001366,SUP001366,2025-05-06 15:13:59,Sian Ford,ian.ford@hotmail.co.uk,+44 7428580676,Email,Complaint,Resolved,17:26
SUPPORT,SUP001367,SUP001367,2025-05-06 16:33:19,Sheila Carroll,sheila.carroll@gmail.com,+44 7447875301,Phone,Refund request,Resolved,20:20
SUPPORT,SUP001368,SUP001368,2025-05-06 16:44:14,Heather Ahmed,,+44 7712699670,Phone,Enquiry,Resolved,11:12
SUPPORT,SUP001369,SUP001369,2025-05-06 17:39:10,Katherine Russell,katherine.russell@orange.fr,+44 7251247380,Email,Refund request,Resolved,21:04
SUPPORT,SUP001370,SUP001370,2025-05-06 19:39:30,Louis Richards,louis.richards@hotmail.com,,Email,Refund request,Resolved,06:55
SUPPORT,SUP001371,SUP001371,2025-05-06 21:48:09,Kayleigh Wallis,,+44 7769034227,Phone,Refund request,Resolved,16:15
SUPPORT,SUP001372,SUP001372,2025-05-06 21:54:17,Mark Thompson,mark.thompson@yahoo.com,+44 7077898385,Phone,Refund request,Resolved,08:54
SUPPORT,SUP001373,SUP001373,2025-05-06 22:59:22,Bradley Wood,bradley.wood@gmail.com,+44 7684366630,Email,Complaint,Resolved,03:48
SUPPORT,SUP001374,SUP001374,2025-05-07 00:08:19,William Harrison,william.harrison@yahoo.com,+44 7688506955,Phone,Complaint,Resolved,08:05
SUPPORT,SUP001375,SUP001375,2025-05-07 01:23:37,Damian Kelly,damian.kelly@hotmail.com,+44 7043910319,Email,Refund request,Resolved,64:27
SUPPORT,SUP001376,SUP001376,2025-05-07 02:44:13,Claire Brown,claire.brown@yahoo.com,+44 7049114684,Email,Accessibility,Resolved,06:58
SUPPORT,SUP001377,SUP001377,2025-05-07 05:10:51,Paige Hunter,paige.hunter@gmail.com,+44 7954742233,Email,Complaint,Resolved,17:28
SUPPORT,SUP001378,SUP001378,2025-05-07 06:21:43,Robin Anderson,robin.anderson@hotmail.com,,Email,Refund request,Resolved,05:49
SUPPORT,SUP001379,SUP001379,2025-05-07 08:15:25,Simon Thomas,simon.thomas@yahoo.com,+44 7913028025,Phone,Refund request,Resolved,24:15
SUPPORT,SUP001380,SUP001380,2025-05-07 11:33:02,Reece Black,reece.black@yahoo.fr,,Email,Accessibility,Resolved,20:53
SUPPORT,SUP001381,SUP001381,2025-05-07 13:03:50,Henry Wright,henry.wright@yahoo.com,+44 7851334649,Phone,Accessibility,Resolved,08:34
SUPPORT,SUP001382,SUP001382,2025-05-07 16:23:43,Oliver Bailey,oliver.bailey@msn.com,+44 7822523346,Email,Complaint,Resolved,06:40
SUPPORT,SUP001383,SUP001383,2025-05-07 18:22:26,Owen Williams,owen.williams@wanadoo.fr,+44 7551180418,Email,Refund request,Resolved,12:05
SUPPORT,SUP001384,SUP001384,2025-05-07 20:37:15,Mohammad Marsh,mohammad.mrash@hotmail.fr,+44 7319792800,Email,Refund request,Resolved,18:13
SUPPORT,SUP001385,SUP001385,2025-05-08 00:27:36,Kathleen Clarke,kathleen.clarke@yahoo.com,+44 7814257627,Email,Refund request,Resolved,07:20
SUPPORT,SUP001386,SUP001386,2025-05-08 00:49:29,Ellie Allen,ellie.allen@hotmail.com,+44 7643810551,Phone,Accessibility,Resolved,08:10
SUPPORT,SUP001387,SUP001387,2025-05-08 02:23:15,Rosemary Bailey,rosemary.bailey@yahoo.fr,+44 7527705785,Email,Accessibility,Open,
SUPPORT,SUP001388,SUP001388,2025-05-08 03:30:05,Leah Singh,leah.singh@hotmail.fr,+44 7757898807,Email,Accessibility,Resolved,09:32
SUPPORT,SUP001389,SUP001389,2025-05-08 03:32:52,Joe Jones,joe.jones@gmail.com,+44 7425711661,Email,Complaint,Open,
SUPPORT,SUP001390,SUP001390,2025-05-08 03:47:39,Elliott Kelly,elliott.kelly@yahoo.com,+44 7814615033,Email,Enquiry,Resolved,03:32
SUPPORT,SUP001391,SUP001391,2025-05-08 06:28:32,Abdul Shaw,abdul.shaw@yahoo.fr,+44 7064572947,Email,Refund request,Resolved,15:26
SUPPORT,SUP001392,SUP001392,2025-05-08 06:56:09,Carol Atkinson,carol.atkinson@yahoo.com,+44 7633811248,Email,Refund request,Resolved,06:40
SUPPORT,SUP001393,SUP001393,2025-05-08 08:14:02,Barbara Williams,barbara.williams2@gmail.com,,Email,Enquiry,Resolved,11:57
SUPPORT,SUP001394,SUP001394,2025-05-08 18:41:14,Vanessa Jones,vanessa.jones@yahoo.com,+44 7756681009,Phone,Accessibility,Resolved,17:41
SUPPORT,SUP001395,SUP001395,2025-05-08 19:15:16,Dorothy Patel,dorothy.patel@hotmail.com,+44 7713196584,Email,Complaint,Resolved,27:18
SUPPORT,SUP001396,SUP001396,2025-05-08 19:59:40,David Hale,david.hale@hotmail.com,+44 7435553136,Phone,Accessibility,Resolved,11:06
SUPPORT,SUP001397,SUP001397,2025-05-08 21:02:04,Angela Cox,angela.cox@yahoo.com,+44 7096024297,Email,Complaint,Resolved,17:02
SUPPORT,SUP001398,SUP001398,2025-05-08 22:50:19,Mathew Marsh,mathew.marsh@gmail.com,+44 7318282362,Phone,Refund request,Resolved,18:15
SUPPORT,SUP001399,SUP001399,2025-05-09 00:03:49,Elliot Taylor,elliot.taylor@yahoo.com,+44 7000269126,Phone,Enquiry,Resolved,10:33
SUPPORT,SUP001400,SUP001400,2025-05-09 01:43:28,Frances Wilkinson,frances.wilkinson@gmail.com,+44 7851291910,Phone,Accessibility,Resolved,04:38
SUPPORT,SUP001401,SUP001401,2025-05-09 03:22:21,Ann Jackson,ann.jackson@yahoo.com,+44 7528418687,Email,Accessibility,Resolved,39:07
SUPPORT,SUP001402,SUP001402,2025-05-09 09:07:32,Dawn Austin,dawn.austin@hotmail.com,+44 7244885111,Email,Refund request,Resolved,08:48
SUPPORT,SUP001403,SUP001403,2025-05-09 17:55:50,Mohamed Gibbs,mohamed.gibbs@gmail.com,+44 7596081957,Email,Complaint,Resolved,11:39
SUPPORT,SUP001404,SUP001404,2025-05-09 19:29:08,William Davidson,william.davidson@yahoo.fr,,Email,Refund request,Resolved,36:20
SUPPORT,SUP001405,SUP001405,2025-05-09 20:38:48,Damian Jones,damian.jones3@hotmail.com,+44 7127050192,Phone,Accessibility,Resolved,07:13
SUPPORT,SUP001406,SUP001406,2025-05-10 01:44:45,Anne Jenkins,,+44 7577050879,Phone,Accessibility,Resolved,18:16
SUPPORT,SUP001407,SUP001407,2025-05-10 05:27:41,Stephanie Skinner,stephanie.skinnre@yahoo.com,+44 7316404708,Email,Refund request,Resolved,09:26
SUPPORT,SUP001408,SUP001408,2025-05-10 11:22:43,Leanne Allen,leanne.allen@hotmail.com,+44 7597099017,Email,Enquiry,Open,
SUPPORT,SUP001409,SUP001409,2025-05-10 13:31:39,Denis Wright,denis.wright@gmail.com,,Email,Complaint,Resolved,15:54
SUPPORT,SUP001410,SUP001410,2025-05-10 13:39:00,Gavin Smith,,+44 7923369186,Phone,Accessibility,Resolved,17:44
SUPPORT,SUP001411,SUP001411,2025-05-10 19:34:52,Marilyn Fuller,marilyn.fuller@yahoo.com,+44 7825155969,Phone,Refund request,Resolved,25:59
SUPPORT,SUP001412,SUP001412,2025-05-11 01:23:35,Julia Miller,julia.miller@yahoo.com,+44 7765150860,Email,Accessibility,Resolved,33:38
SUPPORT,SUP001413,SUP001413,2025-05-11 02:46:40,Callum Robinson,,+44 7959541061,Phone,Enquiry,Resolved,01:42
SUPPORT,SUP001414,SUP001414,2025-05-11 03:35:20,Paige Taylor,paige.taylor@gmail.com,,Email,Complaint,Open,
SUPPORT,SUP001415,SUP001415,2025-05-11 04:12:34,Billy Simpson,billy.simpson@yahoo.com,+44 7731741369,Phone,Refund request,Open,
SUPPORT,SUP001416,SUP001416,2025-05-11 06:32:22,Clare Brooks,claer.brooks@aol.com,+44 7361662197,Phone,Accessibility,Resolved,34:40
SUPPORT,SUP001417,SUP001417,2025-05-11 09:36:12,Paige Sutton,paige.sutton@yahoo.com,+44 7043806754,Email,Refund request,Resolved,11:22
SUPPORT,SUP001418,SUP001418,2025-05-11 11:21:09,Michelle Taylor,michelle.taylor@hotmail.com,+44 7308379082,Phone,Enquiry,Resolved,02:07
SUPPORT,SUP001419,SUP001419,2025-05-11 13:01:00,Robin Sanderson,robin.sanderson@hotmail.com,,Email,Refund request,Resolved,04:10
SUPPORT,SUP001420,SUP001420,2025-05-11 14:52:00,Jamie Wilkins,,+44 7573748953,Phone,Enquiry,Resolved,04:33
SUPPORT,SUP001421,SUP001421,2025-05-11 18:45:58,Hery Powell,henry.powell@yahoo.com,+44 7683372172,Email,Accessibility,Resolved,04:39
SUPPORT,SUP001422,SUP001422,2025-05-11 19:22:45,Carol Ahmed,carol.ahmed@msn.com,+44 7752245222,Phone,Complaint,Resolved,20:13
SUPPORT,SUP001423,SUP001423,2025-05-11 22:06:58,Mohammed Thomas,mohammed.thomas@gmail.com,+44 7351398711,Email,Refund request,Resolved,04:31
SUPPORT,SUP001424,SUP001424,2025-05-12 00:11:10,Charlene Mills,charlene.mills@hotmail.com,+44 7035043819,Phone,Refund request,Resolved,03:34
SUPPORT,SUP001425,SUP001425,2025-05-12 06:35:19,Clifford Dunn,clifford.dunn@gmail.com,+44 7749428340,Phone,Accessibility,Resolved,22:55
SUPPORT,SUP001426,SUP001426,2025-05-12 07:11:06,Paige Atkins,paige.atkins@yahoo.com,+44 7285496034,Email,Complaint,Resolved,10:45
SUPPORT,SUP001427,SUP001427,2025-05-12 10:36:19,Stephen Thomas,stephen.thomas@gmail.com,+44 7877909964,Email,Refund request,Resolved,12:59
SUPPORT,SUP001428,SUP001428,2025-05-12 10:42:02,Declan Dean,declan.dean@hotmail.com,+44 7532740427,Email,Accessibility,Resolved,07:32
SUPPORT,SUP001429,SUP001429,2025-05-12 12:53:27,Amy Sheppard,amy.sheppard@yahoo.com,+44 7133744846,Phone,Accessibility,Resolved,08:58
SUPPORT,SUP001430,SUP001430,2025-05-12 13:59:18,Dennis Stevens,dennis.stevens@gmail.com,+44 7225554092,Email,Enquiry,Resolved,19:56
SUPPORT,SUP001431,SUP001431,2025-05-12 18:03:31,Catherine Hall,catherine.hall@gmail.com,,Email,Accessibility,Resolved,02:35
SUPPORT,SUP001432,SUP001432,2025-05-12 19:38:48,Anne Ali,anne.ali@aol.com,+44 7890927361,Email,Refund request,Resolved,55:49
SUPPORT,SUP001433,SUP001433,2025-05-12 21:26:05,Ruth Walker,ruth.walker@yahoo.com,,Email,Complaint,Resolved,24:07
SUPPORT,SUP001434,SUP001434,2025-05-12 21:47:59,John Campbell,john.campbell@yahoo.com,+44 7652602459,Phone,Enquiry,Resolved,04:51
SUPPORT,SUP001435,SUP001435,2025-05-12 22:59:19,Judith Jackson,judith.jackson@gmail.com,,Email,Complaint,Resolved,20:06
SUPPORT,SUP001436,SUP001436,2025-05-13 01:16:55,Callum Burrows,callum.burrows@hotmail.com,+44 7392253995,Email,Refund request,Resolved,10:25
SUPPORT,SUP001437,SUP001437,2025-05-13 03:38:16,Linda Green,linda.green@gmail.com,+44 7087905404,Email,Accessibility,Resolved,11:42
SUPPORT,SUP001438,SUP001438,2025-05-13 04:05:02,Zoe Murray,zoe.murray@aol.com,+44 7895441905,Email,Accessibility,Open,
SUPPORT,SUP001439,SUP001439,2025-05-13 06:30:41,Elizabeth Harris,elizabeth.harris@yahoo.com,+44 7551703690,Email,Enquiry,Resolved,02:20
SUPPORT,SUP001440,SUP001440,2025-05-13 08:19:57,Megan Thomas,megan.thomas@hotmail.com,+44 7749683996,Phone,Refund request,Open,
SUPPORT,SUP001441,SUP001441,2025-05-13 09:52:54,Raymond Booth,raymond.booth@yahoo.com,+44 7159880288,Email,Enquiry,Resolved,02:22
SUPPORT,SUP001442,SUP001442,2025-05-13 14:36:29,Wendy Preston,wendy.preston@yahoo.com,+44 7572143161,Phone,Refund request,Resolved,12:45
SUPPORT,SUP001443,SUP001443,2025-05-13 15:51:44,Kim Adams,kim.adams@gmail.com,+44 7150789401,Email,Refund request,Resolved,06:13
SUPPORT,SUP001444,SUP001444,2025-05-13 17:43:20,Craig Forster,craig.forster@gmail.com,+44 7559842716,Email,Accessibility,Resolved,15:10
SUPPORT,SUP001445,SUP001445,2025-05-13 18:14:35,Catherine Richards,catherine.richards@hotmail.com,+44 7880172827,Email,Refund request,Resolved,13:46
SUPPORT,SUP001446,SUP001446,2025-05-13 20:55:53,Brandon Jones,brandon.jones@hotmail.com,+44 7439428679,Email,Refund request,Open,
SUPPORT,SUP001447,SUP001447,2025-05-13 23:22:07,Sophie Mithell,sophie.mitchell@hotmail.com,,Email,Accessibility,Resolved,10:51
SUPPORT,SUP001448,SUP001448,2025-05-14 01:29:25,Charles Fisher,,+44 7511283810,Phone,Refund request,Resolved,06:14
SUPPORT,SUP001449,SUP001449,2025-05-14 02:19:48,Martin Clarke,martin.clarke@yahoo.com,+44 7175974460,Email,Enquiry,Open,
SUPPORT,SUP001450,SUP001450,2025-05-14 07:01:29,Sophie Barrett,sophie.barrett@gmail.com,+44 7941534218,Email,Refund request,Resolved,14:09
SUPPORT,SUP001451,SUP001451,2025-05-14 07:14:41,Robin Marshall,robin.marshall@gmail.com,+44 7698318719,Email,Accessibility,Resolved,14:32
SUPPORT,SUP001452,SUP001452,2025-05-14 10:15:26,Amelia Harding,amelia.harding@yahoo.com,+44 7612391648,Email,Refund request,Resolved,01:50
SUPPORT,SUP001453,SUP001453,2025-05-14 10:46:54,Bethan Houghton,bethan.houghton@gmail.com,+44 7142621752,Email,Enquiry,Resolved,15:38
SUPPORT,SUP001454,SUP001454,2025-05-14 11:27:19,Emma Brown,emma.bron@wanadoo.fr,,Email,Complaint,Resolved,07:00
SUPPORT,SUP001455,SUP001455,2025-05-14 11:39:52,Damian Clarke,damian.clarke@yahoo.com,+44 7560198886,Email,Accessibility,Resolved,18:31
SUPPORT,SUP001456,SUP001456,2025-05-14 11:53:07,Marc Iqbal,marc.iqbal@gmail.com,,Email,Enquiry,Open,
SUPPORT,SUP001457,SUP001457,2025-05-14 12:09:57,Sophie Ali,sophie.ali@hotmail.co.uk,,Email,Refund request,Resolved,33:35
SUPPORT,SUP001458,SUP001458,2025-05-14 16:32:51,Joanna Braber,joanna.barber@hotmail.com,,Email,Complaint,Open,
SUPPORT,SUP001459,SUP001459,2025-05-14 17:06:58,Joanna Jones,joanna.jones@yahoo.com,+44 7231287251,Phone,Complaint,Resolved,42:41
SUPPORT,SUP001460,SUP001460,2025-05-14 17:56:57,Christian Stone,christian.stone@hotmail.com,+44 7050780389,Email,Accessibility,Resolved,35:42
SUPPORT,SUP001461,SUP001461,2025-05-15 01:58:20,Antony Fuller,antony.fuller@gmail.com,,Email,Refund request,Resolved,32:59
SUPPORT,SUP001462,SUP001462,2025-05-15 02:13:45,Damian Noble,,+44 7237062928,Phone,Refund request,Resolved,22:59
SUPPORT,SUP001463,SUP001463,2025-05-15 06:57:53,Gregory Harris,gregory.harris@hotmail.com,+44 7542057062,Email,Complaint,Resolved,27:53
SUPPORT,SUP001464,SUP001464,2025-05-15 09:09:16,Gary Williams,gary.williams@yahoo.fr,+44 7593842124,Phone,Accessibility,Resolved,07:25
SUPPORT,SUP001465,SUP001465,2025-05-15 10:13:51,Diane Slater,diane.slater@gmail.com,+44 7229820832,Email,Accessibility,Resolved,08:13
SUPPORT,SUP001466,SUP001466,2025-05-15 12:53:54,Allan Foster,allan.foster@yahoo.com,+44 7282356079,Email,Enquiry,Resolved,05:38
SUPPORT,SUP001467,SUP001467,2025-05-15 14:29:57,Rta Morris,rita.morris2@yahoo.com,+44 7603233588,Email,Complaint,Resolved,16:47
SUPPORT,SUP001468,SUP001468,2025-05-15 15:05:38,Hannah Ryan,hannah.ryan@hotmail.com,+44 7615292730,Email,Refund request,Resolved,27:54
SUPPORT,SUP001469,SUP001469,2025-05-15 16:32:31,Ricky Whitehead,ricky.whitehead@yahoo.com,+44 7050965612,Email,Refund request,Resolved,02:30
SUPPORT,SUP001470,SUP001470,2025-05-15 20:18:04,Ricky Chapman,ricky.chapman@gmail.com,+44 7515730180,Phone,Refund request,Open,
SUPPORT,SUP001471,SUP001471,2025-05-15 22:53:51,Mohamed Hall,mohamed.hall@aol.com,+44 7739831093,Phone,Enquiry,Resolved,11:29
SUPPORT,SUP001472,SUP001472,2025-05-16 01:39:12,Sophie Williamson,sophie.williamson@yahoo.com,,Email,Refund request,Resolved,02:28
SUPPORT,SUP001473,SUP001473,2025-05-16 04:58:49,Barry O'Brien,barry.obrien@hotmail.com,+44 7974627579,Email,Complaint,Resolved,28:18
SUPPORT,SUP001474,SUP001474,2025-05-16 07:54:33,Nicola Hawkins,nicola.hawkins@yahoo.fr,+44 7813497576,Email,Accessibility,Resolved,52:02
SUPPORT,SUP001475,SUP001475,2025-05-16 08:44:12,Jay Morgan,jay.morgan@gmail.com,+44 7711111422,Email,Refund request,Resolved,37:38
SUPPORT,SUP001476,SUP001476,2025-05-16 12:53:11,Hugh Morrison,hugh.morrison@gmail.com,+44 7219139099,Email,Refund request,Resolved,19:41
SUPPORT,SUP001477,SUP001477,2025-05-16 16:19:26,Jenna Baker,jenna.baker@yahoo.com,+44 7726148819,Email,Refund request,Open,
SUPPORT,SUP001478,SUP001478,2025-05-16 17:10:20,Declan Sharp,,+44 7744846519,Phone,Complaint,Resolved,54:04
SUPPORT,SUP001479,SUP001479,2025-05-16 19:40:28,Connor Jenkins,connor.jenkins@yahoo.com,+44 7125014811,Email,Complaint,Resolved,23:04
SUPPORT,SUP001480,SUP001480,2025-05-17 01:01:07,Julie Holmes,julie.holmes@hotmail.com,,Email,Refund request,Open,
SUPPORT,SUP001481,SUP001481,2025-05-17 09:37:46,Mary Brown,mary.brown@gmail.com,,Email,Accessibility,Resolved,13:57
SUPPORT,SUP001482,SUP001482,2025-05-17 11:52:43,Karen James,,+44 7900616856,Phone,Refund request,Resolved,37:03
SUPPORT,SUP001483,SUP001483,2025-05-17 13:25:03,Sally Murphy,sally.murphy@yahoo.com,+44 7181206740,Phone,Complaint,Resolved,27:36
SUPPORT,SUP001484,SUP001484,2025-05-17 15:44:46,Francis Bradley,francis.bradley@yahoo.com,+44 7441906000,Phone,Enquiry,Open,
SUPPORT,SUP001485,SUP001485,2025-05-17 15:44:49,Andrew Hill,andrew.hill@hotmail.com,,Email,Refund request,Resolved,06:34
SUPPORT,SUP001486,SUP001486,2025-05-17 16:56:16,Lawrence Phillips,lawrence.phillips@hotmail.com,+44 7458712840,Email,Refund request,Open,
SUPPORT,SUP001487,SUP001487,2025-05-17 20:21:21,Katy Williams,katy.williams2@hotmail.com,,Email,Complaint,Resolved,15:24
SUPPORT,SUP001488,SUP001488,2025-05-17 22:12:52,Kevin Roberts,kevin.roberts@wanadoo.fr,+44 7616560678,Phone,Enquiry,Resolved,02:32
SUPPORT,SUP001489,SUP001489,2025-05-17 22:21:08,Keith Williams,keith.williams@gmail.com,+44 7942469997,Phone,Refund request,Resolved,19:39
SUPPORT,SUP001490,SUP001490,2025-05-18 03:26:13,Lynda Reynolds,lynda.reynolds@hotmail.com,+44 7545091338,Email,Accessibility,Resolved,09:46
SUPPORT,SUP001491,SUP001491,2025-05-18 03:31:21,Lee Johnson,lee.johnson@yahoo.com,+44 7893276345,Email,Enquiry,Resolved,01:35
SUPPORT,SUP001492,SUP001492,2025-05-18 04:22:28,Paige Clark,paige.clark@yahoo.com,,Email,Refund request,Resolved,31:56
SUPPORT,SUP001493,SUP001493,2025-05-18 06:04:26,Yvonne Simmons,yvonne.simmons@gmail.com,,Email,Complaint,Resolved,13:54
SUPPORT,SUP001494,SUP001494,2025-05-18 12:40:16,Josephine Carter,josephine.carter@aol.com,+44 7432036206,Email,Accessibility,Resolved,24:07
SUPPORT,SUP001495,SUP001495,2025-05-18 13:10:26,Ryan Fowler,,+44 7157811415,Phone,Refund request,Resolved,19:33
SUPPORT,SUP001496,SUP001496,2025-05-18 15:38:48,Alexander Cross,,+44 7658430773,Phone,Accessibility,Resolved,15:50
SUPPORT,SUP001497,SUP001497,2025-05-18 17:01:38,Lynne Brown,lynne.brown@hotmail.com,+44 7448433325,Phone,Accessibility,Resolved,09:53
SUPPORT,SUP001498,SUP001498,2025-05-18 17:09:11,Victor Thorpe,victor.thorpe@yahoo.com,+44 7717677649,Email,Complaint,Resolved,09:11
SUPPORT,SUP001499,SUP001499,2025-05-18 17:33:57,Anna Morton,anna.morton@hotmail.com,+44 7671575671,Email,Refund request,Resolved,13:53
SUPPORT,SUP001500,SUP001500,2025-05-18 19:28:58,Richard Wood,richard.wood@gmail.com,+44 7518384212,Email,Refund request,Resolved,07:21
SUPPORT,SUP001501,SUP001501,2025-05-18 21:47:30,Eric Hooper,eric.hooper@msn.com,,Email,Enquiry,Resolved,09:42
SUPPORT,SUP001502,SUP001502,2025-05-18 21:54:38,Gregory Harris,gregory.harris@hotmail.com,,Email,Complaint,Resolved,46:29
SUPPORT,SUP001503,SUP001503,2025-05-18 22:26:57,Mathew Thomson,mathew.thomson@hotmail.com,+44 7144816210,Email,Accessibility,Resolved,08:15
SUPPORT,SUP001504,SUP001504,2025-05-18 22:57:59,Dylan Bailey,dylan.bailey@hotmail.com,+44 7031288758,Phone,Complaint,Resolved,05:53
SUPPORT,SUP001505,SUP001505,2025-05-19 03:28:25,Adrian Smart,,+44 7992706902,Phone,Complaint,Resolved,15:08
SUPPORT,SUP001506,SUP001506,2025-05-19 03:43:52,Glen Mills,glen.mills@hotmail.fr,+44 7870532017,Email,Refund request,Resolved,04:55
SUPPORT,SUP001507,SUP001507,2025-05-19 06:37:41,Dominic Smith,dominic.smith@gmail.com,+44 7913229404,Email,Complaint,Resolved,12:43
SUPPORT,SUP001508,SUP001508,2025-05-19 10:53:07,Joe Dunn,joe.dunn@yahoo.com,+44 7135692153,Email,Accessibility,Resolved,14:04
SUPPORT,SUP001509,SUP001509,2025-05-19 12:05:03,Linda Sims,,+44 7954567846,Phone,Accessibility,Resolved,25:20
SUPPORT,SUP001510,SUP001510,2025-05-19 12:43:58,Victoria Holmes,victoria.holmes@gmail.com,+44 7972835948,Phone,Complaint,Resolved,23:48
SUPPORT,SUP001511,SUP001511,2025-05-19 15:29:07,Anna Morton,anna.morton@hotmail.com,+44 7671575671,Email,Enquiry,Resolved,04:44
SUPPORT,SUP001512,SUP001512,2025-05-19 15:50:48,Holly Fox,holly.fox@hotmail.com,,Email,Refund request,Resolved,07:02
SUPPORT,SUP001513,SUP001513,2025-05-19 16:17:07,Bruce Gray,bruce.gray@yahoo.com,+44 7128291424,Phone,Complaint,Resolved,21:22
SUPPORT,SUP001514,SUP001514,2025-05-19 19:35:30,Amber Daly,amber.daly@yahoo.com,+44 7703868895,Email,Refund request,Resolved,00:51
SUPPORT,SUP001515,SUP001515,2025-05-20 03:11:57,Connor Harris,connor.harris@aol.com,+44 7979634109,Email,Refund request,Resolved,17:27
SUPPORT,SUP001516,SUP001516,2025-05-20 04:17:40,Ashley Nicholson,ashley.nicholson@hotmail.com,+44 7106388682,Email,Complaint,Resolved,34:14
SUPPORT,SUP001517,SUP001517,2025-05-20 05:43:33,June Johnson,,+44 7916911595,Phone,Refund request,Resolved,05:15
SUPPORT,SUP001518,SUP001518,2025-05-20 09:27:25,Jill Kent,jill.kent@gmail.com,+44 7844164639,Email,Refund request,Resolved,07:24
SUPPORT,SUP001519,SUP001519,2025-05-20 11:11:08,Paula Webb,paula.webb@orange.fr,+44 7472301161,Phone,Refund request,Open,
SUPPORT,SUP001520,SUP001520,2025-05-20 13:06:16,Jenna Nelson,jenna.nelson@gmail.com,+44 7189378504,Email,Refund request,Resolved,01:35
SUPPORT,SUP001521,SUP001521,2025-05-20 14:10:04,June Edwards,june.edwards@yahoo.com,+44 7239204418,Phone,Refund request,Resolved,15:12
SUPPORT,SUP001522,SUP001522,2025-05-20 17:38:14,Dominic Webb,dominic.webb@wanadoo.fr,+44 7221933200,Email,Refund request,Resolved,07:11
SUPPORT,SUP001523,SUP001523,2025-05-20 18:29:05,Ian Blake,ian.blake@gmail.com,+44 7252052434,Phone,Enquiry,Resolved,07:06
SUPPORT,SUP001524,SUP001524,2025-05-20 21:24:08,Lisa Davis,lisa.davis@yahoo.com,+44 7810938068,Email,Accessibility,Resolved,36:32
SUPPORT,SUP001525,SUP001525,2025-05-20 23:02:05,Trevor Shaw,trevor.shaw@gmail.com,+44 7061655738,Phone,Accessibility,Open,
SUPPORT,SUP001526,SUP001526,2025-05-21 01:52:27,Gareth Patel,gareth.patel@yahoo.com,+44 7464686417,Email,Complaint,Resolved,17:39
SUPPORT,SUP001527,SUP001527,2025-05-21 04:02:03,Yvonne Patel,yvonne.patel@hotmail.fr,,Email,Accessibility,Resolved,16:17
SUPPORT,SUP001528,SUP001528,2025-05-21 04:25:33,Kate Butler,kate.butler@hotmail.com,+44 7236163937,Phone,Refund request,Resolved,02:12
SUPPORT,SUP001529,SUP001529,2025-05-21 06:33:18,nAna Davies,anna.davies@yahoo.com,+44 7167516830,Email,Complaint,Resolved,46:48
SUPPORT,SUP001530,SUP001530,2025-05-21 08:34:22,Liam Cox,laim.cox@hotmail.com,+44 7199278453,Email,Accessibility,Resolved,08:39
SUPPORT,SUP001531,SUP001531,2025-05-21 09:25:15,Maurice Bailey,maurice.bailey@hotmail.com,+44 7914268926,Phone,Complaint,Resolved,12:15
SUPPORT,SUP001532,SUP001532,2025-05-21 10:14:31,Angela Johnson,angela.johnson@yahoo.fr,+44 7964675553,Email,Enquiry,Resolved,01:04
SUPPORT,SUP001533,SUP001533,2025-05-21 12:04:28,Trevor Shaw,trevo.rshaw@gmail.com,+44 7061655738,Email,Complaint,Resolved,12:01
SUPPORT,SUP001534,SUP001534,2025-05-21 12:15:09,Leonard Alexander,leonard.alexander@hotmail.co.uk,+44 7865189680,Email,Refund request,Resolved,10:58
SUPPORT,SUP001535,SUP001535,2025-05-21 13:14:04,Ian O'Neill,ian.oneill@yahoo.com,+44 7501082855,Phone,Refund request,Resolved,03:26
SUPPORT,SUP001536,SUP001536,2025-05-21 19:06:27,Irene Clarke,irene.clarke@yahoo.com,+44 7019285444,Email,Accessibility,Open,
SUPPORT,SUP001537,SUP001537,2025-05-21 19:54:53,Mary Baker,mary.baker@hotmail.com,+44 7354352491,Email,Enquiry,Resolved,01:27
SUPPORT,SUP001538,SUP001538,2025-05-21 20:12:11,Jean Hope,jean.hope@hotmail.com,+44 7889113530,Phone,Accessibility,Resolved,03:48
SUPPORT,SUP001539,SUP001539,2025-05-22 00:43:53,Clifford Burton,clifford.burton@gmail.com,,Email,Refund request,Resolved,08:19
SUPPORT,SUP001540,SUP001540,2025-05-22 01:23:39,Alice Muray,alice.murray@gmail.com,+44 7191132877,Email,Refund request,Resolved,38:48
SUPPORT,SUP001541,SUP001541,2025-05-22 03:36:01,Valerie Brennan,valerie.brennan@yahoo.com,+44 7589624852,Phone,Complaint,Resolved,25:15
SUPPORT,SUP001542,SUP001542,2025-05-22 03:52:26,Pauline Hewitt,pauline.hewitt@gmail.com,,Email,Enquiry,Resolved,14:51
SUPPORT,SUP001543,SUP001543,2025-05-22 05:46:18,Roger Patel,roger.patel@hotmail.com,+44 7349956488,Email,Refund request,Resolved,04:39
SUPPORT,SUP001544,SUP001544,2025-05-22 05:53:10,Ian Jones,ian.jones@yahoo.com,+44 7601558903,Email,Accessibility,Resolved,51:00
SUPPORT,SUP001545,SUP001545,2025-05-22 07:11:02,Carole Glover,carole.glover@gmail.com,,Email,Refund request,Resolved,44:21
SUPPORT,SUP001546,SUP001546,2025-05-22 10:46:52,Charlie Pearson,charlie.pearson@hotmail.com,+44 7968798512,Email,Refund request,Resolved,22:54
SUPPORT,SUP001547,SUP001547,2025-05-22 12:31:38,Julia Noble,julia.noble2@yahoo.com,,Email,Enquiry,Resolved,12:05
SUPPORT,SUP001548,SUP001548,2025-05-22 13:04:06,Brenda Morgan,,+44 7340512426,Phone,Accessibility,Resolved,17:39
SUPPORT,SUP001549,SUP001549,2025-05-22 16:30:38,Roy Nelson,roy.nelson@yahoo.com,+44 7763155489,Email,Refund request,Open,
SUPPORT,SUP001550,SUP001550,2025-05-22 19:16:26,Shaun Hall,shaun.hall@yahoo.com,+44 7409206534,Phone,Refund request,Resolved,37:16
SUPPORT,SUP001551,SUP001551,2025-05-22 21:37:39,Louise Daly,louise.daly@gmail.com,+44 7282894815,Email,Refund request,Open,
SUPPORT,SUP001552,SUP001552,2025-05-22 22:25:27,Bruce Lloyd,bruce.lloyd@gmail.com,+44 7124874670,Phone,Enquiry,Open,
SUPPORT,SUP001553,SUP001553,2025-05-22 23:21:27,Glenn Patel,glenn.patel@gmail.com,+44 7890800145,Email,Refund request,Resolved,11:19
SUPPORT,SUP001554,SUP001554,2025-05-23 01:21:55,Caroline Wright,caroline.wright@hotmail.com,+44 7796908438,Email,Accessibility,Open,
SUPPORT,SUP001555,SUP001555,2025-05-23 01:56:48,Ruth Baker,ruth.baer@yahoo.com,,Email,Refund request,Open,
SUPPORT,SUP001556,SUP001556,2025-05-23 04:29:15,Brandon Barton,,+44 7086024476,Phone,Accessibility,Resolved,05:05
SUPPORT,SUP001557,SUP001557,2025-05-23 07:25:13,Jake Patel,jake.patel@msn.com,,Email,Complaint,Open,
SUPPORT,SUP001558,SUP001558,2025-05-23 07:54:44,Max Cook,max.cook@hotmail.com,+44 7500588448,Phone,Complaint,Resolved,07:10
SUPPORT,SUP001559,SUP001559,2025-05-23 09:36:19,Joanne Clarke,joanne.clarke@aol.com,+44 7297233099,Phone,Refund request,Resolved,11:10
SUPPORT,SUP001560,SUP001560,2025-05-23 09:50:07,Kelly Hurst,kelly.hurst@hotmail.com,,Email,Enquiry,Resolved,04:21
SUPPORT,SUP001561,SUP001561,2025-05-23 11:54:03,Pauline Browne,pauline.browne@gmail.com,+44 7738579539,Email,Enquiry,Open,
SUPPORT,SUP001562,SUP001562,2025-05-23 12:30:34,Stephen Bevan,,+44 7391289112,Phone,Complaint,Resolved,21:18
SUPPORT,SUP001563,SUP001563,2025-05-23 12:58:59,Rosemary Ali,rosemary.ali@hotmail.com,+44 7613612496,Email,Refund request,Resolved,14:40
SUPPORT,SUP001564,SUP001564,2025-05-23 13:27:33,Thomas Shaw,thomas.shaw@hotmail.fr,+44 7824147807,Email,Enquiry,Open,
SUPPORT,SUP001565,SUP001565,2025-05-23 13:59:12,Gerald Harrison,gerald.harrison@hotmail.com,+44 7634650485,Email,Accessibility,Resolved,07:00
SUPPORT,SUP001566,SUP001566,2025-05-23 14:15:57,Kathleen Hunter,kathleen.hunter@hotmail.com,,Email,Refund request,Open,
SUPPORT,SUP001567,SUP001567,2025-05-23 18:23:40,Jemma Gibson,,+44 7749822454,Phone,Enquiry,Resolved,03:04
SUPPORT,SUP001568,SUP001568,2025-05-23 19:39:50,Edward Atkinson,edward.atkinson@hotmail.co.uk,+44 7043766121,Email,Accessibility,Resolved,05:42
SUPPORT,SUP001569,SUP001569,2025-05-23 20:53:10,Elliot Pope,elliot.pope@gmail.com,+44 7928401232,Email,Refund request,Resolved,47:25
SUPPORT,SUP001570,SUP001570,2025-05-23 22:31:55,Abdul McLean,abdul.mclean@hotmail.com,,Email,Enquiry,Resolved,04:50
SUPPORT,SUP001571,SUP001571,2025-05-24 00:09:12,William Gray,william.gray@yahoo.com,+44 7514792705,Email,Accessibility,Resolved,02:39
SUPPORT,SUP001572,SUP001572,2025-05-24 01:13:23,Lindsey Stevens,,+44 7799217799,Phone,Complaint,Resolved,17:14
SUPPORT,SUP001573,SUP001573,2025-05-24 03:48:05,Jake Francis,jake.francis@gmail.com,,Email,Refund request,Resolved,30:36
SUPPORT,SUP001574,SUP001574,2025-05-24 04:57:24,Eleanor Atkins,eleanor.atkins@hotmail.com,+44 7178185767,Email,Refund request,Resolved,09:03
SUPPORT,SUP001575,SUP001575,2025-05-24 05:16:19,Geraldine Smith,,+44 7813425803,Phone,Refund request,Resolved,05:36
SUPPORT,SUP001576,SUP001576,2025-05-24 08:54:58,Robin Richards,robin.richards@hotmail.com,+44 7592628324,Email,Complaint,Resolved,57:10
SUPPORT,SUP001577,SUP001577,2025-05-24 11:57:15,Bryan Carpenter,bryan.carpenter@hotmail.fr,,Email,Enquiry,Resolved,00:45
SUPPORT,SUP001578,SUP001578,2025-05-24 12:30:25,Kieran Allen,kieran.allen@hotmail.com,+44 7072226293,Email,Refund request,Resolved,15:29
SUPPORT,SUP001579,SUP001579,2025-05-24 14:32:01,Duncan Bartlett,duncan.bartlett@gmail.com,+44 7110841831,Phone,Refund request,Resolved,28:09
SUPPORT,SUP001580,SUP001580,2025-05-24 18:19:24,Deborah White,,+44 7200867113,Phone,Complaint,Resolved,13:47
SUPPORT,SUP001581,SUP001581,2025-05-24 18:38:27,Yvonne Fisher,yvonne.fisher@hotmail.com,+44 7622683043,Email,Accessibility,Open,
SUPPORT,SUP001582,SUP001582,2025-05-24 21:36:41,Melissa Johnson,melissa.johnson@gmail.com,+44 7793720469,Email,Enquiry,Resolved,06:38
SUPPORT,SUP001583,SUP001583,2025-05-25 00:11:09,Stacey Bird,stacey.bird@gmail.com,+44 7606704042,Email,Refund request,Resolved,14:46
SUPPORT,SUP001584,SUP001584,2025-05-25 03:36:53,Elizabeth Ahmed,elizabeth.ahmed@gmail.com,+44 7619119212,Phone,Accessibility,Resolved,04:21
SUPPORT,SUP001585,SUP001585,2025-05-25 04:54:31,Dale Nicholson,dale.nicholson@gmail.com,+44 7976309468,Email,Enquiry,Resolved,06:07
SUPPORT,SUP001586,SUP001586,2025-05-25 05:12:29,aDmien Young,damien.young@hotmail.com,+44 7279556078,Phone,Complaint,Resolved,20:31
SUPPORT,SUP001587,SUP001587,2025-05-25 05:27:21,Mitchell Jones,mitchell.jones@hotmail.com,+44 7062703892,Email,Refund request,Resolved,30:23
SUPPORT,SUP001588,SUP001588,2025-05-25 09:43:41,Kerry Gray,kerry.gray@yahoo.com,,Email,Accessibility,Open,
SUPPORT,SUP001589,SUP001589,2025-05-25 10:37:23,Angela Cunningham,angela.cunningham@gmail.com,+44 7752197131,Phone,Refund request,Resolved,15:48
SUPPORT,SUP001590,SUP001590,2025-05-25 14:18:27,Shirley Fletcher,shirley.fletcher@hotmail.com,+44 7124861708,Phone,Enquiry,Open,
SUPPORT,SUP001591,SUP001591,2025-05-25 16:00:10,Gavin Hammond,gavin.hammond@yahoo.com,,Email,Enquiry,Open,
SUPPORT,SUP001592,SUP001592,2025-05-25 16:40:33,Keith Smith,keith.smith@hotmail.com,,Email,Refund request,Resolved,06:23
SUPPORT,SUP001593,SUP001593,2025-05-25 18:06:55,Josh Brookes,josh.brookes@gmail.com,,Email,Enquiry,Resolved,03:51
SUPPORT,SUP001594,SUP001594,2025-05-25 21:30:48,Leah Moore,leah.moore@hotmail.com,+44 7179100644,Email,Accessibility,Resolved,07:37
SUPPORT,SUP001595,SUP001595,2025-05-25 21:35:50,Luke Green,luke.green@yahoo.com,+44 7340481451,Email,Enquiry,Resolved,05:37
SUPPORT,SUP001596,SUP001596,2025-05-25 22:31:39,Maurice Hunter,maurice.hunter@aol.com,+44 7315770153,Email,Complaint,Resolved,72:00
SUPPORT,SUP001597,SUP001597,2025-05-25 22:31:46,Gary Carroll,gary.carroll@gmail.com,+44 7177154645,Email,Enquiry,Resolved,11:49
SUPPORT,SUP001598,SUP001598,2025-05-26 00:08:36,Katie Mitchell,katie.mitchell@gmail.com,+44 7182609474,Email,Accessibility,Resolved,09:38
SUPPORT,SUP001599,SUP001599,2025-05-26 01:07:28,Clive Manning,clive.manning@gmail.com,,Email,Enquiry,Resolved,01:43
SUPPORT,SUP001600,SUP001600,2025-05-26 01:28:58,Shaun Reed,shaun.reed@hotmail.com,+44 7060489784,Phone,Refund request,Resolved,03:39
SUPPORT,SUP001601,SUP001601,2025-05-26 04:19:36,Kyle Ross,kyle.ross@hotmail.com,+44 7132314243,Phone,Accessibility,Resolved,04:04
SUPPORT,SUP001602,SUP001602,2025-05-26 05:07:54,Caroline Sanders,caroline.sanders@yahoo.com,+44 7930242018,Email,Enquiry,Resolved,08:57
SUPPORT,SUP001603,SUP001603,2025-05-26 08:26:55,Rosemary Smith,,+44 7095979357,Phone,Refund request,Open,
SUPPORT,SUP001604,SUP001604,2025-05-26 09:20:41,Stephanie Smith,stephanie.smith@yahoo.com,+44 7532458314,Email,Accessibility,Resolved,13:08
SUPPORT,SUP001605,SUP001605,2025-05-26 13:57:24,Craig Dunn,craig.dunn@hotmail.com,,Email,Refund request,Resolved,09:36
SUPPORT,SUP001606,SUP001606,2025-05-26 15:56:50,Margaret Taylor,margaret.taylor@gmail.com,+44 7332633766,Email,Complaint,Resolved,18:55
SUPPORT,SUP001607,SUP001607,2025-05-26 16:47:20,Marcus Jackson,marcus.jackson@yahoo.com,,Email,Enquiry,Resolved,05:08
SUPPORT,SUP001608,SUP001608,2025-05-27 04:34:52,Dale Nicholson,,+44 7976309468,Phone,Complaint,Resolved,14:55
SUPPORT,SUP001609,SUP001609,2025-05-27 05:01:40,Toby Richardson,toby.richardson@gmail.com,,Email,Complaint,Resolved,19:03
SUPPORT,SUP001610,SUP001610,2025-05-27 07:13:14,Katy Cooper,katy.cooper@gmail.com,+44 7698561946,Email,Accessibility,Resolved,02:56
SUPPORT,SUP001611,SUP001611,2025-05-27 13:19:04,Sheila Smith,sheila.smith@hotmail.com,,Email,Refund request,Resolved,06:14
SUPPORT,SUP001612,SUP001612,2025-05-27 16:28:40,Mohammed Thomas,mohammed.thomas@gmail.com,+44 7351398711,Email,Accessibility,Resolved,03:14
SUPPORT,SUP001613,SUP001613,2025-05-27 16:48:20,Anna Saunders,anna.saunders@hotmail.fr,+44 7790626144,Email,Enquiry,Resolved,04:40
SUPPORT,SUP001614,SUP001614,2025-05-27 17:10:32,Ricky Parsons,ricky.parsons@gmail.com,+44 7709036174,Email,Complaint,Resolved,40:00
SUPPORT,SUP001615,SUP001615,2025-05-27 23:24:56,Billy Dobson,,+44 7316354032,Phone,Refund request,Resolved,15:26
SUPPORT,SUP001616,SUP001616,2025-05-28 00:02:42,Patricia Cole,patricia.cole@yahoo.com,+44 7779599499,Email,Accessibility,Resolved,31:00
SUPPORT,SUP001617,SUP001617,2025-05-28 02:57:06,Gordon Moore,gordon.moore@gmail.com,+44 7723323604,Email,Refund request,Resolved,22:10
SUPPORT,SUP001618,SUP001618,2025-05-28 05:52:05,Scott Harper,,+44 7131649977,Phone,Accessibility,Resolved,07:44
SUPPORT,SUP001619,SUP001619,2025-05-28 05:53:55,Thomas Jackson,thomas.jackson@hotmail.fr,,Email,Refund request,Resolved,08:22
SUPPORT,SUP001620,SUP001620,2025-05-28 06:34:34,Graham Davies,graham.davies@yahoo.com,+44 7899526411,Phone,Complaint,Resolved,17:35
SUPPORT,SUP001621,SUP001621,2025-05-28 08:52:40,Leah Myers,leah.myers@wanadoo.fr,+44 7772267403,Phone,Refund request,Resolved,28:38
SUPPORT,SUP001622,SUP001622,2025-05-28 09:44:19,Brenda Hayward,brenda.hayward@gmail.com,+44 7685131769,Phone,Refund request,Resolved,07:08
SUPPORT,SUP001623,SUP001623,2025-05-28 12:58:48,Lynn Turner,lynn.turner@yahoo.com,+44 7344609190,Phone,Complaint,Resolved,01:04
SUPPORT,SUP001624,SUP001624,2025-05-28 13:22:02,Jennifer Morgan,,+44 7444671996,Phone,Complaint,Resolved,23:47
SUPPORT,SUP001625,SUP001625,2025-05-28 14:38:21,Helen Anderson,helen.anderson@hotmail.com,+44 7587404868,Email,Refund request,Resolved,07:03
SUPPORT,SUP001626,SUP001626,2025-05-28 14:56:58,Charlene Smith,charlene.smith@yahoo.com,+44 7831552306,Email,Refund request,Resolved,14:21
SUPPORT,SUP001627,SUP001627,2025-05-28 16:38:09,Ann Jackson,ann.jackson@yahoo.com,+44 7528418687,Email,Refund request,Resolved,20:40
SUPPORT,SUP001628,SUP001628,2025-05-28 19:13:20,Bethan Peters,bethan.peters@yahoo.com,+44 7932912576,Phone,Enquiry,Resolved,01:27
SUPPORT,SUP001629,SUP001629,2025-05-28 19:26:03,Claire Thompson,,+44 7237840016,Phone,Accessibility,Open,
SUPPORT,SUP001630,SUP001630,2025-05-28 21:34:40,Molly Dixon,molly.dixon@gmail.com,,Email,Enquiry,Open,
SUPPORT,SUP001631,SUP001631,2025-05-28 22:09:51,Elliott Jones,ellott.jones@yahoo.com,+44 7540255074,Email,Refund request,Open,
SUPPORT,SUP001632,SUP001632,2025-05-29 02:22:34,Roy Nelson,roy.nelson@yahoo.com,+44 7763155489,Email,Refund request,Resolved,07:49
SUPPORT,SUP001633,SUP001633,2025-05-29 06:43:56,Nicholas Jones,,+44 7562329494,Phone,Enquiry,Resolved,03:33
SUPPORT,SUP001634,SUP001634,2025-05-29 08:08:32,Katie Williamson,katie.williamson@gmail.com,+44 7931461929,Phone,Complaint,Resolved,15:48
SUPPORT,SUP001635,SUP001635,2025-05-29 09:02:51,Gordon Moore,gordon.moore@gmail.com,+44 7723323607,Email,Accessibility,Open,
SUPPORT,SUP001636,SUP001636,2025-05-29 09:45:35,Eileen Hartley,eileen.ahrtley@hotmail.com,+44 7557778817,Email,Refund request,Resolved,14:57
SUPPORT,SUP001637,SUP001637,2025-05-29 10:06:08,Megan Pickering,megan.pickering@aol.com,,Email,Accessibility,Resolved,08:58
SUPPORT,SUP001638,SUP001638,2025-05-29 11:37:12,Alice Harrison,,+44 7843628116,Phone,Enquiry,Resolved,05:10
SUPPORT,SUP001639,SUP001639,2025-05-29 11:59:53,Brian Nolan,brian.nolan@yahoo.com,+44 7172258700,Email,Complaint,Resolved,08:10
SUPPORT,SUP001640,SUP001640,2025-05-29 13:48:03,Dale Lane,dale.lane@msn.com,+44 7145754342,Email,Complaint,Resolved,28:25
SUPPORT,SUP001641,SUP001641,2025-05-29 13:58:07,Harriet Todd,harriet.todd@hotmail.com,+44 7844104336,Phone,Accessibility,Resolved,07:24
SUPPORT,SUP001642,SUP001642,2025-05-29 20:18:56,Maira Collier,maria.collier@gmail.com,+44 7707586482,Email,Complaint,Resolved,11:20
SUPPORT,SUP001643,SUP001643,2025-05-29 21:02:21,Julie Wood,julie.wood@hotmail.com,+44 7807148186,Email,Refund request,Resolved,07:49
SUPPORT,SUP001644,SUP001644,2025-05-30 01:30:30,Billy Thomas,,+44 7038216594,Phone,Enquiry,Resolved,02:07
SUPPORT,SUP001645,SUP001645,2025-05-30 05:12:44,Glen Mills,glen.mills@hotmail.fr,+44 7870532017,Email,Refund request,Open,
SUPPORT,SUP001646,SUP001646,2025-05-30 06:58:08,Thomas Wood,thomas.wood@gmail.com,+44 7783575099,Email,Refund request,Resolved,17:04
SUPPORT,SUP001647,SUP001647,2025-05-30 07:47:43,Sheila Daniels,sheila.daniels@yahoo.com,+44 7925120118,Email,Enquiry,Resolved,05:13
SUPPORT,SUP001648,SUP001648,2025-05-30 08:22:22,Charlie Kay,,+44 7756143794,Phone,Complaint,Resolved,14:04
SUPPORT,SUP001649,SUP001649,2025-05-30 11:30:33,Aaron Armstrong,aaron.armstrong@gmail.com,,Email,Refund request,Resolved,13:53
SUPPORT,SUP001650,SUP001650,2025-05-30 11:37:37,Ryan Russell,ryan.russell@yahoo.com,,Email,Refund request,Resolved,40:35
SUPPORT,SUP001651,SUP001651,2025-05-30 14:00:31,Brian Nolan,brian.nolan@yahoo.com,,Email,Refund request,Open,
SUPPORT,SUP001652,SUP001652,2025-05-30 16:14:43,Shirley Fox,shirley.fox@hotmail.com,+44 7839877084,Phone,Enquiry,Open,
SUPPORT,SUP001653,SUP001653,2025-05-30 16:23:04,Gerard Andrews,gerard.andrews@hotmail.com,+44 7166350027,Email,Complaint,Resolved,15:20
SUPPORT,SUP001654,SUP001654,2025-05-30 21:49:36,Daniel Harrison,daniel.harrison@gmail.com,+44 7035509071,Email,Accessibility,Resolved,20:35
SUPPORT,SUP001655,SUP001655,2025-05-31 00:44:53,Gary Ellis,gary.ellis@hotmail.fr,+44 7824766950,Email,Complaint,Open,
SUPPORT,SUP001656,SUP001656,2025-05-31 05:42:05,Karl Lawson,karl.lawson@yahoo.com,+44 7312133645,Email,Complaint,Resolved,12:20
SUPPORT,SUP001657,SUP001657,2025-05-31 06:10:45,Marilyn Renyolds,,+44 7724196779,Phone,Refund request,Resolved,14:52
SUPPORT,SUP001658,SUP001658,2025-05-31 08:18:23,Trevor Dale,trevor.dale@gmail.com,,Email,Enquiry,Resolved,04:20
SUPPORT,SUP001659,SUP001659,2025-05-31 08:26:40,Phillip Tucker,phillip.tucker@hotmail.com,,Email,Complaint,Resolved,20:43
SUPPORT,SUP001660,SUP001660,2025-05-31 13:48:37,Diana O'Brien,diana.obrien@yahoo.fr,+44 7843159653,Phone,Refund request,Resolved,25:04
SUPPORT,SUP001661,SUP001661,2025-05-31 14:14:51,Sara Burns,sara.burns@gmail.com,,Email,Complaint,Resolved,22:01
SUPPORT,SUP001662,SUP001662,2025-05-31 15:05:49,Elaine Young,,+44 7180950989,Phone,Complaint,Resolved,39:33
SUPPORT,SUP001663,SUP001663,2025-05-31 16:22:27,Georgia Lees,goergia.lees@gmail.com,+44 7886593972,Phone,Accessibility,Resolved,15:45
SUPPORT,SUP001664,SUP001664,2025-05-31 16:54:07,Donald Heath,donald.heath@gmail.com,,Email,Accessibility,Resolved,10:39
SUPPORT,SUP001665,SUP001665,2025-06-01 01:00:05,Sheila Kelly,sheila.kelly@yahoo.com,,Email,Refund request,Resolved,19:36
SUPPORT,SUP001666,SUP001666,2025-06-01 03:17:21,Lauren Faulkner,lauren.faulkner@yahoo.com,+44 7485413475,Email,Complaint,Resolved,25:29
SUPPORT,SUP001667,SUP001667,2025-06-01 05:39:00,Stephanie Smith,stephanie.smith@yahoo.com,+44 7532458314,Email,Enquiry,Resolved,06:04
SUPPORT,SUP001668,SUP001668,2025-06-01 06:26:51,Russell Watkins,russell.watkin@yahoo.com,+44 7926756523,Email,Enquiry,Resolved,00:57
SUPPORT,SUP001669,SUP001669,2025-06-01 06:42:36,Owen Hicks,owen.hciks@hotmail.com,+44 7738004408,Email,Complaint,Resolved,64:03
SUPPORT,SUP001670,SUP001670,2025-06-01 07:08:12,Alan Power,alan.power@yahoo.com,+44 7250966003,Phone,Complaint,Resolved,24:26
SUPPORT,SUP001671,SUP001671,2025-06-01 08:28:58,Peter Hudson,peter.hudson@gmail.com,+44 7408925021,Phone,Refund request,Open,
SUPPORT,SUP001672,SUP001672,2025-06-01 09:30:46,Gail Tyler,gail.tyler@yahoo.com,+44 7277387466,Email,Enquiry,Resolved,06:04
SUPPORT,SUP001673,SUP001673,2025-06-01 09:31:32,John Owens,john.owens@hotmail.co.uk,,Email,Refund request,Resolved,10:51
SUPPORT,SUP001674,SUP001674,2025-06-01 10:38:14,Joel Barrett,joel.barrett@gmail.com,+44 7942726890,Email,Complaint,Resolved,14:45
SUPPORT,SUP001675,SUP001675,2025-06-01 12:40:10,Kathleen Hodgson,kathleen.hodgson@msn.com,+44 7050130724,Phone,Accessibility,Resolved,06:52
SUPPORT,SUP001676,SUP001676,2025-06-01 17:08:36,Declan Sharp,declan.sharp@hotmail.com,+44 7744846519,Email,Accessibility,Open,
SUPPORT,SUP001677,SUP001677,2025-06-01 17:16:40,Sophie Barrett,sophie.barrett@gmail.com,,Email,Refund request,Resolved,12:13
SUPPORT,SUP001678,SUP001678,2025-06-01 18:40:31,Diana James,diana.james@yahoo.com,+44 7217139979,Email,Accessibility,Resolved,07:38
SUPPORT,SUP001679,SUP001679,2025-06-01 19:11:47,Oliver Buckley,oliver.buckley@yahoo.com,+44 7413937053,Phone,Enquiry,Open,
SUPPORT,SUP001680,SUP001680,2025-06-02 00:29:33,Gregory Banks,gregory.banks@yahoo.com,+44 7828478792,Phone,Accessibility,Resolved,17:34
SUPPORT,SUP001681,SUP001681,2025-06-02 07:13:01,Emily Summers,emily.summers@gmail.com,,Email,Enquiry,Open,
SUPPORT,SUP001682,SUP001682,2025-06-02 07:14:05,Patricia Webb,patricia.webb@hotmail.com,+44 7533778577,Email,Complaint,Resolved,16:30
SUPPORT,SUP001683,SUP001683,2025-06-02 08:41:20,Mohammad Burgess,mohammad.burgess@yahoo.com,+44 7532093991,Email,Accessibility,Resolved,07:50
SUPPORT,SUP001684,SUP001684,2025-06-02 09:52:08,Georgia Burns,,+44 7021498280,Phone,Refund request,Resolved,10:24
SUPPORT,SUP001685,SUP001685,2025-06-02 12:59:47,Adam Mitchell,adam.mithcell@yahoo.fr,+44 7880921684,Email,Complaint,Resolved,18:15
SUPPORT,SUP001686,SUP001686,2025-06-02 13:25:31,Mohammed Moss,mohammed.moss@aol.com,+44 7884030551,Phone,Refund request,Resolved,05:45
SUPPORT,SUP001687,SUP001687,2025-06-02 15:37:02,Dylan Bailey,dylan.bailey@hotmail.com,,Email,Refund request,Resolved,36:57
SUPPORT,SUP001688,SUP001688,2025-06-02 16:17:49,Glen Walker,glen.walker@yahoo.com,+44 7886643353,Phone,Accessibility,Resolved,21:43
SUPPORT,SUP001689,SUP001689,2025-06-02 23:31:38,Lesley Woods,,+44 7718087249,Phone,Accessibility,Resolved,05:31
SUPPORT,SUP001690,SUP001690,2025-06-03 00:48:38,Leonard King,leonard.king@gmail.com,+44 7635427117,Email,Refund request,Resolved,26:02
SUPPORT,SUP001691,SUP001691,2025-06-03 01:23:52,Geraldine Powell,geraldine.powell@hotmail.com,+44 7799867808,Phone,Enquiry,Resolved,33:07
SUPPORT,SUP001692,SUP001692,2025-06-03 02:02:04,Elaine Young,elaine.young@hotmail.com,+44 7180950989,Phone,Complaint,Open,
SUPPORT,SUP001693,SUP001693,2025-06-03 02:13:48,Darren Wilson,darren.wilson@yahoo.com,,Email,Enquiry,Resolved,13:19
SUPPORT,SUP001694,SUP001694,2025-06-03 03:00:40,Tony Hall,tony.hall@yahoo.com,+44 7990008220,Email,Enquiry,Resolved,02:34
SUPPORT,SUP001695,SUP001695,2025-06-03 03:37:18,Leslie Martin,leslie.martin@hotmail.com,,Email,Complaint,Resolved,70:27
SUPPORT,SUP001696,SUP001696,2025-06-03 05:23:07,Gemma Webter,gemma.webster@yahoo.com,+44 7941161061,Phone,Refund request,Resolved,34:36
SUPPORT,SUP001697,SUP001697,2025-06-03 06:08:08,Irene Davis,irene.davis@gmail.com,+44 7710557456,Phone,Refund request,Resolved,04:21
SUPPORT,SUP001698,SUP001698,2025-06-03 06:30:52,Raymond Davidson,raymond.davidson@yahoo.com,+44 7550352946,Email,Refund request,Resolved,16:39
SUPPORT,SUP001699,SUP001699,2025-06-03 07:58:42,Lynn Turner,lynn.turner@yahoo.com,,Email,Complaint,Resolved,45:17
SUPPORT,SUP001700,SUP001700,2025-06-03 09:27:54,Emma Jones,emma.jones@gmail.com,+44 7645720021,Email,Accessibility,Resolved,21:46
SUPPORT,SUP001701,SUP001701,2025-06-03 10:51:14,Alexander Harvey,alexander.havrey@yahoo.com,+44 7813170423,Email,Enquiry,Open,
SUPPORT,SUP001702,SUP001702,2025-06-03 11:11:11,Barbara Patel,barbara.patel@aol.com,,Email,Enquiry,Resolved,04:10
SUPPORT,SUP001703,SUP001703,2025-06-03 12:10:06,Janet Wright,janet.wright@gmail.com,+44 7203305007,Email,Complaint,Resolved,29:01
SUPPORT,SUP001704,SUP001704,2025-06-03 13:14:12,Lee Griffiths,lee.griffiths@hotmail.com,+44 7737683389,Email,Complaint,Open,
SUPPORT,SUP001705,SUP001705,2025-06-03 14:47:13,Ruth Hawkins,ruth.hawkins@gmail.com,,Email,Complaint,Resolved,37:09
SUPPORT,SUP001706,SUP001706,2025-06-03 15:35:47,TerryWalker,terry.walker@yahoo.com,+44 7587009915,Email,Refund request,Resolved,23:14
SUPPORT,SUP001707,SUP001707,2025-06-03 17:30:06,Lynne Lewis,lynne.lewis@gmail.com,+44 7563647121,Email,Refund request,Resolved,14:52
SUPPORT,SUP001708,SUP001708,2025-06-03 17:33:55,Jade Carter,jade.carter@hotmail.com,+44 7954550626,Email,Complaint,Resolved,07:33
SUPPORT,SUP001709,SUP001709,2025-06-03 18:00:18,Duncan Mills,duncan.mills@hotmail.com,+44 7992449040,Email,Complaint,Resolved,29:55
SUPPORT,SUP001710,SUP001710,2025-06-03 18:04:46,Mark Stokes,mark.stokes@yahoo.com,,Email,Enquiry,Resolved,08:02
SUPPORT,SUP001711,SUP001711,2025-06-03 19:15:57,Jemma Wallis,,+44 7448771577,Phone,Complaint,Resolved,07:10
SUPPORT,SUP001712,SUP001712,2025-06-03 22:53:17,Francesca Sims,francesca.sims@gmail.com,+44 7712101144,Phone,Accessibility,Open,
SUPPORT,SUP001713,SUP001713,2025-06-03 23:43:50,Bryan Barrett,bryan.barrett2@yahoo.com,+44 7186909537,Email,Complaint,Resolved,03:39
SUPPORT,SUP001714,SUP001714,2025-06-04 00:50:14,Kathleen Davey,kathleen.davey@yahoo.com,+44 7178895691,Email,Enquiry,Resolved,03:52
SUPPORT,SUP001715,SUP001715,2025-06-04 04:54:11,Stanley Parker,,+44 7188437815,Phone,Enquiry,Open,
SUPPORT,SUP001716,SUP001716,2025-06-04 06:06:15,Debra Herbert,debra.herbert@gmail.com,+44 7102098874,Phone,Enquiry,Resolved,04:11
SUPPORT,SUP001717,SUP001717,2025-06-04 07:41:03,Janet Ball,janet.ball@yahoo.com,+44 7992860276,Email,Refund request,Resolved,20:50
SUPPORT,SUP001718,SUP001718,2025-06-04 07:43:00,Eric Webster,,+44 7647045429,Phone,Enquiry,Resolved,04:15
SUPPORT,SUP001719,SUP001719,2025-06-04 08:20:29,Julian Davison,julian.davison@yahoo.com,+44 7087817251,Email,Accessibility,Open,
SUPPORT,SUP001720,SUP001720,2025-06-04 09:01:38,Naomi Harris,naomi.harris@yahoo.com,+44 7532290138,Email,Enquiry,Resolved,00:18
SUPPORT,SUP001721,SUP001721,2025-06-04 09:31:31,Mohammad Williams,mohammad.williams@yahoo.com,+44 7421134189,Phone,Refund request,Resolved,13:17
SUPPORT,SUP001722,SUP001722,2025-06-04 12:59:43,Albert Lawson,albert.lawson@yahoo.com,+44 7462939297,Email,Enquiry,Resolved,03:48
SUPPORT,SUP001723,SUP001723,2025-06-04 13:14:44,Daniel Rowley,daniel.rowley@yahoo.com,+44 7356754882,Email,Accessibility,Open,
SUPPORT,SUP001724,SUP001724,2025-06-04 13:22:46,Eric Hooper,eric.hooper@msn.com,+44 7768964425,Email,Accessibility,Resolved,23:23
SUPPORT,SUP001725,SUP001725,2025-06-04 14:00:05,Damian Thompson,damian.thompson@hotmail.com,,Email,Accessibility,Resolved,09:02
SUPPORT,SUP001726,SUP001726,2025-06-04 17:32:10,Joel Mitchell,joel.mitchell@yahoo.com,+44 7260079923,Email,Accessibility,Resolved,42:23
SUPPORT,SUP001727,SUP001727,2025-06-04 18:37:59,Liam Khan,liam.khan@hotmail.com,+44 7294275723,Phone,Refund request,Resolved,10:14
SUPPORT,SUP001728,SUP001728,2025-06-04 18:38:37,Donald Ahmed,donald.ahmed@gmail.com,,Email,Refund request,Resolved,03:26
SUPPORT,SUP001729,SUP001729,2025-06-04 20:06:17,Lawrence Brown,lawrence.brown@gmail.com,,Email,Accessibility,Resolved,19:21
SUPPORT,SUP001730,SUP001730,2025-06-04 21:04:45,Marion Miles,marion.miles@aol.com,+44 7899712933,Email,Accessibility,Resolved,15:33
SUPPORT,SUP001731,SUP001731,2025-06-04 22:15:02,Rita Brown,,+44 7029252924,Phone,Complaint,Resolved,30:29
SUPPORT,SUP001732,SUP001732,2025-06-05 05:35:57,Francesca Kaur,,+44 7935253747,Phone,Accessibility,Resolved,22:00
SUPPORT,SUP001733,SUP001733,2025-06-05 08:15:48,Joseph Hill,joseph.hill@aol.com,+44 7062316554,Email,Accessibility,Resolved,24:11
SUPPORT,SUP001734,SUP001734,2025-06-05 09:06:36,Mathew Thomson,mathew.thomson@hotmail.com,,Email,Enquiry,Resolved,03:47
SUPPORT,SUP001735,SUP001735,2025-06-05 13:23:22,Dylan Powell,dylan.powell@hotmail.com,+44 7704433591,Phone,Complaint,Resolved,31:13
SUPPORT,SUP001736,SUP001736,2025-06-05 18:34:41,Pamela Taylor,pamela.taylor@yahoo.com,+44 7525165361,Email,Refund request,Resolved,27:27
SUPPORT,SUP001737,SUP001737,2025-06-05 19:28:26,Beth Hutchinson,beth.hutchinson@hotmail.com,+44 7529196975,Phone,Refund request,Open,
SUPPORT,SUP001738,SUP001738,2025-06-05 21:16:32,Stephen King,stephen.king@aol.com,,Email,Refund request,Resolved,18:13
SUPPORT,SUP001739,SUP001739,2025-06-06 03:29:08,Hollie Elliott,hollie.elliott@hotmail.com,,Email,Accessibility,Resolved,10:42
SUPPORT,SUP001740,SUP001740,2025-06-06 03:40:54,Marc Hartley,mar.chartley@gmail.com,+44 7281468570,Email,Refund request,Resolved,25:53
SUPPORT,SUP001741,SUP001741,2025-06-06 04:01:13,Robin Sanderson,robin.sanderson@hotmail.com,+44 7082904412,Email,Accessibility,Resolved,23:12
SUPPORT,SUP001742,SUP001742,2025-06-06 08:43:09,Clive Singh,clive.singh@gmail.com,+44 7594211925,Phone,Enquiry,Resolved,14:13
SUPPORT,SUP001743,SUP001743,2025-06-06 16:14:02,Brenda Stevens,brenda.stevens@yahoo.com,+44 7554846535,Email,Refund request,Resolved,08:31
SUPPORT,SUP001744,SUP001744,2025-06-06 16:37:32,Daniel Hughes,,+44 7901954463,Phone,Enquiry,Resolved,11:16
SUPPORT,SUP001745,SUP001745,2025-06-06 17:53:59,Lynda Noble,lynda.noble@yahoo.com,,Email,Enquiry,Resolved,01:17
SUPPORT,SUP001746,SUP001746,2025-06-06 18:14:53,Chritsopher Steele,christopher.steele@yahoo.com,,Email,Enquiry,Open,
SUPPORT,SUP001747,SUP001747,2025-06-06 19:01:40,Adam Baxter,adam.baxter@yahoo.com,+44 7970225003,Email,Refund request,Resolved,05:19
SUPPORT,SUP001748,SUP001748,2025-06-06 20:18:38,Ross Gardiner,ross.gardiner@hotmail.com,,Email,Complaint,Resolved,72:00
SUPPORT,SUP001749,SUP001749,2025-06-06 22:15:37,Brett Clarke,,+44 7679022481,Phone,Enquiry,Resolved,00:38
SUPPORT,SUP001750,SUP001750,2025-06-07 01:09:53,Michelle Turner,michelle.turner@yahoo.com,,Email,Enquiry,Resolved,03:43
SUPPORT,SUP001751,SUP001751,2025-06-07 04:06:18,GemmaS ingh,gemma.singh@gmail.com,+44 7275402551,Email,Accessibility,Open,
SUPPORT,SUP001752,SUP001752,2025-06-07 07:49:37,Jennifer Price,jennifer.price@gmail.com,+44 7521079039,Email,Enquiry,Resolved,10:21
SUPPORT,SUP001753,SUP001753,2025-06-07 11:32:52,Kyle Johnson,kyle.johnson@yahoo.com,+44 7525911371,Email,Accessibility,Resolved,04:50
SUPPORT,SUP001754,SUP001754,2025-06-07 12:37:37,Jonathan Jones,jonathan.jones@hotmail.com,,Email,Accessibility,Resolved,09:55
SUPPORT,SUP001755,SUP001755,2025-06-07 12:52:51,Neil Walton,neil.walton@yahoo.com,,Email,Refund request,Resolved,04:53
SUPPORT,SUP001756,SUP001756,2025-06-07 15:17:15,Damien Rose,damien.rose@gmail.com,,Email,Complaint,Resolved,07:40
SUPPORT,SUP001757,SUP001757,2025-06-07 15:29:06,Charlie Pearson,charlie.pearson@hotmail.com,,Email,Refund request,Resolved,15:27
SUPPORT,SUP001758,SUP001758,2025-06-07 16:12:11,Lucy Johnson,lucy.johnson@yahoo.com,,Email,Complaint,Resolved,11:30
SUPPORT,SUP001759,SUP001759,2025-06-07 16:14:46,Reece James,reece.james@aol.com,+44 7512373847,Phone,Enquiry,Resolved,05:53
SUPPORT,SUP001760,SUP001760,2025-06-07 16:27:35,Lawrence Robinson,lawrence.robinson@hotmail.com,+44 7729342886,Phone,Refund request,Resolved,38:06
SUPPORT,SUP001761,SUP001761,2025-06-07 16:57:01,Mohamed Hall,mohamed.hall@aol.com,+44 7739831093,Phone,Refund request,Resolved,01:10
SUPPORT,SUP001762,SUP001762,2025-06-07 17:58:02,Georgina Wells,georgina.wells@yahoo.com,+44 7093539985,Email,Enquiry,Open,
SUPPORT,SUP001763,SUP001763,2025-06-07 20:24:58,Garry Hill,garry.hill@hotmail.com,+44 7610716931,Email,Accessibility,Resolved,04:38
SUPPORT,SUP001764,SUP001764,2025-06-07 20:53:10,Jay Campbell,jay.campbell2@gmail.com,+44 7097095091,Email,Accessibility,Open,
SUPPORT,SUP001765,SUP001765,2025-06-07 21:11:50,Geoffre Jones,geoffrey.jones@hotmail.com,,Email,Complaint,Resolved,05:56
SUPPORT,SUP001766,SUP001766,2025-06-07 22:11:49,Jane Wheeler,jane.wheeler@yahoo.com,+44 7329736462,Phone,Accessibility,Resolved,01:16
SUPPORT,SUP001767,SUP001767,2025-06-07 23:50:46,Garry Davies,garry.davies@aol.com,+44 7186818660,Email,Refund request,Resolved,04:11
SUPPORT,SUP001768,SUP001768,2025-06-08 00:15:51,Richard Wilkinson,richard.wilkinson@gmail.com,+44 7695435135,Phone,Refund request,Resolved,11:50
SUPPORT,SUP001769,SUP001769,2025-06-08 00:23:10,Abigail Palmer,,+44 7064134515,Phone,Complaint,Resolved,39:47
SUPPORT,SUP001770,SUP001770,2025-06-08 00:37:27,Danny Pollard,danny.pollard@yahoo.com,+44 7667582267,Phone,Refund request,Resolved,08:58
SUPPORT,SUP001771,SUP001771,2025-06-08 00:38:35,Matthew Woods,matthew.woods@gmail.com,+44 7179721272,Email,Refund request,Resolved,40:59
SUPPORT,SUP001772,SUP001772,2025-06-08 04:07:44,Garry Murphy,garry.murphy@hotmail.com,+44 7346489747,Phone,Accessibility,Resolved,08:47
SUPPORT,SUP001773,SUP001773,2025-06-08 04:37:56,Nathan Wall,nathan.wall@yahoo.com,+44 7841086490,Phone,Accessibility,Resolved,03:49
SUPPORT,SUP001774,SUP001774,2025-06-08 05:18:01,Max Wright,max.wright@hotmail.com,+44 7076652551,Phone,Enquiry,Open,
SUPPORT,SUP001775,SUP001775,2025-06-08 07:09:51,Norman Thomas,norman.thomas@hotmail.com,+44 7594095986,Email,Complaint,Open,
SUPPORT,SUP001776,SUP001776,2025-06-08 12:12:23,Alexander Harvey,alexander.harvey@yahoo.com,+44 7813170423,Phone,Refund request,Resolved,21:01
SUPPORT,SUP001777,SUP001777,2025-06-08 14:09:11,Christine Jones,,+44 7950412807,Phone,Enquiry,Resolved,04:10
SUPPORT,SUP001778,SUP001778,2025-06-08 14:49:33,Francesca Green,francesca.green@hotmail.com,,Email,Enquiry,Resolved,02:04
SUPPORT,SUP001779,SUP001779,2025-06-08 15:23:42,Terry Mills,terry.mills@yahoo.com,+44 7293375172,Phone,Accessibility,Resolved,06:31
SUPPORT,SUP001780,SUP001780,2025-06-08 17:16:52,Katherine Holden,katherine.holden@wanadoo.fr,+44 7301296838,Email,Accessibility,Open,
SUPPORT,SUP001781,SUP001781,2025-06-09 03:30:19,Janet Johnson,janet.johnson@hotmail.com,+44 7204904110,Email,Complaint,Open,
SUPPORT,SUP001782,SUP001782,2025-06-09 04:29:55,Kenneth Slater,kenneth.slater@yahoo.com,,Email,Refund request,Resolved,39:45
SUPPORT,SUP001783,SUP001783,2025-06-09 05:00:50,Dylan Heath,dylan.heath@gmail.com,,Email,Refund request,Resolved,03:25
SUPPORT,SUP001784,SUP001784,2025-06-09 05:16:32,Robin Hanson,robin.hanson@gmail.com,+44 7056582403,Phone,Refund request,Resolved,37:37
SUPPORT,SUP001785,SUP001785,2025-06-09 07:26:42,Amy Murray,,+44 7070968452,Phone,Refund request,Resolved,34:22
SUPPORT,SUP001786,SUP001786,2025-06-09 09:54:39,Ashleigh Slater,ashleigh.slater@yahoo.com,+44 7600549262,Email,Refund request,Resolved,39:18
SUPPORT,SUP001787,SUP001787,2025-06-09 15:20:48,Alex Williams,alex.williams@yahoo.com,+44 7133144394,Email,Refund request,Open,
SUPPORT,SUP001788,SUP001788,2025-06-09 16:56:00,Alice Berry,alice.berry@hotmail.com,+44 7458560642,Email,Accessibility,Resolved,02:31
SUPPORT,SUP001789,SUP001789,2025-06-09 18:53:34,Zoe Pearce,zoe.pearce@gmail.com,+44 7704323721,Email,Refund request,Open,
SUPPORT,SUP001790,SUP001790,2025-06-09 19:13:25,Lawrence heeler,lawrence.wheeler@gmail.com,,Email,Refund request,Resolved,05:35
SUPPORT,SUP001791,SUP001791,2025-06-10 04:22:54,Allan Powell,allan.powell@yahoo.com,+44 7014291451,Email,Enquiry,Resolved,04:18
SUPPORT,SUP001792,SUP001792,2025-06-10 08:13:40,Janet Spencer,janet.spencer@yahoo.com,+44 7681799911,Phone,Enquiry,Resolved,04:21
SUPPORT,SUP001793,SUP001793,2025-06-10 10:18:54,Paul Holden,paul.holden@hotmail.com,+44 7756777035,Email,Complaint,Resolved,18:32
SUPPORT,SUP001794,SUP001794,2025-06-10 11:25:31,Ross Hall,ross.hall@yahoo.com,,Email,Accessibility,Resolved,18:51
SUPPORT,SUP001795,SUP001795,2025-06-10 14:37:22,Alan Watts,alan.watts@yahoo.com,+44 7122161579,Email,Refund request,Resolved,06:56
SUPPORT,SUP001796,SUP001796,2025-06-10 19:15:46,Carolyn Chapman,carolyn.chapman@orange.fr,+44 7927504015,Email,Refund request,Resolved,24:05
SUPPORT,SUP001797,SUP001797,2025-06-10 21:12:18,Arthur Clarke,arthur.clarke@yahoo.com,,Email,Complaint,Resolved,18:31
SUPPORT,SUP001798,SUP001798,2025-06-11 01:17:45,Hannah Thompson,hannah.thompson@yahoo.com,+44 7956578062,Phone,Refund request,Resolved,10:13
SUPPORT,SUP001799,SUP001799,2025-06-11 02:31:22,Wayne Harrison,awyne.harrison@gmail.com,+44 7532147447,Email,Complaint,Resolved,03:57
SUPPORT,SUP001800,SUP001800,2025-06-11 06:10:27,Max Moore,max.moore@yahoo.com,+44 7017521494,Email,Refund request,Resolved,43:33
SUPPORT,SUP001801,SUP001801,2025-06-11 13:00:39,Liam Johnston,liam.johnston@hotmail.com,,Email,Complaint,Resolved,45:52
SUPPORT,SUP001802,SUP001802,2025-06-11 13:28:02,Lorraine Stokes,lorraine.stokes@yahoo.com,+44 7938993634,Email,Complaint,Resolved,03:29
SUPPORT,SUP001803,SUP001803,2025-06-11 15:35:41,Shannon Armstrong,shannon.armstrong@yahoo.com,+44 7689898188,Phone,Enquiry,Resolved,07:19
SUPPORT,SUP001804,SUP001804,2025-06-11 16:25:52,Lee Holland,lee.holland@hotmail.com,,Email,Refund request,Resolved,13:10
SUPPORT,SUP001805,SUP001805,2025-06-11 18:11:39,Amber Hughes,amber.hughes@yahoo.com,+44 7263071587,Phone,Refund request,Resolved,02:56
SUPPORT,SUP001806,SUP001806,2025-06-11 21:20:28,Lynda Willis,lynda.willis@hotmail.com,+44 7418934165,Email,Enquiry,Resolved,11:08
SUPPORT,SUP001807,SUP001807,2025-06-11 23:43:29,Christian Parker,christian.parker@hotmail.com,,Email,Complaint,Resolved,26:10
SUPPORT,SUP001808,SUP001808,2025-06-12 00:13:12,Sara Smith,saar.smith@yahoo.com,+44 7884090807,Email,Refund request,Resolved,44:02
SUPPORT,SUP001809,SUP001809,2025-06-12 01:15:22,Dawn Ross,dawn.ross@hotmail.co.uk,+44 7896691003,Phone,Refund request,Resolved,05:50
SUPPORT,SUP001810,SUP001810,2025-06-12 01:43:58,Max Cook,max.cook@hotmail.com,+44 7500588448,Email,Enquiry,Resolved,05:54
SUPPORT,SUP001811,SUP001811,2025-06-12 07:17:59,Caroline Mills,,+44 7268113007,Phone,Enquiry,Open,
SUPPORT,SUP001812,SUP001812,2025-06-12 10:22:03,Sheila Wong,sheila.wong@msn.com,+44 7472152276,Email,Enquiry,Resolved,09:04
SUPPORT,SUP001813,SUP001813,2025-06-12 14:58:55,Tracey Andrews,tracey.andrews@gmail.com,+44 7720992086,Email,Enquiry,Resolved,09:46
SUPPORT,SUP001814,SUP001814,2025-06-12 17:14:57,Cameron Robrts,,+44 7192524334,Phone,Enquiry,Open,
SUPPORT,SUP001815,SUP001815,2025-06-12 19:39:30,Lynne Lewis,lynne.lewis@gmail.com,+44 7563647121,Email,Accessibility,Resolved,01:18
SUPPORT,SUP001816,SUP001816,2025-06-12 20:41:40,Mohammad Williams,mohammad.williams@gmail.com,+44 7336921579,Email,Accessibility,Resolved,07:06
SUPPORT,SUP001817,SUP001817,2025-06-12 21:15:21,Anne Brown,,+44 7474172320,Phone,Complaint,Open,
SUPPORT,SUP001818,SUP001818,2025-06-12 21:26:06,Russell Shah,russell.shah@hotmail.com,+44 7448357757,Phone,Complaint,Resolved,44:38
SUPPORT,SUP001819,SUP001819,2025-06-13 00:05:16,Kenneth Slater,kenneth.slater@yahoo.com,+44 7362160463,Phone,Accessibility,Resolved,18:57
SUPPORT,SUP001820,SUP001820,2025-06-13 00:13:52,Charlene Gibbs,,+44 7418843337,Phone,Refund request,Resolved,16:44
SUPPORT,SUP001821,SUP001821,2025-06-13 00:29:28,Victor Harris,victor.harris@gmail.com,+44 7510989195,Phone,Accessibility,Resolved,10:45
SUPPORT,SUP001822,SUP001822,2025-06-13 02:20:19,Pamela Collins,pamela.collins@hotmail.com,+44 7634771333,Email,Enquiry,Resolved,15:47
SUPPORT,SUP001823,SUP001823,2025-06-13 05:29:10,Holly Mitchell,,+44 7665921346,Phone,Refund request,Resolved,13:35
SUPPORT,SUP001824,SUP001824,2025-06-13 09:16:16,Lee Pooe,,+44 7759112291,Phone,Enquiry,Resolved,03:23
SUPPORT,SUP001825,SUP001825,2025-06-13 10:48:39,Damian Jones,damian.jones@hotmail.com,,Email,Accessibility,Resolved,09:48
SUPPORT,SUP001826,SUP001826,2025-06-13 12:09:11,Dylan Baker,dylan.baker@yahoo.com,+44 7953907398,Email,Accessibility,Resolved,13:08
SUPPORT,SUP001827,SUP001827,2025-06-13 13:55:26,Leanne Knight,leanne.knight@gmail.com,,Email,Enquiry,Resolved,08:29
SUPPORT,SUP001828,SUP001828,2025-06-13 14:03:14,Joanne Fox,joanne.fox@yahoo.fr,,Email,Enquiry,Resolved,05:48
SUPPORT,SUP001829,SUP001829,2025-06-13 15:52:25,Mary Ward,mary.ward@orange.fr,,Email,Complaint,Resolved,22:34
SUPPORT,SUP001830,SUP001830,2025-06-13 23:24:56,Jason Turner,jason.turner@hotmail.com,+44 7149711977,Email,Accessibility,Resolved,14:37
SUPPORT,SUP001831,SUP001831,2025-06-14 00:06:54,John Young,john.young@hotmail.com,+44 7770699556,Email,Refund request,Open,
SUPPORT,SUP001832,SUP001832,2025-06-14 00:29:19,Geoffrey Nolan,geoffrey.nolan@hotmail.com,+44 7646381826,Phone,Refund request,Open,
SUPPORT,SUP001833,SUP001833,2025-06-14 01:58:25,Hollie Wall,,+44 7009853265,Phone,Enquiry,Resolved,05:31
SUPPORT,SUP001834,SUP001834,2025-06-14 03:38:37,Heather Thorpe,heather.thope@hotmail.co.uk,+44 7866199805,Email,Enquiry,Open,
SUPPORT,SUP001835,SUP001835,2025-06-14 13:55:18,Craig Birch,craig.birch@hotmail.com,,Email,Enquiry,Resolved,13:27
SUPPORT,SUP001836,SUP001836,2025-06-14 15:22:36,Bryan Benson,bryan.benson@yahoo.com,+44 7686238458,Email,Enquiry,Resolved,07:10
SUPPORT,SUP001837,SUP001837,2025-06-14 16:29:13,Amanda Wright,amanda.wright@hotmail.com,+44 7555867106,Email,Accessibility,Resolved,26:27
SUPPORT,SUP001838,SUP001838,2025-06-14 20:17:03,Abbie Bell,abbie.bell@yahoo.com,+44 7961601080,Email,Enquiry,Resolved,04:50
SUPPORT,SUP001839,SUP001839,2025-06-14 20:22:44,Aimee Clark,aimee.clark@gmail.com,+44 7723741360,Phone,Refund request,Open,
SUPPORT,SUP001840,SUP001840,2025-06-14 23:02:02,Alexandra John,alexandra.john@yahoo.com,,Email,Complaint,Resolved,13:43
SUPPORT,SUP001841,SUP001841,2025-06-14 23:02:56,Eric Hooper,eric.hooper@msn.com,+44 7768964425,Email,Refund request,Resolved,13:07
SUPPORT,SUP001842,SUP001842,2025-06-15 00:38:59,Naomi Simpson,,+44 7131150543,Phone,Refund request,Resolved,22:43
SUPPORT,SUP001843,SUP001843,2025-06-15 00:46:18,Owen Williams,owen.williams@gmail.com,+44 7408858648,Phone,Complaint,Resolved,09:53
SUPPORT,SUP001844,SUP001844,2025-06-15 01:49:56,Victor Stewart,victor.stewart@hotmail.com,,Email,Refund request,Resolved,20:31
SUPPORT,SUP001845,SUP001845,2025-06-15 01:50:47,Claire Phillips,claire.phillips@gmail.com,+44 7733105303,Phone,Refund request,Resolved,12:00
SUPPORT,SUP001846,SUP001846,2025-06-15 03:46:55,Joanna Riley,joanna.riley@yahoo.com,,Email,Refund request,Resolved,17:22
SUPPORT,SUP001847,SUP001847,2025-06-15 07:29:30,Diane Wallace,diane.wallace@yahoo.com,,Email,Enquiry,Resolved,11:39
SUPPORT,SUP001848,SUP001848,2025-06-15 10:04:42,Kerry Connor,kerry.connor@yahoo.com,+44 7462742203,Phone,Complaint,Resolved,23:28
SUPPORT,SUP001849,SUP001849,2025-06-15 11:08:27,Norman Grant,,+44 7695441455,Phone,Enquiry,Resolved,08:49
SUPPORT,SUP001850,SUP001850,2025-06-15 16:52:40,Robin Walker,robin.walker@yahoo.com,+44 7956949427,Email,Accessibility,Resolved,07:51
SUPPORT,SUP001851,SUP001851,2025-06-15 19:08:58,Barry Turnbull,barry.turnbull@yahoo.com,+44 7318407775,Email,Accessibility,Resolved,31:15
SUPPORT,SUP001852,SUP001852,2025-06-15 20:06:35,Arthur Vaughan,arthur.vaughan@hotmail.com,+44 7777969659,Email,Complaint,Resolved,16:34
SUPPORT,SUP001853,SUP001853,2025-06-15 21:15:48,Dylan Gill,dylan.gill@gmail.com,+44 7976808120,Email,Refund request,Resolved,22:02
SUPPORT,SUP001854,SUP001854,2025-06-16 03:16:52,Caroline Ford,caroline.ford@yahoo.com,+44 7166380444,Email,Complaint,Resolved,11:57
SUPPORT,SUP001855,SUP001855,2025-06-16 03:24:29,Carol Hancock,carol.hancock@yahoo.com,+44 7873454435,Email,Accessibility,Resolved,10:45
SUPPORT,SUP001856,SUP001856,2025-06-16 07:04:43,Carolyn Nicholson,,+44 7989450989,Phone,Refund request,Resolved,06:51
SUPPORT,SUP001857,SUP001857,2025-06-16 09:29:43,Darren Lawence,darren.lawrence@yahoo.com,+44 7867462721,Email,Complaint,Resolved,10:49
SUPPORT,SUP001858,SUP001858,2025-06-16 09:30:07,Harriet Parker,harriet.parker@gmail.com,+44 7790138725,Email,Enquiry,Resolved,03:01
SUPPORT,SUP001859,SUP001859,2025-06-16 10:49:25,Debra Hussain,debra.hussain@yahoo.com,+44 7888958588,Email,Enquiry,Resolved,01:41
SUPPORT,SUP001860,SUP001860,2025-06-16 11:14:26,Vanessa Hurst,vanessa.hurst@hotmail.com,+44 7733242385,Email,Complaint,Resolved,15:34
SUPPORT,SUP001861,SUP001861,2025-06-16 13:44:17,Leigh Hale,leigh.hale@gmail.com,+44 7945266606,Phone,Accessibility,Open,
SUPPORT,SUP001862,SUP001862,2025-06-16 14:07:39,Joyce Waters,joyce.waters@yahoo.com,+44 7247610374,Email,Enquiry,Resolved,00:08
SUPPORT,SUP001863,SUP001863,2025-06-16 15:57:04,Nathan Allan,nathan.allan@hotmail.com,+44 7693782568,Email,Refund request,Resolved,43:02
SUPPORT,SUP001864,SUP001864,2025-06-16 16:36:12,Maria Barber,maria.barber@yahoo.com,+44 7021434538,Email,Enquiry,Resolved,07:22
SUPPORT,SUP001865,SUP001865,2025-06-16 21:23:01,Charlie White,charlie.white@hotmail.com,+44 7456793947,Email,Enquiry,Resolved,05:10
SUPPORT,SUP001866,SUP001866,2025-06-16 21:52:04,Joe Edwards,joe.edwards@yahoo.com,+44 7443414198,Email,Refund request,Resolved,14:26
SUPPORT,SUP001867,SUP001867,2025-06-16 22:20:43,Amelia Hamilton,,+44 7793302034,Phone,Accessibility,Open,
SUPPORT,SUP001868,SUP001868,2025-06-16 23:11:51,Dorothy Pearce,dorothy.pearce@hotmail.com,+44 7218382101,Email,Enquiry,Resolved,02:13
SUPPORT,SUP001869,SUP001869,2025-06-17 02:53:01,Mitchell Wood,mitchell.wood@gmail.com,,Email,Refund request,Resolved,11:28
SUPPORT,SUP001870,SUP001870,2025-06-17 04:17:26,Guy Smith,guy.smith2@hotmail.com,,Email,Complaint,Resolved,17:41
SUPPORT,SUP001871,SUP001871,2025-06-17 05:02:43,Debra Smith,debra.smih@yahoo.com,,Email,Refund request,Resolved,10:29
SUPPORT,SUP001872,SUP001872,2025-06-17 07:56:50,Duncan Stephenson,duncan.stephenson@gmail.com,+44 7399915321,Email,Refund request,Resolved,22:49
SUPPORT,SUP001873,SUP001873,2025-06-17 09:21:13,Francesca Edwards,francesca.edwards@hotmail.com,+44 7511691775,Email,Enquiry,Open,
SUPPORT,SUP001874,SUP001874,2025-06-17 10:41:30,Olivia James,olivia.james@gmail.com,+44 7734429239,Phone,Accessibility,Resolved,04:37
SUPPORT,SUP001875,SUP001875,2025-06-17 17:05:34,Cheryl Brown,cheryl.brown@yahoo.com,+44 7564444117,Email,Refund request,Resolved,09:47
SUPPORT,SUP001876,SUP001876,2025-06-17 18:29:07,Alan Watts,alan.watts@yahoo.com,+44 7122661579,Phone,Refund request,Resolved,45:39
SUPPORT,SUP001877,SUP001877,2025-06-17 18:54:29,James Barnett,james.barnett@hotmail.com,+44 7085339159,Email,Enquiry,Resolved,05:20
SUPPORT,SUP001878,SUP001878,2025-06-17 21:54:57,Laura Powell,laura.powell@gmail.com,+44 7990812629,Email,Refund request,Resolved,07:14
SUPPORT,SUP001879,SUP001879,2025-06-17 23:07:55,Claire Smith,,+44 7250686405,Phone,Refund request,Resolved,33:00
SUPPORT,SUP001880,SUP001880,2025-06-18 00:01:42,Cameron Burton,cameron.burton@hotmail.com,+44 7223607361,Email,Accessibility,Resolved,09:44
SUPPORT,SUP001881,SUP001881,2025-06-18 05:22:54,Brenda Stevens,brenda.stevens@yahoo.com,+44 7554846536,Phone,Complaint,Resolved,33:35
SUPPORT,SUP001882,SUP001882,2025-06-18 07:58:47,Callum Elliott,callum.elliott@yahoo.com,,Email,Refund request,Resolved,05:26
SUPPORT,SUP001883,SUP001883,2025-06-18 08:49:42,Emily Jones,emily.jones@gmail.com,+44 7189806890,Email,Refund request,Resolved,28:00
SUPPORT,SUP001884,SUP001884,2025-06-18 16:18:52,Katie Farmer,katie.farmer@hotmail.com,+44 7571520165,Phone,Refund request,Resolved,07:29
SUPPORT,SUP001885,SUP001885,2025-06-18 18:29:04,Cameron Armstrong,cameron.armstrong@hotmail.com,+44 7004324597,Email,Refund request,Resolved,36:36
SUPPORT,SUP001886,SUP001886,2025-06-18 21:51:47,Teresa Stewart,teresa.stewart@hotmail.co.uk,+44 7959282271,Phone,Refund request,Open,
SUPPORT,SUP001887,SUP001887,2025-06-18 23:40:30,Jacob Thomas,jacob.thomas@gmail.com,+44 7453167365,Email,Complaint,Open,
SUPPORT,SUP001888,SUP001888,2025-06-19 00:46:24,Iain Jones,iain.jones@gmail.com,+44 7096394285,Email,Enquiry,Resolved,03:17
SUPPORT,SUP001889,SUP001889,2025-06-19 01:47:51,Amy Fisher,amy.fisher@hotmail.co.uk,+44 7723559353,Email,Complaint,Resolved,04:22
SUPPORT,SUP001890,SUP001890,2025-06-19 02:29:25,Dale Allan,dale.allan@hotmail.com,,Email,Enquiry,Open,
SUPPORT,SUP001891,SUP001891,2025-06-19 07:18:01,Kevin Watts,kevinw.atts@msn.com,,Email,Refund request,Resolved,20:30
SUPPORT,SUP001892,SUP001892,2025-06-19 09:01:49,Steven Johnson,steven.johnson@msn.com,+44 7937365377,Email,Enquiry,Resolved,10:04
SUPPORT,SUP001893,SUP001893,2025-06-19 10:24:06,Joshua Hughes,joshua.hughes@hotmail.com,+44 7741610272,Email,Refund request,Resolved,36:46
SUPPORT,SUP001894,SUP001894,2025-06-19 11:53:23,Charles Kay,charles.kay@yahoo.com,+44 7473084739,Phone,Refund request,Resolved,22:30
SUPPORT,SUP001895,SUP001895,2025-06-19 14:02:08,Bethan Peters,bethan.peters@yahoo.com,+44 7932912576,Phone,Enquiry,Resolved,05:58
SUPPORT,SUP001896,SUP001896,2025-06-19 14:31:46,Lisa Brookes,lisa.brookes@yahoo.com,+44 7964367901,Email,Refund request,Resolved,16:07
SUPPORT,SUP001897,SUP001897,2025-06-19 14:48:47,Oliver Richardson,oliver.richardson@gmail.com,+44 7833166138,Email,Complaint,Resolved,43:20
SUPPORT,SUP001898,SUP001898,2025-06-19 16:07:25,Joshua Graham,joshua.graham@hotmail.com,+44 7349987523,Email,Complaint,Resolved,02:49
SUPPORT,SUP001899,SUP001899,2025-06-19 17:50:17,Shirley Lamb,shirley.lamb@gmail.com,+44 7002538440,Email,Refund request,Open,
SUPPORT,SUP001900,SUP001900,2025-06-19 19:55:09,Graham Whittaker,graham.whittaker@yahoo.fr,+44 7746824230,Email,Refund request,Resolved,06:38
SUPPORT,SUP001901,SUP001901,2025-06-19 20:27:10,Kimberley Fox,kimberley.fox@gmail.com,+44 7713930862,Email,Complaint,Open,
SUPPORT,SUP001902,SUP001902,2025-06-20 02:58:54,Harry Morgan,harry.morgan@hotmail.com,+44 7237065776,Email,Refund request,Resolved,15:30
SUPPORT,SUP001903,SUP001903,2025-06-20 05:17:53,Marcus Palmer,marcus.palmer@yahoo.com,+44 7431801670,Phone,Refund request,Resolved,03:06
SUPPORT,SUP001904,SUP001904,2025-06-20 05:52:37,Anne Williams,anne.williams2@yahoo.com,+44 7858697615,Email,Refund request,Resolved,33:16
SUPPORT,SUP001905,SUP001905,2025-06-20 09:42:30,Paige Jackson,paigejackson@gmail.com,+44 7299368116,Email,Enquiry,Resolved,03:50
SUPPORT,SUP001906,SUP001906,2025-06-20 13:23:29,Lawrence Wheeler,lawrence.wheeler@gmail.com,+44 7797450932,Email,Enquiry,Resolved,06:21
SUPPORT,SUP001907,SUP001907,2025-06-20 20:24:45,Duncan Jenkins,duncan.jenkins@aol.com,,Email,Refund request,Resolved,36:48
SUPPORT,SUP001908,SUP001908,2025-06-21 02:11:19,Jacob Allen,,+44 7531867066,Phone,Enquiry,Resolved,03:41
SUPPORT,SUP001909,SUP001909,2025-06-21 03:47:39,Robin Day,robin.day@gmail.com,+44 7796325438,Email,Complaint,Open,
SUPPORT,SUP001910,SUP001910,2025-06-21 04:58:24,Melissa Watson,melissa.watson@yahoo.com,+44 7450793097,Email,Enquiry,Resolved,03:45
SUPPORT,SUP001911,SUP001911,2025-06-21 05:00:38,Zoe Jones,zoe.jones@gmail.com,+44 7269459789,Email,Enquiry,Open,
SUPPORT,SUP001912,SUP001912,2025-06-21 05:56:56,Amelia Hill,amelia.hill@gmail.com,,Email,Complaint,Resolved,26:26
SUPPORT,SUP001913,SUP001913,2025-06-21 08:36:33,Colin Giles,colin.giles@gmail.com,+44 7625906789,Email,Complaint,Resolved,14:36
SUPPORT,SUP001914,SUP001914,2025-06-21 11:30:34,Clive Rowley,clive.rowley@hotmail.com,+44 7506005217,Email,Refund request,Resolved,20:30
SUPPORT,SUP001915,SUP001915,2025-06-21 16:20:26,Ann Hunter,nan.hunter@hotmail.com,+44 7222165220,Phone,Enquiry,Resolved,06:22
SUPPORT,SUP001916,SUP001916,2025-06-21 17:36:47,Clare Walton,clare.walton@gmail.com,,Email,Refund request,Open,
SUPPORT,SUP001917,SUP001917,2025-06-21 18:19:00,Howard Martin,howard.martin@gmail.com,+44 7821178573,Email,Refund request,Resolved,05:35
SUPPORT,SUP001918,SUP001918,2025-06-21 20:10:49,Timothy Howarth,timothy.howarth@hotmail.com,+44 7450229752,Email,Refund request,Resolved,06:08
SUPPORT,SUP001919,SUP001919,2025-06-21 22:53:51,June Harrison,june.harrison@aol.com,+44 7700575461,Phone,Refund request,Resolved,13:54
SUPPORT,SUP001920,SUP001920,2025-06-22 06:46:01,Gavin Nelson,gavin.enlson@hotmail.com,+44 7390069567,Phone,Accessibility,Resolved,17:29
SUPPORT,SUP001921,SUP001921,2025-06-22 08:00:27,Lawrence Fletcher,lawrence.fletcher@hotmail.com,,Email,Refund request,Resolved,19:56
SUPPORT,SUP001922,SUP001922,2025-06-22 09:13:14,Maria Griffiths,,+44 7019983674,Phone,Enquiry,Resolved,02:47
SUPPORT,SUP001923,SUP001923,2025-06-22 12:03:42,Jade Scott,,+44 7485321429,Phone,Enquiry,Resolved,01:51
SUPPORT,SUP001924,SUP001924,2025-06-22 13:11:23,Louise Parsons,louise.parsons@hotmail.com,,Email,Complaint,Resolved,07:46
SUPPORT,SUP001925,SUP001925,2025-06-22 15:04:07,Sam Jaris,sam.jarvis@gmail.com,+44 7832140905,Phone,Refund request,Resolved,21:09
SUPPORT,SUP001926,SUP001926,2025-06-22 18:01:33,Alan Pearce,alan.pearce@hotmail.com,+44 7234437886,Email,Refund request,Resolved,20:44
SUPPORT,SUP001927,SUP001927,2025-06-22 21:40:30,Patricia Cole,,+44 7779599499,Phone,Refund request,Open,
SUPPORT,SUP001928,SUP001928,2025-06-23 00:44:40,Shane Hughes,shane.hughes@gmail.com,+44 7511471582,Email,Enquiry,Resolved,11:57
SUPPORT,SUP001929,SUP001929,2025-06-23 03:21:35,Mohamed Griffiths,mohamed.griffiths@hotmail.com,+44 7637407951,Email,Accessibility,Resolved,12:51
SUPPORT,SUP001930,SUP001930,2025-06-23 05:44:54,Joyce Green,joyce.green@hotmail.com,,Email,Enquiry,Resolved,02:06
SUPPORT,SUP001931,SUP001931,2025-06-23 07:00:03,Patrici Evans,patricia.evans@yahoo.com,,Email,Refund request,Resolved,14:39
SUPPORT,SUP001932,SUP001932,2025-06-23 08:30:58,Dorothy James,dorothy.james@gmail.com,+44 7937147470,Email,Enquiry,Resolved,01:37
SUPPORT,SUP001933,SUP001933,2025-06-23 09:13:16,Kirsty Horton,kirsty.horton@yahoo.com,+44 7351072335,Email,Refund request,Open,
SUPPORT,SUP001934,SUP001934,2025-06-23 10:14:51,Martin Berry,martin.berry@aol.com,,Email,Complaint,Open,
SUPPORT,SUP001935,SUP001935,2025-06-23 10:47:18,Peter Pritchard,peter.pritchard@yahoo.com,+44 7902217200,Email,Enquiry,Resolved,03:23
SUPPORT,SUP001936,SUP001936,2025-06-23 10:52:09,Sylvia Wood,sylvia.wood@gmail.com,+44 7339425248,Email,Refund request,Resolved,24:59
SUPPORT,SUP001937,SUP001937,2025-06-23 11:25:58,Alan Cooper,alan.cooper@yahoo.com,+44 7145991223,Email,Refund request,Resolved,23:06
SUPPORT,SUP001938,SUP001938,2025-06-23 12:52:18,Callum Jenkins,callum.jenkins@yahoo.com,+44 7957882128,Phone,Enquiry,Resolved,04:37
SUPPORT,SUP001939,SUP001939,2025-06-23 13:12:43,Donna McLean,donna.mclean@yahoo.com,+44 7075898840,Email,Refund request,Resolved,09:22
SUPPORT,SUP001940,SUP001940,2025-06-23 15:29:15,Susan Hawkins,susan.hawkins@yahoo.com,+44 7979544975,Email,Complaint,Resolved,16:03
SUPPORT,SUP001941,SUP001941,2025-06-23 16:32:47,Sheila Smith,sheila.smith@yahoo.com,+44 7603424454,Phone,Complaint,Resolved,22:49
SUPPORT,SUP001942,SUP001942,2025-06-23 17:11:58,Vanessa Ali,vanessa.ali@hotmail.com,+44 7427437608,Email,Refund request,Resolved,15:59
SUPPORT,SUP001943,SUP001943,2025-06-23 17:47:05,Phillip Wood,phillip.wood@aol.com,+44 7907580012,Phone,Enquiry,Open,
SUPPORT,SUP001944,SUP001944,2025-06-24 00:29:18,Scott Smith,scott.smith@gmail.com,+44 7301599988,Email,Refund request,Resolved,10:11
SUPPORT,SUP001945,SUP001945,2025-06-24 02:42:11,Clare Simpson,clare.simpson@yahoo.com,+44 7713586609,Email,Refund request,Resolved,32:05
SUPPORT,SUP001946,SUP001946,2025-06-24 03:10:02,Christopher Conway,christopher.conway@yahoo.com,+44 7184542110,Email,Refund request,Resolved,03:05
SUPPORT,SUP001947,SUP001947,2025-06-24 05:49:14,Joanne Smith,joanne.smith@gmail.com,+44 7620123088,Email,Enquiry,Resolved,03:34
SUPPORT,SUP001948,SUP001948,2025-06-24 08:17:36,Francis Manning,francis.manning@hotmail.com,+44 7258815364,Phone,Accessibility,Resolved,26:49
SUPPORT,SUP001949,SUP001949,2025-06-24 12:28:02,Hilary Stevens,hilary.stevens@yahoo.com,+44 7869789487,Email,Refund request,Resolved,14:07
SUPPORT,SUP001950,SUP001950,2025-06-24 12:55:16,Alison Boyle,alison.boyle@hotmail.com,+44 7118386063,Phone,Accessibility,Open,
SUPPORT,SUP001951,SUP001951,2025-06-24 13:27:44,Denise Barnes,denise.barnes@yahoo.com,+44 7847445860,Email,Refund request,Open,
SUPPORT,SUP001952,SUP001952,2025-06-24 14:22:41,Danielle Hayes,danielle.hayes@yahoo.com,+44 7545185091,Email,Refund request,Open,
SUPPORT,SUP001953,SUP001953,2025-06-24 17:09:49,Danny Wallis,danny.wallis@gmail.com,+44 7227122205,Email,Enquiry,Resolved,02:18
SUPPORT,SUP001954,SUP001954,2025-06-24 20:33:45,Frances Wilkinson,frances.wilkinson@gmail.com,+44 7851291910,Email,Enquiry,Resolved,03:46
SUPPORT,SUP001955,SUP001955,2025-06-24 20:50:23,Cheryl Chapman,cheryl.chapman@yahoo.com,,Email,Refund request,Open,
SUPPORT,SUP001956,SUP001956,2025-06-24 23:26:46,Ben Parker,ben.parker@hotmail.com,+44 7616547255,Email,Accessibility,Resolved,01:10
SUPPORT,SUP001957,SUP001957,2025-06-25 02:46:45,Julie Tucker,julie.tucker@gmail.com,+44 7626556422,Email,Refund request,Resolved,13:46
SUPPORT,SUP001958,SUP001958,2025-06-25 03:10:52,Rita Pritchard,rita.pritchard@wanadoo.fr,+44 7024357512,Phone,Refund request,Resolved,20:42
SUPPORT,SUP001959,SUP001959,2025-06-25 03:54:23,Melanie Bird,melanie.bird@orange.fr,,Email,Refund request,Resolved,23:06
SUPPORT,SUP001960,SUP001960,2025-06-25 05:03:29,Ryan Watson,ryan.watson@msn.com,,Email,Accessibility,Open,
SUPPORT,SUP001961,SUP001961,2025-06-25 06:39:06,Josh Williams,josh.williams@yahoo.com,,Email,Refund request,Open,
SUPPORT,SUP001962,SUP001962,2025-06-25 12:03:25,Shane Jones,shane.jones@gmail.com,,Email,Accessibility,Resolved,02:52
SUPPORT,SUP001963,SUP001963,2025-06-25 14:51:59,Charles Kay,charles.kay@yahoo.com,+44 7473084739,Phone,Complaint,Resolved,07:53
SUPPORT,SUP001964,SUP001964,2025-06-25 16:33:22,Clive Turner,clive.turner@gmail.com,+44 7431752330,Email,Enquiry,Resolved,12:20
SUPPORT,SUP001965,SUP001965,2025-06-25 16:56:47,Ryan Cartwright,,+44 7511488728,Phone,Enquiry,Resolved,02:02
SUPPORT,SUP001966,SUP001966,2025-06-25 19:10:06,Allan Foster,allan.foster@yahoo.com,+44 7282356079,Phone,Refund request,Open,
SUPPORT,SUP001967,SUP001967,2025-06-25 20:37:59,Patricia Evans,patricia.evans@yahoo.com,+44 7762288620,Phone,Refund request,Open,
SUPPORT,SUP001968,SUP001968,2025-06-25 20:47:44,Eric Clayton,eric.clayton@aol.com,+44 7679898873,Phone,Refund request,Resolved,25:54
SUPPORT,SUP001969,SUP001969,2025-06-25 21:43:19,Kirsty Horton,,+44 7351072335,Phone,Complaint,Resolved,12:32
SUPPORT,SUP001970,SUP001970,2025-06-25 23:01:39,Rosie Martin,rosie.martin@yahoo.com,+44 7237380752,Email,Accessibility,Resolved,09:26
SUPPORT,SUP001971,SUP001971,2025-06-25 23:49:22,Sandra Middleton,sandra.middleton@gmail.com,+44 7914173581,Phone,Enquiry,Resolved,05:39
SUPPORT,SUP001972,SUP001972,2025-06-26 01:32:12,Angela Hall,angela.hall@yahoo.fr,+44 7849707803,Email,Enquiry,Resolved,02:15
SUPPORT,SUP001973,SUP001973,2025-06-26 02:36:26,Ashley Miller,ashley.miller@aol.com,,Email,Refund request,Resolved,36:52
SUPPORT,SUP001974,SUP001974,2025-06-26 04:48:51,Daniel Rowley,daniel.rowley@yahoo.com,+44 7356754882,Email,Enquiry,Resolved,09:02
SUPPORT,SUP001975,SUP001975,2025-06-26 05:42:49,Lucy Flynn,lucy.flynn@gmail.com,+44 7522640530,Phone,Refund request,Resolved,65:05
SUPPORT,SUP001976,SUP001976,2025-06-26 14:28:08,Tracy Reed,tracy.reed@gmail.com,+44 7686691636,Email,Refund request,Resolved,46:25
SUPPORT,SUP001977,SUP001977,2025-06-26 14:45:25,Victor Bryan,victor.bryan@yahoo.com,+44 7462703887,Email,Refund request,Resolved,17:22
SUPPORT,SUP001978,SUP001978,2025-06-26 16:09:01,Bruce Gray,bruce.gray@yahoo.com,+44 7128291424,Email,Accessibility,Open,
SUPPORT,SUP001979,SUP001979,2025-06-26 19:15:49,Linda Watson,linda.watson@aol.com,+44 7355360190,Phone,Refund request,Open,
SUPPORT,SUP001980,SUP001980,2025-06-26 22:02:49,Francis Brooks,francis.brooks@hotmail.com,,Email,Complaint,Resolved,25:54
SUPPORT,SUP001981,SUP001981,2025-06-26 23:42:05,Karen Howard,karen.howard@gmail.com,+44 7999463209,Phone,Accessibility,Resolved,02:46
SUPPORT,SUP001982,SUP001982,2025-06-27 00:11:55,Steven Lowe,seven.lowe@aol.com,+44 7008907253,Phone,Complaint,Resolved,26:05
SUPPORT,SUP001983,SUP001983,2025-06-27 02:00:24,Kevin Holt,kevin.holt@hotmail.com,,Email,Refund request,Open,
SUPPORT,SUP001984,SUP001984,2025-06-27 05:06:57,Holly Macdonald,holly.macdonald@yahoo.com,+44 7171675767,Phone,Enquiry,Resolved,15:16
SUPPORT,SUP001985,SUP001985,2025-06-27 06:25:15,Guy Harvey,guy.harvey@gmail.com,+44 7510219993,Email,Refund request,Resolved,21:51
SUPPORT,SUP001986,SUP001986,2025-06-27 11:42:49,Jacob Thomas,,+44 7453167065,Phone,Enquiry,Resolved,03:42
SUPPORT,SUP001987,SUP001987,2025-06-27 17:48:00,Gordon Robinson,gordon.robinson@gmail.com,+44 7535248146,Email,Refund request,Resolved,09:15
SUPPORT,SUP001988,SUP001988,2025-06-27 18:21:53,Gemma Freeman,gemma.freeman@hotmail.com,,Email,Refund request,Resolved,11:10
SUPPORT,SUP001989,SUP001989,2025-06-27 21:37:37,Victoria Akhtar,victoria.akhtar@yahoo.com,+44 7282148678,Phone,Complaint,Open,
SUPPORT,SUP001990,SUP001990,2025-06-27 22:07:48,Elliot Fisher,elliot.fisher@yahoo.com,,Email,Refund request,Resolved,18:55
SUPPORT,SUP001991,SUP001991,2025-06-28 05:00:07,Rachael Gough,,+44 7653056068,Phone,Complaint,Resolved,20:30
SUPPORT,SUP001992,SUP001992,2025-06-28 06:04:32,Raymond Brown,raymond.brown@yahoo.com,+44 7469122182,Email,Enquiry,Resolved,02:52
SUPPORT,SUP001993,SUP001993,2025-06-28 07:36:44,Joan Nash,joan.nash@gmail.com,+44 7085132152,Email,Refund request,Resolved,57:38
SUPPORT,SUP001994,SUP001994,2025-06-28 09:44:07,Jacqueline Owen,jacqueline.owen@yahoo.com,+44 7778443242,Phone,Enquiry,Resolved,04:12
SUPPORT,SUP001995,SUP001995,2025-06-28 11:13:28,Bruce Farmer,,+44 7086564802,Phone,Accessibility,Resolved,07:11
SUPPORT,SUP001996,SUP001996,2025-06-28 11:40:19,Charlotte Swift,charlotte.swift@gmail.com,+44 7194230739,Email,Accessibility,Resolved,17:27
SUPPORT,SUP001997,SUP001997,2025-06-28 12:10:36,Graeme Dixon,,+44 7102379550,Phone,Complaint,Resolved,19:41
SUPPORT,SUP001998,SUP001998,2025-06-28 16:38:29,Joanna Wilkinson,joanna.wilkinson@hotmail.com,+44 7725485968,Phone,Accessibility,Resolved,05:30
SUPPORT,SUP001999,SUP001999,2025-06-28 16:46:16,Sylvia Steele,sylvia.steele@hotmail.com,+44 7564296205,Email,Complaint,Resolved,37:03
SUPPORT,SUP002000,SUP002000,2025-06-28 17:18:32,Joyce Green,joyce.green@hotmail.com,+44 7442910806,Email,Enquiry,Resolved,07:26
SUPPORT,SUP002001,SUP002001,2025-06-28 17:49:21,Frank Rahman,frank.rahman@hotmail.com,+44 7286477181,Phone,Refund request,Resolved,35:17
SUPPORT,SUP002002,SUP002002,2025-06-29 02:22:32,Carole Glover,carole.glover@gmail.com,,Email,Complaint,Resolved,17:14
SUPPORT,SUP002003,SUP002003,2025-06-29 02:40:35,Lauren Jones,lauren.jones@hotmail.co.uk,+44 7416345789,Email,Enquiry,Resolved,03:46
SUPPORT,SUP002004,SUP002004,2025-06-29 03:05:16,Jayne Potts,,+44 7089505325,Phone,Complaint,Resolved,13:10
SUPPORT,SUP002005,SUP002005,2025-06-29 04:57:03,Derek Ward,derek.ward@hotmail.com,,Email,Refund request,Resolved,11:11
SUPPORT,SUP002006,SUP002006,2025-06-29 07:10:22,Robin Norton,robin.norton@hotmail.com,,Email,Enquiry,Resolved,05:04
SUPPORT,SUP002007,SUP002007,2025-06-29 09:14:41,Marilyn Richardson,marilyn.richardson@yahoo.com,+44 7101311995,Email,Enquiry,Resolved,07:20
SUPPORT,SUP002008,SUP002008,2025-06-29 09:38:14,Brian Walton,,+44 7908710422,Phone,Refund request,Open,
SUPPORT,SUP002009,SUP002009,2025-06-29 11:57:01,Gemma Freeman,gemma.freeman@hotmail.com,+44 7307494556,Email,Complaint,Resolved,09:57
SUPPORT,SUP002010,SUP002010,2025-06-29 14:03:16,Francis Scott,francis.scott@yahoo.com,,Email,Accessibility,Open,
SUPPORT,SUP002011,SUP002011,2025-06-29 16:43:32,Shannon Moss,shannon.moss@yahoo.com,,Email,Enquiry,Resolved,04:10
SUPPORT,SUP002012,SUP002012,2025-06-29 18:10:48,Karl Allen,kal.allen@yahoo.com,+44 7240420987,Email,Accessibility,Resolved,09:38
SUPPORT,SUP002013,SUP002013,2025-06-29 19:03:54,Shannon Armstrong,shannon.armstrong@yahoo.com,+44 7689898188,Phone,Complaint,Resolved,16:36
SUPPORT,SUP002014,SUP002014,2025-06-29 19:59:32,Gillian Stewart,gillian.stewart@yahoo.com,+44 7182733048,Phone,Complaint,Resolved,14:17
SUPPORT,SUP002015,SUP002015,2025-06-29 20:30:48,Damien Richardson,damien.richardson@yahoo.com,,Email,Enquiry,Resolved,08:35
SUPPORT,SUP002016,SUP002016,2025-06-29 23:59:45,Stewart Watts,stewart.watts@gmail.com,+44 7400349192,Email,Enquiry,Resolved,04:48
SUPPORT,SUP002017,SUP002017,2025-06-30 00:07:41,Craig Elliott,craig.elliott@hotmail.com,,Email,Enquiry,Open,
SUPPORT,SUP002018,SUP002018,2025-06-30 07:57:03,Craig Birch,craig.brich@hotmail.com,+44 7656047604,Email,Complaint,Resolved,38:03
SUPPORT,SUP002019,SUP002019,2025-06-30 10:03:23,Sophie Williams,sophie.williams@yahoo.com,+44 7508557138,Phone,Refund request,Resolved,09:49
SUPPORT,SUP002020,SUP002020,2025-06-30 14:11:06,Annette Hussain,annette.hussain@hotmail.com,+44 7138134332,Phone,Refund request,Resolved,20:24
SUPPORT,SUP002021,SUP002021,2025-06-30 14:33:11,William Bennett,william.bennett@hotmail.fr,+44 7908337149,Email,Refund request,Resolved,26:04
SUPPORT,SUP002022,SUP002022,2025-06-30 15:58:54,Laura Turnbull,laura.turnbull@hotmail.com,,Email,Refund request,Resolved,11:20
SUPPORT,SUP002023,SUP002023,2025-06-30 16:04:53,Paige Spencer,paige.spencer@gmail.com,+44 7967552005,Email,Complaint,Resolved,10:53
SUPPORT,SUP002024,SUP002024,2025-06-30 16:19:02,Clare Davies,,+44 7147919324,Phone,Enquiry,Resolved,04:18
SUPPORT,SUP002025,SUP002025,2025-06-30 17:27:52,Laura Wright,laura.wright@hotmail.com,+44 7337309195,Email,Enquiry,Resolved,12:57
SUPPORT,SUP002026,SUP002026,2025-06-30 19:07:18,Hazel Harris,hazel.harris@wanadoo.fr,+44 7176699412,Email,Accessibility,Resolved,19:50
SUPPORT,SUP002027,SUP002027,2025-06-30 19:56:46,Danielle Hayes,danielle.hayes@yahoo.com,,Email,Refund request,Resolved,50:03
SUPPORT,SUP002028,SUP002028,2025-06-30 20:15:20,Richard Chadwick,richard.chadwick@wanadoo.fr,,Email,Refund request,Resolved,44:56
SUPPORT,SUP002029,SUP002029,2025-06-30 21:41:30,Conor Williams,conor.williams@hotmail.com,,Email,Refund request,Resolved,12:02
SUPPORT,SUP002030,SUP002030,2025-07-01 03:36:45,Kerry Gough,kerry.gough@yahoo.com,+44 7072476077,Email,Enquiry,Resolved,04:07
SUPPORT,SUP002031,SUP002031,2025-07-01 03:40:54,Marie Clark,,+44 7020850378,Phone,Complaint,Resolved,07:37
SUPPORT,SUP002032,SUP002032,2025-07-01 04:14:57,Georgina Wells,georgina.wells@yahoo.com,+44 7093539989,Email,Refund request,Resolved,35:57
SUPPORT,SUP002033,SUP002033,2025-07-01 04:36:20,Max Turner,max.turner@hotmail.fr,+44 7954615769,Phone,Complaint,Resolved,13:26
SUPPORT,SUP002034,SUP002034,2025-07-01 06:57:57,Bernard Jackson,bernard.jacksn@yahoo.com,+44 7084097057,Email,Enquiry,Resolved,00:42
SUPPORT,SUP002035,SUP002035,2025-07-01 08:54:11,Michelle Baker,michelle.baker@hotmail.com,+44 7181195233,Email,Refund request,Open,
SUPPORT,SUP002036,SUP002036,2025-07-01 12:13:19,Roger Parker,oger.parker@gmail.com,+44 7307668570,Email,Refund request,Resolved,27:12
SUPPORT,SUP002037,SUP002037,2025-07-01 13:08:05,Ricky Burton,ricky.burton@hotmail.com,+44 7367364752,Phone,Enquiry,Resolved,11:36
SUPPORT,SUP002038,SUP002038,2025-07-01 14:44:31,Denis Rowe,denis.rowe@gmail.com,,Email,Accessibility,Open,
SUPPORT,SUP002039,SUP002039,2025-07-01 15:09:35,Raymond Cook,raymond.cook@hotmail.co.uk,+44 7811243087,Phone,Accessibility,Resolved,27:34
SUPPORT,SUP002040,SUP002040,2025-07-01 16:16:29,Kerry Jones,kerry.jones@msn.com,+44 7344334083,Phone,Enquiry,Resolved,02:18
SUPPORT,SUP002041,SUP002041,2025-07-01 20:49:50,Stephanie Fitzgerald,stepahnie.fitzgerald@hotmail.fr,+44 7806471370,Phone,Complaint,Resolved,24:59
SUPPORT,SUP002042,SUP002042,2025-07-01 20:52:32,Sara Smart,sara.smart@yahoo.com,+44 7684441954,Email,Complaint,Resolved,72:00
SUPPORT,SUP002043,SUP002043,2025-07-01 21:43:16,Nigel Turner,nigel.turner@gmail.com,,Email,Complaint,Resolved,16:01
SUPPORT,SUP002044,SUP002044,2025-07-01 22:15:36,Elaine Blackburn,elaine.blackburn@yahoo.com,,Email,Refund request,Resolved,18:51
SUPPORT,SUP002045,SUP002045,2025-07-01 22:39:45,Joanna Dean,joanna.dean@hotmail.co.uk,,Email,Refund request,Resolved,04:00
SUPPORT,SUP002046,SUP002046,2025-07-01 23:25:54,Adrian Bentley,adrian.bentley@gmail.com,+44 7664842321,Phone,Enquiry,Resolved,13:35
SUPPORT,SUP002047,SUP002047,2025-07-01 23:26:35,Colin Andrews,colin.andrews@yahoo.com,+44 7963249208,Email,Refund request,Resolved,22:45
SUPPORT,SUP002048,SUP002048,2025-07-01 23:58:35,Robin White,robin.white@hotmail.com,,Email,Refund request,Resolved,02:59
SUPPORT,SUP002049,SUP002049,2025-07-02 01:19:54,Linda Cunningham,lindacunningham@gmail.com,+44 7146033855,Email,Refund request,Resolved,04:56
SUPPORT,SUP002050,SUP002050,2025-07-02 02:15:06,Maria Smith,maria.smith@hotmail.co.uk,+44 7473551459,Phone,Complaint,Open,
SUPPORT,SUP002051,SUP002051,2025-07-02 03:01:07,Gregory Murphy,,+44 7316252748,Phone,Enquiry,Resolved,05:02
SUPPORT,SUP002052,SUP002052,2025-07-02 06:08:03,Denise Barnes,denise.barnes@yahoo.com,,Email,Refund request,Resolved,03:09
SUPPORT,SUP002053,SUP002053,2025-07-02 06:09:50,Guy Hardy,guy.hardy@hotmail.com,+44 7437086814,Email,Enquiry,Resolved,03:31
SUPPORT,SUP002054,SUP002054,2025-07-02 09:34:42,Amber Jones,amber.jones2@gmail.com,+44 7910398574,Phone,Accessibility,Open,
SUPPORT,SUP002055,SUP002055,2025-07-02 10:32:15,Martin Berry,martin.berry@aol.com,,Email,Complaint,Resolved,09:59
SUPPORT,SUP002056,SUP002056,2025-07-02 13:09:23,Joanne Chan,joanne.chan@yahoo.com,+44 7145527084,Email,Enquiry,Resolved,10:36
SUPPORT,SUP002057,SUP002057,2025-07-02 14:51:09,Emma Taylor,emma.taylor@yahoo.com,+44 7745163262,Email,Refund request,Resolved,27:44
SUPPORT,SUP002058,SUP002058,2025-07-02 16:40:26,Damien Riley,damien.riley@gmail.com,+44 7182518478,Email,Enquiry,Resolved,10:51
SUPPORT,SUP002059,SUP002059,2025-07-02 22:32:01,Hazel Pearce,hazel.pearce@hotmail.com,,Email,Refund request,Resolved,26:40
SUPPORT,SUP002060,SUP002060,2025-07-02 22:51:44,Lonard King,leonard.king@gmail.com,,Email,Refund request,Resolved,08:53
SUPPORT,SUP002061,SUP002061,2025-07-03 01:45:54,Marion Adams,marion.adams@aol.com,,Email,Complaint,Resolved,09:52
SUPPORT,SUP002062,SUP002062,2025-07-03 02:01:16,Denise Shaw,denise.shaw@yahoo.com,+44 7606093519,Email,Enquiry,Resolved,08:40
SUPPORT,SUP002063,SUP002063,2025-07-03 03:47:26,Derek Butler,derek.butler@msn.com,+44 7871352821,Phone,Refund request,Resolved,13:47
SUPPORT,SUP002064,SUP002064,2025-07-03 04:05:20,Gary Williams,,+44 7593842124,Phone,Enquiry,Resolved,09:14
SUPPORT,SUP002065,SUP002065,2025-07-03 04:54:31,Carl May,carl.may@aol.com,,Email,Refund request,Open,
SUPPORT,SUP002066,SUP002066,2025-07-03 07:05:29,Keith Edwards,keith.edwards3@yahoo.com,,Email,Complaint,Resolved,09:31
SUPPORT,SUP002067,SUP002067,2025-07-03 07:20:48,Eleanor Day,eleanor.day@hotmail.com,+44 7570241125,Email,Refund request,Open,
SUPPORT,SUP002068,SUP002068,2025-07-03 13:16:51,Howard Martin,howard.martin@gmail.com,+44 7821178573,Phone,Refund request,Resolved,27:08
SUPPORT,SUP002069,SUP002069,2025-07-03 14:41:30,Michelle Turner,michelle.turner@yahoo.fr,+44 7909059917,Phone,Complaint,Resolved,26:27
SUPPORT,SUP002070,SUP002070,2025-07-03 15:06:48,Martin Berry,martin.berry@aol.com,,Email,Refund request,Resolved,10:29
SUPPORT,SUP002071,SUP002071,2025-07-03 21:10:58,David Hodgson,david.hodgson@gmail.com,+44 7268847194,Email,Complaint,Resolved,27:15
SUPPORT,SUP002072,SUP002072,2025-07-03 22:41:06,Liam Parker,,+44 7510603962,Phone,Refund request,Resolved,08:51
SUPPORT,SUP002073,SUP002073,2025-07-03 23:14:28,Paige Harding,paige.harding@yahoo.com,+44 7322300816,Email,Complaint,Resolved,13:39
SUPPORT,SUP002074,SUP002074,2025-07-04 00:05:59,Claire Wilson,claire.wilson@hotmail.fr,+44 7710398218,Email,Accessibility,Resolved,02:39
SUPPORT,SUP002075,SUP002075,2025-07-04 11:28:57,Robin Norton,robin.norton@hotmail.com,+44 7943747806,Email,Accessibility,Open,
SUPPORT,SUP002076,SUP002076,2025-07-04 11:54:59,Phillip Moore,,+44 7254117474,Phone,Accessibility,Resolved,25:36
SUPPORT,SUP002077,SUP002077,2025-07-04 12:10:54,Gemma Gardner,gemma.gardner@hotmail.com,+44 7139399667,Phone,Refund request,Resolved,27:38
SUPPORT,SUP002078,SUP002078,2025-07-04 13:52:07,Mark Stokes,mark.stokes@yahoo.com,,Email,Complaint,Resolved,19:29
SUPPORT,SUP002079,SUP002079,2025-07-04 14:18:48,Reece Hughes,reece.hughes@yahoo.com,+44 7233181514,Email,Accessibility,Resolved,05:58
SUPPORT,SUP002080,SUP002080,2025-07-04 20:10:10,DanielleH ill,danielle.hill@yahoo.com,+44 7574078318,Email,Refund request,Resolved,22:23
SUPPORT,SUP002081,SUP002081,2025-07-04 20:47:10,Denis Scott,denis.scott@gmail.com,+44 7278801147,Phone,Enquiry,Resolved,12:44
SUPPORT,SUP002082,SUP002082,2025-07-04 23:32:22,Jeffrey Holmes,jeffrey.holmes@yahoo.com,+44 7928738888,Email,Refund request,Resolved,36:17
SUPPORT,SUP002083,SUP002083,2025-07-05 04:45:02,Holly Price,holly.price@yahoo.com,+44 7001021577,Email,Accessibility,Resolved,03:09
SUPPORT,SUP002084,SUP002084,2025-07-05 05:47:45,Sarah Burton,sarah.burton@yahoo.fr,+44 7351189392,Phone,Accessibility,Resolved,44:10
SUPPORT,SUP002085,SUP002085,2025-07-05 08:09:46,Chloe Miles,chloe.miles@yahoo.com,,Email,Accessibility,Resolved,07:57
SUPPORT,SUP002086,SUP002086,2025-07-05 08:35:49,Gregory Hayward,gregory.hayward@gmail.com,+44 7869269384,Email,Complaint,Resolved,16:37
SUPPORT,SUP002087,SUP002087,2025-07-05 17:47:29,Louise Mann,louisem.ann@gmail.com,,Email,Complaint,Resolved,21:37
SUPPORT,SUP002088,SUP002088,2025-07-05 18:44:56,Jonathan Rahman,,+44 7859091658,Phone,Refund request,Resolved,24:08
SUPPORT,SUP002089,SUP002089,2025-07-05 19:46:54,Suzanne Jackson,suzanne.jackson@gmail.com,+44 7938168256,Email,Enquiry,Open,
SUPPORT,SUP002090,SUP002090,2025-07-05 22:11:44,Donna Hussain,,+44 7324607295,Phone,Enquiry,Resolved,04:01
SUPPORT,SUP002091,SUP002091,2025-07-06 00:56:54,Jacob Ellis,jacob.ellis@yahoo.com,,Email,Complaint,Resolved,40:00
SUPPORT,SUP002092,SUP002092,2025-07-06 03:22:00,Naomi Brennan,naomi.brennan@gmail.com,+44 7867450504,Phone,Refund request,Resolved,30:12
SUPPORT,SUP002093,SUP002093,2025-07-06 04:39:05,George Tyler,george.tyler@gmail.com,+44 7532153050,Email,Enquiry,Open,
SUPPORT,SUP002094,SUP002094,2025-07-06 05:01:38,Patricia Phillips,patricia.phillips@hotmail.com,,Email,Enquiry,Resolved,12:59
SUPPORT,SUP002095,SUP002095,2025-07-06 06:52:01,Matthew Woods,matthew.woods@gmail.com,+44 7179721772,Email,Complaint,Resolved,14:00
SUPPORT,SUP002096,SUP002096,2025-07-06 10:24:24,Barry Quinn,barry.quinn@yahoo.com,+44 7443143161,Email,Enquiry,Resolved,01:14
SUPPORT,SUP002097,SUP002097,2025-07-06 13:15:36,Annette Jones,annette.jones@gmail.com,+44 7954472110,Email,Accessibility,Resolved,28:05
SUPPORT,SUP002098,SUP002098,2025-07-06 13:35:53,Guy Smith,guy.smith2@hotmail.com,,Email,Complaint,Resolved,32:05
SUPPORT,SUP002099,SUP002099,2025-07-06 13:47:24,Lewis Gardner,lewis.gardner@yahoo.com,,Email,Accessibility,Open,
SUPPORT,SUP002100,SUP002100,2025-07-06 18:29:38,Dennis Stevens,dennis.stevens@gmail.com,,Email,Accessibility,Resolved,02:06
SUPPORT,SUP002101,SUP002101,2025-07-06 18:46:46,Lauren Jones,lauren.jones@wanadoo.fr,+44 7028564168,Email,Accessibility,Open,
SUPPORT,SUP002102,SUP002102,2025-07-06 22:02:30,Dylan Saunders,dylan.sanders@yahoo.com,+44 7322269026,Email,Accessibility,Resolved,06:53
SUPPORT,SUP002103,SUP002103,2025-07-06 23:28:57,Jean Ryan,jean.ryan@gmail.com,+44 7137991450,Email,Complaint,Resolved,52:05
SUPPORT,SUP002104,SUP002104,2025-07-07 00:49:26,Kate Carter,kate.carter@hotmail.fr,+44 7163082227,Email,Refund request,Resolved,04:06
SUPPORT,SUP002105,SUP002105,2025-07-07 01:35:25,Samantha Ryan,samantha.ryan@yahoo.fr,,Email,Accessibility,Resolved,02:36
SUPPORT,SUP002106,SUP002106,2025-07-07 06:07:39,Rosie Chapman,rosie.chapman@hotmail.co.uk,+44 7107749750,Phone,Refund request,Resolved,34:27
SUPPORT,SUP002107,SUP002107,2025-07-07 07:12:39,Jemma Roberts,jemma.roberts@yahoo.com,+44 7929057253,Email,Complaint,Resolved,24:12
SUPPORT,SUP002108,SUP002108,2025-07-07 11:33:21,Glenn Faulkner,glenn.faulkner@gmail.com,+44 7045414070,Email,Enquiry,Resolved,21:00
SUPPORT,SUP002109,SUP002109,2025-07-07 20:06:58,Gemma Singh,gema.singh@gmail.com,+44 7275402551,Phone,Refund request,Resolved,08:00
SUPPORT,SUP002110,SUP002110,2025-07-07 20:08:38,Harriet Davis,harriet.davis@hotmail.co.uk,,Email,Enquiry,Resolved,17:49
SUPPORT,SUP002111,SUP002111,2025-07-08 00:10:47,Carl Reid,carl.reid@yahoo.com,+44 7638725946,Phone,Refund request,Resolved,05:19
SUPPORT,SUP002112,SUP002112,2025-07-08 00:15:28,Gemma Brookes,gemma.brookes@hotmail.com,+44 7835270871,Phone,Complaint,Resolved,17:43
SUPPORT,SUP002113,SUP002113,2025-07-08 00:38:52,Chelsea Lewis,chelsea.lewis@hotmail.co.uk,,Email,Refund request,Resolved,05:06
SUPPORT,SUP002114,SUP002114,2025-07-08 03:50:11,Bradley Smith,bradley.smith@gmail.com,+44 7595538008,Email,Refund request,Resolved,22:05
SUPPORT,SUP002115,SUP002115,2025-07-08 04:22:33,Lauren Rhodes,lauren.rhodes@hotmail.com,+44 7944471148,Phone,Accessibility,Open,
SUPPORT,SUP002116,SUP002116,2025-07-08 06:35:15,Janet Johnson,janet.johnson@hotmail.com,+44 7204904110,Phone,Refund request,Resolved,00:53
SUPPORT,SUP002117,SUP002117,2025-07-08 08:42:27,Ann Howell,ann.howell@gmail.com,+44 7208200532,Email,Enquiry,Open,
SUPPORT,SUP002118,SUP002118,2025-07-08 09:29:05,Anna Thomas,anna.thomas@hotmail.co.uk,+44 7726371415,Email,Accessibility,Resolved,01:47
SUPPORT,SUP002119,SUP002119,2025-07-08 09:55:42,Caroline Scott,caroline.scott@msn.com,+44 7088734492,Email,Accessibility,Resolved,06:12
SUPPORT,SUP002120,SUP002120,2025-07-08 10:14:03,Vanessa Hancock,vanessa.hancock@aol.com,+44 7586421318,Email,Refund request,Resolved,27:59
SUPPORT,SUP002121,SUP002121,2025-07-08 16:47:11,Julian Davis,julian.davis@hotmail.com,+44 7633738731,Email,Enquiry,Resolved,08:27
SUPPORT,SUP002122,SUP002122,2025-07-08 17:43:11,Stuart Robinson,stuart.robinson@hotmail.com,+44 7509588785,Email,Refund request,Open,
SUPPORT,SUP002123,SUP002123,2025-07-08 19:06:42,Elliot Pope,elliot.pope@gmail.com,+44 7928401232,Email,Refund request,Resolved,43:35
SUPPORT,SUP002124,SUP002124,2025-07-08 20:27:33,Alan Martin,alan.martin@aol.com,,Email,Enquiry,Resolved,08:16
SUPPORT,SUP002125,SUP002125,2025-07-08 21:51:43,Jamie Wilkins,jamie.wilkins@hotmail.com,,Email,Accessibility,Resolved,14:47
SUPPORT,SUP002126,SUP002126,2025-07-08 22:46:08,Carol O'Brien,carol.obrien@gmail.com,+44 7601347977,Email,Accessibility,Resolved,28:01
SUPPORT,SUP002127,SUP002127,2025-07-09 00:13:41,Keith Crawford,keith.crawford@gmail.com,+44 7733346504,Phone,Refund request,Resolved,15:40
SUPPORT,SUP002128,SUP002128,2025-07-09 01:24:00,Jonathan Davison,jonathan.davison@yahoo.com,+44 7983953602,Email,Accessibility,Resolved,05:30
SUPPORT,SUP002129,SUP002129,2025-07-09 03:57:26,Eileen Williams,eileen.williams@gmail.com,,Email,Complaint,Resolved,02:21
SUPPORT,SUP002130,SUP002130,2025-07-09 05:36:48,Alison Thomas,alison.thomas@hotmail.co.uk,+44 7963271157,Email,Refund request,Resolved,26:20
SUPPORT,SUP002131,SUP002131,2025-07-09 07:29:57,Lesley Walters,lesley.walters@aol.com,+44 7494545200,Phone,Refund request,Resolved,27:05
SUPPORT,SUP002132,SUP002132,2025-07-09 16:41:26,Ashleigh Abbott,ashleigh.abbott@yahoo.com,+44 7516432960,Email,Refund request,Resolved,12:11
SUPPORT,SUP002133,SUP002133,2025-07-09 17:41:27,Mandy Fisher,,+44 7092978026,Phone,Enquiry,Resolved,03:58
SUPPORT,SUP002134,SUP002134,2025-07-09 20:02:50,Frederick Griffiths,frederick.griffihs@yahoo.com,+44 7088961690,Phone,Enquiry,Resolved,04:13
SUPPORT,SUP002135,SUP002135,2025-07-09 21:55:17,James Knight,james.knight@gmail.com,+44 7639322025,Phone,Enquiry,Resolved,06:44
SUPPORT,SUP002136,SUP002136,2025-07-09 22:55:53,Roy Kay,,+44 7216671780,Phone,Accessibility,Resolved,08:22
SUPPORT,SUP002137,SUP002137,2025-07-09 23:24:30,Jamie Cooper,jamie.cooper@gmail.com,+44 7798007854,Email,Refund request,Open,
SUPPORT,SUP002138,SUP002138,2025-07-10 00:14:51,Neil Turner,neil.turner@yahoo.com,+44 7117416629,Phone,Complaint,Resolved,36:13
SUPPORT,SUP002139,SUP002139,2025-07-10 00:14:54,Katie Farmer,katie.farmer@hotmail.com,+44 7571520165,Phone,Complaint,Open,
SUPPORT,SUP002140,SUP002140,2025-07-10 02:06:32,Christopher Conway,christopher.conway@yahoo.com,,Email,Accessibility,Resolved,09:22
SUPPORT,SUP002141,SUP002141,2025-07-10 03:24:47,Ann Ball,ann.ball@hotmail.com,+44 7406214113,Email,Enquiry,Resolved,03:56
SUPPORT,SUP002142,SUP002142,2025-07-10 07:24:59,Jay Campbell,jay.campbell@gmail.com,+44 7404034390,Email,Enquiry,Open,
SUPPORT,SUP002143,SUP002143,2025-07-10 11:31:03,Tina Hughes,tina.hughes@gmail.com,+44 7699910176,Phone,Complaint,Open,
SUPPORT,SUP002144,SUP002144,2025-07-10 16:13:12,Mohammed Moss,mohammed.moss@aol.com,+44 7884030551,Email,Complaint,Resolved,34:51
SUPPORT,SUP002145,SUP002145,2025-07-10 16:47:15,Maureen Davidson,maureen.davidson@hotmail.com,,Email,Accessibility,Resolved,08:31
SUPPORT,SUP002146,SUP002146,2025-07-10 16:58:01,Lesley Singh,lesley.singh@hotmail.com,+44 7026855776,Email,Refund request,Open,
SUPPORT,SUP002147,SUP002147,2025-07-10 23:29:27,Simon O'Brien,simon.obrien@hotmail.fr,+44 7017250858,Email,Enquiry,Resolved,18:42
SUPPORT,SUP002148,SUP002148,2025-07-10 23:48:41,Marc White,marc.white@hotmail.com,+44 7398661890,Email,Enquiry,Resolved,02:52
SUPPORT,SUP002149,SUP002149,2025-07-11 02:12:29,Jordan Godfrey,jordan.godfrey@aol.com,+44 7942430109,Email,Refund request,Resolved,18:05
SUPPORT,SUP002150,SUP002150,2025-07-11 03:30:11,Stewart Green,stewart.green@gmail.com,+44 7441778274,Email,Refund request,Resolved,40:40
SUPPORT,SUP002151,SUP002151,2025-07-11 03:50:04,Hollie Bell,hollie.bel@yahoo.com,,Email,Complaint,Resolved,47:21
SUPPORT,SUP002152,SUP002152,2025-07-11 03:52:16,Jayne Evans,jayne.evans@gmail.com,+44 7798982737,Phone,Enquiry,Resolved,02:50
SUPPORT,SUP002153,SUP002153,2025-07-11 08:30:01,Jordan Spencer,jordan.spencer@hotmail.com,+44 7631587515,Email,Enquiry,Resolved,04:28
SUPPORT,SUP002154,SUP002154,2025-07-11 09:16:12,Janet Wright,janet.wright@gmail.com,+44 7203305007,Email,Refund request,Resolved,16:02
SUPPORT,SUP002155,SUP002155,2025-07-11 10:39:45,Kim Young,kim.young@hotmail.com,,Email,Enquiry,Resolved,00:50
SUPPORT,SUP002156,SUP002156,2025-07-11 11:36:45,June Clarke,june.clarke@hotmail.com,+44 7118211267,Phone,Enquiry,Resolved,03:50
SUPPORT,SUP002157,SUP002157,2025-07-11 12:07:31,Vincent Clark,vincent.clark@hotmail.com,+44 7753824180,Email,Accessibility,Resolved,11:02
SUPPORT,SUP002158,SUP002158,2025-07-11 12:08:39,Jordan Wright,jordan.wright@gmail.com,+44 7465168135,Email,Refund request,Resolved,24:28
SUPPORT,SUP002159,SUP002159,2025-07-11 14:17:16,Roger Walsh,roger.walsh@yahoo.com,+44 7695763150,Phone,Refund request,Resolved,29:06
SUPPORT,SUP002160,SUP002160,2025-07-11 15:33:37,Kim Kennedy,kim.kennedy@yahoo.com,,Email,Complaint,Resolved,06:51
SUPPORT,SUP002161,SUP002161,2025-07-11 15:43:17,Josephine Williams,josephine.williams@hotmail.com,+44 7877598899,Email,Accessibility,Resolved,07:28
SUPPORT,SUP002162,SUP002162,2025-07-11 16:07:52,Louise Wright,louse.wright@hotmail.com,+44 7020288513,Email,Enquiry,Resolved,07:45
SUPPORT,SUP002163,SUP002163,2025-07-11 20:13:35,Dylan Davies,,+44 7600693123,Phone,Refund request,Resolved,06:13
SUPPORT,SUP002164,SUP002164,2025-07-11 20:46:37,Lorraine Brown,lorraine.brown@gmail.com,+44 7824500795,Email,Complaint,Resolved,26:09
SUPPORT,SUP002165,SUP002165,2025-07-11 21:13:34,Eileen Simpson,eileen.simpson@gmail.com,+44 7282039575,Email,Accessibility,Open,
SUPPORT,SUP002166,SUP002166,2025-07-11 22:00:05,Jake Francis,jake.francis@gmail.com,+44 7800119400,Phone,Enquiry,Resolved,06:45
SUPPORT,SUP002167,SUP002167,2025-07-11 23:41:32,Donald Reynolds,donald.reynolds@hotmail.com,+44 7734576987,Phone,Refund request,Resolved,32:44
SUPPORT,SUP002168,SUP002168,2025-07-12 00:34:13,Phillip Williams,phillip.williams@hotmail.com,+44 7265473566,Phone,Accessibility,Resolved,05:06
SUPPORT,SUP002169,SUP002169,2025-07-12 01:02:18,Donna Moore,donna.moore@yahoo.fr,+44 7421691331,Phone,Refund request,Open,
SUPPORT,SUP002170,SUP002170,2025-07-12 01:16:52,Gordon Moore,gordon.moore@gmail.com,,Email,Complaint,Resolved,25:27
SUPPORT,SUP002171,SUP002171,2025-07-12 01:51:08,Leslie Slater,leslie.slater@gmail.com,,Email,Refund request,Resolved,14:15
SUPPORT,SUP002172,SUP002172,2025-07-12 02:54:49,Andrea Harris,andrea.harris@yahoo.com,,Email,Enquiry,Open,
SUPPORT,SUP002173,SUP002173,2025-07-12 04:05:06,Linda Cunningham,linda.cunningham@gmail.com,+44 7143033855,Email,Refund request,Resolved,07:33
SUPPORT,SUP002174,SUP002174,2025-07-12 11:50:48,Georgia Brookes,georgia.brookes@wanadoo.fr,,Email,Enquiry,Resolved,42:19
SUPPORT,SUP002175,SUP002175,2025-07-12 11:52:32,Samantha Hutchinson,,+44 7919198852,Phone,Accessibility,Resolved,43:06
SUPPORT,SUP002176,SUP002176,2025-07-12 13:57:12,Lawrence Booth,lawrence.booth@aol.com,+44 7132171860,Email,Refund request,Resolved,14:50
SUPPORT,SUP002177,SUP002177,2025-07-12 14:38:49,June Cunningham,june.cunningham@gmail.com,+44 7052314027,Email,Complaint,Resolved,10:49
SUPPORT,SUP002178,SUP002178,2025-07-12 16:40:10,Katie Slater,katie.slater@yahoo.com,,Email,Refund request,Resolved,15:54
SUPPORT,SUP002179,SUP002179,2025-07-12 17:51:39,Albert Austin,albert.autsin@gmail.com,+44 7174672352,Phone,Refund request,Resolved,00:50
SUPPORT,SUP002180,SUP002180,2025-07-12 17:53:18,Douglas Thompson,douglas.thompson@gmail.com,,Email,Complaint,Resolved,34:57
SUPPORT,SUP002181,SUP002181,2025-07-13 00:32:38,Reece Baker,reece.baker@gmail.com,,Email,Enquiry,Resolved,02:47
SUPPORT,SUP002182,SUP002182,2025-07-13 00:58:26,Michelle Adams,michelle.adams@hotmail.com,+44 7415760935,Email,Refund request,Resolved,12:39
SUPPORT,SUP002183,SUP002183,2025-07-13 01:13:33,Eleanor Jones,,+44 7526073100,Phone,Enquiry,Resolved,05:57
SUPPORT,SUP002184,SUP002184,2025-07-13 04:53:55,Chloe White,chloe.white@yahoo.com,,Email,Refund request,Resolved,10:07
SUPPORT,SUP002185,SUP002185,2025-07-13 05:34:29,Vincent Dobson,vincent.dobson@yahoo.com,+44 7970405010,Email,Refund request,Open,
SUPPORT,SUP002186,SUP002186,2025-07-13 07:01:05,Jane Giles,,+44 7590537408,Phone,Accessibility,Resolved,11:48
SUPPORT,SUP002187,SUP002187,2025-07-13 07:03:10,Robin Thompson,robin.thompson@hotmail.com,+44 7621796956,Phone,Refund request,Open,
SUPPORT,SUP002188,SUP002188,2025-07-13 21:34:47,Stephanie Lee,stephanie.lee2@gmail.com,+44 7853688047,Phone,Accessibility,Open,
SUPPORT,SUP002189,SUP002189,2025-07-14 02:58:07,Iain Pratt,iain.pratt@hotmail.com,+44 7051711976,Email,Accessibility,Resolved,13:20
SUPPORT,SUP002190,SUP002190,2025-07-14 05:08:16,Victor Stewart,victor.stewart@hotmail.com,+44 7313278730,Email,Refund request,Resolved,37:02
SUPPORT,SUP002191,SUP002191,2025-07-14 05:23:35,Hollie Green,hollie.green@aol.com,+44 7309798420,Phone,Complaint,Resolved,34:02
SUPPORT,SUP002192,SUP002192,2025-07-14 08:43:58,Daniel Hughes,adniel.hughes@gmail.com,+44 7901954463,Phone,Enquiry,Resolved,11:13
SUPPORT,SUP002193,SUP002193,2025-07-14 09:15:35,Hugh Morrison,hugh.morrison@gmail.com,+44 7219139099,Email,Enquiry,Open,
SUPPORT,SUP002194,SUP002194,2025-07-14 09:47:52,Mitchell Hughes,mitchell.hughes@hotmail.com,+44 7856122017,Email,Accessibility,Resolved,25:42
SUPPORT,SUP002195,SUP002195,2025-07-14 09:52:36,Anthony Taylor,anthony.taylor@gmail.com,+44 7855670853,Email,Enquiry,Resolved,04:05
SUPPORT,SUP002196,SUP002196,2025-07-14 10:30:03,Allan Rice,allan.rice@yahoo.com,+44 7728421397,Email,Accessibility,Resolved,21:43
SUPPORT,SUP002197,SUP002197,2025-07-14 11:58:33,Timothy West,timothy.west@gmail.com,+44 7972941145,Email,Enquiry,Resolved,04:33
SUPPORT,SUP002198,SUP002198,2025-07-14 15:24:53,Mary Baker,mary.baker@hotmail.com,,Email,Accessibility,Resolved,11:57
SUPPORT,SUP002199,SUP002199,2025-07-14 16:08:28,Eric Taylor,eric.taylor@gmail.com,+44 7572141746,Email,Enquiry,Resolved,04:34
SUPPORT,SUP002200,SUP002200,2025-07-14 18:02:15,Chelsea Howard,chelsea.howard@yahoo.com,+44 7646986066,Email,Enquiry,Resolved,08:41
SUPPORT,SUP002201,SUP002201,2025-07-14 19:05:34,Gordon Hmuphreys,gordon.humphreys@gmail.com,+44 7659919521,Phone,Accessibility,Resolved,14:46
SUPPORT,SUP002202,SUP002202,2025-07-14 22:18:25,Geoffrey Bradley,geoffrey.bradley@hotmail.com,+44 7425857078,Phone,Refund request,Resolved,13:23
SUPPORT,SUP002203,SUP002203,2025-07-14 23:58:55,Anthony Willis,anthony.willis@hotmail.com,,Email,Enquiry,Resolved,02:43
SUPPORT,SUP002204,SUP002204,2025-07-15 02:30:25,Gregory Harris,gregory.harris@hotmail.com,+44 7542057062,Email,Accessibility,Resolved,21:56
SUPPORT,SUP002205,SUP002205,2025-07-15 03:49:21,Jane Bailey,jane.bailey@gmail.com,+44 7774222668,Email,Refund request,Open,
SUPPORT,SUP002206,SUP002206,2025-07-15 04:30:41,Jonathan Patel,jonathan.patel@yahoo.com,,Email,Refund request,Resolved,23:23
SUPPORT,SUP002207,SUP002207,2025-07-15 05:27:04,Josephine Smith,josephine.smith@hotmail.com,+44 7526661035,Email,Enquiry,Resolved,02:42
SUPPORT,SUP002208,SUP002208,2025-07-15 05:40:10,Mohamed Gibbs,mohamed.gibbs@gmail.com,+44 7596081957,Email,Enquiry,Resolved,00:19
SUPPORT,SUP002209,SUP002209,2025-07-15 06:25:06,Molly Chamberlain,molly.chamberlain@hotmail.com,,Email,Enquiry,Open,
SUPPORT,SUP002210,SUP002210,2025-07-15 09:09:25,Nathan Briggs,nathan.briggs@gmail.com,+44 7309660809,Email,Enquiry,Resolved,09:57
SUPPORT,SUP002211,SUP002211,2025-07-15 09:34:24,Gemma Bell,gmema.bell@hotmail.com,+44 7832836557,Email,Complaint,Open,
SUPPORT,SUP002212,SUP002212,2025-07-15 10:48:34,Nicole Lucas,nicole.lucas@hotmail.com,+44 7940909824,Phone,Complaint,Resolved,14:33
SUPPORT,SUP002213,SUP002213,2025-07-15 12:00:27,Stephen Hutchinson,stephen.hutchinson@yahoo.com,+44 7884007401,Email,Complaint,Open,
SUPPORT,SUP002214,SUP002214,2025-07-15 13:00:19,Tina Hughes,tina.hughes@gmail.com,,Email,Refund request,Resolved,25:07
SUPPORT,SUP002215,SUP002215,2025-07-15 13:25:13,Karen Giles,karen.giles@hotmail.co.uk,+44 7912205340,Email,Complaint,Resolved,33:44
SUPPORT,SUP002216,SUP002216,2025-07-15 14:14:20,Claire Dixon,claire.dixon@gmail.com,+44 7429322137,Email,Refund request,Resolved,13:12
SUPPORT,SUP002217,SUP002217,2025-07-15 14:35:15,David Oliver,david.oliver@hotmail.com,+44 7741575578,Email,Refund request,Resolved,12:41
SUPPORT,SUP002218,SUP002218,2025-07-15 16:46:25,Barry Marshall,barry.marshall@hotmail.com,+44 7606866932,Email,Refund request,Resolved,09:45
SUPPORT,SUP002219,SUP002219,2025-07-15 16:51:43,Simon Harris,simon.harrs@gmail.com,+44 7117364657,Phone,Accessibility,Resolved,11:44
SUPPORT,SUP002220,SUP002220,2025-07-15 17:16:06,Arthur Shaw,arthur.shaw@yahoo.com,+44 7676014658,Email,Enquiry,Open,
SUPPORT,SUP002221,SUP002221,2025-07-15 17:16:20,Kieran Allen,kieran.allen@hotmail.com,,Email,Complaint,Resolved,10:44
SUPPORT,SUP002222,SUP002222,2025-07-15 18:12:06,Brett Ryan,brett.ryan@gmail.com,+44 7871279315,Email,Complaint,Resolved,22:38
SUPPORT,SUP002223,SUP002223,2025-07-15 19:04:23,Paige Spencer,paige.spencer@gmail.com,+44 7967552005,Phone,Refund request,Resolved,10:47
SUPPORT,SUP002224,SUP002224,2025-07-15 19:47:52,Melanie Lawson,melanie.lawson@gmail.com,+44 7954201228,Email,Enquiry,Resolved,01:57
SUPPORT,SUP002225,SUP002225,2025-07-15 19:58:35,Keith Smith,keith.smith@hotmail.com,+44 7232666946,Email,Accessibility,Resolved,03:21
SUPPORT,SUP002226,SUP002226,2025-07-15 20:39:10,Joanne Matthews,joanne.matthews@gmail.com,,Email,Refund request,Resolved,11:03
SUPPORT,SUP002227,SUP002227,2025-07-15 22:20:48,Pauline Hewitt,pauline.hewitt@gmail.com,,Email,Complaint,Resolved,10:57
SUPPORT,SUP002228,SUP002228,2025-07-15 23:27:30,Barbara Williams,barbara.williams2@gmail.com,+44 7727337604,Email,Refund request,Resolved,17:39
SUPPORT,SUP002229,SUP002229,2025-07-16 01:15:17,Sheila Ashton,,+44 7743725007,Phone,Refund request,Resolved,05:21
SUPPORT,SUP002230,SUP002230,2025-07-16 05:10:30,Sally Wright,sally.wright@gmail.com,+44 7151634731,Email,Refund request,Resolved,11:42
SUPPORT,SUP002231,SUP002231,2025-07-16 06:55:15,Stewart Clements,stewart.clemnets@hotmail.com,+44 7243001954,Email,Accessibility,Open,
SUPPORT,SUP002232,SUP002232,2025-07-16 08:17:26,Hollie Nash,hollie.nash@hotmail.com,+44 7325525106,Email,Enquiry,Open,
SUPPORT,SUP002233,SUP002233,2025-07-16 10:54:02,Adam Roberts,adam.roberts@yahoo.com,+44 7532837871,Email,Accessibility,Resolved,03:45
SUPPORT,SUP002234,SUP002234,2025-07-16 11:08:43,Mark Price,mark.price@yahoo.com,+44 7845964609,Email,Enquiry,Resolved,05:38
SUPPORT,SUP002235,SUP002235,2025-07-16 13:00:32,Nicholas Shah,nicholas.shah@yahoo.com,+44 7314527389,Phone,Complaint,Resolved,25:03
SUPPORT,SUP002236,SUP002236,2025-07-16 13:33:18,Sian Wheeler,sian.wheeler@yahoo.com,+44 7606222921,Email,Refund request,Resolved,26:01
SUPPORT,SUP002237,SUP002237,2025-07-16 14:40:48,Luke Roberts,luke.roberts@yahoo.com,,Email,Enquiry,Resolved,05:53
SUPPORT,SUP002238,SUP002238,2025-07-16 15:21:01,Timothy Watson,timothy.watson@gmail.com,+44 7236162685,Email,Accessibility,Resolved,09:58
SUPPORT,SUP002239,SUP002239,2025-07-16 15:31:14,Lawrence Robinson,lawrence.robinson@hotmail.com,+44 7729342886,Email,Refund request,Resolved,41:28
SUPPORT,SUP002240,SUP002240,2025-07-17 03:13:39,Katherine Hill,katherine.hill@yahoo.com,+44 7791714343,Email,Refund request,Resolved,09:38
SUPPORT,SUP002241,SUP002241,2025-07-17 05:04:30,Allan Powell,alan.powell@yahoo.com,+44 7014291458,Email,Enquiry,Resolved,06:39
SUPPORT,SUP002242,SUP002242,2025-07-17 05:25:29,Andrea Harris,andrea.harris@yahoo.com,+44 7431446268,Phone,Accessibility,Resolved,05:04
SUPPORT,SUP002243,SUP002243,2025-07-17 09:38:40,Emily Begum,emily.begum@hotmail.com,,Email,Complaint,Resolved,08:21
SUPPORT,SUP002244,SUP002244,2025-07-17 13:30:54,Jamie Bird,jamie.bird@hotmail.com,,Email,Refund request,Resolved,12:29
SUPPORT,SUP002245,SUP002245,2025-07-17 15:27:48,Ruth Green,ruth.green@wanadoo.fr,+44 7811715454,Phone,Accessibility,Resolved,22:31
SUPPORT,SUP002246,SUP002246,2025-07-17 16:57:45,Judith Ali,judith.ali@gmail.com,+44 7923153028,Phone,Enquiry,Resolved,00:58
SUPPORT,SUP002247,SUP002247,2025-07-17 18:42:32,Katie Brown,aktie.brown@yahoo.com,+44 7648363943,Email,Enquiry,Resolved,02:09
SUPPORT,SUP002248,SUP002248,2025-07-17 20:40:09,Sophie Ali,sophie.ali@hotmail.co.uk,+44 7842385930,Email,Refund request,Resolved,12:22
SUPPORT,SUP002249,SUP002249,2025-07-17 20:47:51,Melanie Lawson,melanie.lawson@gmail.com,+44 7954201228,Email,Refund request,Open,
SUPPORT,SUP002250,SUP002250,2025-07-17 22:15:16,Kathryn Frost,kathryn.frost@hotmail.fr,+44 7054797382,Phone,Refund request,Open,
SUPPORT,SUP002251,SUP002251,2025-07-17 23:50:56,Lynne Morgan,lynne.morgan@gmail.com,+44 7483922565,Email,Refund request,Resolved,14:42
SUPPORT,SUP002252,SUP002252,2025-07-17 23:52:43,Beverley Watson,beverley.watson@hotmail.com,+44 7262583018,Email,Enquiry,Resolved,07:23
SUPPORT,SUP002253,SUP002253,2025-07-18 00:22:56,Joseph Lewis,,+44 7224319781,Phone,Refund request,Resolved,23:27
SUPPORT,SUP002254,SUP002254,2025-07-18 01:17:45,Barry Davis,barry.davis@yahoo.com,+44 7750265987,Phone,Accessibility,Resolved,21:21
SUPPORT,SUP002255,SUP002255,2025-07-18 02:25:30,Marion Ryan,marion.ryan@hotmail.com,+44 7644913473,Email,Refund request,Resolved,11:16
SUPPORT,SUP002256,SUP002256,2025-07-18 05:01:20,Alan Green,alan.green@hotmail.com,+44 7996351224,Email,Refund request,Resolved,01:55
SUPPORT,SUP002257,SUP002257,2025-07-18 07:24:49,Jill Turnbull,jill.turnbull@orange.fr,+44 7580361204,Email,Refund request,Resolved,18:58
SUPPORT,SUP002258,SUP002258,2025-07-18 09:16:52,Geraldine Flynn,geraldine.flynn@gmail.com,+44 7948730134,Email,Enquiry,Resolved,06:29
SUPPORT,SUP002259,SUP002259,2025-07-18 09:42:01,Daniel Jones,daniel.jones@hotmail.com,+44 7593236188,Email,Refund request,Open,
SUPPORT,SUP002260,SUP002260,2025-07-18 13:06:06,Brett Cook,brett.cook@gmail.com,+44 7612321468,Email,Accessibility,Resolved,43:08
SUPPORT,SUP002261,SUP002261,2025-07-18 13:47:02,Marilyn Bell,marilyn.bell@yahoo.com,,Email,Refund request,Resolved,05:00
SUPPORT,SUP002262,SUP002262,2025-07-18 14:43:52,Bruce Lloyd,brucelloyd@gmail.com,+44 7124874672,Email,Refund request,Resolved,34:43
SUPPORT,SUP002263,SUP002263,2025-07-18 16:59:53,Michael Powell,michael.powell@hotmail.com,+44 7015304545,Email,Refund request,Resolved,20:52
SUPPORT,SUP002264,SUP002264,2025-07-18 18:53:06,Stuart Stewart,stuart.stewart@yahoo.com,+44 7400460520,Email,Refund request,Resolved,34:55
SUPPORT,SUP002265,SUP002265,2025-07-18 20:23:35,Marilyn Dale,,+44 7730510111,Phone,Complaint,Resolved,34:40
SUPPORT,SUP002266,SUP002266,2025-07-18 22:41:37,Robert Mitchell,robert.mitchell@hotmail.com,+44 7027114668,Phone,Refund request,Resolved,09:25
SUPPORT,SUP002267,SUP002267,2025-07-18 23:40:42,Frank Harris,frank.harris@yahoo.com,,Email,Enquiry,Resolved,09:23
SUPPORT,SUP002268,SUP002268,2025-07-19 00:27:31,Holly Price,holly.price@yahoo.com,+44 7001021577,Email,Accessibility,Resolved,05:35
SUPPORT,SUP002269,SUP002269,2025-07-19 04:03:02,Jade Williams,jade.williams@hotmail.com,+44 7994979797,Email,Complaint,Resolved,14:19
SUPPORT,SUP002270,SUP002270,2025-07-19 07:32:11,Liam Murphy,,+44 7548598348,Phone,Complaint,Resolved,07:00
SUPPORT,SUP002271,SUP002271,2025-07-19 07:58:27,Amber Potter,amber.potter@yahoo.com,+44 7354193565,Email,Refund request,Open,
SUPPORT,SUP002272,SUP002272,2025-07-19 08:08:50,Francesca West,francesca.west@yahoo.com,+44 7990989735,Email,Enquiry,Resolved,04:20
SUPPORT,SUP002273,SUP002273,2025-07-19 11:10:02,Carolyn Edwards,carolyn.edwards@yahoo.com,+44 7987382422,Email,Refund request,Resolved,32:25
SUPPORT,SUP002274,SUP002274,2025-07-19 11:14:32,Ben Simpson,ben.simpson@hotmail.com,+44 7374184043,Email,Accessibility,Resolved,23:18
SUPPORT,SUP002275,SUP002275,2025-07-19 12:50:13,John Robertson,john.robertson@hotmail.co.uk,+44 7290607061,Phone,Accessibility,Resolved,07:10
SUPPORT,SUP002276,SUP002276,2025-07-19 13:57:27,Stacey Bird,stacey.bird@gmail.com,+44 7606704042,Phone,Refund request,Open,
SUPPORT,SUP002277,SUP002277,2025-07-19 14:46:30,Carly Turner,carl.turner@hotmail.com,+44 7072587658,Email,Refund request,Resolved,22:08
SUPPORT,SUP002278,SUP002278,2025-07-19 15:24:26,Julia O'Donnell,julia.odonnell@gmail.com,+44 7658068040,Email,Accessibility,Resolved,20:53
SUPPORT,SUP002279,SUP002279,2025-07-19 18:00:35,Albert Coles,albert.coles@hotmail.com,+44 7515553392,Email,Complaint,Resolved,30:12
SUPPORT,SUP002280,SUP002280,2025-07-19 19:04:42,Derek Henderson,derek.henderson@hotmail.com,+44 7270003877,Email,Accessibility,Resolved,07:55
SUPPORT,SUP002281,SUP002281,2025-07-19 19:41:24,Dominic Barnett,dominic.barnett@hotmail.com,+44 7612418004,Phone,Refund request,Resolved,14:57
SUPPORT,SUP002282,SUP002282,2025-07-19 20:20:33,Kathryn Cole,kathryn.cole@hotmail.com,+44 7923985482,Email,Refund request,Resolved,23:07
SUPPORT,SUP002283,SUP002283,2025-07-19 21:24:12,Abdul McLean,abdul.mclean@hotmail.com,,Email,Refund request,Resolved,32:46
SUPPORT,SUP002284,SUP002284,2025-07-19 23:15:35,Rosemary Ali,rosemary.ali@hotmail.com,+44 7613612496,Email,Enquiry,Resolved,07:15
SUPPORT,SUP002285,SUP002285,2025-07-20 01:20:09,Chloe Thomas,chloe.thomas@gmail.com,+44 7428592918,Phone,Enquiry,Resolved,07:38
SUPPORT,SUP002286,SUP002286,2025-07-20 01:45:28,Elliott Jones,elliott.jones@yahoo.com,,Email,Refund request,Resolved,11:18
SUPPORT,SUP002287,SUP002287,2025-07-20 02:48:35,Carole Johnson,carole.johnson@yahoo.fr,+44 7951842429,Email,Refund request,Resolved,26:37
SUPPORT,SUP002288,SUP002288,2025-07-20 04:24:47,Debra Webb,,+44 7190239236,Phone,Enquiry,Resolved,05:07
SUPPORT,SUP002289,SUP002289,2025-07-20 04:32:16,Karl Webb,karl.webb@yahoo.fr,+44 7831181080,Phone,Complaint,Open,
SUPPORT,SUP002290,SUP002290,2025-07-20 04:55:43,Scott Hussain,scott.hussain@gmail.com,+44 7890172944,Email,Enquiry,Resolved,00:17
SUPPORT,SUP002291,SUP002291,2025-07-20 05:37:49,Paige Spencer,paige.spencer@gmail.com,,Email,Refund request,Resolved,30:48
SUPPORT,SUP002292,SUP002292,2025-07-20 07:11:24,Sean May,sean.may@yahoo.com,+44 7774168664,Email,Refund request,Open,
SUPPORT,SUP002293,SUP002293,2025-07-20 07:55:11,Jodie Lloyd,jodie.lloyd@gmail.com,+44 7077911238,Email,Refund request,Resolved,17:31
SUPPORT,SUP002294,SUP002294,2025-07-20 08:43:07,Alan Knowles,alan.knowles@yahoo.fr,+44 7177786107,Email,Enquiry,Resolved,03:54
SUPPORT,SUP002295,SUP002295,2025-07-20 08:57:19,Michelle Lewis,michelle.lewis@yahoo.com,+44 7876206568,Email,Accessibility,Resolved,04:46
SUPPORT,SUP002296,SUP002296,2025-07-20 11:14:20,Mark Davies,mark.davies@hotmail.co.uk,+44 7479273382,Email,Refund request,Resolved,17:17
SUPPORT,SUP002297,SUP002297,2025-07-20 13:18:50,Glenn Greenwood,glenn.greenwood@yahoo.com,,Email,Complaint,Open,
SUPPORT,SUP002298,SUP002298,2025-07-20 16:03:30,Holly Byrne,holly.byrne@yahoo.com,+44 7519226104,Email,Enquiry,Resolved,05:22
SUPPORT,SUP002299,SUP002299,2025-07-20 18:39:12,Simon George,simon.george@gmail.com,+44 7194359386,Email,Refund request,Resolved,13:16
SUPPORT,SUP002300,SUP002300,2025-07-20 20:50:56,Thomas Allen,thomas.allen@hotmail.com,+44 7660833222,Email,Enquiry,Resolved,10:07
SUPPORT,SUP002301,SUP002301,2025-07-20 21:42:51,Shirley Fletcher,,+44 7124861708,Phone,Complaint,Resolved,05:27
SUPPORT,SUP002302,SUP002302,2025-07-20 23:49:12,Nicola Smith,nicola.smith@hotmail.com,,Email,Refund request,Resolved,40:19
SUPPORT,SUP002303,SUP002303,2025-07-21 01:04:02,Mohamed Matthews,mohamed.matthews@gmail.com,,Email,Enquiry,Resolved,02:33
SUPPORT,SUP002304,SUP002304,2025-07-21 03:57:16,Gemma Parsons,,+44 7926590987,Phone,Refund request,Resolved,08:47
SUPPORT,SUP002305,SUP002305,2025-07-21 05:40:10,Bernard Taylor,bernard.taylor@hotmail.com,+44 7766089327,Email,Complaint,Resolved,18:35
SUPPORT,SUP002306,SUP002306,2025-07-21 06:43:51,Stuart Robinson,stuart.robinson@hotmail.com,,Email,Accessibility,Resolved,04:33
SUPPORT,SUP002307,SUP002307,2025-07-21 08:17:46,Sam Knowles,sam.knowles@hotmail.com,+44 7275619476,Email,Refund request,Resolved,15:26
SUPPORT,SUP002308,SUP002308,2025-07-21 08:41:08,Hilary Robinson,hilary.robinson@yahoo.com,+44 7037121268,Phone,Refund request,Resolved,05:39
SUPPORT,SUP002309,SUP002309,2025-07-21 14:17:48,Graham Brown,graham.brown@gmail.com,+44 7010480815,Email,Refund request,Resolved,26:50
SUPPORT,SUP002310,SUP002310,2025-07-21 14:28:40,Ashley Morris,ashley.morris@gmail.com,,Email,Complaint,Resolved,16:20
SUPPORT,SUP002311,SUP002311,2025-07-21 16:35:45,Chloe Thomas,chloe.thomas@gmail.com,+44 7428592918,Email,Refund request,Resolved,26:03
SUPPORT,SUP002312,SUP002312,2025-07-21 16:36:28,Ann Ball,ann.ball@hotmail.com,,Email,Accessibility,Resolved,02:42
SUPPORT,SUP002313,SUP002313,2025-07-21 16:54:46,Sandra Walker,sandra.walker@aol.com,,Email,Enquiry,Resolved,06:08
SUPPORT,SUP002314,SUP002314,2025-07-21 20:09:20,Roger Miller,roger.miller@yahoo.com,+44 7841715690,Email,Accessibility,Resolved,00:46
SUPPORT,SUP002315,SUP002315,2025-07-22 02:24:34,Lawrence Nash,lawrence.nash@gmail.com,+44 7875054262,Email,Refund request,Resolved,21:35
SUPPORT,SUP002316,SUP002316,2025-07-22 08:31:21,Josh Charlton,josh.charlton@hotmail.co.uk,+44 7597595916,Email,Complaint,Resolved,10:14
SUPPORT,SUP002317,SUP002317,2025-07-22 08:40:46,Lauren Howard,lauren.howard@gmail.com,,Email,Enquiry,Resolved,06:29
SUPPORT,SUP002318,SUP002318,2025-07-22 09:12:33,Gemma Griffiths,gemma.griffiths@hotmail.fr,+44 7563639200,Email,Enquiry,Resolved,05:07
SUPPORT,SUP002319,SUP002319,2025-07-22 10:53:17,Eileen Warner,eileen.warner@gmail.com,,Email,Complaint,Resolved,07:04
SUPPORT,SUP002320,SUP002320,2025-07-22 12:31:31,Lesley Robinson,lesley.robinson@yahoo.com,,Email,Complaint,Resolved,27:54
SUPPORT,SUP002321,SUP002321,2025-07-22 13:54:01,Jayne Potts,jayne.potts@yahoo.com,+44 7089505325,Email,Complaint,Resolved,13:20
SUPPORT,SUP002322,SUP002322,2025-07-22 14:19:08,Irene Martin,irene.martin@gmail.com,+44 7762340571,Email,Complaint,Resolved,27:28
SUPPORT,SUP002323,SUP002323,2025-07-22 14:59:30,Henry Nicholls,henry.nicolls@yahoo.com,+44 7549613637,Email,Refund request,Resolved,05:11
SUPPORT,SUP002324,SUP002324,2025-07-22 16:10:26,Emma McDonald,emma.mcdonald@hotmail.com,,Email,Enquiry,Open,
SUPPORT,SUP002325,SUP002325,2025-07-23 01:46:35,BernardThomas,bernard.thomas@msn.com,+44 7329752468,Phone,Accessibility,Resolved,17:20
SUPPORT,SUP002326,SUP002326,2025-07-23 03:32:03,Emma Brown,emma.brown@wanadoo.fr,+44 7392278158,Email,Refund request,Resolved,17:02
SUPPORT,SUP002327,SUP002327,2025-07-23 07:11:59,Benjamin Johnson,benjamin.johnson@yahoo.com,+44 7775630336,Email,Enquiry,Resolved,08:07
SUPPORT,SUP002328,SUP002328,2025-07-23 09:23:07,Diana Richardson,diana.richardson@hotmail.com,+44 7643611104,Phone,Refund request,Resolved,05:49
SUPPORT,SUP002329,SUP002329,2025-07-23 09:51:27,Yvonne Fisher,,+44 7622683043,Phone,Enquiry,Resolved,05:06
SUPPORT,SUP002330,SUP002330,2025-07-23 10:41:11,Lisa Webb,lisa.webb@yahoo.com,+44 7462494827,Email,Refund request,Resolved,01:15
SUPPORT,SUP002331,SUP002331,2025-07-23 12:14:44,Kyle Baker,kyle.baker@hotmail.com,+44 7115155956,Email,Enquiry,Resolved,09:39
SUPPORT,SUP002332,SUP002332,2025-07-23 12:27:52,Frederick Rose,,+44 7715987639,Phone,Enquiry,Open,
SUPPORT,SUP002333,SUP002333,2025-07-23 13:36:48,Eileen Price,eileen.price@aol.com,+44 7935258605,Phone,Refund request,Resolved,10:03
SUPPORT,SUP002334,SUP002334,2025-07-23 16:27:38,Amy Thomas,amy.thomas@hotmail.com,,Email,Enquiry,Resolved,02:25
SUPPORT,SUP002335,SUP002335,2025-07-23 18:23:01,Elliott Carroll,elliott.carroll@hotmail.com,+44 7838297079,Email,Complaint,Open,
SUPPORT,SUP002336,SUP002336,2025-07-23 22:23:28,Caorlyn Edwards,carolyn.edwards@yahoo.com,+44 7987382422,Email,Accessibility,Resolved,28:50
SUPPORT,SUP002337,SUP002337,2025-07-23 22:27:34,Jay Thomas,jay.thomas@yahoo.com,+44 7829121585,Email,Refund request,Resolved,13:56
SUPPORT,SUP002338,SUP002338,2025-07-24 00:43:54,Chloe Bryant,chloe.bryant@hotmail.com,+44 7197629294,Email,Enquiry,Resolved,08:51
SUPPORT,SUP002339,SUP002339,2025-07-24 07:29:46,Joanna Ward,joanna.ward@yahoo.com,+44 7160987695,Email,Accessibility,Resolved,15:33
SUPPORT,SUP002340,SUP002340,2025-07-24 07:46:46,Jordan Roberts,jordan.roberts2@gmail.com,+44 7039113478,Email,Refund request,Resolved,22:52
SUPPORT,SUP002341,SUP002341,2025-07-24 17:47:04,Kim Andrews,kim.andrews@yahoo.com,,Email,Refund request,Resolved,18:13
SUPPORT,SUP002342,SUP002342,2025-07-24 19:50:24,Geraldine Powell,geraldine.powell@hotmail.com,,Email,Accessibility,Resolved,12:49
SUPPORT,SUP002343,SUP002343,2025-07-24 20:47:13,Russell Davies,russell.davies@hotmail.fr,+44 7410592199,Phone,Refund request,Resolved,19:26
SUPPORT,SUP002344,SUP002344,2025-07-24 21:20:49,Ellei Miller,ellie.miller@yahoo.com,+44 7734248609,Phone,Refund request,Resolved,15:12
SUPPORT,SUP002345,SUP002345,2025-07-24 22:05:28,Kathryn Davis,kathryn.davis@wanadoo.fr,+44 7543495594,Email,Refund request,Open,
SUPPORT,SUP002346,SUP002346,2025-07-25 01:25:05,Eleanor Atkins,eleanor.atkins@hotmail.com,+44 7178185767,Email,Refund request,Resolved,12:30
SUPPORT,SUP002347,SUP002347,2025-07-25 09:27:40,Sandra Blackburn,sandra.blackburn@yahoo.com,+44 7043215934,Email,Refund request,Resolved,19:15
SUPPORT,SUP002348,SUP002348,2025-07-25 12:22:34,Emma Clarke,,+44 7484249111,Phone,Refund request,Resolved,04:19
SUPPORT,SUP002349,SUP002349,2025-07-25 13:36:09,Ashleigh Patel,ashleigh.patel@hotmail.com,+44 7894865297,Email,Complaint,Open,
SUPPORT,SUP002350,SUP002350,2025-07-25 14:41:13,Terence Shaw,terence.shaw@gmail.com,+44 7888678578,Email,Enquiry,Resolved,05:35
SUPPORT,SUP002351,SUP002351,2025-07-25 15:20:02,Edward Baker,edward.baker@hotmail.com,+44 7072207167,Phone,Enquiry,Resolved,04:51
SUPPORT,SUP002352,SUP002352,2025-07-25 15:57:21,Marilyn Fuller,marilyn.fuller@yahoo.com,,Email,Enquiry,Resolved,05:44
SUPPORT,SUP002353,SUP002353,2025-07-25 21:15:33,Rita Morris,rita.morris2@yahoo.com,+44 7603233588,Email,Enquiry,Open,
SUPPORT,SUP002354,SUP002354,2025-07-25 23:12:59,Joyce Roberts,joyce.roberts@gmail.com,,Email,Refund request,Resolved,15:56
SUPPORT,SUP002355,SUP002355,2025-07-26 00:42:57,Marion Shaw,marion.shaw@yahoo.com,+44 7252144904,Email,Enquiry,Resolved,00:47
SUPPORT,SUP002356,SUP002356,2025-07-26 00:46:00,William Goddard,william.goddard@hotmail.com,,Email,Refund request,Resolved,14:41
SUPPORT,SUP002357,SUP002357,2025-07-26 03:09:35,Georgina Adams,georgina.adams@aol.com,+44 7701825449,Email,Accessibility,Resolved,19:21
SUPPORT,SUP002358,SUP002358,2025-07-26 04:36:46,Craig Quinn,craig.quinn@yahoo.com,,Email,Enquiry,Resolved,05:14
SUPPORT,SUP002359,SUP002359,2025-07-26 04:38:05,Jessica Porter,jessica.porter@gmail.com,+44 7284688442,Email,Refund request,Resolved,44:24
SUPPORT,SUP002360,SUP002360,2025-07-26 09:38:38,Joseph Davies,joseph.davies@wanadoo.fr,,Email,Complaint,Resolved,52:25
SUPPORT,SUP002361,SUP002361,2025-07-26 09:48:31,Stanley Parker,stanley.parker@hotmail.com,+44 7216340001,Phone,Accessibility,Resolved,19:46
SUPPORT,SUP002362,SUP002362,2025-07-26 11:36:55,Kenneth Macdonald,kenneth.macdonald@gmail.com,+44 7497193453,Phone,Accessibility,Resolved,05:05
SUPPORT,SUP002363,SUP002363,2025-07-26 16:11:33,Lynda Reynolds,,+44 7545891338,Phone,Complaint,Resolved,17:42
SUPPORT,SUP002364,SUP002364,2025-07-26 21:59:21,Carole Ellis,carole.ellis@aol.com,+44 7133303443,Phone,Accessibility,Resolved,07:00
SUPPORT,SUP002365,SUP002365,2025-07-26 22:50:48,Mohammed Thomas,,+44 7965827691,Phone,Refund request,Resolved,16:29
SUPPORT,SUP002366,SUP002366,2025-07-27 00:46:52,Mandy Jackson,mandy.jackson@hotmail.com,,Email,Refund request,Open,
SUPPORT,SUP002367,SUP002367,2025-07-27 02:30:19,Charlene Leonard,charlene.leonard@yahoo.com,+44 7395992591,Phone,Accessibility,Open,
SUPPORT,SUP002368,SUP002368,2025-07-27 03:27:49,Callum Whittaker,callum.whittaker@hotmail.com,+44 7580354131,Email,Accessibility,Resolved,05:14
SUPPORT,SUP002369,SUP002369,2025-07-27 04:10:47,Ann Scott,ann.scott@gmail.com,,Email,Complaint,Resolved,01:36
SUPPORT,SUP002370,SUP002370,2025-07-27 06:34:51,Diane Clark,diane.clark@yahoo.com,+44 7266240632,Email,Enquiry,Resolved,09:19
SUPPORT,SUP002371,SUP002371,2025-07-27 06:47:55,Steven Fisher,steven.fishr@gmail.com,,Email,Refund request,Resolved,05:31
SUPPORT,SUP002372,SUP002372,2025-07-27 08:32:17,Suzanne Rice,suzanne.rice@hotmail.com,+44 7263840382,Phone,Enquiry,Resolved,02:49
SUPPORT,SUP002373,SUP002373,2025-07-27 08:44:16,Gail Hammond,gail.hammond@yahoo.fr,+44 7924298412,Email,Refund request,Resolved,04:49
SUPPORT,SUP002374,SUP002374,2025-07-27 09:25:43,Stacey O'Brien,stacey.obrin@yahoo.com,+44 7857463335,Email,Accessibility,Resolved,19:44
SUPPORT,SUP002375,SUP002375,2025-07-27 09:51:31,Aimee Campbell,imee.campbell@hotmail.com,+44 7968313492,Phone,Enquiry,Open,
SUPPORT,SUP002376,SUP002376,2025-07-27 12:04:57,Francesca Akhtar,,+44 7782834426,Phone,Refund request,Resolved,18:45
SUPPORT,SUP002377,SUP002377,2025-07-27 15:22:28,Richard Khan,richard.khan@hotmail.com,+44 7689710028,Email,Complaint,Resolved,22:27
SUPPORT,SUP002378,SUP002378,2025-07-27 19:07:29,Norman Cross,norman.cross@gmail.com,+44 7403219302,Phone,Complaint,Resolved,08:46
SUPPORT,SUP002379,SUP002379,2025-07-27 22:06:28,Barry Hunt,barry.hunt@gmail.com,+44 7275031040,Phone,Refund request,Resolved,39:45
SUPPORT,SUP002380,SUP002380,2025-07-28 02:01:49,Allan May,allan.may@yahoo.com,+44 7389420339,Email,Complaint,Resolved,10:20
SUPPORT,SUP002381,SUP002381,2025-07-28 03:00:20,Mark Porter,mark.porter@yahoo.com,,Email,Accessibility,Open,
SUPPORT,SUP002382,SUP002382,2025-07-28 03:16:54,Nicola Brown,nicola.brown@wanadoo.fr,+44 7210075403,Phone,Accessibility,Open,
SUPPORT,SUP002383,SUP002383,2025-07-28 04:28:34,Marilyn Bell,marilyn.bell@yahoo.com,,Email,Refund request,Resolved,16:51
SUPPORT,SUP002384,SUP002384,2025-07-28 05:10:53,Jemma Kaur,jemma.kaur@gmail.com,+44 7603132243,Email,Enquiry,Open,
SUPPORT,SUP002385,SUP002385,2025-07-28 05:26:27,Tracy Lamb,,+44 7472056335,Phone,Accessibility,Open,
SUPPORT,SUP002386,SUP002386,2025-07-28 05:43:34,Catherine Cook,,+44 7756260757,Phone,Complaint,Resolved,12:00
SUPPORT,SUP002387,SUP002387,2025-07-28 09:16:44,Hayley Barlow,hayley.barlow@hotmail.fr,+44 7761894740,Email,Complaint,Open,
SUPPORT,SUP002388,SUP002388,2025-07-28 10:59:13,Kathleen Rees,kathleen.rees@yahoo.com,,Email,Complaint,Resolved,29:36
SUPPORT,SUP002389,SUP002389,2025-07-28 11:33:01,Ann Scott,ann.scott@gmail.com,+44 7762629607,Phone,Accessibility,Resolved,31:52
SUPPORT,SUP002390,SUP002390,2025-07-28 11:56:09,Max Turner,max.turner@hotmail.fr,+44 7954615769,Phone,Refund request,Resolved,17:18
SUPPORT,SUP002391,SUP002391,2025-07-28 12:39:45,Henry Wyatt,henry.wyatt@aol.com,+44 7057290746,Phone,Accessibility,Resolved,09:31
SUPPORT,SUP002392,SUP002392,2025-07-28 17:17:55,Gemma Gardner,gemma.gardner@hotmail.com,+44 7139199667,Email,Enquiry,Resolved,00:37
SUPPORT,SUP002393,SUP002393,2025-07-28 18:02:09,Jane Elliott,,+44 7585901799,Phone,Refund request,Open,
SUPPORT,SUP002394,SUP002394,2025-07-28 18:24:30,Roger Begum,roger.begum@hotmail.com,+44 7445267374,Email,Refund request,Resolved,50:12
SUPPORT,SUP002395,SUP002395,2025-07-28 18:25:55,Rita Brown,,+44 7029252924,Phone,Complaint,Resolved,21:16
SUPPORT,SUP002396,SUP002396,2025-07-29 01:52:26,Stanley Hicks,stanley.hicks@yahoo.com,+44 7191442219,Email,Refund request,Resolved,25:49
SUPPORT,SUP002397,SUP002397,2025-07-29 05:08:36,Toby Hanson,toby.hanson@gmail.com,+44 7549076479,Email,Refund request,Resolved,22:59
SUPPORT,SUP002398,SUP002398,2025-07-29 06:58:13,Dorothy Hussain,dorothy.hussain@hotmail.com,+44 7871851149,Email,Refund request,Resolved,27:22
SUPPORT,SUP002399,SUP002399,2025-07-29 08:41:09,Emma Mistry,emma.mistry@gmail.com,,Email,Complaint,Resolved,25:44
SUPPORT,SUP002400,SUP002400,2025-07-29 10:00:13,Joyce Davies,joyce.davies@hotmail.com,+44 7997605472,Email,Accessibility,Resolved,18:30
SUPPORT,SUP002401,SUP002401,2025-07-29 12:48:31,Sylvia Wood,sylvia.wood@gmail.com,+44 7339425248,Email,Refund request,Resolved,15:26
SUPPORT,SUP002402,SUP002402,2025-07-29 15:29:06,Patrick Chapman,patrick.chapman@hotmail.com,,Email,Enquiry,Resolved,11:06
SUPPORT,SUP002403,SUP002403,2025-07-29 15:33:39,Diane Clark,diane.clark@yahoo.com,+44 7266640632,Email,Enquiry,Resolved,07:08
SUPPORT,SUP002404,SUP002404,2025-07-29 18:09:41,Keith Davison,keith.davison@aol.com,+44 7774266294,Email,Complaint,Resolved,22:17
SUPPORT,SUP002405,SUP002405,2025-07-29 18:40:36,Stephen Rowe,,+44 7903996584,Phone,Complaint,Resolved,22:03
SUPPORT,SUP002406,SUP002406,2025-07-30 03:25:27,Max Davey,max.davey@yahoo.com,+44 7289712290,Phone,Complaint,Resolved,18:10
SUPPORT,SUP002407,SUP002407,2025-07-30 10:15:34,Dominic Wilson,dominic.wilson@gmail.com,,Email,Complaint,Open,
SUPPORT,SUP002408,SUP002408,2025-07-30 11:05:41,Suzanne Hill,szanne.hill@hotmail.com,,Email,Complaint,Resolved,52:37
SUPPORT,SUP002409,SUP002409,2025-07-30 11:42:57,Jennifer Reed,jennifer.reed@hotmail.com,+44 7181461097,Phone,Enquiry,Resolved,10:38
SUPPORT,SUP002410,SUP002410,2025-07-30 11:50:53,Jacob Dickinson,jacob.dickinson@gmail.com,,Email,Refund request,Resolved,17:08
SUPPORT,SUP002411,SUP002411,2025-07-30 12:31:17,Lindsey Kelly,,+44 7157297254,Phone,Refund request,Resolved,13:45
SUPPORT,SUP002412,SUP002412,2025-07-30 12:52:38,Elliott Davis,,+44 7724664141,Phone,Enquiry,Resolved,04:31
SUPPORT,SUP002413,SUP002413,2025-07-30 12:52:55,Melissa Johnson,melissa.johnson@gmail.com,+44 7793720469,Email,Complaint,Resolved,12:28
SUPPORT,SUP002414,SUP002414,2025-07-30 13:01:48,Eileen Wilson,eieen.wilson@hotmail.com,+44 7677795300,Phone,Complaint,Resolved,06:10
SUPPORT,SUP002415,SUP002415,2025-07-30 14:09:10,Norman Lee,norman.lee@orange.fr,,Email,Refund request,Resolved,38:10
SUPPORT,SUP002416,SUP002416,2025-07-30 15:23:14,Frances Stevenson,frances.stevenson@hotmail.com,,Email,Complaint,Open,
SUPPORT,SUP002417,SUP002417,2025-07-30 17:14:19,Guy Jones,guy.jones@gmail.com,+44 7106255148,Email,Enquiry,Open,
SUPPORT,SUP002418,SUP002418,2025-07-30 20:32:27,Ashley Miller,ashley.miller@aol.com,,Email,Refund request,Resolved,20:03
SUPPORT,SUP002419,SUP002419,2025-07-30 21:20:10,Georgina Adams,georgina.adams@aol.com,+44 7701825449,Email,Complaint,Resolved,54:45
SUPPORT,SUP002420,SUP002420,2025-07-31 00:05:51,Alice Jnoes,alice.jones@hotmail.co.uk,,Email,Complaint,Resolved,14:07
SUPPORT,SUP002421,SUP002421,2025-07-31 03:53:20,Simon May,,+44 7521854198,Phone,Complaint,Open,
SUPPORT,SUP002422,SUP002422,2025-07-31 04:39:05,Robin Stewart,robin.stewart@yahoo.com,+44 7581831195,Phone,Complaint,Resolved,14:53
SUPPORT,SUP002423,SUP002423,2025-07-31 07:09:10,Carly Johnson,carly.johnson@hotmail.com,+44 7413614949,Phone,Complaint,Resolved,23:55
SUPPORT,SUP002424,SUP002424,2025-07-31 07:19:37,Robert Shepherd,robert.shepherd@yahoo.com,+44 7930426115,Email,Refund request,Open,
SUPPORT,SUP002425,SUP002425,2025-07-31 08:05:57,Ashley Morris,ashley.morris@gmail.com,,Email,Enquiry,Resolved,08:02
SUPPORT,SUP002426,SUP002426,2025-07-31 08:06:38,Paige Sutton,paige.sutton@yahoo.com,+44 7043806754,Email,Complaint,Resolved,44:50
SUPPORT,SUP002427,SUP002427,2025-07-31 08:34:32,Vanessa Bell,vanessa.bell@yahoo.com,,Email,Refund request,Open,
SUPPORT,SUP002428,SUP002428,2025-07-31 11:45:35,Rosie Barker,rosie.barker@hotmail.com,+44 7835746300,Email,Complaint,Resolved,02:02
SUPPORT,SUP002429,SUP002429,2025-07-31 12:26:20,Olivia Crawford,olivia.crawford@aol.com,+44 7927420735,Email,Refund request,Resolved,16:19
SUPPORT,SUP002430,SUP002430,2025-07-31 12:41:42,Brett Jackson,brett.jackson@hotmail.com,+44 7972163098,Phone,Refund request,Resolved,23:39
SUPPORT,SUP002431,SUP002431,2025-07-31 19:08:08,Conor Henderson,conor.henderson@hotmail.com,+44 7633074113,Email,Refund request,Resolved,07:17
SUPPORT,SUP002432,SUP002432,2025-07-31 20:39:01,Jason Burton,jason.burton@gmail.com,+44 7969164554,Phone,Refund request,Open,
SUPPORT,SUP002433,SUP002433,2025-07-31 21:50:11,Andrew Phillips,,+44 7612182278,Phone,Enquiry,Resolved,10:06
SUPPORT,SUP002434,SUP002434,2025-07-31 22:57:41,Aimee Shaw,aimee.shaw@yahoo.com,,Email,Refund request,Resolved,20:12
SUPPORT,SUP002435,SUP002435,2025-08-01 00:06:39,Naomi McCarthy,naomi.mccarthy@hotmail.co.uk,+44 7361262136,Email,Complaint,Resolved,41:59
SUPPORT,SUP002436,SUP002436,2025-08-01 00:38:12,Hollie Elliott,hollie.elliott@hotmail.com,+44 7185134620,Email,Complaint,Resolved,27:10
SUPPORT,SUP002437,SUP002437,2025-08-01 03:21:35,Stewart Green,stewart.green@gmail.com,+44 7441778274,Email,Refund request,Resolved,05:33
SUPPORT,SUP002438,SUP002438,2025-08-01 03:45:19,Edward Baker,edward.baker@hotmail.com,+44 7072207167,Phone,Accessibility,Resolved,02:56
SUPPORT,SUP002439,SUP002439,2025-08-01 07:15:05,Molly Stephenson,molly.stephenson@yahoo.com,+44 7244818865,Phone,Refund request,Resolved,31:30
SUPPORT,SUP002440,SUP002440,2025-08-01 08:21:19,Jeremy Shaw,jeremy.shaw@yahoo.com,+44 7094949553,Phone,Enquiry,Open,
SUPPORT,SUP002441,SUP002441,2025-08-01 08:48:06,Paula Haynes,,+44 7796969799,Phone,Complaint,Resolved,09:07
SUPPORT,SUP002442,SUP002442,2025-08-01 09:49:34,Linda Green,linda.green@gmail.com,+44 7087905704,Phone,Refund request,Resolved,32:31
SUPPORT,SUP002443,SUP002443,2025-08-01 12:07:36,Linda Shaw,linda.shaw@aol.com,+44 7250501159,Email,Accessibility,Resolved,06:25
SUPPORT,SUP002444,SUP002444,2025-08-01 12:48:36,Joshua Hughes,joshua.hughes@hotmail.com,+44 7741616272,Email,Refund request,Open,
SUPPORT,SUP002445,SUP002445,2025-08-01 14:23:27,Josephine Williams,josephine.williams@aol.com,+44 7023290790,Phone,Accessibility,Open,
SUPPORT,SUP002446,SUP002446,2025-08-01 14:54:31,Trevor Reynolds,trevor.reynolds@yahoo.com,,Email,Refund request,Resolved,15:27
SUPPORT,SUP002447,SUP002447,2025-08-01 19:17:00,Alice Atkins,alice.atkins2@yahoo.com,+44 7523824206,Phone,Complaint,Resolved,08:17
SUPPORT,SUP002448,SUP002448,2025-08-01 20:02:07,Zoe Riley,zoe.riley@gmail.com,+44 7904140460,Email,Complaint,Open,
SUPPORT,SUP002449,SUP002449,2025-08-01 20:41:18,Karl Reed,,+44 7448538681,Phone,Enquiry,Resolved,10:06
SUPPORT,SUP002450,SUP002450,2025-08-01 21:02:15,Joanne Flynn,joanne.flynn@gmail.com,+44 7054195602,Email,Enquiry,Open,
SUPPORT,SUP002451,SUP002451,2025-08-01 21:53:58,Paige Clark,paige.clark@yahoo.com,+44 7113432497,Email,Accessibility,Open,
SUPPORT,SUP002452,SUP002452,2025-08-02 00:26:20,Chloe Bryant,chloe.bryant@hotmail.com,+44 7197629294,Email,Complaint,Open,
SUPPORT,SUP002453,SUP002453,2025-08-02 00:30:54,Luke Brown,luke.brown@hotmail.com,,Email,Accessibility,Resolved,14:37
SUPPORT,SUP002454,SUP002454,2025-08-02 01:38:08,Eileen Hammond,eileen.hammond@hotmail.com,,Email,Accessibility,Resolved,12:09
SUPPORT,SUP002455,SUP002455,2025-08-02 03:11:02,Laura Hall,laura.hall@aol.com,,Email,Enquiry,Resolved,06:42
SUPPORT,SUP002456,SUP002456,2025-08-02 03:34:28,Christine Palmer,,+44 7742909195,Phone,Enquiry,Resolved,04:28
SUPPORT,SUP002457,SUP002457,2025-08-02 04:05:34,Lesley Russell,lesley.russell@yahoo.com,+44 7118192166,Phone,Refund request,Resolved,29:50
SUPPORT,SUP002458,SUP002458,2025-08-02 04:49:13,Chelsea Bates,chelsea.bates@msn.com,+44 7723538698,Phone,Enquiry,Resolved,07:18
SUPPORT,SUP002459,SUP002459,2025-08-02 05:05:14,Marion Lawrence,marion.lawrence@yahoo.com,+44 7735445335,Phone,Complaint,Open,
SUPPORT,SUP002460,SUP002460,2025-08-02 05:12:02,Mary Young,mary.young@gmail.com,+44 7629502766,Email,Enquiry,Resolved,03:36
SUPPORT,SUP002461,SUP002461,2025-08-02 08:21:22,Gerald Hunt,gerald.hunt@yahoo.com,+44 7508690230,Email,Enquiry,Resolved,03:50
SUPPORT,SUP002462,SUP002462,2025-08-02 08:59:22,Alex Evans,alex.evans@yahoo.com,,Email,Refund request,Resolved,08:40
SUPPORT,SUP002463,SUP002463,2025-08-02 09:55:18,Joanna Wilkinson,joanna.wilkinson@hotmail.com,+44 7725485968,Email,Refund request,Open,
SUPPORT,SUP002464,SUP002464,2025-08-02 12:00:13,Dominic Wilson,dominic.wilson@gmail.com,+44 7832528957,Email,Enquiry,Resolved,04:19
SUPPORT,SUP002465,SUP002465,2025-08-02 12:04:26,Charles Ahmed,charles.ahmed@gmail.com,+44 7250536859,Email,Accessibility,Open,
SUPPORT,SUP002466,SUP002466,2025-08-02 15:53:17,Timothy Wilson,timothy.wilson@yahoo.com,,Email,Refund request,Resolved,18:43
SUPPORT,SUP002467,SUP002467,2025-08-02 22:57:19,Eric Day,,+44 7145358395,Phone,Enquiry,Resolved,07:48
SUPPORT,SUP002468,SUP002468,2025-08-03 03:22:29,Jade Fox,,+44 7692481153,Phone,Refund request,Open,
SUPPORT,SUP002469,SUP002469,2025-08-03 03:28:58,Elaine James,elaine.james@yahoo.com,+44 7820759011,Email,Complaint,Resolved,00:40
SUPPORT,SUP002470,SUP002470,2025-08-03 04:44:21,Ian Simpson,ian.simpson@hotmail.com,+44 7040585323,Email,Enquiry,Resolved,02:57
SUPPORT,SUP002471,SUP002471,2025-08-03 04:48:50,Jane King,jane.king@gmail.com,+44 7785237016,Phone,Enquiry,Resolved,01:57
SUPPORT,SUP002472,SUP002472,2025-08-03 07:40:48,Declan Skinner,declan.skinner@msn.com,+44 7417844456,Email,Enquiry,Resolved,10:01
SUPPORT,SUP002473,SUP002473,2025-08-03 07:58:38,Joshua Bell,joshua.bell@hotmail.com,+44 7809918414,Email,Refund request,Resolved,03:46
SUPPORT,SUP002474,SUP002474,2025-08-03 07:59:08,Molly Stevenson,,+44 7029172428,Phone,Complaint,Open,
SUPPORT,SUP002475,SUP002475,2025-08-03 10:28:21,Glen Jones,glen.jones@yahoo.com,,Email,Enquiry,Resolved,20:09
SUPPORT,SUP002476,SUP002476,2025-08-03 13:00:31,Mohammed Lee,,+44 7425675182,Phone,Refund request,Resolved,17:11
SUPPORT,SUP002477,SUP002477,2025-08-03 14:50:52,Ellie Webb,,+44 7292077518,Phone,Refund request,Open,
SUPPORT,SUP002478,SUP002478,2025-08-03 16:06:56,Amy Lee,,+44 7478232631,Phone,Accessibility,Resolved,17:16
SUPPORT,SUP002479,SUP002479,2025-08-03 16:14:39,Howard Nicholson,howard.nicholson@gmail.com,+44 7179514400,Phone,Complaint,Resolved,30:31
SUPPORT,SUP002480,SUP002480,2025-08-03 18:59:56,Frederick Fisher,frederick.fisher@gmail.com,+44 7987312619,Email,Complaint,Open,
SUPPORT,SUP002481,SUP002481,2025-08-03 19:10:09,Alexander Nicholls,alexander.nicholls@hotmail.com,+44 7944886397,Email,Refund request,Resolved,11:18
SUPPORT,SUP002482,SUP002482,2025-08-04 01:41:45,Michael Stone,michael.stone@hotmail.com,+44 7293247910,Email,Refund request,Resolved,07:26
SUPPORT,SUP002483,SUP002483,2025-08-04 04:04:46,Connor Bell,connor.bell@gmail.com,+44 7805225759,Email,Complaint,Resolved,43:46
SUPPORT,SUP002484,SUP002484,2025-08-04 06:10:06,Jake Chandler,jake.chandler@yahoo.com,+44 7776972189,Email,Refund request,Resolved,33:16
SUPPORT,SUP002485,SUP002485,2025-08-04 10:19:06,Hilary Clarke,hilary.clarke@yahoo.com,+44 7172473556,Email,Complaint,Resolved,15:21
SUPPORT,SUP002486,SUP002486,2025-08-04 11:17:04,Vincent Clark,vincent.clark@hotmail.com,+44 7753824180,Email,Accessibility,Resolved,05:18
SUPPORT,SUP002487,SUP002487,2025-08-04 12:57:21,Mitchell Potter,mitchell.potter@gmail.com,+44 7018287695,Email,Accessibility,Resolved,12:22
SUPPORT,SUP002488,SUP002488,2025-08-04 16:31:36,Lisa Saunders,lisa.saunders@gmail.com,,Email,Accessibility,Resolved,03:25
SUPPORT,SUP002489,SUP002489,2025-08-04 22:08:44,Phillip Martin,phillip.martin@yahoo.com,,Email,Accessibility,Resolved,16:35
SUPPORT,SUP002490,SUP002490,2025-08-05 01:30:10,Bethan Ward,bethan.ward@yahoo.com,+44 7550355450,Email,Accessibility,Resolved,08:35
SUPPORT,SUP002491,SUP002491,2025-08-05 02:55:48,Allan Williams,allan.williams@gmail.com,,Email,Refund request,Resolved,54:51
SUPPORT,SUP002492,SUP002492,2025-08-05 06:12:03,Dylan Powell,dylan.powell@hotmail.com,+44 7704483591,Phone,Refund request,Resolved,37:17
SUPPORT,SUP002493,SUP002493,2025-08-05 06:50:40,Dawn Francis,dawn.francis@gmail.com,+44 7694502718,Phone,Refund request,Resolved,09:04
SUPPORT,SUP002494,SUP002494,2025-08-05 09:16:59,Lucy Tomlinson,lucy.tomlinson@hotmail.com,+44 7166113332,Email,Accessibility,Open,
SUPPORT,SUP002495,SUP002495,2025-08-05 10:35:38,Adrian Bentley,adrian.bentley@gmail.com,,Email,Enquiry,Resolved,08:02
SUPPORT,SUP002496,SUP002496,2025-08-05 10:42:11,Lucy Dawson,lucy.dawson@yahoo.com,+44 7812564410,Email,Refund request,Resolved,13:28
SUPPORT,SUP002497,SUP002497,2025-08-05 12:01:41,Dylan avies,dylan.davies@hotmail.com,,Email,Refund request,Resolved,12:52
SUPPORT,SUP002498,SUP002498,2025-08-05 14:23:30,Pauline Smith,,+44 7561394922,Phone,Refund request,Resolved,08:27
SUPPORT,SUP002499,SUP002499,2025-08-05 14:36:42,Simon Sutton,simon.sutton@yahoo.com,,Email,Complaint,Resolved,23:10
SUPPORT,SUP002500,SUP002500,2025-08-05 15:43:40,Jamie Blake,jamie.blake@yahoo.com,,Email,Complaint,Resolved,23:00
SUPPORT,SUP002501,SUP002501,2025-08-05 15:55:43,Josephine Jones,,+44 7350922469,Phone,Enquiry,Resolved,01:52
SUPPORT,SUP002502,SUP002502,2025-08-05 18:56:41,Kyle Hardy,kyle.hardy@yahoo.com,+44 7306554087,Email,Refund request,Resolved,23:12
SUPPORT,SUP002503,SUP002503,2025-08-05 23:25:07,Megan Morley,,+44 7003851953,Phone,Refund request,Open,
SUPPORT,SUP002504,SUP002504,2025-08-06 03:21:43,Molly Chamberlain,molly.chamberlain@hotmail.com,+44 7946724536,Phone,Complaint,Resolved,19:50
SUPPORT,SUP002505,SUP002505,2025-08-06 03:53:15,Eileen Williams,eileen.williams@gmail.com,+44 7888158355,Email,Complaint,Resolved,02:30
SUPPORT,SUP002506,SUP002506,2025-08-06 04:41:13,Helen Mooer,helen.moore@gmail.com,+44 7119096991,Email,Refund request,Resolved,06:57
SUPPORT,SUP002507,SUP002507,2025-08-06 05:16:07,Bruce Gray,bruce.gray@yahoo.com,,Email,Refund request,Resolved,12:40
SUPPORT,SUP002508,SUP002508,2025-08-06 08:30:37,Carly Parsons,carly.parsons@yahoo.com,+44 7530616672,Phone,Enquiry,Resolved,00:46
SUPPORT,SUP002509,SUP002509,2025-08-06 08:54:48,Carolyn Perkins,carolyn.perkins@hotmail.com,,Email,Enquiry,Resolved,06:36
SUPPORT,SUP002510,SUP002510,2025-08-06 10:16:33,Donald Heath,donald.heath@gmail.com,+44 7979634290,Email,Complaint,Open,
SUPPORT,SUP002511,SUP002511,2025-08-06 11:59:19,Sophie Williamson,,+44 7205278913,Phone,Refund request,Resolved,19:58
SUPPORT,SUP002512,SUP002512,2025-08-06 14:13:32,Hayley Patel,hayley.pael@gmail.com,+44 7493860350,Email,Refund request,Resolved,08:52
SUPPORT,SUP002513,SUP002513,2025-08-06 14:57:11,Gregory Pearce,gregory.pearce@gmail.com,+44 7755615888,Email,Complaint,Resolved,10:30
SUPPORT,SUP002514,SUP002514,2025-08-06 17:38:18,Jonathan Jones,jonathan.jones@hotmail.com,+44 7908699446,Email,Accessibility,Open,
SUPPORT,SUP002515,SUP002515,2025-08-06 19:56:26,Bradley Smith,bradley.smith@gmail.com,+44 7595538008,Email,Enquiry,Resolved,05:59
SUPPORT,SUP002516,SUP002516,2025-08-06 19:57:39,Graham Barker,graham.barker@hotmail.com,,Email,Accessibility,Resolved,02:53
SUPPORT,SUP002517,SUP002517,2025-08-06 20:38:02,Max Thomas,max.thomas@gmail.com,+44 7278109000,Email,Refund request,Resolved,07:11
SUPPORT,SUP002518,SUP002518,2025-08-06 23:17:35,Brian Henderson,,+44 7552358581,Phone,Complaint,Resolved,14:56
SUPPORT,SUP002519,SUP002519,2025-08-07 01:59:08,Dorothy Hussain,dorothy.hussain@hotmail.com,+44 7871851149,Email,Refund request,Resolved,13:39
SUPPORT,SUP002520,SUP002520,2025-08-07 04:34:33,Dennis Bruce,dennis.bruce@gmail.com,+44 7883631607,Email,Complaint,Resolved,44:56
SUPPORT,SUP002521,SUP002521,2025-08-07 08:33:15,Declan Morgan,declan.morgan@yahoo.com,,Email,Refund request,Resolved,06:59
SUPPORT,SUP002522,SUP002522,2025-08-07 10:19:25,Amber Daly,amber.day@yahoo.com,,Email,Complaint,Resolved,26:41
SUPPORT,SUP002523,SUP002523,2025-08-07 11:20:53,Sally Wright,sally.wright@gmail.com,+44 7151694731,Phone,Refund request,Resolved,13:27
SUPPORT,SUP002524,SUP002524,2025-08-07 12:04:31,Annette Jones,annette.jones@gmail.com,+44 7974972110,Email,Refund request,Resolved,07:44
SUPPORT,SUP002525,SUP002525,2025-08-07 14:17:36,Bethan McCarthy,,+44 7430226526,Phone,Complaint,Resolved,72:00
SUPPORT,SUP002526,SUP002526,2025-08-07 17:28:12,Patrick Brown,,+44 7832387611,Phone,Complaint,Resolved,14:04
SUPPORT,SUP002527,SUP002527,2025-08-07 18:15:08,Gareth King,gareth.kign@yahoo.com,,Email,Refund request,Resolved,12:04
SUPPORT,SUP002528,SUP002528,2025-08-07 18:42:40,Paul Birch,paul.birch@hotmail.com,+44 7268975022,Phone,Accessibility,Resolved,27:24
SUPPORT,SUP002529,SUP002529,2025-08-07 19:07:24,Robin Walker,robin.walker@yahoo.com,+44 7956949427,Email,Accessibility,Resolved,10:56
SUPPORT,SUP002530,SUP002530,2025-08-07 19:14:31,Katy Lee,katy.lee@hotmail.com,+44 7116280986,Email,Accessibility,Open,
SUPPORT,SUP002531,SUP002531,2025-08-07 20:06:12,Natasha Jones,natasha.jones@yahoo.com,+44 7074802304,Email,Accessibility,Resolved,01:01
SUPPORT,SUP002532,SUP002532,2025-08-07 20:13:51,Robert Mitchell,robert.mitchell@hotmail.com,+44 7027114668,Email,Refund request,Resolved,36:40
SUPPORT,SUP002533,SUP002533,2025-08-08 02:31:30,Mathew Carr,mathew.carr@hotmail.com,+44 7666094739,Phone,Accessibility,Resolved,20:56
SUPPORT,SUP002534,SUP002534,2025-08-08 04:08:43,Melanie Bird,melanie.bird@orange.fr,,Email,Refund request,Resolved,22:47
SUPPORT,SUP002535,SUP002535,2025-08-08 05:53:25,aCrl Reid,carl.reid@yahoo.com,+44 7638721946,Email,Accessibility,Resolved,11:26
SUPPORT,SUP002536,SUP002536,2025-08-08 14:37:28,Kayleigh O'Sullivan,kayleigh.osullivan@gmail.com,+44 7574022878,Email,Accessibility,Open,
SUPPORT,SUP002537,SUP002537,2025-08-08 14:45:45,Bethany Watson,bethany.watson@hotmail.com,+44 7956167480,Phone,Refund request,Resolved,05:02
SUPPORT,SUP002538,SUP002538,2025-08-08 16:03:10,Georgina Waters,georgina.waters@gmail.com,+44 7223559018,Email,Refund request,Resolved,18:04
SUPPORT,SUP002539,SUP002539,2025-08-08 16:40:57,Nicola Fraser,nicola.fraser@hotmail.com,+44 7658664071,Email,Enquiry,Resolved,22:51
SUPPORT,SUP002540,SUP002540,2025-08-08 17:01:45,Norman Evans,norman.evans@yahoo.com,+44 7230220452,Phone,Enquiry,Resolved,06:55
SUPPORT,SUP002541,SUP002541,2025-08-08 18:18:34,Maureen Bevan,maureen.bevan@aol.com,,Email,Refund request,Resolved,15:52
SUPPORT,SUP002542,SUP002542,2025-08-08 18:48:44,Reece Turner,reece.turner@gmail.com,+44 7475022443,Email,Refund request,Resolved,00:33
SUPPORT,SUP002543,SUP002543,2025-08-08 19:23:37,Grace Ahmed,,+44 7734016559,Phone,Refund request,Resolved,06:39
SUPPORT,SUP002544,SUP002544,2025-08-08 21:21:11,Pauline Hughes,,+44 7170162007,Phone,Enquiry,Resolved,01:32
SUPPORT,SUP002545,SUP002545,2025-08-08 21:55:33,Tony Khan,tony.khan@gmail.com,+44 7222376831,Email,Complaint,Resolved,51:44
SUPPORT,SUP002546,SUP002546,2025-08-08 22:46:56,Allan Jones,allan.jones@yahoo.com,,Email,Refund request,Resolved,08:12
SUPPORT,SUP002547,SUP002547,2025-08-08 23:10:49,Jodie James,jodie.james@aol.com,+44 7115856724,Phone,Complaint,Open,
SUPPORT,SUP002548,SUP002548,2025-08-09 03:14:02,Louise Thompson,louise.thompson@yahoo.com,,Email,Refund request,Resolved,40:00
SUPPORT,SUP002549,SUP002549,2025-08-09 04:09:03,Valerie Brown,valerie.brown@yahoo.com,+44 7132982179,Phone,Enquiry,Resolved,09:20
SUPPORT,SUP002550,SUP002550,2025-08-09 08:11:26,Sam Rice,sam.rice@aol.com,+44 7373316486,Email,Accessibility,Resolved,06:31
SUPPORT,SUP002551,SUP002551,2025-08-09 08:21:16,Reece French,reece.french@yahoo.com,,Email,Refund request,Resolved,09:19
SUPPORT,SUP002552,SUP002552,2025-08-09 09:46:50,James Barnett,james.barnett@hotmail.com,+44 7085339159,Email,Refund request,Resolved,15:20
SUPPORT,SUP002553,SUP002553,2025-08-09 12:14:58,Victoria Smith,victoria.smith@gmail.com,+44 7129757189,Email,Refund request,Open,
SUPPORT,SUP002554,SUP002554,2025-08-09 14:19:49,Sarah Berry,,+44 7819973139,Phone,Refund request,Resolved,16:16
SUPPORT,SUP002555,SUP002555,2025-08-09 15:13:38,Tracey O'Connor,tracey.oconnor@yahoo.com,+44 7942776315,Email,Accessibility,Resolved,03:26
SUPPORT,SUP002556,SUP002556,2025-08-09 16:08:59,Patrick Chapman,,+44 7449645742,Phone,Enquiry,Open,
SUPPORT,SUP002557,SUP002557,2025-08-09 17:24:35,Ruth Walker,ruth.walker@yahoo.com,+44 7124522225,Email,Refund request,Resolved,23:02
SUPPORT,SUP002558,SUP002558,2025-08-09 18:12:37,Billy Simpson,billy.simpson@yahoo.com,+44 7731741369,Email,Accessibility,Open,
SUPPORT,SUP002559,SUP002559,2025-08-09 20:52:05,Amelia Gardner,amelia.gardner@msn.com,+44 7101700812,Email,Enquiry,Resolved,29:55
SUPPORT,SUP002560,SUP002560,2025-08-10 00:38:16,Patricia Rees,patricia.rees@orange.fr,+44 7442202068,Phone,Refund request,Resolved,13:40
SUPPORT,SUP002561,SUP002561,2025-08-10 00:39:40,Julia Wright,juli.wright@gmail.com,+44 7381055181,Phone,Refund request,Resolved,16:26
SUPPORT,SUP002562,SUP002562,2025-08-10 00:49:30,Luke Smith,luke.smith@gmail.com,+44 7571454307,Email,Complaint,Resolved,18:22
SUPPORT,SUP002563,SUP002563,2025-08-10 00:59:56,Liam Walton,liam.walton@yahoo.com,+44 7489533246,Phone,Refund request,Resolved,01:37
SUPPORT,SUP002564,SUP002564,2025-08-10 02:49:06,James Parker,james.parker@gmail.com,,Email,Enquiry,Resolved,06:08
SUPPORT,SUP002565,SUP002565,2025-08-10 03:38:00,Tmothy Marsden,timothy.marsden@hotmail.com,,Email,Enquiry,Open,
SUPPORT,SUP002566,SUP002566,2025-08-10 03:50:48,Abigail Thompson,abigail.thompson@hotmail.com,+44 7363367338,Email,Accessibility,Resolved,20:19
SUPPORT,SUP002567,SUP002567,2025-08-10 03:55:45,Wayne Harrison,wayne.harrison@gmail.com,+44 7532147447,Email,Accessibility,Open,
SUPPORT,SUP002568,SUP002568,2025-08-10 07:04:48,Maria Stele,maria.steele@gmail.com,+44 7497867234,Email,Refund request,Resolved,28:57
SUPPORT,SUP002569,SUP002569,2025-08-10 07:29:25,Max Atkinson,max.atkinson@gmail.com,+44 7297890457,Email,Enquiry,Resolved,08:36
SUPPORT,SUP002570,SUP002570,2025-08-10 08:18:59,Annette Jones,annette.jones@gmail.com,+44 7974472110,Phone,Complaint,Resolved,55:28
SUPPORT,SUP002571,SUP002571,2025-08-10 09:49:30,Joseph Anderson,,+44 7635828649,Phone,Complaint,Resolved,15:53
SUPPORT,SUP002572,SUP002572,2025-08-10 10:30:47,Maurice Smith,,+44 7210842847,Phone,Refund request,Resolved,02:01
SUPPORT,SUP002573,SUP002573,2025-08-10 12:34:15,Helen Lewis,helen.lewis@yahoo.com,+44 7096543459,Email,Accessibility,Resolved,02:55
SUPPORT,SUP002574,SUP002574,2025-08-10 15:51:45,Abdul Holland,abdul.holland@yahoo.com,+44 7894252523,Email,Complaint,Resolved,53:33
SUPPORT,SUP002575,SUP002575,2025-08-10 16:52:11,Eric Williams,eric.williams@hotmail.com,+44 7209007095,Email,Enquiry,Resolved,02:15
SUPPORT,SUP002576,SUP002576,2025-08-10 17:26:32,Sylvia Wood,,+44 7339425248,Phone,Enquiry,Resolved,05:40
SUPPORT,SUP002577,SUP002577,2025-08-10 19:05:58,Antony Robinson,antony.robinson@hotmail.com,+44 7233991942,Email,Accessibility,Resolved,08:50
SUPPORT,SUP002578,SUP002578,2025-08-10 22:19:26,Nicole Bruce,nicloe.bruce@hotmail.com,+44 7411670024,Email,Complaint,Resolved,17:07
SUPPORT,SUP002579,SUP002579,2025-08-10 22:37:16,Aimee Campbell,aimee.campbell@hotmail.com,,Email,Enquiry,Resolved,09:02
SUPPORT,SUP002580,SUP002580,2025-08-11 00:11:41,Allan Jones,allan.jones@yahoo.com,+44 7885924383,Phone,Refund request,Resolved,13:10
SUPPORT,SUP002581,SUP002581,2025-08-11 01:50:31,Megan Pearce,megan.pearce@hotmail.com,,Email,Enquiry,Resolved,01:12
SUPPORT,SUP002582,SUP002582,2025-08-11 04:50:40,Jennifer Price,jennifer.price@gmail.com,,Email,Accessibility,Resolved,15:33
SUPPORT,SUP002583,SUP002583,2025-08-11 08:44:11,Nigel Evans,nigel.evans@aol.com,+44 7094685698,Phone,Enquiry,Resolved,02:10
SUPPORT,SUP002584,SUP002584,2025-08-11 10:53:22,Darren Smith,darren.smith@gmail.com,,Email,Accessibility,Resolved,05:25
SUPPORT,SUP002585,SUP002585,2025-08-11 11:24:12,Eileen Hammond,eileen.hammond@hotmail.com,+44 7636761825,Email,Enquiry,Resolved,01:41
SUPPORT,SUP002586,SUP002586,2025-08-11 11:47:44,Stewart Green,stewart.green@gmail.com,+44 7441778274,Email,Refund request,Resolved,32:03
SUPPORT,SUP002587,SUP002587,2025-08-11 13:33:40,Ashleigh Hobbs,ashleigh.hobbs@gmail.com,+44 7932360139,Email,Complaint,Resolved,33:08
SUPPORT,SUP002588,SUP002588,2025-08-11 14:11:02,Jill Turnbull,,+44 7580361204,Phone,Refund request,Resolved,20:20
SUPPORT,SUP002589,SUP002589,2025-08-11 15:23:17,Gerald James,gerald.james@gmail.com,+44 7167677385,Email,Complaint,Open,
SUPPORT,SUP002590,SUP002590,2025-08-11 16:40:44,Ashleigh Smith,ashleigh.smith@gmail.com,+44 7778100395,Email,Refund request,Resolved,08:04
SUPPORT,SUP002591,SUP002591,2025-08-11 16:49:41,Shirley Holden,shirley.holden@hotmail.com,+44 7504972217,Email,Refund request,Resolved,47:34
SUPPORT,SUP002592,SUP002592,2025-08-11 16:56:44,Jamie Scott,jamie.scott@wanadoo.fr,,Email,Accessibility,Resolved,11:23
SUPPORT,SUP002593,SUP002593,2025-08-11 18:14:38,Stephanie Whitehouse,stephanie.whitehouse@gmail.com,,Email,Refund request,Resolved,06:31
SUPPORT,SUP002594,SUP002594,2025-08-11 18:27:27,Geraldine Lawson,geraldine.lawson@aol.com,,Email,Enquiry,Resolved,04:13
SUPPORT,SUP002595,SUP002595,2025-08-11 18:41:04,Hazel Hamilton,hazel.hamilton@gmail.com,+44 7801798249,Email,Refund request,Resolved,09:48
SUPPORT,SUP002596,SUP002596,2025-08-11 23:48:11,Elliot Dixon,elliot.dixon@yahoo.com,+44 7242378507,Email,Refund request,Resolved,05:15
SUPPORT,SUP002597,SUP002597,2025-08-12 00:20:49,Diane Howe,diane.howe@hotmail.com,+44 7228412707,Email,Enquiry,Resolved,08:25
SUPPORT,SUP002598,SUP002598,2025-08-12 02:10:45,Albert Brookes,albert.brookes@hotmail.com,+44 7268607860,Email,Enquiry,Resolved,02:38
SUPPORT,SUP002599,SUP002599,2025-08-12 08:41:43,Maureen Elliott,maureen.elliott@hotmail.com,+44 7048480168,Phone,Refund request,Resolved,04:02
SUPPORT,SUP002600,SUP002600,2025-08-12 10:08:29,Julia Francis,julia.francis@yahoo.com,+44 7761437968,Email,Accessibility,Resolved,09:43
SUPPORT,SUP002601,SUP002601,2025-08-12 10:20:24,Olivia Crawford,olivia.crawford@aol.com,+44 7927420735,Email,Complaint,Open,
SUPPORT,SUP002602,SUP002602,2025-08-12 14:28:16,Amy Baker,amy.baker@gmail.com,+44 7473131231,Phone,Refund request,Resolved,41:15
SUPPORT,SUP002603,SUP002603,2025-08-12 16:04:38,Timothy Watson,timothy.watson@gmail.com,+44 7236162985,Phone,Enquiry,Open,
SUPPORT,SUP002604,SUP002604,2025-08-12 16:19:31,Sheila Smith,sheila.smith2@yahoo.com,,Email,Enquiry,Open,
SUPPORT,SUP002605,SUP002605,2025-08-12 17:11:40,Sylvia Bates,sylvia.bates@yahoo.com,+44 7003662434,Email,Enquiry,Resolved,04:01
SUPPORT,SUP002606,SUP002606,2025-08-12 17:57:52,Nicola Brown,nicola.brown@wanadoo.fr,+44 7210075403,Email,Enquiry,Open,
SUPPORT,SUP002607,SUP002607,2025-08-12 18:06:46,Lynda Mellor,lynda.mellor@gmail.com,+44 7552595229,Email,Refund request,Resolved,12:33
SUPPORT,SUP002608,SUP002608,2025-08-12 21:46:47,Frances Wilkinson,francs.wilkinson@gmail.com,+44 7851291910,Phone,Enquiry,Resolved,01:55
SUPPORT,SUP002609,SUP002609,2025-08-12 23:08:51,Christopher Fox,christopher.fox@yahoo.com,+44 7006817069,Phone,Enquiry,Resolved,09:44
SUPPORT,SUP002610,SUP002610,2025-08-13 02:04:44,Karen James,karen.james2@hotmail.com,,Email,Accessibility,Resolved,06:23
SUPPORT,SUP002611,SUP002611,2025-08-13 04:52:41,Nathan Fowler,nathan.fowler@yahoo.com,+44 7824580455,Email,Complaint,Resolved,19:59
SUPPORT,SUP002612,SUP002612,2025-08-13 06:30:47,Rhys Wilson,rhys.wlison@gmail.com,+44 7265503747,Email,Refund request,Resolved,33:27
SUPPORT,SUP002613,SUP002613,2025-08-13 09:11:48,Naomi Brennan,naomi.brennan@gmail.com,,Email,Refund request,Resolved,44:52
SUPPORT,SUP002614,SUP002614,2025-08-13 13:01:52,Damian Hughes,dmian.hughes@gmail.com,+44 7610703644,Email,Accessibility,Resolved,06:30
SUPPORT,SUP002615,SUP002615,2025-08-13 13:43:43,Geraldine Powell,geraldine.powell@hotmail.com,,Email,Refund request,Resolved,19:48
SUPPORT,SUP002616,SUP002616,2025-08-13 13:59:39,Vincent Gregory,vincent.grgeory@gmail.com,,Email,Complaint,Resolved,22:36
SUPPORT,SUP002617,SUP002617,2025-08-13 14:19:06,Marcus Palmer,marcus.palmer@yahoo.com,,Email,Enquiry,Open,
SUPPORT,SUP002618,SUP002618,2025-08-13 14:23:18,Wayne Wilson,wayne.wilson@gmail.com,,Email,Accessibility,Resolved,12:21
SUPPORT,SUP002619,SUP002619,2025-08-13 16:26:50,Brett Finch,brett.finch@aol.com,+44 7232866749,Email,Complaint,Resolved,39:31
SUPPORT,SUP002620,SUP002620,2025-08-13 18:43:58,Roy Hughes,roy.hughes@yahoo.com,+44 7629517286,Email,Enquiry,Resolved,06:51
SUPPORT,SUP002621,SUP002621,2025-08-13 19:04:23,Marilyn Foster,marilyn.foster@yahoo.com,,Email,Refund request,Resolved,11:13
SUPPORT,SUP002622,SUP002622,2025-08-13 21:56:19,Shane Brown,shane.brown@gmail.com,+44 7223970457,Email,Accessibility,Resolved,15:35
SUPPORT,SUP002623,SUP002623,2025-08-14 01:32:25,Gary Haynes,gary.haynse@yahoo.com,+44 7776694073,Email,Refund request,Resolved,30:52
SUPPORT,SUP002624,SUP002624,2025-08-14 02:30:24,Reece James,reece.james@aol.com,+44 7582373847,Phone,Refund request,Resolved,19:38
SUPPORT,SUP002625,SUP002625,2025-08-14 03:31:12,Stephanie Baker,,+44 7359932675,Phone,Complaint,Resolved,50:34
SUPPORT,SUP002626,SUP002626,2025-08-14 03:36:07,Bethany Morris,bethany.morris@hotmail.com,+44 7827714791,Email,Refund request,Resolved,20:13
SUPPORT,SUP002627,SUP002627,2025-08-14 04:42:22,Jemma Edwards,jemma.edwadrs@yahoo.com,,Email,Refund request,Open,
SUPPORT,SUP002628,SUP002628,2025-08-14 08:20:22,Elaine James,ealine.james@yahoo.com,+44 7820759011,Phone,Enquiry,Resolved,09:03
SUPPORT,SUP002629,SUP002629,2025-08-14 08:31:40,Leslie Nolan,leslie.nolan@gmail.com,,Email,Accessibility,Resolved,07:44
SUPPORT,SUP002630,SUP002630,2025-08-14 11:09:43,Clive Rowley,clive.rowley@hotmail.com,+44 7506005217,Email,Accessibility,Open,
SUPPORT,SUP002631,SUP002631,2025-08-14 11:58:50,Timothy Wood,timothy.wood@yahoo.com,+44 7539384925,Phone,Refund request,Resolved,03:06
SUPPORT,SUP002632,SUP002632,2025-08-14 12:04:56,Michael Hope,michael.hope@yahoo.com,,Email,Refund request,Resolved,37:58
SUPPORT,SUP002633,SUP002633,2025-08-14 17:27:12,Kim Kennedy,kim.kennedy@yahoo.com,+44 7436447648,Email,Refund request,Resolved,10:05
SUPPORT,SUP002634,SUP002634,2025-08-14 17:48:30,Dylan Gill,dylan.gill@gmail.com,+44 7976808120,Email,Refund request,Resolved,02:59
SUPPORT,SUP002635,SUP002635,2025-08-14 23:18:10,Antony Bates,antony.bates@gmail.com,,Email,Complaint,Resolved,31:52
SUPPORT,SUP002636,SUP002636,2025-08-15 07:47:22,Neil Marsh,neil.marsh@gmail.com,+44 7101140739,Email,Enquiry,Resolved,05:29
SUPPORT,SUP002637,SUP002637,2025-08-15 08:58:37,GillianAndrews,gillian.andrews@hotmail.co.uk,+44 7391858697,Email,Enquiry,Resolved,00:09
SUPPORT,SUP002638,SUP002638,2025-08-15 10:08:57,Brenda Stevens,brenda.stevens@yahoo.com,,Email,Enquiry,Resolved,02:34
SUPPORT,SUP002639,SUP002639,2025-08-15 10:34:39,Mohammed Jennings,mohammd.jennings@yahoo.com,,Email,Accessibility,Resolved,13:12
SUPPORT,SUP002640,SUP002640,2025-08-15 14:18:43,Megan Harvey,megan.harvey@yahoo.com,+44 7189206783,Phone,Refund request,Resolved,11:55
SUPPORT,SUP002641,SUP002641,2025-08-15 16:07:11,Kathryn Black,kathryn.black@yahoo.com,+44 7816543615,Email,Enquiry,Resolved,07:58
SUPPORT,SUP002642,SUP002642,2025-08-15 16:30:04,Mark Bell,mark.bell@gmail.com,,Email,Refund request,Resolved,10:10
SUPPORT,SUP002643,SUP002643,2025-08-15 18:13:38,Geraldine Anderson,,+44 7865431855,Phone,Complaint,Resolved,07:19
SUPPORT,SUP002644,SUP002644,2025-08-15 18:13:40,Abigail Thompson,abigail.thompson@hotmail.com,+44 7363367338,Phone,Enquiry,Resolved,07:15
SUPPORT,SUP002645,SUP002645,2025-08-15 20:12:22,Naomi Harris,,+44 7532290138,Phone,Accessibility,Resolved,07:10
SUPPORT,SUP002646,SUP002646,2025-08-15 22:20:17,Irene Martin,irene.martin@gmail.com,+44 7762340571,Email,Complaint,Resolved,18:32
SUPPORT,SUP002647,SUP002647,2025-08-15 22:24:50,Leanne Macdonald,leanne.macdonald@hotmail.com,+44 7801119862,Email,Enquiry,Open,
SUPPORT,SUP002648,SUP002648,2025-08-15 23:05:50,Graeme Stokes,graeme.stokes@gmail.com,+44 7768798103,Email,Accessibility,Resolved,02:44
SUPPORT,SUP002649,SUP002649,2025-08-15 23:57:01,Kenneth Reed,kenneth.reed@yahoo.com,+44 7804430424,Email,Enquiry,Resolved,11:23
SUPPORT,SUP002650,SUP002650,2025-08-16 00:34:02,Francis Bradley,fracnis.bradley@yahoo.com,+44 7441906000,Email,Complaint,Resolved,19:03
SUPPORT,SUP002651,SUP002651,2025-08-16 02:33:44,Bethan Rose,bethan.rose@hotmail.com,+44 7373955510,Phone,Enquiry,Open,
SUPPORT,SUP002652,SUP002652,2025-08-16 04:10:07,Georgina Holden,georgina.holden@gmail.com,+44 7595296569,Email,Refund request,Resolved,11:55
SUPPORT,SUP002653,SUP002653,2025-08-16 07:24:14,Connor Bell,,+44 7805225759,Phone,Refund request,Resolved,24:00
SUPPORT,SUP002654,SUP002654,2025-08-16 08:21:43,Sophie Barrett,sophie.barrett@gmail.com,+44 7941584218,Email,Enquiry,Resolved,01:50
SUPPORT,SUP002655,SUP002655,2025-08-16 18:04:50,Gareth Kemp,gareth.kemp@gmail.com,+44 7734797296,Phone,Complaint,Resolved,31:00
SUPPORT,SUP002656,SUP002656,2025-08-16 18:08:27,Alan Power,alan.power@yahoo.com,+44 7250966003,Email,Refund request,Resolved,21:29
SUPPORT,SUP002657,SUP002657,2025-08-16 20:15:37,Francesca Harris,francesca.harris@wanadoo.fr,+44 7939766855,Email,Complaint,Resolved,17:04
SUPPORT,SUP002658,SUP002658,2025-08-16 22:51:45,James Davies,,+44 7319707999,Phone,Complaint,Open,
SUPPORT,SUP002659,SUP002659,2025-08-17 04:51:26,Stacey Curtis,stacey.curtis@gmail.com,+44 7751118992,Email,Refund request,Open,
SUPPORT,SUP002660,SUP002660,2025-08-17 05:32:55,Jill Kent,,+44 7844164639,Phone,Accessibility,Resolved,29:59
SUPPORT,SUP002661,SUP002661,2025-08-17 07:52:17,Sara Graham,sara.graham@gmail.com,,Email,Complaint,Resolved,21:10
SUPPORT,SUP002662,SUP002662,2025-08-17 13:12:06,Jamie Clark,jamie.clark@yahoo.com,,Email,Accessibility,Resolved,30:02
SUPPORT,SUP002663,SUP002663,2025-08-17 13:39:15,Joe Williams,,+44 7188872567,Phone,Enquiry,Resolved,12:18
SUPPORT,SUP002664,SUP002664,2025-08-17 13:45:11,Jona Wright,joa.nwright@yahoo.com,,Email,Accessibility,Resolved,10:15
SUPPORT,SUP002665,SUP002665,2025-08-17 13:48:49,Denis Bowen,denis.bowen@yahoo.com,+44 7674703804,Phone,Enquiry,Resolved,04:37
SUPPORT,SUP002666,SUP002666,2025-08-17 17:22:31,Irene Storey,irene.storey@hotmail.fr,+44 7020299765,Email,Refund request,Resolved,06:40
SUPPORT,SUP002667,SUP002667,2025-08-17 18:41:14,Derek Dickinson,derek.dickinson@yahoo.com,+44 7020739528,Phone,Accessibility,Resolved,02:55
SUPPORT,SUP002668,SUP002668,2025-08-17 19:31:02,Deborah Robson,,+44 7004480027,Phone,Refund request,Resolved,16:59
SUPPORT,SUP002669,SUP002669,2025-08-17 20:16:09,Henry Miles,,+44 7202935960,Phone,Complaint,Resolved,02:39
SUPPORT,SUP002670,SUP002670,2025-08-17 20:24:37,Elliot Connor,elliot.connor@yahoo.com,+44 7328396523,Email,Complaint,Resolved,07:26
SUPPORT,SUP002671,SUP002671,2025-08-17 20:24:40,Clifford Dunn,clfford.dunn@gmail.com,+44 7749428340,Phone,Accessibility,Resolved,22:39
SUPPORT,SUP002672,SUP002672,2025-08-17 21:10:23,eGrard Robson,gerard.robson@gmail.com,,Email,Enquiry,Resolved,08:06
SUPPORT,SUP002673,SUP002673,2025-08-17 22:03:38,Margaret Bird,,+44 7090847829,Phone,Refund request,Resolved,10:47
SUPPORT,SUP002674,SUP002674,2025-08-17 22:51:49,Linda Glover,linda.glover@aol.com,+44 7794915803,Email,Refund request,Resolved,07:13
SUPPORT,SUP002675,SUP002675,2025-08-17 23:02:56,Abigail Potter,abigail.potter@yahoo.com,+44 7409114598,Email,Enquiry,Open,
SUPPORT,SUP002676,SUP002676,2025-08-18 00:13:57,Derek Green,derek.green@yahoo.com,+44 7422482634,Phone,Refund request,Resolved,17:53
SUPPORT,SUP002677,SUP002677,2025-08-18 00:44:08,Brenda Morgan,brenda.morgan@yahoo.fr,+44 7340512426,Email,Refund request,Resolved,11:00
SUPPORT,SUP002678,SUP002678,2025-08-18 01:17:33,Simon Dawson,simon.adwson@yahoo.com,+44 7298053859,Email,Complaint,Resolved,72:00
SUPPORT,SUP002679,SUP002679,2025-08-18 01:26:33,Chelsea White,,+44 7394721694,Phone,Enquiry,Resolved,05:49
SUPPORT,SUP002680,SUP002680,2025-08-18 02:14:09,Ruth White,ruthwhite@yahoo.com,+44 7536081038,Email,Accessibility,Resolved,06:50
SUPPORT,SUP002681,SUP002681,2025-08-18 06:55:25,Thomas Austin,thomas.austin@yahoo.com,+44 7621352612,Email,Refund request,Open,
SUPPORT,SUP002682,SUP002682,2025-08-18 08:32:23,Shaun O'Brein,shaun.obrien@yahoo.com,,Email,Enquiry,Resolved,02:19
SUPPORT,SUP002683,SUP002683,2025-08-18 09:37:34,Leanne Howell,leanne.howell@msn.com,+44 7225928957,Phone,Enquiry,Resolved,08:51
SUPPORT,SUP002684,SUP002684,2025-08-18 09:47:53,Leigh Arnold,,+44 7702643075,Phone,Complaint,Resolved,07:53
SUPPORT,SUP002685,SUP002685,2025-08-18 13:08:20,Mary Young,mary.young@gmail.com,,Email,Enquiry,Resolved,11:15
SUPPORT,SUP002686,SUP002686,2025-08-18 17:04:22,Olivia Adams,,+44 7291590690,Phone,Complaint,Resolved,48:50
SUPPORT,SUP002687,SUP002687,2025-08-18 19:08:32,Helen Anderson,helen.anderson@hotmail.com,,Email,Accessibility,Resolved,05:10
SUPPORT,SUP002688,SUP002688,2025-08-18 20:16:44,Cameron Smith,cameron.smith@hotmail.com,+44 7499071445,Email,Complaint,Resolved,15:55
SUPPORT,SUP002689,SUP002689,2025-08-18 21:08:22,Eleanor Roberts,eleanor.roberts@hotmail.com,+44 7501652908,Phone,Refund request,Resolved,23:27
SUPPORT,SUP002690,SUP002690,2025-08-18 21:09:47,Gemma Hunt,,+44 7131253787,Phone,Enquiry,Resolved,06:54
SUPPORT,SUP002691,SUP002691,2025-08-19 02:34:38,Jenna Harris,jenna.harris@gmail.com,+44 7879771510,Email,Complaint,Resolved,16:02
SUPPORT,SUP002692,SUP002692,2025-08-19 05:30:34,Iain Jones,iain.jones@gmail.com,,Email,Accessibility,Resolved,24:06
SUPPORT,SUP002693,SUP002693,2025-08-19 05:44:02,Derek Green,dere.green@yahoo.com,+44 7422482634,Email,Enquiry,Resolved,02:20
SUPPORT,SUP002694,SUP002694,2025-08-19 06:34:42,CarolynE dwards,carolyn.edwards@yahoo.com,+44 7987382422,Email,Complaint,Resolved,22:04
SUPPORT,SUP002695,SUP002695,2025-08-19 07:26:45,Mathew Marsh,mathew.marsh@gmail.com,+44 7318282362,Phone,Refund request,Resolved,07:52
SUPPORT,SUP002696,SUP002696,2025-08-19 07:59:26,Gillan Moran,gillian.moran@yahoo.com,+44 7774286149,Email,Complaint,Resolved,36:04
SUPPORT,SUP002697,SUP002697,2025-08-19 10:58:49,Cameron Smith,cameron.smith@hotmail.com,+44 7499071445,Phone,Refund request,Resolved,16:36
SUPPORT,SUP002698,SUP002698,2025-08-19 12:24:09,Samantha Fry,amantha.fry@hotmail.com,+44 7515229870,Email,Accessibility,Resolved,06:13
SUPPORT,SUP002699,SUP002699,2025-08-19 12:48:28,Adam Williams,,+44 7380769144,Phone,Complaint,Open,
SUPPORT,SUP002700,SUP002700,2025-08-19 12:54:05,Sandra Griffiths,sandra.griffiths@yahoo.com,+44 7478073482,Email,Accessibility,Resolved,12:08
SUPPORT,SUP002701,SUP002701,2025-08-19 16:35:20,Jacqueline Taylor,jacqueline.taylor@aol.com,+44 7962623796,Email,Complaint,Resolved,17:16
SUPPORT,SUP002702,SUP002702,2025-08-19 18:40:13,Albert Smith,albert.smith@hotmail.com,+44 7347508087,Email,Refund request,Resolved,09:03
SUPPORT,SUP002703,SUP002703,2025-08-19 21:46:46,Stacey McLean,stacey.mclean@gmail.com,+44 7883659736,Email,Refund request,Resolved,13:33
SUPPORT,SUP002704,SUP002704,2025-08-20 02:12:52,Eleanor Hicks,eleanor.hicks@gmail.com,+44 7282672672,Email,Enquiry,Resolved,08:55
SUPPORT,SUP002705,SUP002705,2025-08-20 04:30:01,Diane Slater,diane.slater@gmail.com,+44 7229820832,Phone,Complaint,Resolved,37:27
SUPPORT,SUP002706,SUP002706,2025-08-20 04:43:54,Teresa Kelly,teresa.kelly@hotmail.com,+44 7342425448,Email,Accessibility,Open,
SUPPORT,SUP002707,SUP002707,2025-08-20 07:26:50,Barbara Brown,barbara.brown@yahoo.com,+44 7177483221,Email,Enquiry,Resolved,10:20
SUPPORT,SUP002708,SUP002708,2025-08-20 12:54:16,Marion Porter,marion.porter@hotmail.com,+44 7474163734,Email,Refund request,Open,
SUPPORT,SUP002709,SUP002709,2025-08-20 13:52:27,Janet Owens,janet.owens@gmail.com,,Email,Accessibility,Resolved,11:58
SUPPORT,SUP002710,SUP002710,2025-08-20 16:25:24,Shaun Mills,shaun.mills@gmail.com,+44 7799158989,Email,Refund request,Resolved,01:07
SUPPORT,SUP002711,SUP002711,2025-08-20 16:36:12,James Davies,james.davies@gmail.com,+44 7333550369,Phone,Complaint,Resolved,21:26
SUPPORT,SUP002712,SUP002712,2025-08-20 17:14:20,Leonard Walker,leonard.walker@aol.com,+44 7396008767,Email,Refund request,Resolved,11:10
SUPPORT,SUP002713,SUP002713,2025-08-20 20:22:07,Chloe White,chloe.white@yahoo.com,,Email,Enquiry,Resolved,16:06
SUPPORT,SUP002714,SUP002714,2025-08-20 20:30:41,Cheryl Elliott,cheryl.elliott@aol.com,,Email,Refund request,Resolved,29:07
SUPPORT,SUP002715,SUP002715,2025-08-20 23:41:29,Marie Brooks,marie.brooks@hotmail.co.uk,+44 7017218892,Phone,Complaint,Resolved,20:44
SUPPORT,SUP002716,SUP002716,2025-08-21 01:28:21,Jill Edwards,jill.ewdards@hotmail.com,+44 7335289139,Email,Complaint,Resolved,54:20
SUPPORT,SUP002717,SUP002717,2025-08-21 05:08:36,Karl Morris,karl.morri@aol.com,+44 7229777822,Phone,Refund request,Resolved,04:33
SUPPORT,SUP002718,SUP002718,2025-08-21 05:56:14,Joshua Jackson,joshua.jackson@gmail.com,+44 7448811890,Email,Accessibility,Resolved,17:13
SUPPORT,SUP002719,SUP002719,2025-08-21 07:15:01,Kayleigh Lawrence,kayleigh.lawrence@gmail.com,+44 7676058054,Email,Complaint,Resolved,72:00
SUPPORT,SUP002720,SUP002720,2025-08-21 08:01:59,Geoffrey Wood,geoffrey.wood@hotmail.com,,Email,Refund request,Resolved,15:53
SUPPORT,SUP002721,SUP002721,2025-08-21 11:49:01,Leslie Stone,leslie.stone@yahoo.fr,,Email,Refund request,Resolved,15:45
SUPPORT,SUP002722,SUP002722,2025-08-21 13:57:39,Ann Jackson,ann.jackson@yahoo.com,,Email,Complaint,Resolved,29:36
SUPPORT,SUP002723,SUP002723,2025-08-21 17:10:28,Carole Johnson,carole.johnson@yahoo.fr,+44 7951842429,Phone,Complaint,Open,
SUPPORT,SUP002724,SUP002724,2025-08-21 18:34:28,Brett Ahmed,brett.ahmed@gmail.com,+44 7683993115,Email,Refund request,Resolved,12:12
SUPPORT,SUP002725,SUP002725,2025-08-21 19:40:49,Rhys Cook,rhys.cook@hotmail.com,+44 7945504709,Email,Refund request,Resolved,20:01
SUPPORT,SUP002726,SUP002726,2025-08-21 20:43:25,Carole Newman,carole.newman@gmail.com,+44 7288851335,Phone,Enquiry,Resolved,12:20
SUPPORT,SUP002727,SUP002727,2025-08-21 21:14:47,Mark Price,mark.price@yahoo.com,+44 7845964609,Email,Enquiry,Resolved,11:42
SUPPORT,SUP002728,SUP002728,2025-08-21 21:22:14,Marc Finch,marc.finch@yahoo.fr,+44 7296987188,Phone,Complaint,Resolved,21:06
SUPPORT,SUP002729,SUP002729,2025-08-22 00:38:34,Shane Brown,shane.brown@gmail.com,,Email,Accessibility,Resolved,07:21
SUPPORT,SUP002730,SUP002730,2025-08-22 02:46:57,William Hill,william.hill@hotmail.com,,Email,Enquiry,Resolved,07:23
SUPPORT,SUP002731,SUP002731,2025-08-22 04:13:53,Wendy Barnes,wendy.barnes@gmail.com,,Email,Refund request,Resolved,15:30
SUPPORT,SUP002732,SUP002732,2025-08-22 04:26:23,Adrian Henry,adrian.henry@hotmail.com,+44 7783208864,Phone,Complaint,Resolved,44:33
SUPPORT,SUP002733,SUP002733,2025-08-22 05:26:09,Julian Jones,julian.jones2@gmail.com,+44 7245570152,Email,Enquiry,Open,
SUPPORT,SUP002734,SUP002734,2025-08-22 19:25:00,Claire Warren,claire.warren@msn.com,,Email,Refund request,Resolved,15:59
SUPPORT,SUP002735,SUP002735,2025-08-23 03:34:38,Gerald Russell,gerald.russell@yahoo.com,,Email,Refund request,Resolved,14:51
SUPPORT,SUP002736,SUP002736,2025-08-23 03:46:25,Pauline Scott,pauline.scott@yahoo.com,,Email,Refund request,Resolved,10:11
SUPPORT,SUP002737,SUP002737,2025-08-23 04:39:02,Abdul Martin,abdul.martin@gmail.com,+44 7715205804,Phone,Complaint,Resolved,28:16
SUPPORT,SUP002738,SUP002738,2025-08-23 06:16:10,Max Thomas,max.thomas@gmail.com,+44 7278109000,Email,Refund request,Open,
SUPPORT,SUP002739,SUP002739,2025-08-23 06:36:33,John Kaur,john.kaur@hotmail.com,+44 7125477664,Email,Refund request,Resolved,16:11
SUPPORT,SUP002740,SUP002740,2025-08-23 07:17:58,Ricky Burton,ricky.burton@hotmail.com,+44 7367364752,Email,Enquiry,Resolved,01:08
SUPPORT,SUP002741,SUP002741,2025-08-23 11:28:01,Linda Gibbs,linda.gibbs@gmail.com,+44 7574371570,Email,Accessibility,Resolved,16:05
SUPPORT,SUP002742,SUP002742,2025-08-23 12:51:52,Melanie Lane,melanie.lane@gmail.com,+44 7013808183,Email,Enquiry,Open,
SUPPORT,SUP002743,SUP002743,2025-08-23 13:04:27,Elaine Dawson,elaine.dawson@gmail.com,,Email,Complaint,Resolved,22:10
SUPPORT,SUP002744,SUP002744,2025-08-23 16:35:00,Lydia Harvey,lydia.harvey@yahoo.com,+44 7772364765,Email,Complaint,Resolved,52:46
SUPPORT,SUP002745,SUP002745,2025-08-23 17:43:19,Bradley Webb,bradley.webb@hotmail.com,+44 7541727556,Email,Accessibility,Resolved,05:11
SUPPORT,SUP002746,SUP002746,2025-08-23 20:58:15,Tina Roberts,,+44 7792113926,Phone,Enquiry,Resolved,05:45
SUPPORT,SUP002747,SUP002747,2025-08-23 21:56:44,Roger Miller,roger.miller@yahoo.com,+44 7841715690,Email,Accessibility,Open,
SUPPORT,SUP002748,SUP002748,2025-08-23 22:14:28,Rosie Martin,rosie.martin@yahoo.com,+44 7237380752,Phone,Enquiry,Open,
SUPPORT,SUP002749,SUP002749,2025-08-24 02:50:14,Marion Shaw,,+44 7252144904,Phone,Refund request,Resolved,04:09
SUPPORT,SUP002750,SUP002750,2025-08-24 03:13:03,Lee Knowles,lee.knowles@gmail.com,,Email,Enquiry,Resolved,05:17
SUPPORT,SUP002751,SUP002751,2025-08-24 09:02:55,Jason Evans,jason.evans@gmail.com,+44 7935026810,Phone,Enquiry,Resolved,06:10
SUPPORT,SUP002752,SUP002752,2025-08-24 09:42:27,Marie Clark,marie.clark@gmail.com,+44 7020850378,Email,Refund request,Open,
SUPPORT,SUP002753,SUP002753,2025-08-24 19:58:49,Glen Mitchell,glen.mitchell@aol.com,+44 7749618618,Phone,Accessibility,Open,
SUPPORT,SUP002754,SUP002754,2025-08-24 21:22:15,Billy Shaw,billy.shaw@hotmail.com,+44 7064509153,Email,Complaint,Resolved,09:35
SUPPORT,SUP002755,SUP002755,2025-08-24 21:25:29,Tina O'Connor,tina.oconnor@msn.com,,Email,Refund request,Open,
SUPPORT,SUP002756,SUP002756,2025-08-24 21:55:56,Nicola Fraser,nicola.fraser@hotmail.com,+44 7658664171,Email,Accessibility,Open,
SUPPORT,SUP002757,SUP002757,2025-08-24 22:50:47,Barry Quinn,barry.quinn@yahoo.com,+44 7443143161,Email,Enquiry,Resolved,14:42
SUPPORT,SUP002758,SUP002758,2025-08-25 00:06:38,Angela Rowley,angela.rowley@gmail.com,+44 7410625794,Phone,Accessibility,Resolved,05:19
SUPPORT,SUP002759,SUP002759,2025-08-25 05:25:50,Stephanie Palmer,,+44 7828574278,Phone,Refund request,Resolved,09:16
SUPPORT,SUP002760,SUP002760,2025-08-25 07:12:43,Mitchell Smith,mitchell.smith@hotmail.com,+44 7563148439,Email,Enquiry,Resolved,03:17
SUPPORT,SUP002761,SUP002761,2025-08-25 07:40:55,Ashley Kaur,ashley.kaur@yahoo.com,+44 7200243538,Phone,Refund request,Resolved,22:27
SUPPORT,SUP002762,SUP002762,2025-08-25 08:12:02,Roy Nelson,roy.nelson@yahoo.com,,Email,Accessibility,Resolved,30:17
SUPPORT,SUP002763,SUP002763,2025-08-25 09:12:59,Jake Ball,jake.ball@yahoo.com,+44 7909337455,Email,Complaint,Resolved,14:28
SUPPORT,SUP002764,SUP002764,2025-08-25 11:22:42,Jasmine James,jasmine.james@gmail.com,,Email,Enquiry,Resolved,04:22
SUPPORT,SUP002765,SUP002765,2025-08-25 11:45:21,Alex Kent,alex.kent@yahoo.com,,Email,Refund request,Resolved,18:42
SUPPORT,SUP002766,SUP002766,2025-08-25 13:01:35,Chloe Cooper,,+44 7743223053,Phone,Refund request,Resolved,35:24
SUPPORT,SUP002767,SUP002767,2025-08-25 13:35:00,Sheila Ashton,sheila.ashton@yahoo.com,+44 7743725007,Phone,Enquiry,Resolved,05:46
SUPPORT,SUP002768,SUP002768,2025-08-25 13:36:28,Valerie Brown,valerie.brown@yahoo.com,+44 7132982179,Email,Enquiry,Resolved,01:43
SUPPORT,SUP002769,SUP002769,2025-08-25 15:17:58,Gemma Parsons,gemma.parsons@hotmail.com,,Email,Refund request,Resolved,13:44
SUPPORT,SUP002770,SUP002770,2025-08-25 15:31:00,Simon May,,+44 7521854198,Phone,Enquiry,Resolved,06:11
SUPPORT,SUP002771,SUP002771,2025-08-25 16:57:31,Donna Hargreaves,donna.hargreaves@gmail.com,+44 7419988160,Email,Complaint,Resolved,14:27
SUPPORT,SUP002772,SUP002772,2025-08-25 18:45:22,Holly Fox,,+44 7621838006,Phone,Refund request,Resolved,06:11
SUPPORT,SUP002773,SUP002773,2025-08-25 21:29:19,Julia Wright,julia.wright@gmail.com,+44 7381055181,Email,Enquiry,Resolved,01:23
SUPPORT,SUP002774,SUP002774,2025-08-26 00:47:02,Jeremy Page,jeremy.page@aol.com,+44 7835763958,Email,Enquiry,Resolved,14:23
SUPPORT,SUP002775,SUP002775,2025-08-26 01:20:58,Ruth Hawkins,ruth.hawkins@gmail.com,+44 7038888763,Phone,Accessibility,Resolved,05:05
SUPPORT,SUP002776,SUP002776,2025-08-26 02:57:07,Joanne Dean,joanne.dean@hotmail.com,,Email,Enquiry,Resolved,02:34
SUPPORT,SUP002777,SUP002777,2025-08-26 04:13:41,Laura Howard,laura.howard@hotmail.fr,+44 7253965056,Email,Refund request,Resolved,07:24
SUPPORT,SUP002778,SUP002778,2025-08-26 04:42:34,Shaun O'Brien,shaun.obrien@yahoo.com,+44 7863603096,Email,Refund request,Resolved,02:13
SUPPORT,SUP002779,SUP002779,2025-08-26 05:29:14,Samuel White,samuel.white@hotmail.com,+44 7607788603,Phone,Accessibility,Open,
SUPPORT,SUP002780,SUP002780,2025-08-26 07:18:53,Antony Holloway,antony.hollowy@yahoo.com,+44 7067646360,Phone,Enquiry,Resolved,01:10
SUPPORT,SUP002781,SUP002781,2025-08-26 07:35:14,June Cook,june.cook@aol.com,+44 7925691437,Email,Enquiry,Resolved,11:14
SUPPORT,SUP002782,SUP002782,2025-08-26 08:13:10,Nicholas Nolan,nicholas.nolan@gmail.com,,Email,Refund request,Resolved,46:11
SUPPORT,SUP002783,SUP002783,2025-08-26 11:19:32,Chelsea White,chelsea.white@yahoo.com,,Email,Enquiry,Resolved,06:10
SUPPORT,SUP002784,SUP002784,2025-08-26 12:20:26,Damian Jones,damian.jones3@hotmail.com,+44 7127050192,Phone,Refund request,Resolved,18:45
SUPPORT,SUP002785,SUP002785,2025-08-26 15:10:29,Terence Hudson,terence.huson@yahoo.com,+44 7217618134,Email,Refund request,Resolved,10:19
SUPPORT,SUP002786,SUP002786,2025-08-26 17:31:44,Josephine Williams,josephine.williams@aol.com,+44 7023290790,Phone,Enquiry,Resolved,10:23
SUPPORT,SUP002787,SUP002787,2025-08-26 22:01:34,Derek Smith,derek.smith@gmail.com,+44 7975601648,Email,Accessibility,Resolved,09:39
SUPPORT,SUP002788,SUP002788,2025-08-26 22:01:50,Sharon Wilson,sharon.wilson@yahoo.com,,Email,Enquiry,Resolved,09:59
SUPPORT,SUP002789,SUP002789,2025-08-27 00:19:11,Sheila Donnelly,sheila.donnelly@gmail.com,,Email,Refund request,Resolved,16:50
SUPPORT,SUP002790,SUP002790,2025-08-27 01:31:59,Carl Bull,carl.bull@gmail.com,,Email,Complaint,Resolved,23:33
SUPPORT,SUP002791,SUP002791,2025-08-27 01:32:02,Chloe Cooper,chloe.cooper@yahoo.com,+44 7743223053,Email,Enquiry,Resolved,05:08
SUPPORT,SUP002792,SUP002792,2025-08-27 02:27:50,Melissa Archer,melissa.archer@yahoo.com,,Email,Refund request,Resolved,27:38
SUPPORT,SUP002793,SUP002793,2025-08-27 09:13:35,Megan Lees,megan.lees@hotmail.com,+44 7673595383,Email,Enquiry,Resolved,03:32
SUPPORT,SUP002794,SUP002794,2025-08-27 10:10:09,Cameron Smith,cameron.smith@hotmail.com,,Email,Refund request,Resolved,17:46
SUPPORT,SUP002795,SUP002795,2025-08-27 13:50:19,Jordan Spencer,,+44 7631587515,Phone,Enquiry,Resolved,02:34
SUPPORT,SUP002796,SUP002796,2025-08-27 14:28:48,Tina Garner,tina.garner@gmail.com,+44 7508498594,Phone,Accessibility,Resolved,13:40
SUPPORT,SUP002797,SUP002797,2025-08-27 16:40:36,Lynn Jones,lynn.jones@hotmail.co.uk,+44 7179392009,Email,Refund request,Resolved,07:02
SUPPORT,SUP002798,SUP002798,2025-08-27 16:48:10,Ross Ellis,ros.sellis@gmail.com,,Email,Enquiry,Resolved,01:27
SUPPORT,SUP002799,SUP002799,2025-08-27 18:06:23,Bethany Brown,bethany.brown@aol.com,+44 7795857901,Phone,Complaint,Resolved,21:38
SUPPORT,SUP002800,SUP002800,2025-08-27 21:56:08,Alice Cooper,alice.cooper@aol.com,+44 7741402871,Phone,Enquiry,Resolved,05:17
SUPPORT,SUP002801,SUP002801,2025-08-28 01:20:54,Henry Thorpe,henry.thorpe@msn.com,+44 7501780194,Email,Refund request,Open,
SUPPORT,SUP002802,SUP002802,2025-08-28 02:57:50,Kim Coates,kim.coates@hotmail.com,+44 7622264983,Email,Accessibility,Resolved,11:34
SUPPORT,SUP002803,SUP002803,2025-08-28 05:24:10,Kerry Gray,kerry.gray@yahoo.com,+44 7746203397,Email,Enquiry,Resolved,02:14
SUPPORT,SUP002804,SUP002804,2025-08-28 06:08:58,Ricky O'Sullivan,ricky.osullivan@gmail.com,+44 7320548057,Phone,Refund request,Resolved,10:48
SUPPORT,SUP002805,SUP002805,2025-08-28 06:38:38,Shirley Barker,shirley.barker@yahoo.com,+44 7813275262,Email,Enquiry,Resolved,05:53
SUPPORT,SUP002806,SUP002806,2025-08-28 09:28:15,Irene Edwards,irene.edwards@aol.com,+44 7233909753,Email,Enquiry,Resolved,01:31
SUPPORT,SUP002807,SUP002807,2025-08-28 11:45:36,Michelle Young,michelle.young@gmail.com,,Email,Refund request,Resolved,11:12
SUPPORT,SUP002808,SUP002808,2025-08-28 15:31:15,Abigail Osborne,,+44 7930875438,Phone,Enquiry,Resolved,07:19
SUPPORT,SUP002809,SUP002809,2025-08-28 15:38:33,Jenna Shah,jenna.shah@gmail.com,,Email,Enquiry,Resolved,00:11
SUPPORT,SUP002810,SUP002810,2025-08-28 16:05:55,Abdul Morris,abdul.morris@gmail.com,+44 7087475224,Email,Accessibility,Resolved,07:04
SUPPORT,SUP002811,SUP002811,2025-08-28 16:22:19,Amy Fisher,amy.fisher@hotmail.co.uk,+44 7723559353,Email,Enquiry,Resolved,09:41
SUPPORT,SUP002812,SUP002812,2025-08-28 17:20:44,Josh Stokes,josh.stokes@gmail.com,+44 7384024690,Phone,Enquiry,Resolved,10:01
SUPPORT,SUP002813,SUP002813,2025-08-28 18:47:48,Jordan Spencer,jordan.psencer@hotmail.com,+44 7631587515,Email,Refund request,Resolved,39:37
SUPPORT,SUP002814,SUP002814,2025-08-28 22:11:52,Sandra Sullivan,sandra.sullivan@gmail.com,+44 7736779540,Email,Refund request,Resolved,20:25
SUPPORT,SUP002815,SUP002815,2025-08-29 00:06:03,Amelia Riley,amelia.riley@yahoo.com,+44 7386493361,Email,Accessibility,Resolved,06:56
SUPPORT,SUP002816,SUP002816,2025-08-29 00:41:46,Gillian Short,gillian.short@hotmail.com,+44 7600620878,Email,Accessibility,Resolved,09:10
SUPPORT,SUP002817,SUP002817,2025-08-29 02:52:44,Ellie Coleman,ellie.coleman@aol.com,+44 7112716066,Email,Accessibility,Resolved,06:57
SUPPORT,SUP002818,SUP002818,2025-08-29 02:58:00,Amber Evans,amber.evans@gmail.com,+44 7325191313,Email,Accessibility,Open,
SUPPORT,SUP002819,SUP002819,2025-08-29 04:04:41,Connor Harris,connor.harris@aol.com,+44 7979634109,Email,Refund request,Resolved,72:00
SUPPORT,SUP002820,SUP002820,2025-08-29 06:41:35,Luke Smith,luke.smith@gmail.com,+44 7551454307,Phone,Refund request,Resolved,30:39
SUPPORT,SUP002821,SUP002821,2025-08-29 09:12:06,Claire Phillips,claire.phillips@gmail.com,+44 7733105303,Phone,Enquiry,Open,
SUPPORT,SUP002822,SUP002822,2025-08-29 10:07:09,Grace Ryan,grace.ryan@gmail.com,,Email,Refund request,Resolved,46:20
SUPPORT,SUP002823,SUP002823,2025-08-29 11:08:33,Carl Fry,,+44 7060980508,Phone,Accessibility,Resolved,03:03
SUPPORT,SUP002824,SUP002824,2025-08-29 12:12:03,Josh Holmes,josh.holmes@yahoo.com,+44 7460240742,Email,Refund request,Resolved,04:21
SUPPORT,SUP002825,SUP002825,2025-08-29 17:18:18,Derek Ward,derek.ward@hotmail.com,,Email,Complaint,Resolved,30:07
SUPPORT,SUP002826,SUP002826,2025-08-29 19:12:03,Samuel White,samuel.white@hotmail.com,+44 7607788603,Phone,Refund request,Resolved,36:09
SUPPORT,SUP002827,SUP002827,2025-08-29 20:27:02,Joanne Chan,joanne.chan@yahoo.com,,Email,Complaint,Resolved,13:59
SUPPORT,SUP002828,SUP002828,2025-08-29 20:42:05,Elaine Hopkins,elaine.hopkins@gmail.com,+44 7533761867,Phone,Refund request,Resolved,14:16
SUPPORT,SUP002829,SUP002829,2025-08-29 22:55:50,Gordon Thomas,gordon.thomas@yahoo.com,+44 7074910975,Email,Complaint,Resolved,40:00
SUPPORT,SUP002830,SUP002830,2025-08-29 23:55:06,Jill Kent,jill.kent@gmail.com,+44 7844164639,Email,Enquiry,Resolved,03:32
SUPPORT,SUP002831,SUP002831,2025-08-30 01:27:36,Naomi Warren,naomi.warren@hotmail.com,+44 7430568596,Phone,Refund request,Open,
SUPPORT,SUP002832,SUP002832,2025-08-30 02:01:51,Hazel Harris,,+44 7176699412,Phone,Enquiry,Resolved,05:48
SUPPORT,SUP002833,SUP002833,2025-08-30 06:56:19,Conor Peacock,conor.peacock@hotmail.co.uk,+44 7813034980,Email,Enquiry,Resolved,11:10
SUPPORT,SUP002834,SUP002834,2025-08-30 08:11:31,Kirsty Cooper,kirsty.cooper@gmail.com,+44 7689389931,Email,Refund request,Resolved,20:20
SUPPORT,SUP002835,SUP002835,2025-08-30 08:24:19,Kathryn Andrews,kathryn.andrews@gmail.com,,Email,Complaint,Resolved,09:22
SUPPORT,SUP002836,SUP002836,2025-08-30 10:53:13,Trevor Thomas,trevor.thomas@yahoo.com,+44 7123344661,Email,Enquiry,Resolved,01:20
SUPPORT,SUP002837,SUP002837,2025-08-30 11:34:44,Georgina Adams,georgina.adams@aol.com,+44 7701825449,Phone,Accessibility,Resolved,05:12
SUPPORT,SUP002838,SUP002838,2025-08-30 11:50:55,Irene Atkinson,,+44 7732479592,Phone,Refund request,Resolved,20:25
SUPPORT,SUP002839,SUP002839,2025-08-30 15:25:04,Chelsea Howard,chelsea.howard@yahoo.com,+44 7646986066,Email,Enquiry,Resolved,38:18
SUPPORT,SUP002840,SUP002840,2025-08-30 16:09:31,Sheila Carroll,sheila.carrol@gmail.com,+44 7447875301,Phone,Refund request,Open,
SUPPORT,SUP002841,SUP002841,2025-08-30 16:12:34,Howard Martin,howard.martin@gmail.com,+44 7821178573,Phone,Complaint,Resolved,40:53
SUPPORT,SUP002842,SUP002842,2025-08-30 18:28:58,Bruce Holt,bruce.holt@gmail.com,+44 7395008807,Phone,Accessibility,Resolved,07:43
SUPPORT,SUP002843,SUP002843,2025-08-30 19:45:12,Paul Green,paul.green@orange.fr,,Email,Enquiry,Resolved,07:52
SUPPORT,SUP002844,SUP002844,2025-08-30 21:28:19,Sylvia Cunningham,sylvia.cunningham@gmail.com,+44 7667806571,Phone,Refund request,Resolved,27:59
SUPPORT,SUP002845,SUP002845,2025-08-30 21:43:50,Abdul Robinson,abdul.robinson@gmail.com,,Email,Refund request,Resolved,21:56
SUPPORT,SUP002846,SUP002846,2025-08-30 22:34:41,Debra Price,debra.price@yahoo.com,+44 7974889838,Email,Refund request,Resolved,27:05
SUPPORT,SUP002847,SUP002847,2025-08-30 23:59:36,Zoe Smith,,+44 7650419870,Phone,Enquiry,Resolved,03:32
SUPPORT,SUP002848,SUP002848,2025-08-31 00:01:05,Marian Barber,marian.barber@msn.com,+44 7382539335,Phone,Complaint,Resolved,45:10
SUPPORT,SUP002849,SUP002849,2025-08-31 00:54:51,Robin Jones,robin.jones@hotmail.co.uk,+44 7621145871,Email,Accessibility,Resolved,08:55
SUPPORT,SUP002850,SUP002850,2025-08-31 01:58:45,Benjamin Johnson,benjamin.johnson@yahoo.com,,Email,Accessibility,Resolved,12:48
SUPPORT,SUP002851,SUP002851,2025-08-31 03:57:58,Richard Moore,richard.moore@yahoo.fr,+44 7679159939,Email,Complaint,Open,
SUPPORT,SUP002852,SUP002852,2025-08-31 03:58:45,Sheila Lamb,,+44 7898107270,Phone,Refund request,Resolved,36:56
SUPPORT,SUP002853,SUP002853,2025-08-31 04:32:16,Alex Eavns,alex.evans@yahoo.com,,Email,Accessibility,Resolved,10:18
SUPPORT,SUP002854,SUP002854,2025-08-31 06:18:05,Kirsty Smith,kirsty.smith@gmail.com,+44 7126230918,Email,Refund request,Open,
SUPPORT,SUP002855,SUP002855,2025-08-31 06:20:07,Kayleigh Ellis,kayleigh.ellis@hotmail.com,,Email,Accessibility,Resolved,19:50
SUPPORT,SUP002856,SUP002856,2025-08-31 07:29:17,Hugh Lord,hugh.lord@hotmail.com,+44 7837113024,Email,Refund request,Resolved,05:23
SUPPORT,SUP002857,SUP002857,2025-08-31 08:13:38,Sean Collins,sean.collins@yahoo.com,+44 7617731786,Email,Enquiry,Resolved,02:12
SUPPORT,SUP002858,SUP002858,2025-08-31 08:31:50,Jake Norris,jake.norris@gmail.com,+44 7260765904,Email,Enquiry,Resolved,02:26
SUPPORT,SUP002859,SUP002859,2025-08-31 08:53:27,Samantha Fry,samantha.fyr@hotmail.com,,Email,Enquiry,Resolved,04:29
SUPPORT,SUP002860,SUP002860,2025-08-31 10:01:30,Jodie James,jodiejames@aol.com,,Email,Accessibility,Resolved,06:12
SUPPORT,SUP002861,SUP002861,2025-08-31 10:41:11,Gregory Richardson,gregory.richardson@hotmail.com,+44 7837497592,Email,Refund request,Resolved,15:21
SUPPORT,SUP002862,SUP002862,2025-08-31 11:08:01,Heather Sykes,heather.sykes@hotmail.com,+44 7109350256,Email,Complaint,Resolved,52:53
SUPPORT,SUP002863,SUP002863,2025-08-31 12:09:13,William Greenwood,william.greenwood@yahoo.com,+44 7936118585,Email,Accessibility,Resolved,05:38
SUPPORT,SUP002864,SUP002864,2025-08-31 13:23:32,Louis Davies,louis.daives@hotmail.com,+44 7651891326,Email,Complaint,Resolved,18:13
SUPPORT,SUP002865,SUP002865,2025-08-31 15:54:00,Simon Howell,,+44 7204436518,Phone,Enquiry,Resolved,02:41
SUPPORT,SUP002866,SUP002866,2025-08-31 17:41:07,Vanessa Jones,vanessa.jones@aol.com,+44 7602708657,Email,Refund request,Open,
SUPPORT,SUP002867,SUP002867,2025-09-01 00:50:20,Elliott Bnetley,,+44 7489404158,Phone,Refund request,Resolved,16:50
SUPPORT,SUP002868,SUP002868,2025-09-01 00:55:20,Dale Kelly,dale.kelly@yahoo.com,+44 7988328151,Phone,Accessibility,Resolved,01:34
SUPPORT,SUP002869,SUP002869,2025-09-01 02:06:09,Sean May,sean.may@yahoo.com,+44 7774168664,Email,Accessibility,Resolved,23:15
SUPPORT,SUP002870,SUP002870,2025-09-01 02:59:31,Marc Hartley,marc.hartley@gmail.com,,Email,Accessibility,Resolved,17:05
SUPPORT,SUP002871,SUP002871,2025-09-01 04:26:12,Jacqueline Taylor,jacqueline.taylor@aol.com,+44 7962623796,Email,Refund request,Resolved,08:15
SUPPORT,SUP002872,SUP002872,2025-09-01 04:48:25,Kevin Reid,kevin.reid@yahoo.com,+44 7838408642,Email,Enquiry,Resolved,02:33
SUPPORT,SUP002873,SUP002873,2025-09-01 06:22:45,Leanne Macdonald,leanne.macdonald@hotmail.com,+44 7801119362,Email,Refund request,Open,
SUPPORT,SUP002874,SUP002874,2025-09-01 08:18:32,Declan Martin,declan.martin@msn.com,,Email,Enquiry,Resolved,02:46
SUPPORT,SUP002875,SUP002875,2025-09-01 08:35:17,Ellie Allen,ellie.allen@hotmail.com,,Email,Refund request,Resolved,17:58
SUPPORT,SUP002876,SUP002876,2025-09-01 09:25:45,Rachael Jones,,+44 7293131598,Phone,Accessibility,Resolved,20:25
SUPPORT,SUP002877,SUP002877,2025-09-01 09:47:50,Albert Powell,albert.powell@gmail.com,+44 7423977257,Email,Complaint,Resolved,07:28
SUPPORT,SUP002878,SUP002878,2025-09-01 13:09:03,Marc Blake,marc.blake@wanadoo.fr,+44 7910502040,Email,Enquiry,Resolved,02:55
SUPPORT,SUP002879,SUP002879,2025-09-01 14:54:41,Stewart Green,stewart.green@gmail.com,+44 7441978274,Phone,Refund request,Resolved,18:50
SUPPORT,SUP002880,SUP002880,2025-09-01 16:35:25,Alice Berry,aliec.berry@hotmail.com,,Email,Accessibility,Resolved,17:53
SUPPORT,SUP002881,SUP002881,2025-09-01 17:40:25,Elizabeth Ahmed,elizabeth.ahmed@gmail.com,+44 7619119212,Phone,Complaint,Resolved,25:18
SUPPORT,SUP002882,SUP002882,2025-09-01 18:00:14,Kate Carter,kate.carter@hotmail.fr,+44 7163082227,Email,Refund request,Resolved,10:28
SUPPORT,SUP002883,SUP002883,2025-09-01 18:31:57,Glen Gill,glen.gill@aol.com,,Email,Accessibility,Resolved,13:13
SUPPORT,SUP002884,SUP002884,2025-09-01 18:52:50,Reece French,,+44 7454404796,Phone,Complaint,Resolved,41:35
SUPPORT,SUP002885,SUP002885,2025-09-01 19:18:08,Beth Ellis,,+44 7178628618,Phone,Accessibility,Resolved,05:43
SUPPORT,SUP002886,SUP002886,2025-09-01 19:57:17,Carol Riley,carol.riley@yahoo.com,+44 7122920463,Phone,Refund request,Open,
SUPPORT,SUP002887,SUP002887,2025-09-02 06:49:16,Mohammad Williams,mohammad.williams2@gmail.com,+44 7263250376,Email,Enquiry,Resolved,14:34
SUPPORT,SUP002888,SUP002888,2025-09-02 09:23:51,Joyec Waters,joyce.waters@yahoo.com,+44 7247610374,Email,Accessibility,Resolved,19:29
SUPPORT,SUP002889,SUP002889,2025-09-02 09:59:20,Fiona Evans,,+44 7672403383,Phone,Accessibility,Resolved,14:48
SUPPORT,SUP002890,SUP002890,2025-09-02 10:49:04,Shannon Scott,,+44 7275163549,Phone,Accessibility,Resolved,36:04
SUPPORT,SUP002891,SUP002891,2025-09-02 12:35:28,Patrick Chapman,patrick.chapman@hotmail.com,+44 7449645742,Phone,Complaint,Resolved,01:17
SUPPORT,SUP002892,SUP002892,2025-09-02 14:56:45,Ross Walsh,ross.walsh@hotmail.com,+44 7408227299,Email,Accessibility,Resolved,24:43
SUPPORT,SUP002893,SUP002893,2025-09-02 16:27:29,Ross Bates,ross.bates@hotmail.com,+44 7777371363,Phone,Complaint,Resolved,23:03
SUPPORT,SUP002894,SUP002894,2025-09-02 16:28:10,Jean Jones,jean.jones@gmail.com,+44 7444331391,Email,Complaint,Open,
SUPPORT,SUP002895,SUP002895,2025-09-02 18:41:08,Clive Baldwin,clive.baldwin@hotmail.com,+44 7833983056,Email,Accessibility,Resolved,14:36
SUPPORT,SUP002896,SUP002896,2025-09-02 19:37:43,Christine Jones,christine.jones2@gmail.com,,Email,Complaint,Open,
SUPPORT,SUP002897,SUP002897,2025-09-02 23:34:29,Emma Benson,emma.benson@gmail.com,+44 7941867911,Email,Refund request,Resolved,17:33
SUPPORT,SUP002898,SUP002898,2025-09-02 23:50:10,Hazel Jones,hazel.jones@aol.com,,Email,Refund request,Resolved,22:06
SUPPORT,SUP002899,SUP002899,2025-09-03 02:16:52,Chreyl Pritchard,cheryl.pritchard@gmail.com,+44 7739602673,Email,Refund request,Resolved,49:18
SUPPORT,SUP002900,SUP002900,2025-09-03 02:56:21,Katy Faulkner,katy.faulkner@yahoo.com,+44 7149335007,Email,Accessibility,Resolved,05:07
SUPPORT,SUP002901,SUP002901,2025-09-03 03:28:32,Tom Kelly,,+44 7143471530,Phone,Enquiry,Open,
SUPPORT,SUP002902,SUP002902,2025-09-03 04:42:26,Car lLane,carl.lane@hotmail.com,+44 7793389257,Email,Accessibility,Open,
SUPPORT,SUP002903,SUP002903,2025-09-03 08:02:59,Holly Ball,holly.ball@gmail.com,+44 7242131058,Email,Enquiry,Resolved,07:27
SUPPORT,SUP002904,SUP002904,2025-09-03 11:39:28,Kayleigh Haynes,kayleigh.haynes@yahoo.com,,Email,Complaint,Resolved,15:38
SUPPORT,SUP002905,SUP002905,2025-09-03 11:58:32,Alan Mills,alan.mills@aol.com,+44 7221166319,Email,Enquiry,Resolved,04:51
SUPPORT,SUP002906,SUP002906,2025-09-03 12:55:28,Martyn Singh,,+44 7312847773,Phone,Complaint,Resolved,37:21
SUPPORT,SUP002907,SUP002907,2025-09-03 13:08:35,Helen Thomas,helen.thomas@hotmail.com,+44 7604886553,Email,Enquiry,Resolved,00:54
SUPPORT,SUP002908,SUP002908,2025-09-03 14:18:24,Carl Reid,carl.reid@yahoo.com,+44 7638725946,Email,Enquiry,Open,
SUPPORT,SUP002909,SUP002909,2025-09-03 14:58:48,Rosemary Richardson,rosemary.richardson@yahoo.com,+44 7895773027,Phone,Refund request,Resolved,12:22
SUPPORT,SUP002910,SUP002910,2025-09-03 18:16:57,Joseph Smith,joseph.smith@aol.com,,Email,Enquiry,Resolved,03:04
SUPPORT,SUP002911,SUP002911,2025-09-03 19:01:45,Alice Alexander,alice.alexander@hotmail.com,,Email,Refund request,Resolved,54:40
SUPPORT,SUP002912,SUP002912,2025-09-03 19:16:17,Dawn Hunt,dawn.uhnt@gmail.com,+44 7472518084,Phone,Enquiry,Open,
SUPPORT,SUP002913,SUP002913,2025-09-03 23:08:42,Leon Humphries,leon.humphries@gmail.com,+44 7244728372,Email,Accessibility,Open,
SUPPORT,SUP002914,SUP002914,2025-09-03 23:18:22,Nicole Young,nicole.young@hotmail.com,+44 7126983039,Email,Complaint,Resolved,17:37
SUPPORT,SUP002915,SUP002915,2025-09-04 03:31:08,Sara Knowles,sara.knowles@yahoo.com,+44 7112715580,Phone,Refund request,Open,
SUPPORT,SUP002916,SUP002916,2025-09-04 05:46:21,Dorothy Harding,dorothy.harding@yahoo.com,+44 7930979573,Email,Refund request,Resolved,30:35
SUPPORT,SUP002917,SUP002917,2025-09-04 07:56:22,Rita 'Brien,rita.obrien@gmail.com,+44 7129501291,Email,Complaint,Resolved,50:51
SUPPORT,SUP002918,SUP002918,2025-09-04 10:20:17,Oliver Buckley,oliver.buckley@yahoo.com,+44 7413937853,Email,Complaint,Open,
SUPPORT,SUP002919,SUP002919,2025-09-04 10:36:38,Joel Parker,joel.parker@hotmail.com,,Email,Refund request,Resolved,22:57
SUPPORT,SUP002920,SUP002920,2025-09-04 15:42:58,Lauren Berry,lauren.berry@yahoo.com,+44 7031187061,Phone,Refund request,Resolved,09:50
SUPPORT,SUP002921,SUP002921,2025-09-04 17:13:21,Teresa Marsh,teresa.marsh@yahoo.com,+44 7425945520,Email,Accessibility,Resolved,20:29
SUPPORT,SUP002922,SUP002922,2025-09-04 18:49:32,Charlotte Potter,charlotte.potter@yahoo.com,+44 7542213094,Email,Complaint,Resolved,33:53
SUPPORT,SUP002923,SUP002923,2025-09-04 20:07:50,Dorothy Smith,dorothy.smtih@hotmail.com,+44 7401614487,Email,Enquiry,Resolved,09:40
SUPPORT,SUP002924,SUP002924,2025-09-04 20:58:07,Francesca Akhtar,francesca.akhtar@gmail.com,+44 7782834426,Email,Complaint,Open,
SUPPORT,SUP002925,SUP002925,2025-09-05 00:01:00,Trevor Donnelly,trevor.donnelly@yahoo.com,,Email,Refund request,Resolved,04:26
SUPPORT,SUP002926,SUP002926,2025-09-05 03:28:43,Maureen Patel,maureen.patel@gmail.com,+44 7197303163,Phone,Refund request,Resolved,21:52
SUPPORT,SUP002927,SUP002927,2025-09-05 04:11:13,Christine Chandler,christine.chandler@msn.com,+44 7765900220,Email,Enquiry,Resolved,04:47
SUPPORT,SUP002928,SUP002928,2025-09-05 06:11:49,Garry Webb,garry.webb@gmail.com,,Email,Accessibility,Resolved,34:35
SUPPORT,SUP002929,SUP002929,2025-09-05 09:09:36,Connor Jenkins,connor.jenkins@yahoo.com,+44 7125014811,Phone,Enquiry,Resolved,02:20
SUPPORT,SUP002930,SUP002930,2025-09-05 09:52:36,Rhys Davis,rhys.davis@hotmail.com,,Email,Refund request,Resolved,07:26
SUPPORT,SUP002931,SUP002931,2025-09-05 10:53:33,Damian Noble,damian.noble@gmail.com,+44 7237062928,Email,Enquiry,Resolved,06:58
SUPPORT,SUP002932,SUP002932,2025-09-05 13:26:15,June Cunningham,june.cunningham@gmail.com,+44 7052314027,Phone,Enquiry,Resolved,07:35
SUPPORT,SUP002933,SUP002933,2025-09-05 14:51:06,Sam Palmer,sam.palmer@yahoo.com,,Email,Refund request,Resolved,17:30
SUPPORT,SUP002934,SUP002934,2025-09-05 23:11:57,ugh Hicks,hugh.hicks@gmail.com,+44 7202146766,Email,Enquiry,Resolved,04:33
SUPPORT,SUP002935,SUP002935,2025-09-05 23:32:28,Damian Hughes,damian.hughes@gmail.com,,Email,Complaint,Resolved,14:56
SUPPORT,SUP002936,SUP002936,2025-09-06 00:14:58,James Parker,,+44 7940582124,Phone,Complaint,Resolved,17:10
SUPPORT,SUP002937,SUP002937,2025-09-06 00:49:55,Shannon Pearson,shannon.pearson@hotmail.com,,Email,Refund request,Open,
SUPPORT,SUP002938,SUP002938,2025-09-06 03:09:15,Rachel Middleton,rachel.middleton@gmail.com,+44 7134643570,Email,Accessibility,Resolved,06:38
SUPPORT,SUP002939,SUP002939,2025-09-06 03:43:23,Eileen Bray,eileen.bray@hotmail.com,+44 7885511394,Phone,Accessibility,Resolved,07:22
SUPPORT,SUP002940,SUP002940,2025-09-06 04:34:44,Beverley Turner,beverley.turner@hotmail.co.uk,+44 7731270609,Email,Enquiry,Resolved,14:08
SUPPORT,SUP002941,SUP002941,2025-09-06 05:20:00,John Robertson,john.robertson@hotmail.co.uk,+44 7290607061,Phone,Enquiry,Resolved,05:15
SUPPORT,SUP002942,SUP002942,2025-09-06 06:14:32,Leanne Lord,leanne.lord@hotmail.com,+44 7126367508,Email,Enquiry,Resolved,07:44
SUPPORT,SUP002943,SUP002943,2025-09-06 09:16:56,Lewis Thornton,lewis.thornton@hotmail.co.uk,+44 7743390083,Email,Refund request,Resolved,19:26
SUPPORT,SUP002944,SUP002944,2025-09-06 10:10:54,Stanley Dawson,stanley.dawson@yahoo.com,+44 7759785331,Email,Accessibility,Resolved,10:41
SUPPORT,SUP002945,SUP002945,2025-09-06 14:48:28,Daniel Kennedy,daniel.kennedy@gmail.com,+44 7190045215,Email,Complaint,Resolved,46:00
SUPPORT,SUP002946,SUP002946,2025-09-06 15:43:50,Bruce Thompson,bruce.thompson@hotmail.com,+44 7291816008,Phone,Enquiry,Resolved,02:30
SUPPORT,SUP002947,SUP002947,2025-09-06 19:15:12,Alan Pearce,alan.pearce@hotmail.com,+44 7234437886,Phone,Refund request,Open,
SUPPORT,SUP002948,SUP002948,2025-09-06 19:35:14,Victoria Hall,victoria.hall@hotmail.co.uk,+44 7853639749,Phone,Accessibility,Resolved,01:16
SUPPORT,SUP002949,SUP002949,2025-09-06 19:54:43,Joyce Davies,joyce.davies@hotmail.com,,Email,Refund request,Resolved,08:27
SUPPORT,SUP002950,SUP002950,2025-09-07 04:33:25,Dylan Hunt,dylan.hunt@hotmail.com,+44 7165107380,Phone,Accessibility,Resolved,16:25
SUPPORT,SUP002951,SUP002951,2025-09-07 07:17:40,Oliver Bennett,oliver.bennett@yahoo.com,+44 7349840374,Email,Enquiry,Resolved,08:11
SUPPORT,SUP002952,SUP002952,2025-09-07 08:03:38,Bradly Wood,bradley.wood@gmail.com,+44 7684366630,Phone,Enquiry,Resolved,13:22
SUPPORT,SUP002953,SUP002953,2025-09-07 08:47:55,William ong,william.long@gmail.com,+44 7569393937,Phone,Refund request,Resolved,02:30
SUPPORT,SUP002954,SUP002954,2025-09-07 09:30:29,Dominic Barnett,dominic.barnett@hotmail.com,,Email,Accessibility,Open,
SUPPORT,SUP002955,SUP002955,2025-09-07 10:54:54,Harriet Patel,,+44 7566394771,Phone,Complaint,Resolved,43:09
SUPPORT,SUP002956,SUP002956,2025-09-07 12:39:21,Joanna Riley,joanna.riley@yahoo.com,+44 7490770141,Email,Refund request,Open,
SUPPORT,SUP002957,SUP002957,2025-09-07 13:00:27,Anne Saunders,anne.saunders@gmail.com,+44 7811925470,Email,Enquiry,Open,
SUPPORT,SUP002958,SUP002958,2025-09-07 13:02:39,Alexandra John,alexandra.john@yahoo.com,+44 7865936481,Email,Enquiry,Resolved,10:28
SUPPORT,SUP002959,SUP002959,2025-09-07 13:07:51,Kyle Murray,kyle.murray@yahoo.com,+44 7301493905,Email,Refund request,Resolved,09:45
SUPPORT,SUP002960,SUP002960,2025-09-07 14:47:41,Neil Turner,neil.turenr@yahoo.com,+44 7117416629,Email,Refund request,Resolved,22:05
SUPPORT,SUP002961,SUP002961,2025-09-07 18:04:55,Yvonne Jackson,yvonne.jackson@gmail.com,,Email,Enquiry,Resolved,04:02
SUPPORT,SUP002962,SUP002962,2025-09-07 18:49:23,Kerry Walker,kerry.walker@hotmail.com,,Email,Accessibility,Resolved,44:52
SUPPORT,SUP002963,SUP002963,2025-09-07 19:08:49,Leslie Martin,leslie.martin@hotmail.com,+44 7434237665,Phone,Enquiry,Resolved,04:51
SUPPORT,SUP002964,SUP002964,2025-09-07 22:43:26,Danielle Smith,danielle.smith@yahoo.com,+44 7470901499,Email,Complaint,Open,
SUPPORT,SUP002965,SUP002965,2025-09-07 23:01:33,Alice Green,alice.green@gmail.com,,Email,Refund request,Resolved,17:15
SUPPORT,SUP002966,SUP002966,2025-09-08 01:52:11,William Goddard,,+44 7088124225,Phone,Refund request,Resolved,35:07
SUPPORT,SUP002967,SUP002967,2025-09-08 03:39:45,Gordon Evans,gordon.evans@yahoo.com,+44 7016647191,Email,Enquiry,Resolved,04:34
SUPPORT,SUP002968,SUP002968,2025-09-08 08:04:10,Adrian Lucas,adrian.lucas@gmail.com,+44 7836968209,Email,Complaint,Resolved,44:30
SUPPORT,SUP002969,SUP002969,2025-09-08 09:09:24,Benjamin Skinner,benjamin.skinner@yahoo.com,+44 7320471783,Email,Enquiry,Resolved,02:45
SUPPORT,SUP002970,SUP002970,2025-09-08 10:09:22,Beverley Davies,beverley.davies@yahoo.com,+44 7162929832,Email,Enquiry,Resolved,03:58
SUPPORT,SUP002971,SUP002971,2025-09-08 11:33:47,Nicola Robinson,nicola.robinson@yahoo.com,,Email,Enquiry,Resolved,04:39
SUPPORT,SUP002972,SUP002972,2025-09-08 12:53:45,Eileen Price,eileen.price@aol.com,+44 7935258605,Email,Enquiry,Resolved,02:13
SUPPORT,SUP002973,SUP002973,2025-09-08 14:55:49,Liam Murphy,liam.murphy@yahoo.com,+44 7548598348,Email,Enquiry,Resolved,06:33
SUPPORT,SUP002974,SUP002974,2025-09-08 19:54:40,Sheila Lmab,sheila.lamb@aol.com,,Email,Enquiry,Resolved,12:23
SUPPORT,SUP002975,SUP002975,2025-09-08 20:51:13,Richard Wood,richard.wood@gmail.com,+44 7518384212,Phone,Complaint,Resolved,46:22
SUPPORT,SUP002976,SUP002976,2025-09-08 20:51:41,Heather Cooper,heather.cooper@gmail.com,+44 7305381696,Email,Refund request,Resolved,21:33
SUPPORT,SUP002977,SUP002977,2025-09-08 23:34:37,Annette Jones,,+44 7974472110,Phone,Accessibility,Resolved,06:32
SUPPORT,SUP002978,SUP002978,2025-09-09 03:00:26,Nicola Dale,,+44 7000178632,Phone,Complaint,Resolved,38:08
SUPPORT,SUP002979,SUP002979,2025-09-09 04:08:11,Francesca Williams,francesca.williams@yahoo.com,+44 7053281332,Email,Enquiry,Open,
SUPPORT,SUP002980,SUP002980,2025-09-09 09:56:35,Mark Porter,mark.porter@yahoo.com,+44 7361784310,Phone,Refund request,Resolved,02:53
SUPPORT,SUP002981,SUP002981,2025-09-09 10:22:08,Brandon Taylor,brandon.taylor@gmail.com,+44 7331045854,Email,Refund request,Resolved,04:13
SUPPORT,SUP002982,SUP002982,2025-09-09 10:47:14,Antony Knowles,antony.knowles@gmail.com,+44 7828776692,Email,Complaint,Resolved,03:11
SUPPORT,SUP002983,SUP002983,2025-09-09 11:18:12,Timothy Lees,timothy.lees@yahoo.com,+44 7994330853,Phone,Refund request,Resolved,27:09
SUPPORT,SUP002984,SUP002984,2025-09-09 16:29:33,Michelle Richardson,michelle.richardson@hotmail.com,+44 7492090720,Email,Accessibility,Resolved,16:27
SUPPORT,SUP002985,SUP002985,2025-09-09 19:21:01,Bethany Chandler,bethany.chandler@gmail.com,,Email,Refund request,Resolved,23:07
SUPPORT,SUP002986,SUP002986,2025-09-09 19:46:04,Sheila Wong,sheila.wong@msn.com,+44 7472152276,Email,Enquiry,Resolved,06:35
SUPPORT,SUP002987,SUP002987,2025-09-09 19:46:34,Denise Jordan,denise.jordan@hotmail.com,+44 7536273984,Phone,Refund request,Resolved,01:46
SUPPORT,SUP002988,SUP002988,2025-09-09 21:47:20,Peter Gibson,,+44 7174475124,Phone,Accessibility,Resolved,11:32
SUPPORT,SUP002989,SUP002989,2025-09-09 23:03:21,Vincent Jones,vincent.jones2@gmail.com,+44 7412908835,Email,Refund request,Resolved,32:11
SUPPORT,SUP002990,SUP002990,2025-09-10 00:06:34,Dennis Craig,dennis.craig@yahoo.fr,+44 7076701153,Phone,Refund request,Resolved,07:07
SUPPORT,SUP002991,SUP002991,2025-09-10 00:09:52,Leigh Butler,leigh.butler@hotmail.com,+44 7043803765,Email,Accessibility,Resolved,11:59
SUPPORT,SUP002992,SUP002992,2025-09-10 01:05:20,Joyce Lambert,,+44 7917338202,Phone,Refund request,Resolved,09:38
SUPPORT,SUP002993,SUP002993,2025-09-10 01:59:23,Amber Davies,amber.davies@hotmail.com,+44 7130465714,Email,Enquiry,Open,
SUPPORT,SUP002994,SUP002994,2025-09-10 07:04:21,Jennifer Davidson,jennifer.davidson@gmail.com,,Email,Refund request,Open,
SUPPORT,SUP002995,SUP002995,2025-09-10 13:50:01,Mohammed Cole,mohamme.cole@gmail.com,+44 7695478262,Phone,Enquiry,Resolved,05:51
SUPPORT,SUP002996,SUP002996,2025-09-10 14:37:36,Georgia Lees,georgia.lees@gmail.com,,Email,Accessibility,Resolved,07:10
SUPPORT,SUP002997,SUP002997,2025-09-10 17:19:11,Sandra Thomas,sandra.thomas@hotmail.com,,Email,Enquiry,Resolved,02:43
SUPPORT,SUP002998,SUP002998,2025-09-10 20:29:07,Callum Robinson,callum.robinson@gmail.com,+44 7959541061,Email,Enquiry,Open,
SUPPORT,SUP002999,SUP002999,2025-09-10 21:14:34,Paulne Reynolds,paulien.reynolds@hotmail.com,+44 7243667453,Phone,Complaint,Open,
SUPPORT,SUP003000,SUP003000,2025-09-10 23:52:35,Elliott Skinner,elliott.skinner@yahoo.com,+44 7976622686,Email,Accessibility,Resolved,06:31
SUPPORT,SUP003001,SUP003001,2025-09-11 03:21:53,Margaret King,margaret.king@hotmail.com,,Email,Refund request,Resolved,26:18
SUPPORT,SUP003002,SUP003002,2025-09-11 03:40:03,Karl Richardson,karl.richardson@gmail.com,+44 7249645817,Email,Complaint,Resolved,44:22
SUPPORT,SUP003003,SUP003003,2025-09-11 03:41:46,Aimee Shaw,aimee.shaw@yahoo.com,+44 7153908579,Email,Refund request,Resolved,20:12
SUPPORT,SUP003004,SUP003004,2025-09-11 06:09:59,Malcolm Smith,malcolm.smith2@gmail.com,+44 7954252502,Email,Accessibility,Resolved,09:49
SUPPORT,SUP003005,SUP003005,2025-09-11 06:24:48,Jean Morris,jean.morris@gmail.com,+44 7525718496,Email,Complaint,Resolved,35:21
SUPPORT,SUP003006,SUP003006,2025-09-11 06:39:27,Victor Hill,,+44 7060573034,Phone,Refund request,Resolved,21:04
SUPPORT,SUP003007,SUP003007,2025-09-11 07:51:16,Joanna Barber,joanna.braber@hotmail.com,,Email,Accessibility,Open,
SUPPORT,SUP003008,SUP003008,2025-09-11 09:22:33,Jessica Rowe,jessica.rowe@gmail.com,,Email,Refund request,Open,
SUPPORT,SUP003009,SUP003009,2025-09-11 09:57:55,Charlotte Hargreaves,charlotte.hargreaves@yahoo.fr,+44 7894476595,Email,Enquiry,Resolved,06:19
SUPPORT,SUP003010,SUP003010,2025-09-11 10:56:55,Marie Thomas,marie.thomas@yahoo.com,+44 7379529902,Email,Refund request,Resolved,43:48
SUPPORT,SUP003011,SUP003011,2025-09-11 11:30:26,Heather Thomson,,+44 7733625705,Phone,Complaint,Resolved,04:10
SUPPORT,SUP003012,SUP003012,2025-09-11 13:16:57,Amelia Hilton,amelia.hilton@hotmail.com,+44 7634314215,Email,Refund request,Resolved,43:45
SUPPORT,SUP003013,SUP003013,2025-09-11 15:28:13,Francesca Kaur,francesca.kaur@yahoo.com,+44 7935253747,Email,Enquiry,Resolved,09:07
SUPPORT,SUP003014,SUP003014,2025-09-11 18:00:56,Deborah Owen,deborah.owen@hotmail.com,+44 7680708475,Email,Enquiry,Resolved,17:38
SUPPORT,SUP003015,SUP003015,2025-09-11 21:01:10,Damian Hughes,,+44 7610703644,Phone,Complaint,Resolved,37:40
SUPPORT,SUP003016,SUP003016,2025-09-11 21:04:58,Leon Reid,leon.reid@hotmail.com,+44 7759208241,Email,Complaint,Resolved,30:43
SUPPORT,SUP003017,SUP003017,2025-09-11 22:14:57,Jill Turnbull,jill.turnbull@orange.fr,,Email,Accessibility,Resolved,04:45
SUPPORT,SUP003018,SUP003018,2025-09-12 00:12:37,Reece Clarke,reece.clarke@yahoo.com,+44 7428781088,Email,Accessibility,Resolved,19:30
SUPPORT,SUP003019,SUP003019,2025-09-12 00:57:29,Damien Smith,damien.smith@aol.com,+44 7513232867,Email,Complaint,Resolved,06:58
SUPPORT,SUP003020,SUP003020,2025-09-12 01:24:39,Stephen Williams,stephen.williams@hotmail.com,+44 7929560136,Email,Refund request,Resolved,10:02
SUPPORT,SUP003021,SUP003021,2025-09-12 01:51:16,Carol Bird,carol.bird@gmail.com,,Email,Refund request,Resolved,15:50
SUPPORT,SUP003022,SUP003022,2025-09-12 04:13:04,Helen Moore,helen.moore@gmail.com,+44 7119096991,Email,Enquiry,Resolved,04:50
SUPPORT,SUP003023,SUP003023,2025-09-12 09:09:55,Raymond Sullivan,raymond.sullivan@yahoo.com,+44 7410530854,Email,Enquiry,Resolved,03:40
SUPPORT,SUP003024,SUP003024,2025-09-12 09:36:14,Sam Dale,sam.ale@gmail.com,+44 7881502345,Phone,Enquiry,Resolved,18:07
SUPPORT,SUP003025,SUP003025,2025-09-12 12:52:29,Kathleen Davey,kathleen.davey@yahoo.com,+44 7178895691,Email,Refund request,Resolved,42:15
SUPPORT,SUP003026,SUP003026,2025-09-12 13:08:06,Jade Cooper,jade.cooper@aol.com,+44 7509544913,Phone,Enquiry,Open,
SUPPORT,SUP003027,SUP003027,2025-09-12 13:20:54,Jeffrey Schofield,jeffrey.schofield@hotmail.com,+44 7267923212,Email,Refund request,Open,
SUPPORT,SUP003028,SUP003028,2025-09-12 14:29:31,Barry Davis,barry.davis@yahoo.com,+44 7750265987,Email,Refund request,Resolved,14:33
SUPPORT,SUP003029,SUP003029,2025-09-12 16:54:38,Stephanie Howell,stephanie.howell@aol.com,+44 7652744664,Email,Enquiry,Resolved,03:29
SUPPORT,SUP003030,SUP003030,2025-09-12 17:02:37,Carole Payne,carole.payne@hotmail.fr,+44 7501661841,Phone,Accessibility,Open,
SUPPORT,SUP003031,SUP003031,2025-09-12 17:57:05,Richard Wilkinson,richard.wilkinson@gmail.com,+44 7695435135,Phone,Refund request,Resolved,10:56
SUPPORT,SUP003032,SUP003032,2025-09-12 23:47:58,Carl Brown,carl.brown@gmail.com,+44 7209427281,Email,Complaint,Resolved,06:03
SUPPORT,SUP003033,SUP003033,2025-09-13 02:16:17,Katherine Russell,katherine.russell@orange.fr,+44 7251247680,Phone,Complaint,Resolved,06:19
SUPPORT,SUP003034,SUP003034,2025-09-13 03:58:19,David Watts,david.watts@gmail.com,+44 7766633820,Email,Enquiry,Resolved,07:36
SUPPORT,SUP003035,SUP003035,2025-09-13 04:02:20,Leah Myers,leah.myers@wanadoo.fr,+44 7772367403,Email,Refund request,Open,
SUPPORT,SUP003036,SUP003036,2025-09-13 04:10:55,Trevor Thomas,trevor.thomas@yahoo.com,+44 7123344661,Phone,Refund request,Resolved,06:53
SUPPORT,SUP003037,SUP003037,2025-09-13 04:36:15,Laura Howard,laura.howard@hotmail.fr,+44 7253965056,Email,Refund request,Resolved,24:07
SUPPORT,SUP003038,SUP003038,2025-09-13 06:20:46,Henry Baker,henry.baker@yahoo.com,+44 7803904609,Phone,Accessibility,Resolved,10:27
SUPPORT,SUP003039,SUP003039,2025-09-13 07:46:58,Amber Davies,amber.davies@hotmail.com,+44 7130465714,Email,Accessibility,Resolved,13:48
SUPPORT,SUP003040,SUP003040,2025-09-13 12:12:14,Tony Woodward,tony.woodward@gmail.com,+44 7383346947,Email,Accessibility,Resolved,23:08
SUPPORT,SUP003041,SUP003041,2025-09-13 17:06:59,Pauline Reynolds,pauline.reynolds@hotmail.com,+44 7243667453,Phone,Accessibility,Resolved,37:09
SUPPORT,SUP003042,SUP003042,2025-09-13 20:21:42,Gerald Bevan,gerald.bevan@yahoo.com,+44 7160957613,Email,Refund request,Resolved,04:28
SUPPORT,SUP003043,SUP003043,2025-09-14 00:21:07,Michelle Baker,michelle.abker@hotmail.com,+44 7181195233,Email,Accessibility,Resolved,07:31
SUPPORT,SUP003044,SUP003044,2025-09-14 02:15:53,Clive Turner,clive.turner@gmail.com,,Email,Refund request,Resolved,43:51
SUPPORT,SUP003045,SUP003045,2025-09-14 02:32:33,Paula Lee,paula.lee@yahoo.com,+44 7946868966,Phone,Refund request,Resolved,08:37
SUPPORT,SUP003046,SUP003046,2025-09-14 02:50:33,Sharon Ryan,sharon.ryan@hotmail.com,,Email,Accessibility,Open,
SUPPORT,SUP003047,SUP003047,2025-09-14 02:59:08,Andrew Edwards,andrew.edwards@gmail.com,+44 7271881897,Email,Refund request,Resolved,18:31
SUPPORT,SUP003048,SUP003048,2025-09-14 04:48:23,Gary Ellis,,+44 7824766950,Phone,Complaint,Resolved,37:09
SUPPORT,SUP003049,SUP003049,2025-09-14 09:13:41,Kyle Hardy,kyle.hardy@yahoo.com,,Email,Accessibility,Resolved,17:18
SUPPORT,SUP003050,SUP003050,2025-09-14 11:58:21,Georgina Turner,georgina.turner@hotmail.com,+44 7507932997,Email,Accessibility,Resolved,12:20
SUPPORT,SUP003051,SUP003051,2025-09-14 12:22:12,Clare Bell,clare.bell@gmail.com,+44 7848899576,Email,Refund request,Resolved,17:58
SUPPORT,SUP003052,SUP003052,2025-09-14 12:43:13,Sandra Craig,sandra.craig@gmail.com,+44 7343815968,Phone,Refund request,Resolved,28:22
SUPPORT,SUP003053,SUP003053,2025-09-14 14:36:27,Lawrence Greenwood,lawrence.greenwood@hotmail.com,,Email,Refund request,Resolved,27:06
SUPPORT,SUP003054,SUP003054,2025-09-14 18:36:28,Jake Patel,jake.patel@msn.com,+44 7576399681,Email,Accessibility,Resolved,02:34
SUPPORT,SUP003055,SUP003055,2025-09-14 19:43:57,Victor Stewart,victor.stewart@hotmail.com,+44 7313238730,Phone,Accessibility,Resolved,24:19
SUPPORT,SUP003056,SUP003056,2025-09-14 21:27:47,Rebecca Smith,rebecca.smith@yahoo.com,,Email,Enquiry,Resolved,04:25
SUPPORT,SUP003057,SUP003057,2025-09-14 23:35:11,Carole Richardson,carole.richardson@yahoo.com,+44 7060088205,Phone,Accessibility,Resolved,11:53
SUPPORT,SUP003058,SUP003058,2025-09-15 00:59:52,Kathleen Lewis,kathleen.lewis@gmail.com,+44 7283333293,Email,Complaint,Open,
SUPPORT,SUP003059,SUP003059,2025-09-15 02:33:09,Ruth Baker,ruth.baker@yahoo.com,+44 7028298839,Email,Refund request,Open,
SUPPORT,SUP003060,SUP003060,2025-09-15 03:57:03,Steven Johnson,steven.johnson@msn.com,,Email,Complaint,Resolved,17:19
SUPPORT,SUP003061,SUP003061,2025-09-15 11:41:35,Joyce Lambert,joyce.lambert@hotmail.com,,Email,Refund request,Resolved,12:29
SUPPORT,SUP003062,SUP003062,2025-09-15 11:44:49,Shaun Parry,shaun.parry@msn.com,+44 7428921927,Email,Enquiry,Open,
SUPPORT,SUP003063,SUP003063,2025-09-15 18:59:01,Gerald Thomas,gerald.thomas@gmail.com,+44 7094684702,Email,Refund request,Resolved,07:07
SUPPORT,SUP003064,SUP003064,2025-09-15 20:26:36,Ronald Lewis,ronald.lewis@gmail.com,+44 7877061766,Email,Enquiry,Open,
SUPPORT,SUP003065,SUP003065,2025-09-15 21:37:27,Matthew Donnelly,matthew.donnelly@msn.com,,Email,Refund request,Resolved,22:41
SUPPORT,SUP003066,SUP003066,2025-09-16 03:59:32,June Wilson,june.wilson@yahoo.com,+44 7587313377,Email,Complaint,Open,
SUPPORT,SUP003067,SUP003067,2025-09-16 05:03:32,Patricia Rhodes,,+44 7309495914,Phone,Refund request,Resolved,47:15
SUPPORT,SUP003068,SUP003068,2025-09-16 05:42:59,Charlene Marsh,charlene.marsh@hotmail.com,,Email,Complaint,Resolved,16:36
SUPPORT,SUP003069,SUP003069,2025-09-16 06:31:10,Molly Stevenson,molly.stevenson@yahoo.com,+44 7029171428,Phone,Refund request,Open,
SUPPORT,SUP003070,SUP003070,2025-09-16 07:34:07,Dorothy Pearson,dorothy.pearson@yahoo.com,+44 7296952870,Email,Refund request,Resolved,17:01
SUPPORT,SUP003071,SUP003071,2025-09-16 08:31:49,Natasha Gregory,natasha.gregory@yahoo.com,+44 7865774224,Phone,Complaint,Resolved,23:32
SUPPORT,SUP003072,SUP003072,2025-09-16 09:42:40,Francesca Akhtar,francesca.akhtar@gmail.com,+44 7782834426,Phone,Enquiry,Resolved,04:22
SUPPORT,SUP003073,SUP003073,2025-09-16 10:07:03,Jessica Cunningham,jessica.cunningham@hotmail.com,,Email,Enquiry,Resolved,04:52
SUPPORT,SUP003074,SUP003074,2025-09-16 11:28:06,Lauren Brown,lauren.brown@hotmail.com,+44 7230102299,Email,Refund request,Resolved,02:03
SUPPORT,SUP003075,SUP003075,2025-09-16 12:17:25,Victoria Holmes,victoria.holmes@gmail.com,+44 7972835948,Email,Complaint,Open,
SUPPORT,SUP003076,SUP003076,2025-09-16 18:37:29,Jordan Osborne,jordan.osobrne@hotmail.com,,Email,Accessibility,Resolved,04:59
SUPPORT,SUP003077,SUP003077,2025-09-16 19:38:06,Gail Bennett,gail.bennett@gmail.com,+44 7650695106,Phone,Accessibility,Resolved,06:41
SUPPORT,SUP003078,SUP003078,2025-09-16 19:51:27,Joanne Smith,joanne.smith@gmail.com,,Email,Complaint,Resolved,02:46
SUPPORT,SUP003079,SUP003079,2025-09-16 22:13:42,Francis Thomas,francis.thomas@hotmail.com,+44 7673111917,Email,Accessibility,Resolved,02:29
SUPPORT,SUP003080,SUP003080,2025-09-17 01:06:13,Patrick Hurst,patrick.hurst@yahoo.com,,Email,Complaint,Resolved,16:20
SUPPORT,SUP003081,SUP003081,2025-09-17 01:33:04,Amanda Daly,amnada.daly@gmail.com,,Email,Refund request,Resolved,05:44
SUPPORT,SUP003082,SUP003082,2025-09-17 01:48:23,Rita O'Brien,rita.obrien@gmail.com,+44 7129501291,Email,Refund request,Resolved,32:24
SUPPORT,SUP003083,SUP003083,2025-09-17 04:33:03,Holly Adams,holly.adams@hotmail.com,+44 7094276411,Phone,Refund request,Open,
SUPPORT,SUP003084,SUP003084,2025-09-17 05:11:07,Pauline Hobbs,pauline.hobbs@gmail.com,+44 7148275006,Phone,Refund request,Resolved,05:57
SUPPORT,SUP003085,SUP003085,2025-09-17 06:03:19,Tracey O'Connor,,+44 7942776315,Phone,Refund request,Resolved,25:27
SUPPORT,SUP003086,SUP003086,2025-09-17 06:23:35,Marilyn Foster,marilyn.foster@yahoo.com,+44 7674295321,Phone,Refund request,Resolved,04:06
SUPPORT,SUP003087,SUP003087,2025-09-17 07:48:18,Josh Thompson,josh.thompson@hotmail.fr,+44 7345554268,Email,Enquiry,Resolved,24:07
SUPPORT,SUP003088,SUP003088,2025-09-17 09:36:21,Lynne Ford,lynne.ford@yahoo.com,+44 7766995270,Email,Complaint,Resolved,32:48
SUPPORT,SUP003089,SUP003089,2025-09-17 10:14:02,Jason Turner,jsaon.turner@hotmail.com,+44 7149711977,Phone,Accessibility,Resolved,29:15
SUPPORT,SUP003090,SUP003090,2025-09-17 10:36:20,Charlene Leonard,charlene.leonard@yahoo.com,+44 7395992591,Phone,Enquiry,Open,
SUPPORT,SUP003091,SUP003091,2025-09-17 11:10:01,Abigail Hunter,abigail.hunter@aol.com,+44 7648514176,Email,Accessibility,Resolved,31:32
SUPPORT,SUP003092,SUP003092,2025-09-17 12:30:48,Joel Barrett,joel.barrett@gmail.com,+44 7944726890,Email,Enquiry,Resolved,09:52
SUPPORT,SUP003093,SUP003093,2025-09-17 13:58:44,Shirley Holden,shirley.holden@hotmail.com,+44 7504972217,Email,Complaint,Resolved,31:02
SUPPORT,SUP003094,SUP003094,2025-09-17 15:25:42,Georgina Davies,georgina.davies@yahoo.com,,Email,Refund request,Resolved,35:34
SUPPORT,SUP003095,SUP003095,2025-09-17 16:15:12,Declan Thomas,,+44 7548725130,Phone,Enquiry,Resolved,00:48
SUPPORT,SUP003096,SUP003096,2025-09-17 16:18:51,Josephine Carter,joesphine.carter@aol.com,+44 7432036206,Phone,Accessibility,Resolved,10:05
SUPPORT,SUP003097,SUP003097,2025-09-17 16:43:42,Jade Williams,jade.williams@hotmail.com,+44 7994979797,Phone,Complaint,Resolved,09:31
SUPPORT,SUP003098,SUP003098,2025-09-17 17:15:54,Joe Murray,joe.murra@gmail.com,+44 7138528154,Email,Enquiry,Resolved,09:40
SUPPORT,SUP003099,SUP003099,2025-09-17 18:39:56,Billy Dobson,billy.dobson@gmail.com,,Email,Enquiry,Resolved,13:38
SUPPORT,SUP003100,SUP003100,2025-09-17 18:58:33,Paul Brown,paul.brown@hotmail.com,+44 7309573351,Email,Enquiry,Resolved,14:34
SUPPORT,SUP003101,SUP003101,2025-09-18 02:48:48,Paige Thomas,paige.thomas@yahoo.com,+44 7915363823,Email,Refund request,Resolved,11:12
SUPPORT,SUP003102,SUP003102,2025-09-18 03:38:37,Paul Brown,paul.brown@hotmail.com,+44 7309573351,Email,Refund request,Resolved,33:57
SUPPORT,SUP003103,SUP003103,2025-09-18 03:44:10,Leigh Butler,leigh.butler@hotmail.com,+44 7043803765,Phone,Refund request,Resolved,17:15
SUPPORT,SUP003104,SUP003104,2025-09-18 05:10:55,Hannah Fletcher,hannah.fletcher@yahoo.com,+44 7893092624,Email,Refund request,Resolved,46:30
SUPPORT,SUP003105,SUP003105,2025-09-18 05:24:22,Maria Moss,maria.moss@yahoo.com,+44 7686773556,Phone,Enquiry,Resolved,06:38
SUPPORT,SUP003106,SUP003106,2025-09-18 05:53:54,Stuart Robinson,stuart.robinson@hotmail.com,+44 7509588785,Email,Refund request,Open,
SUPPORT,SUP003107,SUP003107,2025-09-18 07:50:04,Dale Harper,dale.harper@yahoo.com,+44 7584248296,Phone,Enquiry,Resolved,04:58
SUPPORT,SUP003108,SUP003108,2025-09-18 10:10:26,Nicole Wade,,+44 7213085845,Phone,Enquiry,Resolved,02:17
SUPPORT,SUP003109,SUP003109,2025-09-18 15:03:28,Helen Ford,helen.ford@hotmail.com,,Email,Refund request,Resolved,08:25
SUPPORT,SUP003110,SUP003110,2025-09-18 15:37:25,Shirley Fox,shirley.fox@hotmail.com,+44 7839877084,Email,Refund request,Resolved,34:16
SUPPORT,SUP003111,SUP003111,2025-09-18 15:56:17,Donald Stewart,donald.stewart@gmail.com,+44 7776878070,Phone,Refund request,Resolved,08:27
SUPPORT,SUP003112,SUP003112,2025-09-18 18:29:09,Jamie Wilkins,jamie.wilkins@hotmail.com,+44 7573748953,Email,Accessibility,Resolved,08:22
SUPPORT,SUP003113,SUP003113,2025-09-18 19:56:11,Jordan Osborne,jordan.osborne@hotmail.com,+44 7037733217,Phone,Refund request,Resolved,03:18
SUPPORT,SUP003114,SUP003114,2025-09-18 23:51:05,Jenna Shah,jenna.shah@gmail.com,+44 7587507768,Email,Enquiry,Resolved,05:55
SUPPORT,SUP003115,SUP003115,2025-09-18 23:59:23,Craig Quinn,craig.quinn@yahoo.com,+44 7924939347,Email,Enquiry,Resolved,00:07
SUPPORT,SUP003116,SUP003116,2025-09-19 02:02:51,Megan Morley,megan.morley@yahoo.com,,Email,Enquiry,Resolved,16:29
SUPPORT,SUP003117,SUP003117,2025-09-19 03:09:51,Maureen Godfrey,maureen.godfrey@gmail.com,+44 7358213601,Email,Accessibility,Resolved,10:30
SUPPORT,SUP003118,SUP003118,2025-09-19 03:58:45,Lawrence Jackson,lawrence.jackson@orange.fr,+44 7317090016,Email,Enquiry,Resolved,07:17
SUPPORT,SUP003119,SUP003119,2025-09-19 04:04:58,Hayley Ford,hayley.ford@hotmail.com,+44 7086008219,Email,Accessibility,Resolved,16:06
SUPPORT,SUP003120,SUP003120,2025-09-19 04:52:19,Karl Swift,karl.swift@hotmail.com,+44 7098178396,Email,Refund request,Resolved,05:00
SUPPORT,SUP003121,SUP003121,2025-09-19 05:25:32,Natasha Middleton,natasha.middleton@yahoo.com,+44 7130143902,Email,Enquiry,Resolved,02:00
SUPPORT,SUP003122,SUP003122,2025-09-19 06:05:31,Graham Dyer,graham.dyer@yahoo.com,+44 7933999303,Phone,Complaint,Resolved,26:49
SUPPORT,SUP003123,SUP003123,2025-09-19 07:04:20,Rebecca Moore,rebecca.moore@hotmail.com,+44 7808680090,Phone,Refund request,Resolved,42:17
SUPPORT,SUP003124,SUP003124,2025-09-19 07:49:39,Michelle Adams,michelle.adams@hotmail.com,,Email,Refund request,Resolved,62:44
SUPPORT,SUP003125,SUP003125,2025-09-19 11:58:28,Alan Martin,,+44 7888816482,Phone,Refund request,Resolved,11:21
SUPPORT,SUP003126,SUP003126,2025-09-19 13:19:07,Simon Smith,simon.smith@hotmail.com,+44 7330513437,Phone,Accessibility,Resolved,10:11
SUPPORT,SUP003127,SUP003127,2025-09-19 19:55:17,Max Miller,max.miller@gmail.com,+44 7482375724,Email,Refund request,Resolved,10:38
SUPPORT,SUP003128,SUP003128,2025-09-19 23:00:23,Janet Johnson,janet.johnson@hotmail.com,,Email,Refund request,Resolved,55:19
SUPPORT,SUP003129,SUP003129,2025-09-20 00:31:04,Carole Johnson,carole.johnson@yahoo.fr,+44 7951842429,Email,Refund request,Resolved,12:17
SUPPORT,SUP003130,SUP003130,2025-09-20 00:55:47,Denise Knight,denise.knight@yahoo.com,+44 7693889918,Email,Refund request,Resolved,21:49
SUPPORT,SUP003131,SUP003131,2025-09-20 02:11:16,Stacey Rogers,,+44 7666917344,Phone,Enquiry,Resolved,12:24
SUPPORT,SUP003132,SUP003132,2025-09-20 05:54:00,Anthony Taylor,anthony.taylor@hotmail.com,+44 7979187845,Phone,Complaint,Resolved,46:41
SUPPORT,SUP003133,SUP003133,2025-09-20 07:12:53,Katy Shah,katy.shah@gmail.com,+44 7068677985,Phone,Enquiry,Resolved,09:26
SUPPORT,SUP003134,SUP003134,2025-09-20 07:19:42,Bernard Davis,bernard.davis@yahoo.com,+44 7069848687,Phone,Refund request,Open,
SUPPORT,SUP003135,SUP003135,2025-09-20 08:46:44,Nicholas Jones,nicholas.jonse@aol.com,+44 7271182478,Email,Refund request,Resolved,55:55
SUPPORT,SUP003136,SUP003136,2025-09-20 09:50:16,Alan Booth,laan.booth@hotmail.com,,Email,Enquiry,Resolved,14:19
SUPPORT,SUP003137,SUP003137,2025-09-20 11:24:09,Carol Parsons,carol.parsons@gmail.com,,Email,Refund request,Resolved,11:37
SUPPORT,SUP003138,SUP003138,2025-09-20 12:32:06,Zoe Saunders,zoe.saunders@gmail.com,,Email,Complaint,Resolved,29:18
SUPPORT,SUP003139,SUP003139,2025-09-20 13:39:54,Nigel Webb,nigel.webb@gmail.com,+44 7350140035,Phone,Accessibility,Resolved,12:49
SUPPORT,SUP003140,SUP003140,2025-09-20 16:28:16,Albert Austin,albert.austin@gmail.com,+44 7174672352,Phone,Complaint,Resolved,07:32
SUPPORT,SUP003141,SUP003141,2025-09-20 21:01:11,Damien Baker,damien.baker@gmail.com,+44 7288900214,Email,Enquiry,Resolved,13:02
SUPPORT,SUP003142,SUP003142,2025-09-20 22:42:31,Megan Harvey,megan.harvey@yahoo.com,+44 7189206783,Email,Accessibility,Resolved,26:12
SUPPORT,SUP003143,SUP003143,2025-09-20 23:03:26,Sheila Scott,sheila.scott@gmail.com,+44 7363364490,Email,Refund request,Resolved,03:13
SUPPORT,SUP003144,SUP003144,2025-09-21 01:19:29,Bethan Ward,bethan.ward@yahoo.com,+44 7550355450,Email,Refund request,Resolved,10:47
SUPPORT,SUP003145,SUP003145,2025-09-21 02:09:07,Geoffrey Evans,geoffrey.evans@yahoo.com,+44 7156119162,Phone,Refund request,Resolved,20:07
SUPPORT,SUP003146,SUP003146,2025-09-21 03:22:23,Graeme Dixon,graeme.dixon@hotmail.com,+44 7102319550,Email,Refund request,Resolved,28:48
SUPPORT,SUP003147,SUP003147,2025-09-21 06:55:45,Jonathan Skinner,jonathan.skinner@yahoo.com,,Email,Enquiry,Resolved,05:30
SUPPORT,SUP003148,SUP003148,2025-09-21 09:30:35,Maureen Patel,maureen.patel@gmail.com,,Email,Refund request,Open,
SUPPORT,SUP003149,SUP003149,2025-09-21 09:55:58,Bernard Wright,,+44 7685159435,Phone,Enquiry,Resolved,03:33
SUPPORT,SUP003150,SUP003150,2025-09-21 12:23:26,Tina Law,tina.law@gmail.com,+44 7430449909,Phone,Complaint,Resolved,36:11
SUPPORT,SUP003151,SUP003151,2025-09-21 14:26:49,Ben James,,+44 7194125023,Phone,Refund request,Resolved,09:07
SUPPORT,SUP003152,SUP003152,2025-09-21 18:17:18,Julian Wilson,julian.wilson@hotmail.com,+44 7721099209,Phone,Enquiry,Open,
SUPPORT,SUP003153,SUP003153,2025-09-21 18:37:43,Bernard Thomas,bernard.thmas@msn.com,+44 7329752468,Phone,Refund request,Open,
SUPPORT,SUP003154,SUP003154,2025-09-21 21:21:53,Amelia Walker,amelia.walker@gmail.com,+44 7643463872,Email,Refund request,Open,
SUPPORT,SUP003155,SUP003155,2025-09-21 23:01:15,Louis Davies,louis.davies@hotmail.com,+44 7651891326,Email,Accessibility,Open,
SUPPORT,SUP003156,SUP003156,2025-09-21 23:02:22,Stanley Austin,satnley.austin@hotmail.com,,Email,Accessibility,Resolved,11:05
SUPPORT,SUP003157,SUP003157,2025-09-21 23:43:08,Graeme Jones,,+44 7357660546,Phone,Enquiry,Resolved,19:54
SUPPORT,SUP003158,SUP003158,2025-09-22 09:06:47,Barbara Green,barbara.green@gmail.com,+44 7362290666,Email,Refund request,Resolved,06:18
SUPPORT,SUP003159,SUP003159,2025-09-22 11:58:26,Gillian Fisher,gillian.fisher@gmail.com,+44 7039105113,Email,Refund request,Resolved,06:58
SUPPORT,SUP003160,SUP003160,2025-09-22 12:50:28,Tom Humphreys,tom.humphreys@gmail.com,+44 7490070219,Email,Accessibility,Resolved,36:52
SUPPORT,SUP003161,SUP003161,2025-09-22 13:55:35,Frederick Fisher,frederick.fisher@gmail.com,+44 7987312619,Phone,Enquiry,Resolved,14:10
SUPPORT,SUP003162,SUP003162,2025-09-22 15:28:12,Jeffrey Wilson,jeffrey.wilson@hotmail.co.uk,+44 7147957145,Phone,Complaint,Resolved,07:27
SUPPORT,SUP003163,SUP003163,2025-09-22 17:11:13,Jay Thomas,,+44 7829121585,Phone,Enquiry,Resolved,01:00
SUPPORT,SUP003164,SUP003164,2025-09-22 17:20:49,Charlotte Hargreaves,charlotte.hargreaves@yahoo.fr,+44 7894476595,Email,Refund request,Resolved,22:10
SUPPORT,SUP003165,SUP003165,2025-09-22 19:30:38,Shane Edwards,shane.edwards@hotmail.com,+44 7188812757,Email,Enquiry,Resolved,03:42
SUPPORT,SUP003166,SUP003166,2025-09-22 19:38:45,Graham Allen,,+44 7356735974,Phone,Complaint,Resolved,37:38
SUPPORT,SUP003167,SUP003167,2025-09-22 21:41:15,Valerie Whitehouse,valerie.whitehouse@hotmail.com,+44 7643795362,Email,Accessibility,Resolved,06:29
SUPPORT,SUP003168,SUP003168,2025-09-22 23:44:20,Nicholas Morley,,+44 7937311303,Phone,Enquiry,Resolved,11:56
SUPPORT,SUP003169,SUP003169,2025-09-23 00:08:42,Sheila Wong,sheila.wong@msn.com,,Email,Enquiry,Resolved,07:49
SUPPORT,SUP003170,SUP003170,2025-09-23 00:11:23,Marie Butcher,marie.butcher@yahoo.com,+44 7785109341,Email,Refund request,Resolved,13:14
SUPPORT,SUP003171,SUP003171,2025-09-23 00:45:57,Rosemary Wilosn,rosemary.wilson@yahoo.com,,Email,Refund request,Resolved,19:05
SUPPORT,SUP003172,SUP003172,2025-09-23 01:15:51,Shannon Howard,shannon.howard@gmail.com,+44 7161499839,Email,Refund request,Resolved,17:33
SUPPORT,SUP003173,SUP003173,2025-09-23 04:06:55,Angela Cox,angela.cox@yahoo.com,+44 7096024297,Email,Accessibility,Resolved,04:31
SUPPORT,SUP003174,SUP003174,2025-09-23 04:55:50,Holly Marsh,holly.marsh@gmail.com,+44 7275397728,Email,Complaint,Resolved,18:36
SUPPORT,SUP003175,SUP003175,2025-09-23 07:20:54,Garry Hill,garry.hill@hotmail.com,+44 7610716931,Email,Refund request,Resolved,05:43
SUPPORT,SUP003176,SUP003176,2025-09-23 09:01:36,Joanne lFynn,joanne.flynn@gmail.com,+44 7054195602,Email,Refund request,Resolved,09:39
SUPPORT,SUP003177,SUP003177,2025-09-23 09:19:02,Marc Iqbal,marc.iqbal@gmail.com,+44 7764840598,Email,Refund request,Resolved,08:51
SUPPORT,SUP003178,SUP003178,2025-09-23 11:49:44,Toby Richardson,toby.richardson@gmail.com,+44 7247889931,Email,Accessibility,Resolved,37:08
SUPPORT,SUP003179,SUP003179,2025-09-23 13:07:58,Harriet Powell,harriet.powell@yahoo.com,+44 7461985689,Email,Refund request,Resolved,08:41
SUPPORT,SUP003180,SUP003180,2025-09-23 15:20:51,Helen Lewis,helen.lewis@yahoo.com,+44 7096543459,Email,Enquiry,Resolved,03:58
SUPPORT,SUP003181,SUP003181,2025-09-23 18:41:43,Darren Poole,darren.poole@hotmail.fr,+44 7695748950,Email,Enquiry,Open,
SUPPORT,SUP003182,SUP003182,2025-09-23 20:04:23,Terry Blake,terry.blake@hotmail.com,+44 7449299062,Phone,Enquiry,Resolved,04:22
SUPPORT,SUP003183,SUP003183,2025-09-23 22:59:24,Georgina Watres,georgina.waters@gmail.com,+44 7223559018,Email,Refund request,Resolved,50:25
SUPPORT,SUP003184,SUP003184,2025-09-23 23:02:30,Russell Wilson,russell.wilson@hotmail.com,,Email,Complaint,Resolved,29:33
SUPPORT,SUP003185,SUP003185,2025-09-23 23:37:50,Laura Parsons,laura.parsons@gmail.com,+44 7468130350,Email,Refund request,Resolved,02:24
SUPPORT,SUP003186,SUP003186,2025-09-24 01:12:08,Chelsea Bates,chelsea.bates@msn.com,+44 7723538692,Phone,Complaint,Resolved,10:57
SUPPORT,SUP003187,SUP003187,2025-09-24 01:54:22,Nicholas Nolan,nicholas.nolan@gmail.com,+44 7874364928,Email,Accessibility,Resolved,07:50
SUPPORT,SUP003188,SUP003188,2025-09-24 08:25:08,Bethany Long,bethany.long@gmail.com,+44 7325648674,Email,Enquiry,Resolved,09:41
SUPPORT,SUP003189,SUP003189,2025-09-24 10:07:22,Susan Williams,susan.williams@yahoo.com,+44 7571764003,Email,Complaint,Open,
SUPPORT,SUP003190,SUP003190,2025-09-24 12:33:21,Aimee Khan,aimee.khan@yahoo.com,+44 7927722862,Phone,Enquiry,Resolved,03:24
SUPPORT,SUP003191,SUP003191,2025-09-24 13:41:35,Nicole Hicks,nicole.hicks@hotmail.com,+44 7856185663,Phone,Accessibility,Resolved,16:20
SUPPORT,SUP003192,SUP003192,2025-09-24 13:48:52,Iain Graham,iain.graham@gmail.com,+44 7724355373,Phone,Refund request,Resolved,22:11
SUPPORT,SUP003193,SUP003193,2025-09-24 15:42:59,Alexander Andrews,alexander.andrews@yahoo.com,+44 7600151600,Email,Enquiry,Resolved,03:18
SUPPORT,SUP003194,SUP003194,2025-09-24 16:54:55,Rosie Gordon,rosie.gordon@hotmail.com,+44 7619496965,Phone,Accessibility,Resolved,05:20
SUPPORT,SUP003195,SUP003195,2025-09-24 17:02:55,Liam Roberts,liam.roberts@yahoo.com,+44 7155044596,Email,Accessibility,Resolved,31:43
SUPPORT,SUP003196,SUP003196,2025-09-24 17:07:49,Ashleigh Abbott,ashleigh.abbott@yahoo.com,+44 7516432960,Email,Complaint,Resolved,02:35
SUPPORT,SUP003197,SUP003197,2025-09-24 19:23:27,Clare Walton,clare.walton@gmail.com,,Email,Enquiry,Resolved,03:29
SUPPORT,SUP003198,SUP003198,2025-09-24 20:29:27,Joel Cameron,,+44 7595392779,Phone,Accessibility,Resolved,27:59
SUPPORT,SUP003199,SUP003199,2025-09-24 20:47:59,Holly Price,holly.price@yahoo.com,+44 7001021577,Email,Complaint,Resolved,20:42
SUPPORT,SUP003200,SUP003200,2025-09-24 22:31:45,Pamela Bruce,pamela.bruce@aol.com,,Email,Refund request,Resolved,37:23
SUPPORT,SUP003201,SUP003201,2025-09-25 00:23:01,Amelia Harding,amelia.harding@yahoo.com,,Email,Enquiry,Resolved,07:17
SUPPORT,SUP003202,SUP003202,2025-09-25 02:07:38,Marcus Watson,marcus.watson@yahoo.com,+44 7620771006,Email,Complaint,Resolved,07:13
SUPPORT,SUP003203,SUP003203,2025-09-25 03:46:36,Marion Adams,maroin.adams@aol.com,+44 7159468437,Email,Complaint,Resolved,10:37
SUPPORT,SUP003204,SUP003204,2025-09-25 03:51:05,Lynne McCarthy,lynne.mccarthy@aol.com,+44 7749221094,Email,Enquiry,Resolved,16:10
SUPPORT,SUP003205,SUP003205,2025-09-25 05:07:08,Keith Williams,keith.williams@gmail.com,+44 7942469997,Email,Complaint,Resolved,07:52
SUPPORT,SUP003206,SUP003206,2025-09-25 05:39:46,Garry Davies,garry.davies@aol.com,+44 7186818670,Email,Accessibility,Resolved,28:37
SUPPORT,SUP003207,SUP003207,2025-09-25 08:45:44,Paul Green,paul.green@yahoo.com,+44 7667323851,Phone,Enquiry,Resolved,07:31
SUPPORT,SUP003208,SUP003208,2025-09-25 12:54:00,Julie Turenr,julie.turner@hotmail.com,+44 7963667575,Email,Enquiry,Resolved,01:42
SUPPORT,SUP003209,SUP003209,2025-09-25 13:37:20,Mary Wallace,,+44 7745520106,Phone,Accessibility,Resolved,11:40
SUPPORT,SUP003210,SUP003210,2025-09-25 15:22:04,Joanne Smith,,+44 7499375852,Phone,Accessibility,Resolved,14:16
SUPPORT,SUP003211,SUP003211,2025-09-25 15:46:03,Chelsea Kay,chelsea.kay@hotmail.com,+44 7086926678,Email,Accessibility,Resolved,02:38
SUPPORT,SUP003212,SUP003212,2025-09-25 16:31:35,Phillip Wood,phillpi.wood@aol.com,+44 7907580012,Email,Refund request,Resolved,09:53
SUPPORT,SUP003213,SUP003213,2025-09-25 20:29:33,Joanna Ward,joanna.ward@yahoo.com,+44 7160987695,Phone,Refund request,Resolved,08:38
SUPPORT,SUP003214,SUP003214,2025-09-25 20:34:37,Dorothy Williams,dorothy.williams@aol.com,+44 7030450237,Phone,Complaint,Resolved,12:14
SUPPORT,SUP003215,SUP003215,2025-09-25 22:14:33,Lynda Willis,,+44 7418934165,Phone,Enquiry,Resolved,06:46
SUPPORT,SUP003216,SUP003216,2025-09-25 23:25:04,Patrick Chapman,patrick.chapman@hotmail.com,+44 7449645742,Email,Accessibility,Resolved,22:45
SUPPORT,SUP003217,SUP003217,2025-09-26 01:08:46,Mohammad Williams,mohammad.williams@gmail.com,+44 7336921579,Email,Accessibility,Resolved,00:38
SUPPORT,SUP003218,SUP003218,2025-09-26 01:10:50,Denise Ball,denise.ball@gmail.com,+44 7651781224,Phone,Enquiry,Resolved,07:58
SUPPORT,SUP003219,SUP003219,2025-09-26 04:18:09,Rita Pritchard,rita.pritchard@wanadoo.fr,+44 7024357512,Email,Enquiry,Resolved,10:26
SUPPORT,SUP003220,SUP003220,2025-09-26 05:56:43,Henry Powell,,+44 7683372172,Phone,Refund request,Resolved,17:15
SUPPORT,SUP003221,SUP003221,2025-09-26 07:07:14,Mandy Whitehead,mandy.whitehead@gmail.com,,Email,Complaint,Resolved,29:52
SUPPORT,SUP003222,SUP003222,2025-09-26 07:40:35,Ann Jackson,,+44 7850362927,Phone,Refund request,Resolved,06:34
SUPPORT,SUP003223,SUP003223,2025-09-26 08:28:16,Elaine Nelson,elaine.nelson@hotmail.com,+44 7981325495,Email,Enquiry,Open,
SUPPORT,SUP003224,SUP003224,2025-09-26 09:08:16,Rachel Middleton,rachel.middleton@gmail.com,+44 7134643570,Phone,Accessibility,Resolved,28:54
SUPPORT,SUP003225,SUP003225,2025-09-26 11:10:06,Mohammed Jennings,mohammed.jennings@yahoo.com,+44 7764969277,Email,Refund request,Resolved,03:34
SUPPORT,SUP003226,SUP003226,2025-09-26 11:22:36,Marc Jackson,marc.jackson@msn.com,+44 7619376700,Email,Complaint,Open,
SUPPORT,SUP003227,SUP003227,2025-09-26 13:43:27,Geoffrey Lee,,+44 7732258168,Phone,Enquiry,Resolved,00:25
SUPPORT,SUP003228,SUP003228,2025-09-26 18:57:10,Charlene Smith,charlene.smith@msn.com,+44 7256351342,Email,Accessibility,Resolved,12:05
SUPPORT,SUP003229,SUP003229,2025-09-26 19:04:10,Francis Stone,francis.stone@gmail.com,+44 7458247110,Email,Complaint,Resolved,02:41
SUPPORT,SUP003230,SUP003230,2025-09-26 19:30:29,Arthur Kelly,arthur.kelly@gmail.com,,Email,Refund request,Resolved,10:21
SUPPORT,SUP003231,SUP003231,2025-09-26 20:26:39,Abdul King,badul.king@gmail.com,+44 7989924683,Email,Accessibility,Resolved,23:21
SUPPORT,SUP003232,SUP003232,2025-09-26 20:36:01,Barbara Mills,barbara.mills@gmail.com,,Email,Enquiry,Open,
SUPPORT,SUP003233,SUP003233,2025-09-26 21:16:48,Robin Thompson,robin.thompson@hotmail.com,,Email,Complaint,Open,
SUPPORT,SUP003234,SUP003234,2025-09-26 21:44:27,Gemma Sullivan,gemma.sullivan@gmail.com,+44 7034878119,Phone,Refund request,Open,
SUPPORT,SUP003235,SUP003235,2025-09-27 01:21:50,Barry O'Brien,barry.obrien@hotmail.com,,Email,Refund request,Resolved,03:59
SUPPORT,SUP003236,SUP003236,2025-09-27 01:45:48,Karl Morris,karl.morris@aol.com,+44 7229777822,Email,Complaint,Resolved,26:15
SUPPORT,SUP003237,SUP003237,2025-09-27 04:09:21,Sylvia Adams,,+44 7140032625,Phone,Accessibility,Resolved,03:23
SUPPORT,SUP003238,SUP003238,2025-09-27 04:45:30,Denise Shaw,denise.shaw@yahoo.com,,Email,Refund request,Resolved,10:52
SUPPORT,SUP003239,SUP003239,2025-09-27 04:58:12,Derek Holmes,,+44 7070269758,Phone,Enquiry,Resolved,02:10
SUPPORT,SUP003240,SUP003240,2025-09-27 08:49:18,Amanda Car,amanda.carr@gmail.com,+44 7944497087,Email,Accessibility,Resolved,21:45
SUPPORT,SUP003241,SUP003241,2025-09-27 09:05:22,Georgina Robinson,georgina.robinson@gmail.com,+44 7249517161,Email,Enquiry,Resolved,09:18
SUPPORT,SUP003242,SUP003242,2025-09-27 14:52:41,Ann Williams,ann.williams@hotmail.co.uk,+44 7209526763,Email,Refund request,Resolved,11:31
SUPPORT,SUP003243,SUP003243,2025-09-27 16:30:54,Jeffrey Kennedy,jeffrey.kennedy@gmail.com,+44 7803218386,Email,Enquiry,Resolved,02:12
SUPPORT,SUP003244,SUP003244,2025-09-27 18:59:22,Laura Hall,laura.hall@aol.com,+44 7276881288,Phone,Refund request,Resolved,40:37
SUPPORT,SUP003245,SUP003245,2025-09-27 21:18:54,Lawrence Nash,lawrence.nash@gmail.com,+44 7875054262,Email,Refund request,Resolved,02:13
SUPPORT,SUP003246,SUP003246,2025-09-27 23:49:11,Keith iKrby,keith.kirby@gmail.com,+44 7069972418,Phone,Accessibility,Resolved,19:13
SUPPORT,SUP003247,SUP003247,2025-09-28 01:49:46,Holly Price,holly.price@yahoo.com,+44 7001021577,Email,Refund request,Resolved,08:50
SUPPORT,SUP003248,SUP003248,2025-09-28 02:28:11,Jill Taylor,jill.taylor@hotmail.com,+44 7644244431,Phone,Accessibility,Resolved,11:41
SUPPORT,SUP003249,SUP003249,2025-09-28 11:09:27,Emma Wilson,emma.wilson@gmail.com,+44 7828494141,Email,Refund request,Resolved,09:27
SUPPORT,SUP003250,SUP003250,2025-09-28 11:42:24,Jane King,,+44 7785237016,Phone,Enquiry,Resolved,07:38
SUPPORT,SUP003251,SUP003251,2025-09-28 12:15:39,Bruce Thompson,bruce.thompson@hotmail.com,+44 7291816008,Email,Enquiry,Resolved,21:45
SUPPORT,SUP003252,SUP003252,2025-09-28 14:24:05,Cameron Kent,cameron.kent@yahoo.com,+44 7451085295,Phone,Complaint,Resolved,07:29
SUPPORT,SUP003253,SUP003253,2025-09-28 14:58:32,Abdul Adams,abdul.adams@yahoo.com,+44 7148113200,Phone,Refund request,Resolved,07:25
SUPPORT,SUP003254,SUP003254,2025-09-28 16:39:35,Kayleigh Jones,kayleigh.jones@aol.com,+44 7888460732,Email,Enquiry,Resolved,15:00
SUPPORT,SUP003255,SUP003255,2025-09-28 18:10:10,Suzanne Baker,suzanne.baker@yahoo.com,+44 7380052838,Email,Complaint,Resolved,32:35
SUPPORT,SUP003256,SUP003256,2025-09-28 18:38:05,Russell Watkins,russell.watkins@yahoo.com,+44 7926756523,Email,Refund request,Resolved,19:31
SUPPORT,SUP003257,SUP003257,2025-09-28 19:29:37,Chelsea Frost,chelsea.frost@gmail.com,+44 7858620101,Phone,Enquiry,Resolved,50:53
SUPPORT,SUP003258,SUP003258,2025-09-28 20:38:29,Harriet Scott,harriet.scott@gmail.com,+44 7656628849,Email,Accessibility,Resolved,14:42
SUPPORT,SUP003259,SUP003259,2025-09-28 22:36:33,Jill Baker,jill.baker@gmail.com,+44 7830497524,Email,Enquiry,Resolved,04:10
SUPPORT,SUP003260,SUP003260,2025-09-28 23:26:20,Allan Williams,allan.williams@gmail.com,+44 7665853706,Email,Complaint,Resolved,41:15
SUPPORT,SUP003261,SUP003261,2025-09-29 00:51:22,Christopher Mason,christopher.mason@hotmail.com,,Email,Refund request,Resolved,12:14
SUPPORT,SUP003262,SUP003262,2025-09-29 02:04:41,Roy Taylor,roy.taylo@yahoo.com,+44 7062763277,Email,Refund request,Resolved,56:08
SUPPORT,SUP003263,SUP003263,2025-09-29 04:40:51,Marilyn Richardson,marilyn.richardson@yahoo.com,,Email,Enquiry,Resolved,02:53
SUPPORT,SUP003264,SUP003264,2025-09-29 05:37:01,Francesca Simpson,francesca.simpson@gmail.com,+44 7093109330,Email,Refund request,Resolved,37:23
SUPPORT,SUP003265,SUP003265,2025-09-29 06:13:41,Rosie Chadwick,rosie.chadwick@hotmail.com,+44 7135652717,Email,Refund request,Resolved,08:58
SUPPORT,SUP003266,SUP003266,2025-09-29 06:26:49,Nicholas Shah,nicholas.shah@yahoo.com,+44 7314527389,Phone,Refund request,Resolved,30:06
SUPPORT,SUP003267,SUP003267,2025-09-29 08:03:17,Robert Martin,robert.martin@yahoo.com,+44 7592336246,Email,Refund request,Resolved,20:19
SUPPORT,SUP003268,SUP003268,2025-09-29 09:55:47,Laura Wright,laura.wright@hotmail.com,+44 7338309195,Email,Refund request,Resolved,17:22
SUPPORT,SUP003269,SUP003269,2025-09-29 09:59:18,Charles Howells,charles.howells@gmail.com,+44 7678390058,Email,Complaint,Resolved,58:05
SUPPORT,SUP003270,SUP003270,2025-09-29 10:15:00,Charlie Perry,chrlie.perry@gmail.com,+44 7515142632,Email,Enquiry,Resolved,07:56
SUPPORT,SUP003271,SUP003271,2025-09-29 10:17:11,Clare Davies,clare.davies@hotmail.com,+44 7147919324,Email,Refund request,Resolved,05:55
SUPPORT,SUP003272,SUP003272,2025-09-29 13:23:18,Bethany Warner,bethany.warner@orange.fr,,Email,Refund request,Open,
SUPPORT,SUP003273,SUP003273,2025-09-29 14:33:05,Katy Atkinson,katy.atkinson@yahoo.com,,Email,Refund request,Resolved,19:15
SUPPORT,SUP003274,SUP003274,2025-09-29 15:17:05,Marc Finch,marc.finch@yahoo.fr,,Email,Complaint,Resolved,48:46
SUPPORT,SUP003275,SUP003275,2025-09-29 18:35:34,Garry King,garry.king@gmail.com,+44 7967305668,Email,Enquiry,Resolved,05:54
SUPPORT,SUP003276,SUP003276,2025-09-29 20:10:11,Diana James,diana.james@yahoo.com,,Email,Refund request,Resolved,12:27
SUPPORT,SUP003277,SUP003277,2025-09-29 21:14:58,Arthur Morgan,arthur.morgan@gmail.com,+44 7520670058,Email,Refund request,Open,
SUPPORT,SUP003278,SUP003278,2025-09-29 21:56:50,Stewart Green,steart.green@gmail.com,+44 7441778274,Email,Accessibility,Resolved,10:22
SUPPORT,SUP003279,SUP003279,2025-09-29 22:50:23,Mohammed Carter,mohammed.carter@gmail.com,+44 7983864657,Phone,Enquiry,Resolved,06:51
SUPPORT,SUP003280,SUP003280,2025-09-30 00:29:44,Danielle O'Sullivan,danielle.osullivan@hotmail.com,+44 7666246631,Phone,Accessibility,Resolved,23:49
SUPPORT,SUP003281,SUP003281,2025-09-30 00:37:44,Jay Morgan,jay.morgan@gmail.com,,Email,Refund request,Resolved,06:39
SUPPORT,SUP003282,SUP003282,2025-09-30 01:01:34,Sharon Ryan,sharon.ryan@hotmail.com,,Email,Refund request,Resolved,44:32
SUPPORT,SUP003283,SUP003283,2025-09-30 01:27:57,Pauline Smith,pauline.smith@wanadoo.fr,+44 7561394922,Phone,Enquiry,Resolved,09:04
SUPPORT,SUP003284,SUP003284,2025-09-30 02:57:24,Marcus Miller,marcus.miller@gmail.com,+44 7618940206,Email,Enquiry,Resolved,10:30
SUPPORT,SUP003285,SUP003285,2025-09-30 06:22:51,Anne Williams,anne.williams@msn.com,+44 7881250923,Phone,Complaint,Resolved,02:58
SUPPORT,SUP003286,SUP003286,2025-09-30 08:08:36,Hannah Ryan,hannah.ryan@hotmail.com,+44 7615292730,Email,Refund request,Resolved,16:06
SUPPORT,SUP003287,SUP003287,2025-09-30 09:25:05,Yvonne Jackson,yvonne.jackson@gmail.com,+44 7405715388,Phone,Accessibility,Resolved,04:16
SUPPORT,SUP003288,SUP003288,2025-09-30 09:51:09,Gillian Andrews,gillian.andrews@hotmail.co.uk,+44 7391848697,Email,Accessibility,Resolved,13:13
SUPPORT,SUP003289,SUP003289,2025-09-30 10:54:18,Rosemary Young,rosemary.young@gmail.com,+44 7938771375,Email,Enquiry,Resolved,06:59
SUPPORT,SUP003290,SUP003290,2025-09-30 12:44:46,Rhys Dunn,rhys.dunn@gmail.com,+44 7623438166,Phone,Accessibility,Resolved,00:25
SUPPORT,SUP003291,SUP003291,2025-09-30 15:49:52,Harriet Scott,harriet.scott@gmail.com,,Email,Accessibility,Resolved,06:08
SUPPORT,SUP003292,SUP003292,2025-09-30 16:09:56,Declan Allen,declan.allen@hotmail.com,,Email,Enquiry,Resolved,05:38
SUPPORT,SUP003293,SUP003293,2025-09-30 16:29:59,Ricky Begum,ricky.begum@hotmail.com,,Email,Refund request,Resolved,36:33
SUPPORT,SUP003294,SUP003294,2025-09-30 18:02:15,Alex Cole,alex.cole@yahoo.com,+44 7939249533,Phone,Refund request,Resolved,07:11
SUPPORT,SUP003295,SUP003295,2025-09-30 21:04:07,Danny Storey,danny.storey@hotmail.com,+44 7612228583,Email,Refund request,Open,
SUPPORT,SUP003296,SUP003296,2025-09-30 21:45:09,Marian Heath,marian.heath@gmail.com,+44 7397860587,Phone,Enquiry,Resolved,05:00
SUPPORT,SUP003297,SUP003297,2025-10-01 00:11:36,Kerry Wilson,,+44 7280158015,Phone,Complaint,Resolved,57:30
SUPPORT,SUP003298,SUP003298,2025-10-01 00:20:53,Amelia Hamilton,amelia.hamilton@aol.com,+44 7793302034,Email,Refund request,Resolved,21:56
SUPPORT,SUP003299,SUP003299,2025-10-01 04:36:47,Kevin Daly,,+44 7250653192,Phone,Enquiry,Resolved,03:44
SUPPORT,SUP003300,SUP003300,2025-10-01 05:49:14,Kenneth Reed,kenneth.reed@yahoo.com,,Email,Refund request,Open,
SUPPORT,SUP003301,SUP003301,2025-10-01 06:42:03,Bethan Rose,bethan.rose@hotmail.com,+44 7373955510,Phone,Enquiry,Resolved,04:23
SUPPORT,SUP003302,SUP003302,2025-10-01 12:10:33,Geoffrey Turnbull,geoffrey.turnbull@aol.com,+44 7032954820,Email,Refund request,Resolved,26:47
SUPPORT,SUP003303,SUP003303,2025-10-01 15:39:25,Bruce Roberts,bruce.roberts@hotmail.fr,+44 7173848698,Phone,Complaint,Resolved,06:51
SUPPORT,SUP003304,SUP003304,2025-10-01 17:08:18,Karl Webb,karl.webb@yahoo.fr,,Email,Enquiry,Open,
SUPPORT,SUP003305,SUP003305,2025-10-01 20:53:47,Rachael Gough,rachael.gough@hotmail.com,,Email,Complaint,Resolved,14:51
SUPPORT,SUP003306,SUP003306,2025-10-01 22:22:55,Liam Parker,liam.parker@hotmail.com,+44 7518603962,Email,Refund request,Resolved,20:23
SUPPORT,SUP003307,SUP003307,2025-10-01 23:55:25,Mary Wallace,mary.wallace@aol.com,+44 7745520106,Phone,Enquiry,Resolved,01:35
SUPPORT,SUP003308,SUP003308,2025-10-02 00:42:40,Mitchell Smith,mitchell.smith@hotmail.com,+44 7563148439,Email,Enquiry,Resolved,04:26
SUPPORT,SUP003309,SUP003309,2025-10-02 00:57:27,Alex Evans,alex.evans@yahoo.com,,Email,Accessibility,Resolved,08:17
SUPPORT,SUP003310,SUP003310,2025-10-02 01:21:17,Fiona Parker,fiona.parker@aol.com,+44 7361616667,Email,Enquiry,Resolved,00:39
SUPPORT,SUP003311,SUP003311,2025-10-02 01:28:43,Jane Elliott,jane.elliott@hotmail.com,+44 7585901799,Email,Refund request,Resolved,05:52
SUPPORT,SUP003312,SUP003312,2025-10-02 01:30:37,Josh Talbot,josh.talbot@yahoo.com,+44 7506329931,Email,Refund request,Open,
SUPPORT,SUP003313,SUP003313,2025-10-02 03:31:38,Hannah Thompson,hannah.thompson@yahoo.com,+44 7956578062,Phone,Accessibility,Resolved,17:07
SUPPORT,SUP003314,SUP003314,2025-10-02 06:38:17,Mitchell Jones,mitchell.jones@yahoo.com,,Email,Accessibility,Resolved,20:05
SUPPORT,SUP003315,SUP003315,2025-10-02 09:40:53,Deborah Akhtar,deborah.akhtar@gmail.com,+44 7355541662,Phone,Enquiry,Resolved,01:36
SUPPORT,SUP003316,SUP003316,2025-10-02 11:49:50,Wendy Green,,+44 7137585550,Phone,Complaint,Resolved,16:07
SUPPORT,SUP003317,SUP003317,2025-10-02 14:54:32,Vanessa Fox,vanessa.fox@aol.com,+44 7632640970,Email,Accessibility,Resolved,13:34
SUPPORT,SUP003318,SUP003318,2025-10-02 16:07:09,Dylan Heath,dylan.heath@gmail.com,+44 7453276949,Email,Refund request,Resolved,14:53
SUPPORT,SUP003319,SUP003319,2025-10-02 16:12:00,Mary Young,mary.young@gmail.com,+44 7629502766,Email,Enquiry,Resolved,04:08
SUPPORT,SUP003320,SUP003320,2025-10-02 16:49:37,Shannon Howard,shannon.howard@gmail.com,+44 7161499839,Phone,Enquiry,Resolved,09:00
SUPPORT,SUP003321,SUP003321,2025-10-02 23:12:06,Suzanne Baker,suzanne.baker@yahoo.com,+44 7380052838,Email,Refund request,Resolved,10:56
SUPPORT,SUP003322,SUP003322,2025-10-02 23:18:40,Vincent Parker,vincent.praker@yahoo.com,+44 7348896345,Phone,Enquiry,Resolved,03:51
SUPPORT,SUP003323,SUP003323,2025-10-03 00:18:58,Craig Fuller,craig.fuller@hotmail.com,+44 7351628563,Email,Complaint,Resolved,20:45
SUPPORT,SUP003324,SUP003324,2025-10-03 00:58:08,Toby Roberts,toby.roberts@gmail.com,+44 7483984656,Email,Enquiry,Open,
SUPPORT,SUP003325,SUP003325,2025-10-03 01:23:36,David Oliver,,+44 7741575578,Phone,Enquiry,Resolved,50:26
SUPPORT,SUP003326,SUP003326,2025-10-03 02:41:05,Mary Allen,amry.allen@aol.com,+44 7313724398,Email,Refund request,Resolved,11:29
SUPPORT,SUP003327,SUP003327,2025-10-03 03:06:36,Nicola Smith,nicola.smith@hotmail.com,+44 7362375344,Email,Refund request,Resolved,06:06
SUPPORT,SUP003328,SUP003328,2025-10-03 03:26:40,Lynne Adams,lynne.adams@gmail.com,,Email,Enquiry,Resolved,02:43
SUPPORT,SUP003329,SUP003329,2025-10-03 03:38:33,Daniel Spencer,daniel.spencer@yahoo.com,+44 7731893616,Email,Refund request,Open,
SUPPORT,SUP003330,SUP003330,2025-10-03 04:22:25,Dale Harpre,dale.harper@yahoo.com,+44 7584248293,Email,Refund request,Resolved,31:19
SUPPORT,SUP003331,SUP003331,2025-10-03 07:42:14,John Gardner,john.gardner@gmail.com,,Email,Complaint,Resolved,04:55
SUPPORT,SUP003332,SUP003332,2025-10-03 09:59:59,Molly Chan,molly.chan@gmail.com,+44 7200771133,Email,Refund request,Resolved,26:08
SUPPORT,SUP003333,SUP003333,2025-10-04 01:52:30,Elaine Holloway,elaine.holloway@gmail.com,,Email,Refund request,Resolved,14:40
SUPPORT,SUP003334,SUP003334,2025-10-04 05:01:12,DerekM orris,derek.morris@hotmail.com,+44 7783578024,Email,Complaint,Resolved,13:23
SUPPORT,SUP003335,SUP003335,2025-10-04 05:13:14,Ryan Cartwright,ryan.cartwright@hotmail.co.uk,+44 7511488720,Phone,Accessibility,Resolved,05:41
SUPPORT,SUP003336,SUP003336,2025-10-04 06:20:18,Jamie Wilkins,,+44 7573748953,Phone,Complaint,Resolved,20:58
SUPPORT,SUP003337,SUP003337,2025-10-04 09:57:06,Frank Marsh,frank.marsh@yahoo.com,+44 7931169422,Email,Enquiry,Resolved,04:36
SUPPORT,SUP003338,SUP003338,2025-10-04 11:28:05,Timothy Wilson,,+44 7749297871,Phone,Enquiry,Resolved,10:34
SUPPORT,SUP003339,SUP003339,2025-10-04 12:54:51,Melssa Day,melisa.day@msn.com,+44 7838671888,Email,Refund request,Resolved,05:02
SUPPORT,SUP003340,SUP003340,2025-10-04 14:29:23,Robin Roberts,robin.roberts@gmail.com,+44 7693378107,Email,Complaint,Open,
SUPPORT,SUP003341,SUP003341,2025-10-04 14:56:39,Trevor Donnelly,trevor.donnelly@yahoo.com,+44 7411987590,Email,Accessibility,Resolved,20:52
SUPPORT,SUP003342,SUP003342,2025-10-04 15:39:58,Georgina Wells,georgina.wells@yahoo.com,,Email,Enquiry,Resolved,03:07
SUPPORT,SUP003343,SUP003343,2025-10-04 20:35:20,Andrea Perry,andrea.perry@gmail.com,+44 7241266877,Email,Accessibility,Resolved,05:35
SUPPORT,SUP003344,SUP003344,2025-10-04 21:08:41,Danny Greenwood,danny.greenwood@gmail.com,+44 7225672350,Email,Refund request,Resolved,01:51
SUPPORT,SUP003345,SUP003345,2025-10-05 03:20:48,Marilyn James,,+44 7017756270,Phone,Refund request,Resolved,10:29
SUPPORT,SUP003346,SUP003346,2025-10-05 03:28:28,Guy Jones,guy.jones@gmail.com,+44 7106255148,Email,Accessibility,Open,
SUPPORT,SUP003347,SUP003347,2025-10-05 04:38:22,Andrew Miles,andrew.miles@yahoo.com,+44 7357194142,Phone,Accessibility,Resolved,09:42
SUPPORT,SUP003348,SUP003348,2025-10-05 05:53:02,Hannah Page,,+44 7543207000,Phone,Enquiry,Resolved,06:50
SUPPORT,SUP003349,SUP003349,2025-10-05 05:55:17,Karen Kelly,karen.kelly@hotmail.com,+44 7832102559,Email,Refund request,Resolved,06:27
SUPPORT,SUP003350,SUP003350,2025-10-05 08:08:32,Dennis Simpson,dennissimpson@gmail.com,,Email,Accessibility,Resolved,01:54
SUPPORT,SUP003351,SUP003351,2025-10-05 09:39:27,Guy Daly,guy.daly@hotmail.com,+44 7376686916,Email,Accessibility,Resolved,06:09
SUPPORT,SUP003352,SUP003352,2025-10-05 11:11:27,Lawrence Wheeler,lawrence.wheeler@gmail.com,,Email,Refund request,Resolved,13:12
SUPPORT,SUP003353,SUP003353,2025-10-05 14:13:50,Graeme Jones,graeme.jones@hotmail.com,+44 7359660546,Email,Refund request,Resolved,04:44
SUPPORT,SUP003354,SUP003354,2025-10-05 16:30:29,Gillian Anderson,gillian.anderson@hotmail.com,+44 7949153162,Email,Enquiry,Resolved,01:20
SUPPORT,SUP003355,SUP003355,2025-10-05 17:26:41,Frances Wilkinson,frances.wilkinson@gmail.com,+44 7851291910,Phone,Accessibility,Open,
SUPPORT,SUP003356,SUP003356,2025-10-05 18:32:39,Callum Connor,callum.connor@hotmail.com,+44 7665063453,Email,Accessibility,Resolved,20:07
SUPPORT,SUP003357,SUP003357,2025-10-05 22:05:36,Danielle O'Sullivan,danielle.osullivan@hotmail.com,+44 7666246631,Email,Refund request,Resolved,07:59
SUPPORT,SUP003358,SUP003358,2025-10-05 23:45:26,Hilary West,hilary.west@yahoo.com,+44 7326540461,Email,Refund request,Resolved,22:54
SUPPORT,SUP003359,SUP003359,2025-10-06 00:14:56,Ashley Morris,ashley.morris@gmail.com,,Email,Complaint,Resolved,23:02
SUPPORT,SUP003360,SUP003360,2025-10-06 00:23:05,Gavin Smith,gavin.smith@gmail.com,+44 7923369186,Phone,Complaint,Open,
SUPPORT,SUP003361,SUP003361,2025-10-06 01:24:19,Jordan Osborne,jordan.osborne@hotmail.com,,Email,Accessibility,Resolved,10:21
SUPPORT,SUP003362,SUP003362,2025-10-06 02:30:43,Rosemary Young,rosemary.young@gmail.com,+44 7938771375,Email,Accessibility,Resolved,09:40
SUPPORT,SUP003363,SUP003363,2025-10-06 03:09:55,Arthur Lee,arthur.lee@wanadoo.fr,+44 7778615235,Email,Accessibility,Resolved,10:29
SUPPORT,SUP003364,SUP003364,2025-10-06 04:30:34,Tery Sinclair,terry.sinclair@hotmail.com,+44 7430541859,Phone,Refund request,Resolved,08:07
SUPPORT,SUP003365,SUP003365,2025-10-06 04:54:50,Dawn Lynch,dawn.lynch@yahoo.com,+44 7833307013,Phone,Complaint,Resolved,44:38
SUPPORT,SUP003366,SUP003366,2025-10-06 06:33:46,Denise Greenwood,denise.greenwood@gmail.com,,Email,Refund request,Resolved,22:40
SUPPORT,SUP003367,SUP003367,2025-10-06 07:20:54,Gavin Reid,gavin.reid@yahoo.com,+44 7219483128,Email,Complaint,Resolved,24:06
SUPPORT,SUP003368,SUP003368,2025-10-06 11:56:52,Marian Edwards,marian.edwards@gmail.com,+44 7478587951,Phone,Enquiry,Resolved,10:13
SUPPORT,SUP003369,SUP003369,2025-10-06 13:24:38,Julia Dunn,julia.dunn@gmail.com,+44 7361583346,Phone,Refund request,Resolved,16:24
SUPPORT,SUP003370,SUP003370,2025-10-06 15:06:00,Lewis Smith,lewis.smith@aol.com,+44 7203785297,Phone,Accessibility,Resolved,20:01
SUPPORT,SUP003371,SUP003371,2025-10-06 16:39:28,Garry Murphy,garry.murphy@hotmail.com,,Email,Accessibility,Resolved,07:46
SUPPORT,SUP003372,SUP003372,2025-10-06 17:56:03,Shaun Thornton,shaun.thornton@hotmail.co.uk,,Email,Refund request,Resolved,64:54
SUPPORT,SUP003373,SUP003373,2025-10-06 21:07:02,Glen Jones,,+44 7188181218,Phone,Accessibility,Resolved,11:51
SUPPORT,SUP003374,SUP003374,2025-10-06 23:56:09,Georgina French,georgina.french@yahoo.com,,Email,Enquiry,Resolved,12:21
SUPPORT,SUP003375,SUP003375,2025-10-07 00:03:26,Alice Hall,alice.hal@gmail.com,+44 7130012099,Email,Accessibility,Resolved,19:35
SUPPORT,SUP003376,SUP003376,2025-10-07 01:42:28,Ross Gardiner,ross.gardiner@hotmail.com,,Email,Accessibility,Resolved,09:56
SUPPORT,SUP003377,SUP003377,2025-10-07 02:01:15,Abigail Smith,abigail.smith@gmail.com,,Email,Complaint,Resolved,05:15
SUPPORT,SUP003378,SUP003378,2025-10-07 02:29:34,Gerald Russell,gerald.rssell@yahoo.com,+44 7053264851,Email,Complaint,Resolved,07:32
SUPPORT,SUP003379,SUP003379,2025-10-07 05:30:24,Laura Parsons,laura.parsons@gmail.com,+44 7468130350,Phone,Enquiry,Resolved,02:09
SUPPORT,SUP003380,SUP003380,2025-10-07 06:03:49,Laura Parsons,laura.parsons@gmail.com,+44 7468130350,Email,Refund request,Resolved,16:45
SUPPORT,SUP003381,SUP003381,2025-10-07 07:06:16,Reece Clarke,,+44 7428781088,Phone,Enquiry,Resolved,09:27
SUPPORT,SUP003382,SUP003382,2025-10-07 08:12:04,Lawrence Booth,lawrence.booth@aol.com,+44 7132171860,Email,Accessibility,Resolved,09:56
SUPPORT,SUP003383,SUP003383,2025-10-07 08:19:39,Ricky O'Sullivan,ricky.osullivan@gmail.com,+44 7320548057,Phone,Complaint,Resolved,29:08
SUPPORT,SUP003384,SUP003384,2025-10-07 09:56:33,Jonathan Lyons,jonathan.lyons@aol.com,,Email,Refund request,Resolved,64:32
SUPPORT,SUP003385,SUP003385,2025-10-07 12:00:39,Gary Pollard,gary.pollard@gmail.com,+44 7234793226,Phone,Refund request,Open,
SUPPORT,SUP003386,SUP003386,2025-10-07 13:32:14,Kerry Gough,kerry.gouh@yahoo.com,+44 7072476077,Phone,Refund request,Open,
SUPPORT,SUP003387,SUP003387,2025-10-07 14:02:24,June Cook,june.cook@aol.com,+44 7925691437,Email,Refund request,Resolved,03:18
SUPPORT,SUP003388,SUP003388,2025-10-07 14:12:25,Lucy Dawson,lucy.dawson@yahoo.com,+44 7812564410,Phone,Refund request,Resolved,02:31
SUPPORT,SUP003389,SUP003389,2025-10-07 15:12:45,Clare Brooks,clare.brooks@aol.com,,Email,Enquiry,Open,
SUPPORT,SUP003390,SUP003390,2025-10-07 16:31:05,Jeffrey Hewitt,,+44 7993702210,Phone,Complaint,Resolved,23:58
SUPPORT,SUP003391,SUP003391,2025-10-07 17:28:48,Rachael Bird,rachael.bird@yahoo.com,+44 7382490982,Email,Complaint,Resolved,38:11
SUPPORT,SUP003392,SUP003392,2025-10-07 17:51:12,Melanie Lewis,melanie.lewis@hotmail.fr,+44 7411676944,Email,Accessibility,Resolved,19:52
SUPPORT,SUP003393,SUP003393,2025-10-07 18:09:30,Danny Storey,,+44 7612228583,Phone,Enquiry,Resolved,12:10
SUPPORT,SUP003394,SUP003394,2025-10-07 23:01:17,Vanessa Bevan,vanessa.bevan@hotmail.com,+44 7242246248,Email,Enquiry,Resolved,13:18
SUPPORT,SUP003395,SUP003395,2025-10-07 23:48:55,Katherine Reeves,katherine.reeves@hotmail.com,+44 7451216293,Phone,Accessibility,Resolved,06:36
SUPPORT,SUP003396,SUP003396,2025-10-07 23:51:59,Kathryn Frost,kathryn.frost@hotmail.fr,+44 7054797382,Email,Accessibility,Resolved,19:12
SUPPORT,SUP003397,SUP003397,2025-10-08 04:24:50,Charlene Jones,charlene.jones@gmail.com,+44 7751487491,Phone,Complaint,Resolved,31:32
SUPPORT,SUP003398,SUP003398,2025-10-08 07:22:02,Iain Wall,iain.wall@yahoo.com,,Email,Refund request,Open,
SUPPORT,SUP003399,SUP003399,2025-10-08 08:41:17,Eleanor Jones,eleano.rjones@hotmail.co.uk,+44 7526073100,Email,Accessibility,Resolved,19:12
SUPPORT,SUP003400,SUP003400,2025-10-08 12:40:08,Samuel McLean,samuel.mclean@yahoo.com,+44 7799751877,Email,Accessibility,Resolved,04:22
SUPPORT,SUP003401,SUP003401,2025-10-08 13:22:22,Amelia Gardner,amelia.gardner@msn.com,,Email,Enquiry,Resolved,04:52
SUPPORT,SUP003402,SUP003402,2025-10-08 15:21:31,Lee Wilson,lee.wilson@yahoo.com,+44 7557206943,Phone,Enquiry,Resolved,05:19
SUPPORT,SUP003403,SUP003403,2025-10-08 20:49:14,Alan Booth,alan.booth@hotmail.com,,Email,Refund request,Resolved,09:30
SUPPORT,SUP003404,SUP003404,2025-10-09 01:39:51,Janet Walton,janet.walton@gmail.com,+44 7771194038,Phone,Complaint,Resolved,33:37
SUPPORT,SUP003405,SUP003405,2025-10-09 02:16:28,Diane Jones,diane.jones@yahoo.com,+44 7213581951,Email,Enquiry,Resolved,02:15
SUPPORT,SUP003406,SUP003406,2025-10-09 03:45:49,Lucy Clark,lucy.clark@hotmail.com,+44 7659702119,Phone,Complaint,Resolved,14:05
SUPPORT,SUP003407,SUP003407,2025-10-09 05:12:30,Robin Sanderson,robin.sanderson@hotmail.com,,Email,Enquiry,Resolved,01:13
SUPPORT,SUP003408,SUP003408,2025-10-09 05:30:30,Claire Fox,claire.fox@hotmail.com,+44 7578922525,Email,Accessibility,Resolved,15:03
SUPPORT,SUP003409,SUP003409,2025-10-09 05:40:32,Dominic Fuller,,+44 7132195825,Phone,Refund request,Resolved,23:45
SUPPORT,SUP003410,SUP003410,2025-10-09 06:03:49,Sophie Mitchell,,+44 7126905540,Phone,Enquiry,Resolved,08:53
SUPPORT,SUP003411,SUP003411,2025-10-09 07:23:30,Bradley Baxter,bradley.baxter@hotmail.com,+44 7926392715,Email,Refund request,Resolved,06:16
SUPPORT,SUP003412,SUP003412,2025-10-09 10:15:20,Ryan Duncan,ryan.duncan@hotmail.com,+44 7070144066,Phone,Accessibility,Resolved,03:51
SUPPORT,SUP003413,SUP003413,2025-10-09 13:00:15,Bethany Morris,bethany.morris@hotmail.com,+44 7827714791,Email,Complaint,Resolved,52:14
SUPPORT,SUP003414,SUP003414,2025-10-09 17:20:07,Valerie Wood,valerie.wood@hotmail.fr,+44 7796172418,Phone,Enquiry,Open,
SUPPORT,SUP003415,SUP003415,2025-10-09 18:25:02,Carl Sullivan,carl.sullivan@gmail.com,,Email,Refund request,Open,
SUPPORT,SUP003416,SUP003416,2025-10-09 19:55:01,Naomi Hall,naomi.hall@gmail.com,+44 7509176575,Phone,Enquiry,Resolved,03:59
SUPPORT,SUP003417,SUP003417,2025-10-09 20:16:17,Victoria Smith,,+44 7129757189,Phone,Refund request,Resolved,26:17
SUPPORT,SUP003418,SUP003418,2025-10-09 21:07:22,Bradley Wood,bradley.wood@gmail.com,+44 7684366630,Email,Complaint,Resolved,38:42
SUPPORT,SUP003419,SUP003419,2025-10-09 21:36:08,Linda Ward,linda.ward@yahoo.com,+44 7301626344,Email,Enquiry,Resolved,09:48
SUPPORT,SUP003420,SUP003420,2025-10-10 02:59:26,Shirley Fox,shirley.fox@hotmail.com,,Email,Refund request,Resolved,13:29
SUPPORT,SUP003421,SUP003421,2025-10-10 06:52:48,Mary Allen,mary.alln@aol.com,,Email,Enquiry,Open,
SUPPORT,SUP003422,SUP003422,2025-10-10 07:11:46,Terry Sinclair,terry.sinclair@hotmail.com,+44 7430541859,Phone,Accessibility,Resolved,15:24
SUPPORT,SUP003423,SUP003423,2025-10-10 11:00:24,Jordan Roberts,jordan.roberts2@gmail.com,+44 7039113478,Email,Complaint,Resolved,14:31
SUPPORT,SUP003424,SUP003424,2025-10-10 15:13:20,Russell Coates,russell.coates@yahoo.com,,Email,Enquiry,Resolved,02:40
SUPPORT,SUP003425,SUP003425,2025-10-10 19:12:02,Damien Taylor,damien.taylor@yahoo.com,,Email,Accessibility,Open,
SUPPORT,SUP003426,SUP003426,2025-10-10 22:15:23,Catherine Clarke,catherine.clarke@aol.com,,Email,Refund request,Resolved,09:38
SUPPORT,SUP003427,SUP003427,2025-10-10 22:39:42,Danny Taylor,,+44 7716452695,Phone,Refund request,Resolved,15:02
SUPPORT,SUP003428,SUP003428,2025-10-11 00:26:28,Connor Foster,connor.foster@gmail.com,+44 7304409366,Phone,Enquiry,Resolved,06:00
SUPPORT,SUP003429,SUP003429,2025-10-11 02:17:16,Jill Sims,,+44 7971839545,Phone,Accessibility,Resolved,01:43
SUPPORT,SUP003430,SUP003430,2025-10-11 02:53:50,Joyce Wade,joyce.wade@yahoo.com,+44 7830253849,Phone,Refund request,Resolved,09:05
SUPPORT,SUP003431,SUP003431,2025-10-11 03:24:58,Joe Bailey,joe.bailey@yahoo.com,+44 7954509730,Email,Accessibility,Resolved,15:16
SUPPORT,SUP003432,SUP003432,2025-10-11 03:34:17,Melissa Spencer,melissa.spencer@hotmail.com,+44 7333467477,Email,Refund request,Resolved,08:10
SUPPORT,SUP003433,SUP003433,2025-10-11 05:06:52,Simon Clark,simon.clark@aol.com,+44 7779636922,Phone,Refund request,Resolved,17:46
SUPPORT,SUP003434,SUP003434,2025-10-11 07:56:03,Paul Chapman,paul.chapman@orange.fr,+44 7632765667,Email,Refund request,Resolved,03:40
SUPPORT,SUP003435,SUP003435,2025-10-11 08:10:57,Denise Jordan,denise.jordan@hotmail.com,+44 7536273984,Email,Refund request,Resolved,28:21
SUPPORT,SUP003436,SUP003436,2025-10-11 09:22:16,Clare Walton,clare.walton@gmail.com,+44 7861779330,Email,Enquiry,Resolved,05:44
SUPPORT,SUP003437,SUP003437,2025-10-11 11:01:44,Glen Morgan,glen.morgan@gmail.com,+44 7296379729,Email,Enquiry,Resolved,02:24
SUPPORT,SUP003438,SUP003438,2025-10-11 11:49:10,Deborah Wilson,deborah.wilson@gmail.com,,Email,Refund request,Resolved,16:02
SUPPORT,SUP003439,SUP003439,2025-10-11 17:05:42,Mohammad Thornton,mohammad.thornton@yahoo.com,+44 7419265858,Email,Refund request,Resolved,11:10
SUPPORT,SUP003440,SUP003440,2025-10-11 17:44:49,Oliver Buckley,oliver.buckley@yahoo.com,+44 7413937053,Email,Complaint,Resolved,51:20
SUPPORT,SUP003441,SUP003441,2025-10-11 18:22:21,Ashleigh Jones,,+44 7759187073,Phone,Refund request,Resolved,22:44
SUPPORT,SUP003442,SUP003442,2025-10-11 19:31:28,Victoria Jenkins,victoira.jenkins@hotmail.com,+44 7057665535,Email,Refund request,Resolved,04:10
SUPPORT,SUP003443,SUP003443,2025-10-11 20:42:00,Malcolm Hunt,malcolm.hunt@hotmail.com,+44 7255777918,Email,Complaint,Resolved,31:23
SUPPORT,SUP003444,SUP003444,2025-10-11 22:50:12,Linda Sims,linda.sims@yahoo.com,,Email,Refund request,Resolved,33:11
SUPPORT,SUP003445,SUP003445,2025-10-11 23:18:14,Caroline Ford,caroline.ford@yahoo.com,,Email,Complaint,Resolved,28:12
SUPPORT,SUP003446,SUP003446,2025-10-12 00:13:11,Clifford Vincent,clifford.vincent@gmail.com,,Email,Refund request,Resolved,21:38
SUPPORT,SUP003447,SUP003447,2025-10-12 00:13:37,Sophie Williamson,,+44 7205278913,Phone,Complaint,Resolved,12:32
SUPPORT,SUP003448,SUP003448,2025-10-12 01:16:12,Stephen Bevan,stephen.bevan@yahoo.com,+44 7396289112,Phone,Refund request,Resolved,08:51
SUPPORT,SUP003449,SUP003449,2025-10-12 01:40:46,Sharon Stewart,sharon.stewart@yahoo.com,+44 7893806833,Email,Enquiry,Resolved,11:02
SUPPORT,SUP003450,SUP003450,2025-10-12 02:44:10,Donald Martin,donald.martin@yahoo.com,+44 7022371858,Phone,Refund request,Resolved,22:52
SUPPORT,SUP003451,SUP003451,2025-10-12 03:11:37,Graeme Newton,graeme.newton@yahoo.com,+44 7736046644,Phone,Refund request,Resolved,06:52
SUPPORT,SUP003452,SUP003452,2025-10-12 03:30:12,Michael White,michael.white2@gmail.com,,Email,Complaint,Resolved,11:11
SUPPORT,SUP003453,SUP003453,2025-10-12 06:11:00,Megan Richardson,megan.richardson@msn.com,+44 7205033114,Email,Enquiry,Open,
SUPPORT,SUP003454,SUP003454,2025-10-12 07:23:15,Maria Barber,maria.barber@yahoo.com,+44 7021434538,Email,Accessibility,Resolved,13:03
SUPPORT,SUP003455,SUP003455,2025-10-12 10:55:20,Gillian Anderson,gillian.anderson@hotmail.com,+44 7949153162,Email,Refund request,Resolved,35:17
SUPPORT,SUP003456,SUP003456,2025-10-12 14:04:43,Dean Hill,dean.hill@gmail.com,,Email,Refund request,Resolved,06:43
SUPPORT,SUP003457,SUP003457,2025-10-12 15:14:35,Maurice Finch,maurice.finch@yahoo.com,+44 7319364165,Email,Refund request,Resolved,33:24
SUPPORT,SUP003458,SUP003458,2025-10-12 15:49:02,Billy Jackson,billy.jackson@gmail.com,+44 7783457195,Email,Accessibility,Open,
SUPPORT,SUP003459,SUP003459,2025-10-12 19:12:18,Craig Hammond,craig.hammond@gmail.com,,Email,Complaint,Resolved,11:13
SUPPORT,SUP003460,SUP003460,2025-10-12 20:35:47,Natasha Brennan,natasha.brennan@gmail.com,+44 7096432054,Email,Refund request,Resolved,49:30
SUPPORT,SUP003461,SUP003461,2025-10-12 21:48:18,Debra Price,debra.price@yahoo.com,+44 7974889838,Email,Refund request,Resolved,12:29
SUPPORT,SUP003462,SUP003462,2025-10-12 22:46:06,Damien Rose,damien.rose@gmail.com,+44 7164866978,Email,Refund request,Open,
SUPPORT,SUP003463,SUP003463,2025-10-12 23:23:27,Gerald Welch,gerald.welch@gmail.com,,Email,Enquiry,Resolved,03:46
SUPPORT,SUP003464,SUP003464,2025-10-13 04:42:57,Amelia Hamilton,amelia.hamilton@aol.com,,Email,Refund request,Resolved,05:12
SUPPORT,SUP003465,SUP003465,2025-10-13 07:05:07,Stephanie Lee,stephanie.lee2@gmail.com,+44 7853688047,Phone,Refund request,Resolved,08:51
SUPPORT,SUP003466,SUP003466,2025-10-13 09:11:26,Alexander Taylor,alexander.taylor@yahoo.com,+44 7702205576,Email,Refund request,Resolved,20:06
SUPPORT,SUP003467,SUP003467,2025-10-13 11:04:08,Jordan Morris,jordan.morris@yahoo.com,+44 7793988708,Email,Accessibility,Resolved,29:14
SUPPORT,SUP003468,SUP003468,2025-10-13 11:36:19,Diana James,diana.james@yahoo.com,+44 7217139979,Email,Complaint,Resolved,50:51
SUPPORT,SUP003469,SUP003469,2025-10-13 12:40:30,Melissa Archer,melissa.acrher@yahoo.com,+44 7408366588,Phone,Complaint,Resolved,40:32
SUPPORT,SUP003470,SUP003470,2025-10-13 13:19:18,Duncan Mills,duncan.mills@hotmail.com,+44 7992249040,Email,Refund request,Resolved,02:14
SUPPORT,SUP003471,SUP003471,2025-10-13 15:19:25,Robin Day,robin.day@gmail.com,,Email,Enquiry,Open,
SUPPORT,SUP003472,SUP003472,2025-10-13 15:35:50,Geoffrey Pearson,geoffrey.pearson@yahoo.com,+44 7427890012,Phone,Complaint,Open,
SUPPORT,SUP003473,SUP003473,2025-10-13 21:00:29,Joseph Cox,joseph.cox@yahoo.com,,Email,Refund request,Resolved,15:16
SUPPORT,SUP003474,SUP003474,2025-10-13 23:51:48,Scott Hussain,scott.hussain@gmail.com,+44 7890172944,Email,Accessibility,Resolved,15:31
SUPPORT,SUP003475,SUP003475,2025-10-14 03:56:57,Jacqueline Wood,jacqueline.wood@hotmail.co.uk,+44 7756919497,Email,Refund request,Resolved,20:56
SUPPORT,SUP003476,SUP003476,2025-10-14 08:02:06,Gemma Brookes,gemma.rbookes@hotmail.com,+44 7835270871,Email,Complaint,Resolved,07:48
SUPPORT,SUP003477,SUP003477,2025-10-14 08:22:42,Samuel Smith,samuel.smith@hotmail.com,+44 7795052615,Email,Enquiry,Resolved,09:59
SUPPORT,SUP003478,SUP003478,2025-10-14 08:47:02,Debra Williams,debra.illiams@yahoo.com,+44 7956758904,Email,Refund request,Resolved,02:42
SUPPORT,SUP003479,SUP003479,2025-10-14 08:55:00,Barry Miller,,+44 7592956630,Phone,Refund request,Resolved,12:18
SUPPORT,SUP003480,SUP003480,2025-10-14 10:05:12,Joel Field,joel.field@yahoo.com,+44 7010730103,Email,Enquiry,Resolved,00:49
SUPPORT,SUP003481,SUP003481,2025-10-14 10:05:36,Jean Alexander,jean.alexander@gmail.com,,Email,Refund request,Resolved,08:19
SUPPORT,SUP003482,SUP003482,2025-10-14 10:17:20,Ben Simpson,,+44 7374184043,Phone,Complaint,Resolved,65:30
SUPPORT,SUP003483,SUP003483,2025-10-14 11:08:08,Antony Murray,antony.murray@hotmail.co.uk,+44 7558855502,Email,Refund request,Resolved,24:16
SUPPORT,SUP003484,SUP003484,2025-10-14 14:59:06,Olivia Middleton,olivia.middleton@aol.com,+44 7889914037,Phone,Accessibility,Open,
SUPPORT,SUP003485,SUP003485,2025-10-14 16:42:28,Carole Payne,carole.payne@hotmail.fr,+44 7501661841,Email,Enquiry,Open,
SUPPORT,SUP003486,SUP003486,2025-10-14 19:01:57,Arthur Page,arthur.page@gmail.com,+44 7744594654,Email,Refund request,Resolved,20:16
SUPPORT,SUP003487,SUP003487,2025-10-14 19:12:57,Lynda Wilson,lynda.wilson@yahoo.com,+44 7594937854,Email,Enquiry,Open,
SUPPORT,SUP003488,SUP003488,2025-10-14 20:00:52,Mohamed Smith,mohamed.smith@hotmail.com,,Email,Refund request,Resolved,05:47
SUPPORT,SUP003489,SUP003489,2025-10-14 20:19:10,Callum White,callum.white@yahoo.com,+44 7237821030,Email,Accessibility,Resolved,03:09
SUPPORT,SUP003490,SUP003490,2025-10-14 22:33:04,Joanna Davies,joanna.davies@yahoo.com,+44 7504469341,Email,Enquiry,Open,
SUPPORT,SUP003491,SUP003491,2025-10-14 23:25:02,Carol Miller,carol.miller@gmail.com,,Email,Complaint,Resolved,25:19
SUPPORT,SUP003492,SUP003492,2025-10-14 23:42:24,Dawn Lynch,dawn.lynch@yahoo.com,+44 7833307013,Phone,Enquiry,Open,
SUPPORT,SUP003493,SUP003493,2025-10-15 00:29:29,Hannah Page,hannah.page@hotmail.com,,Email,Refund request,Resolved,03:48
SUPPORT,SUP003494,SUP003494,2025-10-15 03:51:57,Lorraine Smtih,lorraine.smith2@hotmail.com,+44 7076880408,Phone,Enquiry,Resolved,05:17
SUPPORT,SUP003495,SUP003495,2025-10-15 04:21:54,Charlene Bates,charlene.bates@yahoo.com,,Email,Refund request,Resolved,17:30
SUPPORT,SUP003496,SUP003496,2025-10-15 04:51:22,Carole Glover,carole.glover@gmail.com,+44 7180905740,Email,Complaint,Resolved,28:58
SUPPORT,SUP003497,SUP003497,2025-10-15 06:53:33,Lisa Brookes,lisa.brookes@yahoo.com,,Email,Refund request,Resolved,08:07
SUPPORT,SUP003498,SUP003498,2025-10-15 07:15:11,Bethany Carpenter,bethany.carpenter@hotmail.com,+44 7380149338,Email,Enquiry,Open,
SUPPORT,SUP003499,SUP003499,2025-10-15 08:19:01,Sharon Gregory,sharon.gregory@yahoo.com,+44 7317356790,Phone,Refund request,Open,
SUPPORT,SUP003500,SUP003500,2025-10-15 11:51:58,Liam Cox,,+44 7199278453,Phone,Accessibility,Resolved,13:13
SUPPORT,SUP003501,SUP003501,2025-10-15 12:33:42,Beth Naylor,beth.naylor@hotmail.co.uk,+44 7099659799,Email,Enquiry,Resolved,07:37
SUPPORT,SUP003502,SUP003502,2025-10-15 13:43:06,Emily Jones,emily.jones@gmail.com,+44 7189806890,Email,Enquiry,Open,
SUPPORT,SUP003503,SUP003503,2025-10-15 15:40:04,Rosie Khan,rosie.khan@gmail.com,+44 7827621644,Email,Refund request,Resolved,05:39
SUPPORT,SUP003504,SUP003504,2025-10-15 17:31:13,Suzanne Roberts,suzanne.roberts@gmail.com,+44 7185669653,Phone,Refund request,Open,
SUPPORT,SUP003505,SUP003505,2025-10-15 19:47:12,Samuel Smith,samuel.smith@hotmail.com,+44 7795052615,Email,Complaint,Resolved,01:11
SUPPORT,SUP003506,SUP003506,2025-10-15 20:19:59,Carol Jones,carol.jones@gmail.com,+44 7211259031,Email,Refund request,Resolved,23:01
SUPPORT,SUP003507,SUP003507,2025-10-15 23:46:53,Mary Wallace,mary.wallace@aol.com,,Email,Refund request,Resolved,11:31
SUPPORT,SUP003508,SUP003508,2025-10-16 00:21:23,Deborah Robson,deborah.robson@gmail.com,+44 7004480027,Email,Refund request,Open,
SUPPORT,SUP003509,SUP003509,2025-10-16 00:42:53,Geoffrey Cox,geoffrey.cox@yahoo.com,+44 7306833839,Email,Refund request,Open,
SUPPORT,SUP003510,SUP003510,2025-10-16 00:45:05,Donna Moore,donna.more@yahoo.fr,+44 7421691331,Email,Refund request,Resolved,08:36
SUPPORT,SUP003511,SUP003511,2025-10-16 02:16:56,Janet Spencer,,+44 7681799911,Phone,Accessibility,Resolved,10:31
SUPPORT,SUP003512,SUP003512,2025-10-16 02:32:38,Tina Ryan,tina.ryan@yahoo.com,,Email,Refund request,Resolved,14:42
SUPPORT,SUP003513,SUP003513,2025-10-16 02:58:11,Rhys Dunn,rhys.dunn@gmail.com,+44 7623438166,Email,Refund request,Resolved,33:20
SUPPORT,SUP003514,SUP003514,2025-10-16 03:06:32,Douglas Woods,douglas.woods@gmail.com,,Email,Enquiry,Resolved,02:54
SUPPORT,SUP003515,SUP003515,2025-10-16 05:27:37,Joshua Harris,joshua.harris@yahoo.com,+44 7109925649,Phone,Refund request,Resolved,20:13
SUPPORT,SUP003516,SUP003516,2025-10-16 06:45:44,Carl Barrett,carl.barrett@hotmail.com,+44 7721904180,Email,Refund request,Resolved,13:01
SUPPORT,SUP003517,SUP003517,2025-10-16 10:51:14,Bethan Henderson,bethan.henderson@yahoo.com,+44 7449232401,Phone,Accessibility,Resolved,04:21
SUPPORT,SUP003518,SUP003518,2025-10-16 11:08:00,Zoe Lewis,zoe.lewis@gmail.com,+44 7168462973,Phone,Complaint,Open,
SUPPORT,SUP003519,SUP003519,2025-10-16 11:41:37,Louise Brown,louise.brown@msn.com,+44 7656630931,Phone,Accessibility,Resolved,03:40
SUPPORT,SUP003520,SUP003520,2025-10-16 12:37:33,Bethan Peters,bethan.peters@yahoo.com,,Email,Enquiry,Open,
SUPPORT,SUP003521,SUP003521,2025-10-16 14:28:29,William Simpson,william.simpson@yahoo.com,+44 7423086557,Email,Enquiry,Open,
SUPPORT,SUP003522,SUP003522,2025-10-16 15:15:27,Louise Williams,louise.williams@hotmail.fr,,Email,Enquiry,Resolved,03:53
SUPPORT,SUP003523,SUP003523,2025-10-16 15:25:45,Kerry Walker,kerry.walker@hotmail.com,,Email,Complaint,Resolved,30:48
SUPPORT,SUP003524,SUP003524,2025-10-16 20:56:20,Nicola Robinson,nicola.robinson@yahoo.com,+44 7930764268,Email,Accessibility,Resolved,05:20
SUPPORT,SUP003525,SUP003525,2025-10-16 21:41:05,Jacob Allen,jacob.allne@hotmail.com,+44 7531867066,Phone,Accessibility,Resolved,09:30
SUPPORT,SUP003526,SUP003526,2025-10-16 22:54:44,Denise Knight,denise.knight@yahoo.com,+44 7693889918,Phone,Refund request,Resolved,05:38
SUPPORT,SUP003527,SUP003527,2025-10-17 01:21:06,Tina Richards,tina.richards@hotmail.com,+44 7065611919,Email,Accessibility,Resolved,06:27
SUPPORT,SUP003528,SUP003528,2025-10-17 06:58:31,Jack Webb,jack.webb@yahoo.com,,Email,Refund request,Resolved,31:26
SUPPORT,SUP003529,SUP003529,2025-10-17 07:09:30,Rebecca Moore,rebecca.moore@hotmail.com,+44 7808680090,Email,Complaint,Resolved,19:27
SUPPORT,SUP003530,SUP003530,2025-10-17 07:54:10,Alan Moore,alan.moore@yahoo.com,,Email,Complaint,Resolved,28:55
SUPPORT,SUP003531,SUP003531,2025-10-17 07:55:21,Barbara King,barbara.king@gmail.com,,Email,Accessibility,Resolved,54:58
SUPPORT,SUP003532,SUP003532,2025-10-17 07:56:15,William Greenwood,william.greenwood@yahoo.com,+44 7936118585,Email,Refund request,Resolved,16:16
SUPPORT,SUP003533,SUP003533,2025-10-17 12:18:49,Ann Hunter,ann.hunter@hotmail.com,,Email,Accessibility,Resolved,03:47
SUPPORT,SUP003534,SUP003534,2025-10-17 14:45:43,Suzanne Hill,suzanne.hill@hotmail.com,,Email,Refund request,Resolved,25:54
SUPPORT,SUP003535,SUP003535,2025-10-17 16:04:17,Zoe Lweis,zoe.lewis@gmail.com,+44 7168462973,Email,Accessibility,Resolved,10:13
SUPPORT,SUP003536,SUP003536,2025-10-17 16:22:35,Duncan Ross,duncan.ross@gmail.com,,Email,Refund request,Resolved,35:24
SUPPORT,SUP003537,SUP003537,2025-10-17 17:47:25,David Oliver,david.oliver@hotmail.com,,Email,Enquiry,Resolved,08:47
SUPPORT,SUP003538,SUP003538,2025-10-17 18:51:46,Sam Knowles,sam.knowles@hotmail.com,+44 7275619476,Email,Complaint,Resolved,38:27
SUPPORT,SUP003539,SUP003539,2025-10-17 19:13:49,Ashleigh Slater,ashleigh.slater@yahoo.com,+44 7600549262,Email,Refund request,Resolved,25:38
SUPPORT,SUP003540,SUP003540,2025-10-17 22:26:43,Jeffrey Holmes,jeffrey.holmes@yahoo.com,+44 7928738888,Email,Accessibility,Open,
SUPPORT,SUP003541,SUP003541,2025-10-17 23:26:39,Gail Barker,gail.barker@gmail.com,+44 7034918323,Phone,Refund request,Resolved,05:33
SUPPORT,SUP003542,SUP003542,2025-10-17 23:28:03,Clifford Vincent,clifford.vincent@gmail.com,+44 7891118827,Email,Enquiry,Resolved,09:48
SUPPORT,SUP003543,SUP003543,2025-10-18 01:27:26,Alan Richards,,+44 7237658363,Phone,Refund request,Resolved,02:22
SUPPORT,SUP003544,SUP003544,2025-10-18 01:29:29,Janet Johnson,janet.johnson@hotmail.com,+44 7204904110,Email,Enquiry,Resolved,01:53
SUPPORT,SUP003545,SUP003545,2025-10-18 02:58:26,Tony Chapman,tony.chapman@yahoo.com,+44 7270696761,Phone,Enquiry,Resolved,08:05
SUPPORT,SUP003546,SUP003546,2025-10-18 06:35:44,Caroline French,caroline.french@hotmail.com,+44 7092824023,Email,Enquiry,Resolved,00:40
SUPPORT,SUP003547,SUP003547,2025-10-18 06:37:36,Christopher Watson,christopher.watson@yahoo.com,+44 7580035481,Email,Complaint,Resolved,18:54
SUPPORT,SUP003548,SUP003548,2025-10-18 08:22:23,Linda Chapman,linda.chapman@gmail.com,,Email,Complaint,Resolved,43:12
SUPPORT,SUP003549,SUP003549,2025-10-18 11:00:14,Bradley Smith,bradley.smith@aol.com,+44 7284284427,Email,Enquiry,Resolved,05:12
SUPPORT,SUP003550,SUP003550,2025-10-18 12:42:07,Geraldine Anderson,geraldine.anderson@yahoo.com,+44 7865431855,Email,Refund request,Resolved,40:37
SUPPORT,SUP003551,SUP003551,2025-10-18 15:44:31,Jane Duffy,,+44 7466887454,Phone,Complaint,Resolved,34:23
SUPPORT,SUP003552,SUP003552,2025-10-18 15:55:41,Kenneth Carter,kenneth.carter@orange.fr,,Email,Complaint,Open,
SUPPORT,SUP003553,SUP003553,2025-10-18 16:04:10,Dale Dunn,dale.dunn@gmail.com,+44 7873834104,Email,Enquiry,Resolved,01:21
SUPPORT,SUP003554,SUP003554,2025-10-18 16:41:10,Shane Morley,shane.morley@yahoo.com,+44 7315391083,Email,Refund request,Resolved,05:23
SUPPORT,SUP003555,SUP003555,2025-10-18 17:08:57,Zoe Holden,zoe.holden@yahoo.com,+44 7538738347,Email,Enquiry,Open,
SUPPORT,SUP003556,SUP003556,2025-10-18 22:49:58,Reece Smith,reece.smith2@yahoo.com,+44 7159363913,Email,Refund request,Resolved,26:50
SUPPORT,SUP003557,SUP003557,2025-10-19 01:48:19,Grace Turner,grace.turner2@gmail.com,+44 7634766878,Email,Complaint,Resolved,07:36
SUPPORT,SUP003558,SUP003558,2025-10-19 04:42:41,Teresa Coles,teresa.coles@gmail.com,+44 7904441903,Email,Complaint,Resolved,13:09
SUPPORT,SUP003559,SUP003559,2025-10-19 05:11:31,Richard Turner,richard.turner@aol.com,,Email,Refund request,Resolved,34:49
SUPPORT,SUP003560,SUP003560,2025-10-19 06:01:43,Diana James,,+44 7217139979,Phone,Refund request,Open,
SUPPORT,SUP003561,SUP003561,2025-10-19 07:49:21,Antony Bates,antony.bates@gmail.com,+44 7624754980,Email,Accessibility,Resolved,01:14
SUPPORT,SUP003562,SUP003562,2025-10-19 09:20:54,Stacey Pratt,stacey.pratt@yahoo.com,+44 7316589526,Email,Refund request,Resolved,29:54
SUPPORT,SUP003563,SUP003563,2025-10-19 11:25:00,Howard Joyce,,+44 7904918410,Phone,Refund request,Resolved,12:02
SUPPORT,SUP003564,SUP003564,2025-10-19 11:30:32,Garry Preston,garry.preston@hotmail.com,+44 7258094736,Email,Enquiry,Resolved,10:02
SUPPORT,SUP003565,SUP003565,2025-10-19 13:24:28,Emma Singh,emma.singh@yahoo.com,+44 7085744693,Phone,Complaint,Resolved,12:56
SUPPORT,SUP003566,SUP003566,2025-10-19 14:15:19,Rachel Sanders,rachel.sanders@yahoo.com,,Email,Complaint,Resolved,37:30
SUPPORT,SUP003567,SUP003567,2025-10-19 14:25:38,Stephanie Smith,stephanie.smith@gmail.com,+44 7787484210,Email,Refund request,Resolved,18:38
SUPPORT,SUP003568,SUP003568,2025-10-19 14:42:25,Antony Fuller,antony.fuller@gmail.com,+44 7456896051,Phone,Enquiry,Resolved,13:56
SUPPORT,SUP003569,SUP003569,2025-10-19 15:41:16,Clare Bell,clare.bell@gmail.com,+44 7848891576,Email,Complaint,Resolved,06:01
SUPPORT,SUP003570,SUP003570,2025-10-20 00:45:24,Gary Clarke,gary.clarke@hotmail.com,+44 7549629075,Email,Complaint,Resolved,01:36
SUPPORT,SUP003571,SUP003571,2025-10-20 03:19:21,Emma Mistry,emma.mistry@gmail.com,+44 7870375214,Email,Enquiry,Resolved,03:28
SUPPORT,SUP003572,SUP003572,2025-10-20 03:47:39,Janice Hughes,janice.hughes@hotmail.com,+44 7563199801,Email,Refund request,Resolved,43:21
SUPPORT,SUP003573,SUP003573,2025-10-20 03:48:01,Judith Anderson,judith.anderson@hotmail.co.uk,+44 7273202631,Email,Enquiry,Resolved,10:06
SUPPORT,SUP003574,SUP003574,2025-10-20 04:36:50,Rosemary Young,rosemary.young@gmail.com,+44 7938771375,Phone,Refund request,Resolved,13:49
SUPPORT,SUP003575,SUP003575,2025-10-20 05:41:50,Ronald Knight,ronald.knight@gmail.com,+44 7478438157,Email,Complaint,Resolved,26:14
SUPPORT,SUP003576,SUP003576,2025-10-20 06:12:00,Ellie Webb,ellie.webb@yahoo.com,+44 7292077518,Phone,Enquiry,Resolved,37:22
SUPPORT,SUP003577,SUP003577,2025-10-20 07:18:53,Simon O'Brien,simon.obrien@hotmail.fr,+44 7017250858,Email,Refund request,Resolved,50:35
SUPPORT,SUP003578,SUP003578,2025-10-20 08:03:43,Glen Humphreys,glen.humphreys@hotmail.fr,+44 7739235297,Email,Refund request,Open,
SUPPORT,SUP003579,SUP003579,2025-10-20 13:10:18,Luke Smith,luke.smith@gmail.com,+44 7551454307,Email,Refund request,Resolved,21:59
SUPPORT,SUP003580,SUP003580,2025-10-20 14:32:30,Graeme Miles,gramee.miles@yahoo.com,,Email,Accessibility,Open,
SUPPORT,SUP003581,SUP003581,2025-10-20 14:58:00,Jeremy Dale,jeremy.dale@hotmail.com,+44 7318840085,Phone,Complaint,Resolved,15:09
SUPPORT,SUP003582,SUP003582,2025-10-20 15:27:34,Beth Naylor,beth.naylor@hotmail.co.uk,+44 7099659799,Phone,Refund request,Resolved,72:00
SUPPORT,SUP003583,SUP003583,2025-10-20 16:48:23,Laura Burrows,,+44 7853567722,Phone,Complaint,Resolved,48:05
SUPPORT,SUP003584,SUP003584,2025-10-20 20:51:41,Timothy Marsden,timothy.marsden@hotmail.com,+44 7086161295,Email,Enquiry,Resolved,05:11
SUPPORT,SUP003585,SUP003585,2025-10-20 20:52:58,Glen Gill,glen.gill@aol.com,,Email,Complaint,Resolved,67:28
SUPPORT,SUP003586,SUP003586,2025-10-20 23:16:05,Mohammad Marsh,,+44 7319792800,Phone,Refund request,Resolved,25:59
SUPPORT,SUP003587,SUP003587,2025-10-20 23:57:52,Iain Warner,iain.warner@aol.com,+44 7332585808,Email,Refund request,Resolved,20:24
SUPPORT,SUP003588,SUP003588,2025-10-21 01:13:14,Carole Newman,,+44 7288851335,Phone,Refund request,Resolved,29:01
SUPPORT,SUP003589,SUP003589,2025-10-21 02:25:30,Aaron Ross,aaron.ross@hotmail.com,+44 7256780210,Email,Complaint,Resolved,12:51
SUPPORT,SUP003590,SUP003590,2025-10-21 03:04:45,Andrea Atkinson,andrea.atkinson@hotmail.com,,Email,Complaint,Resolved,59:15
SUPPORT,SUP003591,SUP003591,2025-10-21 08:28:29,Pamela Collins,pamela.collins@hotmail.com,+44 7634771333,Email,Accessibility,Resolved,17:16
SUPPORT,SUP003592,SUP003592,2025-10-21 11:11:52,Clare Jones,clare.jones@hotmail.com,,Email,Accessibility,Resolved,02:12
SUPPORT,SUP003593,SUP003593,2025-10-21 11:44:13,Glen Andrews,glen.andrews@aol.com,+44 7511678512,Email,Accessibility,Resolved,02:41
SUPPORT,SUP003594,SUP003594,2025-10-21 11:52:00,Marilyn Richardson,marilyn.richardson@yahoo.com,+44 7101311995,Email,Complaint,Resolved,49:32
SUPPORT,SUP003595,SUP003595,2025-10-21 12:10:04,Shaun Noble,shaun.noble@yahoo.com,+44 7045831376,Phone,Accessibility,Resolved,10:23
SUPPORT,SUP003596,SUP003596,2025-10-21 12:34:32,Darren Lawrence,darren.lawrence@yahoo.com,+44 7867462721,Email,Accessibility,Resolved,20:12
SUPPORT,SUP003597,SUP003597,2025-10-21 14:11:26,Marilyn Morris,marilyn.morris@orange.fr,+44 7650947895,Phone,Complaint,Resolved,16:31
SUPPORT,SUP003598,SUP003598,2025-10-21 15:38:50,Graham Robinson,graham.robinson@hotmail.com,,Email,Refund request,Open,
SUPPORT,SUP003599,SUP003599,2025-10-21 16:03:46,Colin Dean,colin.dean@hotmail.com,+44 7192123691,Email,Accessibility,Resolved,26:39
SUPPORT,SUP003600,SUP003600,2025-10-21 18:02:04,Paige Clark,paige.clark@yahoo.com,+44 7113432497,Email,Accessibility,Open,
SUPPORT,SUP003601,SUP003601,2025-10-21 18:28:18,Leslie Slater,leslie.slater@gmail.com,+44 7061133145,Phone,Enquiry,Resolved,01:00
SUPPORT,SUP003602,SUP003602,2025-10-21 18:59:26,Leigh Hale,ligh.hale@gmail.com,+44 7945266606,Phone,Accessibility,Resolved,21:04
SUPPORT,SUP003603,SUP003603,2025-10-21 20:16:48,Gary Matthews,gary.matthews@yahoo.com,+44 7493459127,Phone,Enquiry,Resolved,03:18
SUPPORT,SUP003604,SUP003604,2025-10-21 20:27:08,Kieran Watson,kieran.watson@yahoo.com,+44 7685055263,Email,Refund request,Resolved,16:55
SUPPORT,SUP003605,SUP003605,2025-10-21 21:14:35,Nicola Dale,nicola.dale@yahoo.com,+44 7000178632,Email,Refund request,Resolved,04:25
SUPPORT,SUP003606,SUP003606,2025-10-22 02:17:55,Emma Taylor,emma.taylor@yahoo.com,+44 7775163262,Email,Refund request,Resolved,28:30
SUPPORT,SUP003607,SUP003607,2025-10-22 03:45:10,Chelsea Parsons,chelsea.parsons@hotmail.com,+44 7685918025,Email,Refund request,Open,
SUPPORT,SUP003608,SUP003608,2025-10-22 04:23:55,Abdul Wilson,abdul.wilson@gmail.com,+44 7654655305,Phone,Refund request,Open,
SUPPORT,SUP003609,SUP003609,2025-10-22 06:30:48,Katy Faulkner,katy.faulkner@yahoo.com,+44 7149335907,Phone,Accessibility,Resolved,07:42
SUPPORT,SUP003610,SUP003610,2025-10-22 11:57:41,Graeme Newton,graeme.newton@yahoo.com,+44 7736046644,Phone,Accessibility,Open,
SUPPORT,SUP003611,SUP003611,2025-10-22 13:11:40,Mohammed Lee,mohamed.lee@yahoo.com,+44 7425675182,Email,Refund request,Resolved,12:25
SUPPORT,SUP003612,SUP003612,2025-10-22 13:27:55,Mariyln Read,,+44 7651461095,Phone,Refund request,Resolved,34:50
SUPPORT,SUP003613,SUP003613,2025-10-22 14:10:21,Katy Atkinson,katy.atkinso@yahoo.com,+44 7290878613,Email,Accessibility,Open,
SUPPORT,SUP003614,SUP003614,2025-10-22 17:56:45,Kim Davies,kim.davies@gmail.com,+44 7000292921,Email,Refund request,Resolved,06:11
SUPPORT,SUP003615,SUP003615,2025-10-22 20:14:56,Marcus Jackson,marcus.jackson@yahoo.com,+44 7794499006,Email,Accessibility,Resolved,29:46
SUPPORT,SUP003616,SUP003616,2025-10-22 20:53:00,Kevin Watts,,+44 7551226416,Phone,Refund request,Resolved,27:13
SUPPORT,SUP003617,SUP003617,2025-10-22 22:33:05,Louise Bennett,louise.bennett@wanadoo.fr,,Email,Accessibility,Resolved,17:31
SUPPORT,SUP003618,SUP003618,2025-10-23 00:55:35,Laura Wright,laura.wright@hotmail.com,+44 7338309195,Email,Complaint,Resolved,17:12
SUPPORT,SUP003619,SUP003619,2025-10-23 04:28:44,Dean Ward,dean.ward@hotmail.com,,Email,Accessibility,Resolved,12:56
SUPPORT,SUP003620,SUP003620,2025-10-23 05:03:25,Rachel Davies,,+44 7814424909,Phone,Enquiry,Resolved,04:22
SUPPORT,SUP003621,SUP003621,2025-10-23 05:33:13,Kirsty Thomas,kirsty.thomas@gmail.com,,Email,Accessibility,Resolved,09:50
SUPPORT,SUP003622,SUP003622,2025-10-23 05:58:49,Amelia Hill,amelia.hill@gmail.com,+44 7848254101,Email,Accessibility,Resolved,05:33
SUPPORT,SUP003623,SUP003623,2025-10-23 10:16:47,Luke Holmes,luke.holmes@gmail.com,+44 7853312823,Email,Complaint,Resolved,17:42
SUPPORT,SUP003624,SUP003624,2025-10-23 11:31:51,Cheryl Smith,cheryl.smith@yahoo.com,+44 7087934688,Email,Enquiry,Open,
SUPPORT,SUP003625,SUP003625,2025-10-23 13:19:28,aPul Hall,paul.hall@gmail.com,+44 7304474189,Phone,Refund request,Resolved,06:29
SUPPORT,SUP003626,SUP003626,2025-10-23 18:07:03,Edward Jones,,+44 7628315921,Phone,Accessibility,Resolved,02:10
SUPPORT,SUP003627,SUP003627,2025-10-23 18:47:41,Brett Marshall,brett.marshall2@hotmail.com,+44 7919617497,Phone,Refund request,Resolved,18:33
SUPPORT,SUP003628,SUP003628,2025-10-23 19:04:59,Mohammed Cole,,+44 7695478262,Phone,Refund request,Open,
SUPPORT,SUP003629,SUP003629,2025-10-23 19:17:34,Jane Thompson,jane.thompson@gmail.com,+44 7403255034,Email,Accessibility,Resolved,25:31
SUPPORT,SUP003630,SUP003630,2025-10-23 19:31:24,Liam Kaur,liam.kaur@yahoo.com,+44 7220008691,Phone,Complaint,Resolved,15:55
SUPPORT,SUP003631,SUP003631,2025-10-23 21:42:57,Leonard Walker,,+44 7396008717,Phone,Enquiry,Resolved,02:41
SUPPORT,SUP003632,SUP003632,2025-10-23 22:09:51,Shane Smith,shane.smith@gmail.com,+44 7284994849,Phone,Refund request,Resolved,30:44
SUPPORT,SUP003633,SUP003633,2025-10-23 22:24:00,Dawn Gibson,dawn.gibson@yahoo.com,+44 7076841194,Email,Refund request,Resolved,07:32
SUPPORT,SUP003634,SUP003634,2025-10-23 23:37:20,Martin Clarke,martin.clarke@yahoo.com,+44 7175974460,Email,Complaint,Resolved,52:55
SUPPORT,SUP003635,SUP003635,2025-10-23 23:44:01,Marc Richardson,,+44 7889030193,Phone,Accessibility,Resolved,06:32
SUPPORT,SUP003636,SUP003636,2025-10-24 02:16:13,Sam Parkinson,sam.parkinson@hotmail.com,,Email,Refund request,Resolved,14:53
SUPPORT,SUP003637,SUP003637,2025-10-24 04:16:50,Kim Young,kim.young@hotmail.com,+44 7722954676,Phone,Refund request,Resolved,40:59
SUPPORT,SUP003638,SUP003638,2025-10-24 05:33:53,Paul Holden,paul.holden@hotmail.com,,Email,Complaint,Resolved,72:00
SUPPORT,SUP003639,SUP003639,2025-10-24 08:33:11,William Bennett,william.bennett@hotmail.fr,+44 7908337149,Email,Enquiry,Resolved,12:13
SUPPORT,SUP003640,SUP003640,2025-10-24 12:12:06,Sally White,sally.white@hotmail.com,+44 7724471832,Email,Refund request,Resolved,27:06
SUPPORT,SUP003641,SUP003641,2025-10-24 12:30:41,Maria Lewis,maria.lewis@hotmail.com,+44 7873658731,Email,Enquiry,Open,
SUPPORT,SUP003642,SUP003642,2025-10-24 13:30:24,oJanna Davies,joanna.davies@yahoo.com,+44 7504469341,Phone,Accessibility,Resolved,00:52
SUPPORT,SUP003643,SUP003643,2025-10-24 13:49:41,Cheryl Morgan,cheryl.morgan@yahoo.com,,Email,Refund request,Resolved,11:49
SUPPORT,SUP003644,SUP003644,2025-10-24 17:40:28,Holly Griffin,holly.griffin@msn.com,,Email,Enquiry,Resolved,02:20
SUPPORT,SUP003645,SUP003645,2025-10-24 18:38:54,Olivia Parker,olivia.parker@yahoo.com,,Email,Complaint,Open,
SUPPORT,SUP003646,SUP003646,2025-10-24 18:53:21,Jason Andrews,jason.anrews@gmail.com,+44 7151945951,Email,Refund request,Resolved,11:12
SUPPORT,SUP003647,SUP003647,2025-10-24 20:04:02,Leah King,leah.king@aol.com,+44 7458826560,Phone,Refund request,Resolved,11:29
SUPPORT,SUP003648,SUP003648,2025-10-24 20:06:09,Ben Dael,ben.dale@hotmail.com,+44 7402904280,Email,Refund request,Resolved,06:17
SUPPORT,SUP003649,SUP003649,2025-10-24 21:46:05,Wendy McCarthy,wendy.mccarthy@gmail.com,,Email,Refund request,Resolved,03:47
SUPPORT,SUP003650,SUP003650,2025-10-24 22:17:00,Mohamed Forster,mohamed.forster@aol.com,,Email,Complaint,Resolved,13:37
SUPPORT,SUP003651,SUP003651,2025-10-24 22:19:06,Patricia Fuller,patricia.fuller@gmail.com,+44 7981668386,Phone,Complaint,Resolved,05:27
SUPPORT,SUP003652,SUP003652,2025-10-24 23:22:17,Jeremy Tucker,jeremy.tucker@hotmail.com,+44 7738543134,Email,Refund request,Resolved,10:28
SUPPORT,SUP003653,SUP003653,2025-10-24 23:26:08,Andrea Perry,andrea.perry@gmail.com,,Email,Enquiry,Resolved,05:53
SUPPORT,SUP003654,SUP003654,2025-10-24 23:45:00,Diane Slater,diane.slater@gmail.com,+44 7229820832,Phone,Enquiry,Resolved,04:47
SUPPORT,SUP003655,SUP003655,2025-10-25 00:56:53,Gavin Smith,gavin.smith@gmail.com,+44 7923369186,Email,Refund request,Resolved,21:58
SUPPORT,SUP003656,SUP003656,2025-10-25 01:02:33,Alan Knowles,alan.knowles@yahoo.fr,+44 7177786107,Email,Refund request,Resolved,30:28
SUPPORT,SUP003657,SUP003657,2025-10-25 01:53:12,Eric Hooper,,+44 7085761538,Phone,Accessibility,Resolved,21:45
SUPPORT,SUP003658,SUP003658,2025-10-25 02:11:00,Shannon Howard,shannon.howard@gmail.com,+44 7161499839,Email,Refund request,Resolved,06:36
SUPPORT,SUP003659,SUP003659,2025-10-25 03:11:41,Megan Morley,megan.morley@yahoo.com,+44 7003851953,Email,Complaint,Resolved,31:23
SUPPORT,SUP003660,SUP003660,2025-10-25 03:31:03,Natasha Porter,natasha.porter@gmail.com,,Email,Enquiry,Resolved,05:37
SUPPORT,SUP003661,SUP003661,2025-10-25 03:44:40,Barbara Patel,barbara.patel@aol.com,+44 7884017484,Email,Accessibility,Resolved,08:27
SUPPORT,SUP003662,SUP003662,2025-10-25 03:47:23,Amelia Jordan,amelia.jordan@yahoo.com,+44 7304440117,Email,Complaint,Resolved,10:38
SUPPORT,SUP003663,SUP003663,2025-10-25 04:05:47,Owen Williams,owen.williams@gmail.com,+44 7408858648,Phone,Enquiry,Resolved,01:50
SUPPORT,SUP003664,SUP003664,2025-10-25 04:18:47,Arthur Benson,arthur.benson@yahoo.com,+44 7192427298,Phone,Enquiry,Resolved,07:56
SUPPORT,SUP003665,SUP003665,2025-10-25 08:42:33,Debra Smith,debra.smith@yahoo.com,,Email,Refund request,Resolved,15:30
SUPPORT,SUP003666,SUP003666,2025-10-25 11:47:58,Ian Ford,ian.ford@hotmail.com,+44 7873923329,Email,Complaint,Resolved,11:27
SUPPORT,SUP003667,SUP003667,2025-10-25 12:13:37,Dominic Wilson,dominic.wilson@gmail.com,,Email,Refund request,Open,
SUPPORT,SUP003668,SUP003668,2025-10-25 12:17:24,Abigail Wood,abigail.wood@gmail.com,,Email,Accessibility,Resolved,08:01
SUPPORT,SUP003669,SUP003669,2025-10-25 14:02:33,Hugh Taylor,hugh.taylor@hotmail.com,+44 7805845247,Email,Complaint,Resolved,08:11
SUPPORT,SUP003670,SUP003670,2025-10-25 15:41:00,Ann Jackson,ann.jackson@yahoo.fr,,Email,Refund request,Resolved,11:59
SUPPORT,SUP003671,SUP003671,2025-10-25 15:58:01,Alison Hall,alison.hall@yahoo.com,+44 7034760254,Email,Complaint,Resolved,14:39
SUPPORT,SUP003672,SUP003672,2025-10-25 16:26:09,Garry Benson,garry.benson@gmail.com,+44 7198397148,Email,Refund request,Resolved,04:28
SUPPORT,SUP003673,SUP003673,2025-10-25 17:21:43,Leah Singh,,+44 7757898807,Phone,Complaint,Open,
SUPPORT,SUP003674,SUP003674,2025-10-25 17:23:41,Owen Owen,owen.owen@hotmail.com,+44 7612655145,Email,Complaint,Resolved,43:17
SUPPORT,SUP003675,SUP003675,2025-10-25 18:33:51,Marian Nicholls,marian.nicholls@msn.com,+44 7588605624,Phone,Complaint,Resolved,05:24
SUPPORT,SUP003676,SUP003676,2025-10-25 20:06:42,Marilyn Foster,marilyn.foster@yahoo.com,+44 7674275321,Email,Accessibility,Resolved,18:06
SUPPORT,SUP003677,SUP003677,2025-10-25 21:49:55,Reece Black,reece.black@yahoo.fr,,Email,Complaint,Resolved,47:49
SUPPORT,SUP003678,SUP003678,2025-10-25 22:00:06,John Hunt,john.hunt@hotmail.com,+44 7942034566,Email,Refund request,Resolved,32:18
SUPPORT,SUP003679,SUP003679,2025-10-26 01:42:41,Kayleigh Fox,kayleigh.fox@yahoo.com,,Email,Refund request,Resolved,46:39
SUPPORT,SUP003680,SUP003680,2025-10-26 03:39:57,Amelia Gregory,amelia.gregory@yahoo.com,+44 7507442167,Email,Complaint,Open,
SUPPORT,SUP003681,SUP003681,2025-10-26 04:56:57,Colin Hopkins,colin.hopkins@yahoo.com,+44 7895468110,Email,Accessibility,Resolved,12:43
SUPPORT,SUP003682,SUP003682,2025-10-26 04:59:55,Chelsea Hardy,chelsea.hardy@yahoo.com,+44 7545596864,Email,Accessibility,Resolved,06:08
SUPPORT,SUP003683,SUP003683,2025-10-26 07:42:35,Charlene Marsh,charlene.marsh@hotmail.com,+44 7941963488,Email,Complaint,Resolved,08:57
SUPPORT,SUP003684,SUP003684,2025-10-26 09:02:08,Gordon Kaur,gordon.kaur@yahoo.com,+44 7743040946,Email,Refund request,Open,
SUPPORT,SUP003685,SUP003685,2025-10-26 11:30:59,Melanie Lewis,melanie.lewis@hotmail.fr,+44 7411675944,Email,Accessibility,Resolved,03:05
SUPPORT,SUP003686,SUP003686,2025-10-26 13:33:53,Beth Saunders,beth.saunders@yahoo.com,,Email,Accessibility,Open,
SUPPORT,SUP003687,SUP003687,2025-10-26 14:30:29,Carole Johnson,carole.johnson@yahoo.fr,+44 7951872429,Phone,Enquiry,Resolved,03:28
SUPPORT,SUP003688,SUP003688,2025-10-26 14:44:58,Sian Ford,sian.ford@hotmail.co.uk,+44 7418580676,Email,Refund request,Resolved,20:32
SUPPORT,SUP003689,SUP003689,2025-10-26 15:22:21,Lyna Ball,lynda.ball@wanadoo.fr,+44 7199794930,Phone,Accessibility,Resolved,05:04
SUPPORT,SUP003690,SUP003690,2025-10-26 16:39:12,Shaun Thornton,shaun.thornton@hotmail.co.uk,+44 7774324270,Phone,Refund request,Resolved,11:49
SUPPORT,SUP003691,SUP003691,2025-10-26 17:05:16,Donald Cooper,donald.cooper@hotmail.com,+44 7274694970,Email,Accessibility,Resolved,09:19
SUPPORT,SUP003692,SUP003692,2025-10-26 18:27:17,Trevor Shaw,trevor.shaw@gmail.com,+44 7061655778,Email,Complaint,Resolved,18:55
SUPPORT,SUP003693,SUP003693,2025-10-26 19:45:15,Kevin Reid,kevin.reid@yahoo.com,+44 7838408642,Email,Refund request,Open,
SUPPORT,SUP003694,SUP003694,2025-10-26 22:16:25,Melanie Bird,melanie.bird@orange.fr,+44 7585765261,Phone,Enquiry,Open,
SUPPORT,SUP003695,SUP003695,2025-10-27 00:04:21,Amy Carter,amy.carter@aol.com,+44 7819794351,Email,Complaint,Resolved,19:46
SUPPORT,SUP003696,SUP003696,2025-10-27 02:32:40,Lauren Roberts,lauren.roberts@gmail.com,+44 7317186568,Phone,Refund request,Resolved,01:52
SUPPORT,SUP003697,SUP003697,2025-10-27 07:11:09,Shane Jones,shane.jones@gmail.com,+44 7601747498,Email,Refund request,Open,
SUPPORT,SUP003698,SUP003698,2025-10-27 08:43:41,Olivia Richardson,,+44 7159862775,Phone,Refund request,Resolved,38:03
SUPPORT,SUP003699,SUP003699,2025-10-27 09:27:34,Sharon Foster,,+44 7105970905,Phone,Complaint,Resolved,41:09
SUPPORT,SUP003700,SUP003700,2025-10-27 10:16:11,Sharon Ryan,,+44 7736873900,Phone,Enquiry,Resolved,13:02
SUPPORT,SUP003701,SUP003701,2025-10-27 12:25:42,Matthew Haynes,matthew.haynes@hotmail.com,,Email,Complaint,Resolved,31:18
SUPPORT,SUP003702,SUP003702,2025-10-27 12:34:54,Susan Pritchard,susan.pritchard@hotmail.fr,+44 7737357763,Email,Complaint,Resolved,28:12
SUPPORT,SUP003703,SUP003703,2025-10-27 14:30:03,Debra Williams,debra.illiams@hotmail.com,+44 7061092218,Email,Accessibility,Open,
SUPPORT,SUP003704,SUP003704,2025-10-27 15:53:53,Clifford Price,clifford.price@hotmail.com,+44 7485935832,Phone,Enquiry,Resolved,02:16
SUPPORT,SUP003705,SUP003705,2025-10-27 18:14:40,Vanessa Wade,vanessa.wade@msn.com,+44 7104466830,Phone,Complaint,Resolved,19:11
SUPPORT,SUP003706,SUP003706,2025-10-27 19:02:21,Damian Foster,damian.foster@wanadoo.fr,+44 7492885218,Email,Refund request,Resolved,04:21
SUPPORT,SUP003707,SUP003707,2025-10-27 20:50:07,June Cook,june.cook@aol.com,+44 7945691437,Phone,Accessibility,Resolved,04:16
SUPPORT,SUP003708,SUP003708,2025-10-27 22:12:15,June Harrison,june.harrison@aol.com,,Email,Enquiry,Resolved,11:46
SUPPORT,SUP003709,SUP003709,2025-10-28 00:57:41,Lynda Willis,lynda.willis@hotmail.com,+44 7418934165,Phone,Complaint,Resolved,28:04
SUPPORT,SUP003710,SUP003710,2025-10-28 04:13:12,Mohammed Harrison,mohammed.harrison@yahoo.com,+44 7552590798,Email,Enquiry,Open,
SUPPORT,SUP003711,SUP003711,2025-10-28 04:18:17,Lynda Ball,lynda.ball@wanadoo.fr,,Email,Accessibility,Open,
SUPPORT,SUP003712,SUP003712,2025-10-28 10:15:44,Sharon Gregory,sharon.gregory@yahoo.com,+44 7317356790,Email,Enquiry,Resolved,09:01
SUPPORT,SUP003713,SUP003713,2025-10-28 10:28:36,Bethany Turner,bethany.turner@yahoo.com,+44 7567828518,Email,Accessibility,Resolved,01:34
SUPPORT,SUP003714,SUP003714,2025-10-28 11:46:37,Simon Clark,simon.clark@aol.com,+44 7779636922,Email,Enquiry,Resolved,12:00
SUPPORT,SUP003715,SUP003715,2025-10-28 14:31:03,Zoe Crawford,zoe.crawford@hotmail.com,,Email,Refund request,Resolved,07:52
SUPPORT,SUP003716,SUP003716,2025-10-28 14:37:37,Chelsea Williams,chelsea.williams@yahoo.com,+44 7073314985,Phone,Complaint,Resolved,28:34
SUPPORT,SUP003717,SUP003717,2025-10-28 14:40:50,Jenna Howard,jenna.howard@hotmail.com,,Email,Accessibility,Resolved,06:34
SUPPORT,SUP003718,SUP003718,2025-10-28 14:58:17,Diana Hunt,diana.hunt@yahoo.com,,Email,Refund request,Resolved,42:30
SUPPORT,SUP003719,SUP003719,2025-10-28 15:11:47,Frank Martin,frank.martin@gmail.com,+44 7543411346,Email,Enquiry,Resolved,04:36
SUPPORT,SUP003720,SUP003720,2025-10-28 16:39:15,Roger Atkinson,roger.atkinson@hotmail.com,,Email,Enquiry,Resolved,12:42
SUPPORT,SUP003721,SUP003721,2025-10-28 19:02:46,Paul Brown,paul.brown@hotmail.com,+44 7309573351,Phone,Complaint,Resolved,06:12
SUPPORT,SUP003722,SUP003722,2025-10-28 20:39:15,Mary Young,mary.young@gmail.com,,Email,Refund request,Resolved,15:01
SUPPORT,SUP003723,SUP003723,2025-10-28 21:43:42,Brian Henderson,brian.hederson@gmail.com,+44 7552358581,Email,Accessibility,Resolved,08:01
SUPPORT,SUP003724,SUP003724,2025-10-28 22:03:57,Mathew Carr,mathew.carr@hotmail.com,,Email,Complaint,Resolved,37:17
SUPPORT,SUP003725,SUP003725,2025-10-28 23:43:49,Mathew Smith,,+44 7414992175,Phone,Accessibility,Resolved,21:16
SUPPORT,SUP003726,SUP003726,2025-10-28 23:52:37,Pauline Mistry,pauline.mistry@yahoo.fr,,Email,Refund request,Resolved,16:36
SUPPORT,SUP003727,SUP003727,2025-10-29 01:16:34,eKith Crawford,keith.crawford@gmail.com,+44 7733346504,Phone,Complaint,Resolved,11:26
SUPPORT,SUP003728,SUP003728,2025-10-29 04:27:11,Christopher King,christopher.king@hotmail.com,+44 7281650302,Phone,Refund request,Resolved,06:55
SUPPORT,SUP003729,SUP003729,2025-10-29 06:09:01,Marc White,marc.white@hotmail.com,+44 7398661890,Email,Accessibility,Resolved,16:21
SUPPORT,SUP003730,SUP003730,2025-10-29 06:19:18,Katherine Welch,katherine.welch@aol.com,+44 7141947530,Email,Refund request,Resolved,08:55
SUPPORT,SUP003731,SUP003731,2025-10-29 08:27:27,Malcolm Morrison,malcolm.morrison@gmail.com,,Email,Refund request,Resolved,25:03
SUPPORT,SUP003732,SUP003732,2025-10-29 10:53:03,Holly Byrne,holly.byrne@yahoo.com,+44 7519226104,Email,Complaint,Resolved,12:45
SUPPORT,SUP003733,SUP003733,2025-10-29 14:46:49,Abigail Smith,,+44 7439094472,Phone,Complaint,Resolved,39:38
SUPPORT,SUP003734,SUP003734,2025-10-29 15:02:42,Antony Bates,antony.bates@gmail.com,+44 7624754980,Phone,Accessibility,Resolved,05:17
SUPPORT,SUP003735,SUP003735,2025-10-29 16:43:16,Chelsea Parsons,chelsea.parsons@hotmail.com,+44 7685918025,Phone,Complaint,Resolved,25:16
SUPPORT,SUP003736,SUP003736,2025-10-29 18:24:55,Graeme Chapman,,+44 7671909876,Phone,Complaint,Resolved,15:57
SUPPORT,SUP003737,SUP003737,2025-10-29 19:00:27,Dean Booth,dean.booth@yahoo.com,+44 7097120096,Email,Refund request,Resolved,02:42
SUPPORT,SUP003738,SUP003738,2025-10-29 21:11:41,Jack Webb,jack.webb@yahoo.com,+44 7301791200,Email,Refund request,Resolved,07:56
SUPPORT,SUP003739,SUP003739,2025-10-29 21:45:38,Leah Lee,eah.lee@hotmail.com,+44 7504294407,Email,Refund request,Resolved,15:05
SUPPORT,SUP003740,SUP003740,2025-10-29 22:04:51,Patrick Chapman,patrick.chapman@hotmail.com,,Email,Accessibility,Resolved,08:07
SUPPORT,SUP003741,SUP003741,2025-10-30 00:25:22,Max Atkinson,max.atkinson@gmail.com,+44 7297890457,Phone,Accessibility,Resolved,12:49
SUPPORT,SUP003742,SUP003742,2025-10-30 04:49:27,Damian Roberts,damian.roberts@hotmail.com,+44 7785090523,Email,Enquiry,Resolved,02:06
SUPPORT,SUP003743,SUP003743,2025-10-30 04:51:46,Sheila Preston,sheila.preston@yahoo.com,+44 7558874241,Email,Enquiry,Resolved,10:57
SUPPORT,SUP003744,SUP003744,2025-10-30 05:40:00,Wayne Payne,wayne.payne@hotmail.com,+44 7003190028,Phone,Accessibility,Resolved,09:03
SUPPORT,SUP003745,SUP003745,2025-10-30 06:20:06,Jane Elliott,jane.elliott@hotmail.com,+44 7585901799,Email,Complaint,Resolved,13:45
SUPPORT,SUP003746,SUP003746,2025-10-30 07:38:19,Francesca West,francesca.west@yahoo.com,+44 7990989735,Email,Complaint,Resolved,19:28
SUPPORT,SUP003747,SUP003747,2025-10-30 11:01:00,Kyle Ross,,+44 7132314243,Phone,Enquiry,Resolved,02:46
SUPPORT,SUP003748,SUP003748,2025-10-30 11:03:32,John Kaur,john.kaur@hotmail.com,+44 7125477664,Email,Refund request,Resolved,12:09
SUPPORT,SUP003749,SUP003749,2025-10-30 12:59:56,Diane Howe,diane.howe@hotmail.com,+44 7228412707,Email,Accessibility,Resolved,00:35
SUPPORT,SUP003750,SUP003750,2025-10-30 14:09:44,Alexander Hall,alexander.hall@yahoo.com,+44 7882847503,Phone,Accessibility,Resolved,40:34
SUPPORT,SUP003751,SUP003751,2025-10-30 15:01:48,Gary Atkinson,gary.atkinson@aol.com,+44 7055419890,Phone,Complaint,Resolved,02:07
SUPPORT,SUP003752,SUP003752,2025-10-30 18:03:19,Reece Turner,reece.turner@gmail.com,+44 7475022443,Phone,Refund request,Resolved,03:58
SUPPORT,SUP003753,SUP003753,2025-10-30 18:13:38,Susan Williams,susan.williams@yahoo.com,+44 7571764003,Phone,Accessibility,Resolved,09:36
SUPPORT,SUP003754,SUP003754,2025-10-30 21:43:46,Sheila Kay,sheila.kay@yahoo.com,+44 7217434345,Phone,Complaint,Resolved,30:45
SUPPORT,SUP003755,SUP003755,2025-10-31 03:11:50,Roy Scott,roy.scott@hotmail.com,+44 7553353283,Email,Complaint,Resolved,38:16
SUPPORT,SUP003756,SUP003756,2025-10-31 05:34:47,Amber Owens,amber.owens@yahoo.com,+44 7978966623,Phone,Accessibility,Resolved,13:40
SUPPORT,SUP003757,SUP003757,2025-10-31 07:24:05,Henry Wright,henry.wright@yahoo.com,,Email,Refund request,Resolved,08:37
SUPPORT,SUP003758,SUP003758,2025-10-31 09:20:35,Bernard Davis,bernard.davis@yahoo.com,+44 7069848687,Email,Refund request,Resolved,60:17
SUPPORT,SUP003759,SUP003759,2025-10-31 10:08:11,Kevn Lloyd,kevin.lloyd@orange.fr,+44 7584402673,Email,Accessibility,Open,
SUPPORT,SUP003760,SUP003760,2025-10-31 10:21:14,Shannon Armstrong,shannon.armstrong@yahoo.com,,Email,Refund request,Resolved,43:13
SUPPORT,SUP003761,SUP003761,2025-10-31 11:02:20,Naomi Davis,naomi.davis@gmail.com,+44 7706052400,Phone,Refund request,Resolved,12:04
SUPPORT,SUP003762,SUP003762,2025-10-31 11:47:40,Elaine Dawson,elaine.dawson@gmail.com,+44 7398151001,Email,Accessibility,Resolved,02:50
SUPPORT,SUP003763,SUP003763,2025-10-31 12:14:52,Mohammed Jennings,moammed.jennings@yahoo.com,+44 7764969277,Phone,Refund request,Resolved,15:57
SUPPORT,SUP003764,SUP003764,2025-10-31 13:03:36,Jasmine James,,+44 7059117199,Phone,Refund request,Resolved,24:14
SUPPORT,SUP003765,SUP003765,2025-10-31 13:22:38,Nicholas Forster,nicholas.forster@gmail.com,+44 7918196236,Email,Complaint,Resolved,32:19
SUPPORT,SUP003766,SUP003766,2025-10-31 13:28:27,Lawrece Edwards,lawrence.edwards@hotmail.com,+44 7253531459,Email,Refund request,Resolved,13:43
SUPPORT,SUP003767,SUP003767,2025-10-31 13:48:58,Janice Roberts,janice.roberts@hotmail.com,+44 7730534585,Phone,Refund request,Resolved,45:26
SUPPORT,SUP003768,SUP003768,2025-10-31 15:29:13,Kim Thomas,kim.thomas@aol.com,,Email,Complaint,Resolved,30:09
SUPPORT,SUP003769,SUP003769,2025-10-31 15:36:12,Lynda Mellor,lynda.mellor@gmail.com,+44 7552595229,Phone,Complaint,Resolved,10:26
SUPPORT,SUP003770,SUP003770,2025-10-31 15:50:31,Paige Roberts,,+44 7490218013,Phone,Refund request,Resolved,19:04
SUPPORT,SUP003771,SUP003771,2025-10-31 16:57:54,Megan Sanders,megan.sanders@hotmail.com,+44 7016326917,Phone,Enquiry,Resolved,06:10
SUPPORT,SUP003772,SUP003772,2025-10-31 23:44:37,Lewis Quinn,lewis.quinn@hotmail.com,+44 7006092405,Phone,Complaint,Resolved,24:09
SUPPORT,SUP003773,SUP003773,2025-11-01 00:07:30,Danielle Ellis,danielle.ellis@yahoo.fr,+44 7628758017,Email,Refund request,Resolved,16:39
SUPPORT,SUP003774,SUP003774,2025-11-01 00:46:34,Paige Sutton,paige.sutton@yahoo.com,+44 7043806754,Email,Refund request,Resolved,10:00
SUPPORT,SUP003775,SUP003775,2025-11-01 05:36:45,Jill Parkin,jill.parkin@hotmail.com,+44 7361773858,Email,Complaint,Resolved,15:53
SUPPORT,SUP003776,SUP003776,2025-11-01 06:29:41,Graeme Hudson,graeme.hudson@yahoo.com,,Email,Refund request,Resolved,10:20
SUPPORT,SUP003777,SUP003777,2025-11-01 07:12:56,Francis Norman,francis.norman@gmail.com,+44 7744387158,Email,Enquiry,Resolved,12:03
SUPPORT,SUP003778,SUP003778,2025-11-01 08:06:20,Terry Taylor,terry.taylor@hotmail.com,+44 7580204789,Phone,Refund request,Resolved,06:45
SUPPORT,SUP003779,SUP003779,2025-11-01 10:22:17,Douglas Smith,douglas.smith2@gmail.com,+44 7321534417,Email,Refund request,Resolved,16:01
SUPPORT,SUP003780,SUP003780,2025-11-01 11:36:47,Samantha Fry,samantha.fry@hotmail.com,+44 7515229870,Email,Complaint,Resolved,33:08
SUPPORT,SUP003781,SUP003781,2025-11-01 12:56:01,Karen Carroll,karen.carroll@yahoo.com,,Email,Complaint,Resolved,70:13
SUPPORT,SUP003782,SUP003782,2025-11-01 14:31:21,Jayne Jennings,,+44 7946680925,Phone,Refund request,Resolved,31:03
SUPPORT,SUP003783,SUP003783,2025-11-01 15:46:20,Max Atkinson,max.atkinson@gmail.com,,Email,Complaint,Resolved,28:42
SUPPORT,SUP003784,SUP003784,2025-11-01 16:19:05,Holly Powell,holly.powell@yahoo.com,+44 7343776478,Email,Refund request,Resolved,26:01
SUPPORT,SUP003785,SUP003785,2025-11-01 16:20:46,Harry Price,harry.price@gmail.com,+44 7258307910,Email,Refund request,Resolved,34:43
SUPPORT,SUP003786,SUP003786,2025-11-01 21:04:11,Jill Turnbull,,+44 7580361204,Phone,Enquiry,Resolved,02:03
SUPPORT,SUP003787,SUP003787,2025-11-01 21:14:51,Margaret Morris,margaret.morris@hotmail.fr,+44 7477776155,Email,Complaint,Resolved,35:12
SUPPORT,SUP003788,SUP003788,2025-11-01 21:45:24,Jeremy Watson,jeremy.watson@hotmail.com,+44 7252575835,Email,Refund request,Resolved,10:33
SUPPORT,SUP003789,SUP003789,2025-11-01 22:05:17,Trevor Shaw,,+44 7061655938,Phone,Refund request,Resolved,17:47
SUPPORT,SUP003790,SUP003790,2025-11-01 22:13:27,Max Price,max.price@yahoo.com,,Email,Complaint,Resolved,01:46
SUPPORT,SUP003791,SUP003791,2025-11-01 22:41:44,Bryan Harding,bryan.harding@yahoo.com,,Email,Enquiry,Resolved,05:34
SUPPORT,SUP003792,SUP003792,2025-11-02 01:11:26,Ashley Lowe,ashley.lowe@hotmail.com,+44 7188935750,Email,Accessibility,Open,
SUPPORT,SUP003793,SUP003793,2025-11-02 02:04:44,Elliott Khan,elliott.hkan@hotmail.com,,Email,Refund request,Resolved,10:14
SUPPORT,SUP003794,SUP003794,2025-11-02 02:38:20,Glen Andrews,glen.andrew@aol.com,+44 7511678512,Email,Enquiry,Resolved,05:05
SUPPORT,SUP003795,SUP003795,2025-11-02 03:33:47,Melissa Archer,melissa.archer@yahoo.com,+44 7408366588,Email,Refund request,Resolved,23:26
SUPPORT,SUP003796,SUP003796,2025-11-02 03:41:07,Darren Potter,,+44 7319006159,Phone,Accessibility,Resolved,20:50
SUPPORT,SUP003797,SUP003797,2025-11-02 04:29:05,Ann Howell,,+44 7208200532,Phone,Refund request,Open,
SUPPORT,SUP003798,SUP003798,2025-11-02 06:02:07,Chelsea Williams,chelsea.williams@yahoo.com,,Email,Refund request,Resolved,10:17
SUPPORT,SUP003799,SUP003799,2025-11-02 08:29:37,Bethan Davies,bethan.davies@gmail.com,+44 7526759105,Email,Accessibility,Resolved,07:27
SUPPORT,SUP003800,SUP003800,2025-11-02 12:37:01,Graeme Holmes,graeme.holmes@orange.fr,,Email,Refund request,Resolved,15:20
SUPPORT,SUP003801,SUP003801,2025-11-02 18:34:01,Joe Reynolds,joe.reynolds@hotmail.com,+44 7646052797,Email,Complaint,Resolved,38:06
SUPPORT,SUP003802,SUP003802,2025-11-02 19:38:53,Maria Hughes,maria.hughes@hotmail.com,+44 7709077368,Phone,Complaint,Resolved,15:05
SUPPORT,SUP003803,SUP003803,2025-11-02 22:06:48,Neil Morgan,neil.morgan@yahoo.com,,Email,Refund request,Resolved,14:52
SUPPORT,SUP003804,SUP003804,2025-11-02 23:21:45,Lisa Richardson,lisa.richardson@gmail.com,,Email,Complaint,Resolved,14:19
SUPPORT,SUP003805,SUP003805,2025-11-03 00:35:36,Gregory Hayward,gregory.hayward@gmail.com,+44 7869269384,Phone,Refund request,Open,
SUPPORT,SUP003806,SUP003806,2025-11-03 02:05:47,Jessica Brennan,jessica.brennan@yahoo.com,+44 7256389246,Phone,Refund request,Open,
SUPPORT,SUP003807,SUP003807,2025-11-03 04:41:08,Alex Bell,alex.bell@yahoo.com,+44 7956733784,Email,Refund request,Resolved,05:00
SUPPORT,SUP003808,SUP003808,2025-11-03 08:49:24,Natasha Gregory,natasha.gregory@yahoo.com,+44 7865774224,Phone,Refund request,Resolved,28:47
SUPPORT,SUP003809,SUP003809,2025-11-03 09:09:45,Hugh Evans,hugh.evans@hotmail.com,+44 7351222927,Email,Refund request,Resolved,07:04
SUPPORT,SUP003810,SUP003810,2025-11-03 09:58:39,Kayleigh Lawrence,kayleigh.lawrence@gmail.com,,Email,Refund request,Resolved,02:20
SUPPORT,SUP003811,SUP003811,2025-11-03 10:34:43,Zoe Jones,zoe.jones@gmail.com,+44 7269459789,Phone,Refund request,Resolved,06:34
SUPPORT,SUP003812,SUP003812,2025-11-03 12:40:07,Diane Howe,diane.howe@hotmail.com,,Email,Refund request,Resolved,12:52
SUPPORT,SUP003813,SUP003813,2025-11-03 13:46:18,Kathryn Hughes,kathryn.hughes@yahoo.com,+44 7085929799,Email,Enquiry,Resolved,06:17
SUPPORT,SUP003814,SUP003814,2025-11-03 15:46:29,Damian Clarke,damian.clarke@yahoo.com,+44 7560198886,Email,Refund request,Resolved,30:23
SUPPORT,SUP003815,SUP003815,2025-11-03 16:14:54,Antony Murray,antony.murray@hotmail.co.uk,+44 7538255502,Email,Refund request,Resolved,17:25
SUPPORT,SUP003816,SUP003816,2025-11-03 16:56:59,Damian Charlton,damian.charlton@gmail.com,+44 7714623993,Email,Enquiry,Resolved,07:16
SUPPORT,SUP003817,SUP003817,2025-11-03 18:50:50,Susan Martin,susan.martin@yahoo.com,+44 7020256053,Email,Refund request,Resolved,24:53
SUPPORT,SUP003818,SUP003818,2025-11-03 19:00:55,Annette Hawkins,annette.hawkins2@hotmail.com,+44 7642055717,Phone,Enquiry,Open,
SUPPORT,SUP003819,SUP003819,2025-11-03 21:33:23,Jacob Cox,jacob.cox@yahoo.com,,Email,Refund request,Open,
SUPPORT,SUP003820,SUP003820,2025-11-04 00:27:46,Brett Clarke,brett.clarke@yahoo.com,+44 7679022481,Phone,Refund request,Resolved,14:53
SUPPORT,SUP003821,SUP003821,2025-11-04 02:49:08,Glen Jones,glen.jones@yahoo.fr,,Email,Enquiry,Resolved,03:10
SUPPORT,SUP003822,SUP003822,2025-11-04 03:02:04,Gerard Bennett,gerard.bennett@yahoo.com,,Email,Enquiry,Resolved,06:45
SUPPORT,SUP003823,SUP003823,2025-11-04 03:35:58,Megan Thomas,megan.thomas@hotmail.com,+44 7749683996,Email,Refund request,Resolved,18:18
SUPPORT,SUP003824,SUP003824,2025-11-04 03:37:55,Ashleigh Patel,ashleigh.patel@hotmail.com,+44 7894865297,Email,Complaint,Resolved,19:13
SUPPORT,SUP003825,SUP003825,2025-11-04 04:31:11,Emma Wilson,emma.wilson@gmail.com,+44 7828494141,Phone,Complaint,Resolved,72:00
SUPPORT,SUP003826,SUP003826,2025-11-04 07:37:49,Caroline Smith,caroline.smith@gmail.com,,Email,Enquiry,Resolved,05:36
SUPPORT,SUP003827,SUP003827,2025-11-04 10:02:13,Karen Carroll,karen.carroll@yahoo.com,+44 7497153391,Email,Enquiry,Resolved,06:59
SUPPORT,SUP003828,SUP003828,2025-11-04 11:05:42,Paul Lowe,paul.lowe@hotmail.com,+44 7789862044,Email,Enquiry,Open,
SUPPORT,SUP003829,SUP003829,2025-11-04 11:20:55,Patrick Nicholls,patrick.nicholls@aol.com,,Email,Refund request,Resolved,10:27
SUPPORT,SUP003830,SUP003830,2025-11-04 13:11:53,Rosemary Dunn,rosemary.dunn@gmail.com,,Email,Refund request,Resolved,44:44
SUPPORT,SUP003831,SUP003831,2025-11-04 13:58:47,Chloe Cooper,chloe.cooper@yahoo.com,+44 7743223053,Email,Accessibility,Resolved,02:18
SUPPORT,SUP003832,SUP003832,2025-11-04 15:13:13,Suzanne Lane,suzanne.lane@gmail.com,+44 7991156038,Phone,Enquiry,Open,
SUPPORT,SUP003833,SUP003833,2025-11-04 18:28:39,Henry Adams,henry.adams@hotmail.co.uk,+44 7443160729,Phone,Accessibility,Resolved,24:39
SUPPORT,SUP003834,SUP003834,2025-11-04 21:24:38,Amelia Hilton,amelia.hilton@hotmail.com,+44 7634314215,Email,Complaint,Resolved,09:44
SUPPORT,SUP003835,SUP003835,2025-11-04 22:12:42,Robin White,robin.white@hotmail.com,+44 7316569311,Phone,Refund request,Resolved,10:42
SUPPORT,SUP003836,SUP003836,2025-11-04 22:40:45,Ann Hughes,ann.hughes@yahoo.com,+44 7430522203,Phone,Complaint,Resolved,61:20
SUPPORT,SUP003837,SUP003837,2025-11-04 23:19:16,Charlene Gibbs,charlene.gibbs@yahoo.com,+44 7418843337,Email,Enquiry,Resolved,07:21
SUPPORT,SUP003838,SUP003838,2025-11-04 23:29:10,Edward Carpenter,edward.carpenter@yahoo.com,+44 7200616465,Email,Refund request,Resolved,23:26
SUPPORT,SUP003839,SUP003839,2025-11-05 02:54:37,Joanne Lloyd,joanne.lloyd@hotmail.com,+44 7635219357,Email,Accessibility,Resolved,03:51
SUPPORT,SUP003840,SUP003840,2025-11-05 04:01:52,Graeme Miles,graeme.miles@yahoo.com,+44 7946875266,Phone,Refund request,Resolved,02:27
SUPPORT,SUP003841,SUP003841,2025-11-05 04:30:11,Georgia Byrne,georgia.byrne@gmail.com,+44 7967346356,Phone,Refund request,Resolved,01:45
SUPPORT,SUP003842,SUP003842,2025-11-05 07:13:51,Wendy McCarthy,wendy.mccarthy@gmail.com,,Email,Complaint,Resolved,27:28
SUPPORT,SUP003843,SUP003843,2025-11-05 08:01:11,Joanne Chan,joanne.chan@yahoo.com,,Email,Enquiry,Resolved,02:46
SUPPORT,SUP003844,SUP003844,2025-11-05 08:34:30,Martin Harvey,martin.harvey@gmail.com,+44 7971441918,Email,Refund request,Resolved,05:16
SUPPORT,SUP003845,SUP003845,2025-11-05 12:10:59,Irene Wood,irene.wood@gmail.com,,Email,Refund request,Resolved,05:26
SUPPORT,SUP003846,SUP003846,2025-11-05 12:33:21,Karen Bailey,karen.bailey@yahoo.com,+44 7614247080,Email,Refund request,Resolved,12:31
SUPPORT,SUP003847,SUP003847,2025-11-05 12:42:47,Stacey Rogers,stacey.rogers@yahoo.com,+44 7666917344,Email,Enquiry,Resolved,04:33
SUPPORT,SUP003848,SUP003848,2025-11-05 13:50:52,Barry Quinn,barry.quinn@yahoo.com,+44 7443143161,Email,Refund request,Resolved,36:10
SUPPORT,SUP003849,SUP003849,2025-11-05 14:05:30,Deborah White,deborah.white@hotmail.com,+44 7200867113,Email,Complaint,Resolved,21:45
SUPPORT,SUP003850,SUP003850,2025-11-05 14:25:32,Graeme Newton,graeme.newton@yahoo.com,+44 7736046644,Phone,Accessibility,Resolved,00:26
SUPPORT,SUP003851,SUP003851,2025-11-05 14:47:11,Louise Reynolds,louise.reynolds@hotmail.com,+44 7929766499,Phone,Complaint,Open,
SUPPORT,SUP003852,SUP003852,2025-11-05 17:00:37,Matthew Preston,matthew.preston@gmail.com,,Email,Enquiry,Resolved,01:13
SUPPORT,SUP003853,SUP003853,2025-11-05 17:55:46,Beverley Turner,beverley.turner@hotmail.co.uk,+44 7731270609,Email,Refund request,Resolved,29:59
SUPPORT,SUP003854,SUP003854,2025-11-05 18:49:31,Marion Miles,marion.miles@aol.com,+44 7899712933,Phone,Refund request,Resolved,14:30
SUPPORT,SUP003855,SUP003855,2025-11-05 19:58:57,Annette Hawkins,annette.hawkins2@hotmail.com,+44 7642055717,Email,Refund request,Open,
SUPPORT,SUP003856,SUP003856,2025-11-05 20:58:37,Max Turner,max.turner@hotmail.fr,+44 7954615769,Email,Enquiry,Resolved,00:56
SUPPORT,SUP003857,SUP003857,2025-11-05 21:17:30,Max Smith,max.smith@hotmail.com,+44 7922432364,Phone,Refund request,Resolved,07:42
SUPPORT,SUP003858,SUP003858,2025-11-06 01:40:42,Pauline Hussain,pauline.hussain@yahoo.com,+44 7584752702,Email,Refund request,Resolved,46:35
SUPPORT,SUP003859,SUP003859,2025-11-06 02:08:29,Gregory Harris,gregory.harris@hotmail.com,+44 7542057062,Phone,Accessibility,Resolved,05:56
SUPPORT,SUP003860,SUP003860,2025-11-06 02:55:55,Michael Stone,michael.stone@hotmail.com,+44 7293247910,Email,Refund request,Resolved,22:24
SUPPORT,SUP003861,SUP003861,2025-11-06 04:05:47,Rachel Brown,rachel.brown@gmail.com,,Email,Enquiry,Resolved,53:46
SUPPORT,SUP003862,SUP003862,2025-11-06 04:14:34,Barry Miller,barry.miller@hotmail.com,+44 7592956630,Email,Refund request,Resolved,24:08
SUPPORT,SUP003863,SUP003863,2025-11-06 05:59:15,Carl Bull,carl.bull@gmail.com,+44 7461296467,Email,Refund request,Resolved,05:21
SUPPORT,SUP003864,SUP003864,2025-11-06 08:52:25,Bernard Baxter,bernard.baxter@hotmail.com,,Email,Refund request,Resolved,04:53
SUPPORT,SUP003865,SUP003865,2025-11-06 10:42:22,George Smith,george.smith@hotmail.com,+44 7778388741,Email,Refund request,Resolved,11:24
SUPPORT,SUP003866,SUP003866,2025-11-06 11:19:47,Howard Saunders,howard.saunders@hotmail.co.uk,+44 7982093386,Email,Accessibility,Resolved,08:41
SUPPORT,SUP003867,SUP003867,2025-11-06 15:15:51,Michelle Adams,michelle.adas@hotmail.com,,Email,Complaint,Resolved,13:19
SUPPORT,SUP003868,SUP003868,2025-11-06 16:01:48,Rhys Dunn,rhys.dunn@gmail.com,,Email,Refund request,Resolved,24:36
SUPPORT,SUP003869,SUP003869,2025-11-06 16:11:45,Jack Sinclair,jakc.sinclair@gmail.com,+44 7943557069,Email,Refund request,Open,
SUPPORT,SUP003870,SUP003870,2025-11-06 19:11:04,Henry Watson,henry.watson@gmail.com,+44 7397922647,Email,Refund request,Resolved,20:29
SUPPORT,SUP003871,SUP003871,2025-11-06 20:46:10,Elaine Young,elaine.young@hotmail.com,+44 7180950989,Email,Refund request,Resolved,05:37
SUPPORT,SUP003872,SUP003872,2025-11-06 21:03:02,Barry Begum,barry.begum@yahoo.com,+44 7009549253,Email,Refund request,Resolved,07:08
SUPPORT,SUP003873,SUP003873,2025-11-06 22:26:04,Timothy Wilson,,+44 7749297871,Phone,Complaint,Resolved,21:01
SUPPORT,SUP003874,SUP003874,2025-11-06 22:51:56,Jacqueline Hopkins,jacqueline.hopkins@hotmail.com,+44 7616577623,Email,Accessibility,Resolved,19:02
SUPPORT,SUP003875,SUP003875,2025-11-06 23:13:51,Sheila Kelly,sheila.kelly@yahoo.com,+44 7830004825,Email,Enquiry,Resolved,05:27
SUPPORT,SUP003876,SUP003876,2025-11-07 01:05:52,Teresa Coles,teresa.coles@gmail.com,+44 7984441903,Email,Complaint,Resolved,28:47
SUPPORT,SUP003877,SUP003877,2025-11-07 03:37:05,Albert Shaw,,+44 7632374253,Phone,Refund request,Resolved,13:08
SUPPORT,SUP003878,SUP003878,2025-11-07 04:37:43,Terry Patel,terry.patel@hotmail.com,+44 7745358665,Email,Accessibility,Resolved,08:14
SUPPORT,SUP003879,SUP003879,2025-11-07 05:37:58,Michelle Young,michelle.young@gmail.com,+44 7317323188,Email,Enquiry,Resolved,00:42
SUPPORT,SUP003880,SUP003880,2025-11-07 06:26:45,Karl Page,karl.page@gmail.com,+44 7455511798,Email,Complaint,Resolved,05:33
SUPPORT,SUP003881,SUP003881,2025-11-07 07:25:47,Sheila Daniels,sheila.danels@yahoo.com,+44 7915120118,Email,Enquiry,Resolved,05:39
SUPPORT,SUP003882,SUP003882,2025-11-07 08:35:48,Maria Hughes,maria.hughes@hotmail.com,+44 7709077368,Email,Refund request,Resolved,12:13
SUPPORT,SUP003883,SUP003883,2025-11-07 09:03:50,Helen Anderson,helen.anderson@hotmail.com,+44 7587404868,Phone,Accessibility,Resolved,13:31
SUPPORT,SUP003884,SUP003884,2025-11-07 10:28:28,Alex Allen,alxe.allen@wanadoo.fr,+44 7072756385,Phone,Complaint,Open,
SUPPORT,SUP003885,SUP003885,2025-11-07 11:49:23,Ellie O'Sullivan,ellie.osullivan@yahoo.com,,Email,Refund request,Resolved,03:27
SUPPORT,SUP003886,SUP003886,2025-11-07 12:56:00,Katy Harrison,kat.yharrison@yahoo.com,+44 7706778257,Email,Enquiry,Resolved,03:55
SUPPORT,SUP003887,SUP003887,2025-11-07 12:57:04,Sara Burns,sara.burns@gmail.com,,Email,Complaint,Resolved,16:58
SUPPORT,SUP003888,SUP003888,2025-11-07 14:20:27,Timothy Davies,timothy.davies@hotmail.com,+44 7460799413,Email,Enquiry,Resolved,06:36
SUPPORT,SUP003889,SUP003889,2025-11-07 15:05:45,Zoe Murray,zoe.murray@aol.com,+44 7895441905,Email,Refund request,Resolved,24:41
SUPPORT,SUP003890,SUP003890,2025-11-07 15:21:47,Catherine Leonard,catherine.leonard@orange.fr,+44 7635389098,Email,Complaint,Resolved,03:53
SUPPORT,SUP003891,SUP003891,2025-11-07 15:51:17,Harry Joyce,harry.joyce@yahoo.com,+44 7258572184,Email,Enquiry,Resolved,10:23
SUPPORT,SUP003892,SUP003892,2025-11-07 16:49:12,Stewart Davies,stewart.davies@hotmail.com,+44 7224406310,Phone,Enquiry,Resolved,03:51
SUPPORT,SUP003893,SUP003893,2025-11-07 19:12:14,Michelle Hanson,michelle.hanson@yahoo.com,+44 7356222911,Email,Accessibility,Resolved,25:04
SUPPORT,SUP003894,SUP003894,2025-11-07 19:46:44,Danny Ellis,danny.ellis@orange.fr,,Email,Accessibility,Resolved,06:11
SUPPORT,SUP003895,SUP003895,2025-11-07 20:56:23,Ruth Walker,ruth.walker@yahoo.com,+44 7124522225,Phone,Refund request,Resolved,17:52
SUPPORT,SUP003896,SUP003896,2025-11-08 00:00:38,Dale Dunn,dale.dunn@gmail.com,+44 7873834104,Email,Enquiry,Resolved,04:33
SUPPORT,SUP003897,SUP003897,2025-11-08 01:42:30,Jonathan Ward,jonathan.ward@aol.com,+44 7553302827,Phone,Enquiry,Resolved,03:35
SUPPORT,SUP003898,SUP003898,2025-11-08 04:39:29,Jemma Roberts,jemma.roberts@yahoo.com,+44 7929057253,Email,Refund request,Resolved,18:43
SUPPORT,SUP003899,SUP003899,2025-11-08 05:54:50,Tracey Andrews,tracey.andrews@gmail.com,+44 7720992086,Email,Enquiry,Resolved,01:55
SUPPORT,SUP003900,SUP003900,2025-11-08 07:40:21,Cameron Roberts,cameron.roberts@gmail.com,+44 7192524334,Email,Enquiry,Resolved,04:11
SUPPORT,SUP003901,SUP003901,2025-11-08 10:59:21,John Kaur,john.kaur@hotmail.com,,Email,Refund request,Resolved,04:51
SUPPORT,SUP003902,SUP003902,2025-11-08 15:17:27,Jason Wood,jason.wood@gmail.com,+44 7919445273,Phone,Refund request,Resolved,36:45
SUPPORT,SUP003903,SUP003903,2025-11-08 15:37:54,Joanna Jones,joanna.jones@yahoo.com,,Email,Enquiry,Resolved,07:23
SUPPORT,SUP003904,SUP003904,2025-11-08 16:54:32,Susan Williams,,+44 7571764003,Phone,Refund request,Resolved,05:36
SUPPORT,SUP003905,SUP003905,2025-11-08 17:36:09,Donna Moore,donna.moore@yahoo.fr,,Email,Refund request,Resolved,14:47
SUPPORT,SUP003906,SUP003906,2025-11-08 20:15:02,Barry Turnbull,barry.turnbull@yahoo.com,+44 7318407775,Email,Refund request,Open,
SUPPORT,SUP003907,SUP003907,2025-11-08 20:36:36,Louise Reynolds,louise.reynolds@hotmail.com,+44 7929766499,Email,Refund request,Resolved,12:06
SUPPORT,SUP003908,SUP003908,2025-11-08 23:22:34,Derba Webb,debra.webb@hotmail.com,+44 7190239236,Email,Refund request,Resolved,14:58
SUPPORT,SUP003909,SUP003909,2025-11-09 00:47:48,Ian Jones,ian.jones@yahoo.com,,Email,Refund request,Resolved,21:12
SUPPORT,SUP003910,SUP003910,2025-11-09 02:40:58,Reece Turner,reece.turner@gmail.com,+44 7475022443,Phone,Enquiry,Resolved,05:46
SUPPORT,SUP003911,SUP003911,2025-11-09 03:00:20,Christopher Peacock,,+44 7725852812,Phone,Accessibility,Resolved,09:01
SUPPORT,SUP003912,SUP003912,2025-11-09 03:22:56,Rosemary Dunn,rosemary.dunn@gmail.com,+44 7978178496,Email,Refund request,Resolved,33:03
SUPPORT,SUP003913,SUP003913,2025-11-09 04:55:03,Gordon Simpson,gordon.simpson@hotmail.com,,Email,Enquiry,Open,
SUPPORT,SUP003914,SUP003914,2025-11-09 06:22:40,Alexander Potter,alexander.potter@aol.com,+44 7915417629,Phone,Enquiry,Resolved,12:44
SUPPORT,SUP003915,SUP003915,2025-11-09 06:33:56,Susan Miller,susan.miler@gmail.com,+44 7065804368,Email,Refund request,Open,
SUPPORT,SUP003916,SUP003916,2025-11-09 07:35:25,Teresa Marsh,teresa.marsh@yahoo.com,+44 7425947520,Email,Enquiry,Resolved,05:50
SUPPORT,SUP003917,SUP003917,2025-11-09 07:58:34,Simon Thomas,simon.thomas@yahoo.com,+44 7913028025,Phone,Refund request,Open,
SUPPORT,SUP003918,SUP003918,2025-11-09 08:19:02,Holly Powell,holly.powell@yahoo.com,,Email,Enquiry,Open,
SUPPORT,SUP003919,SUP003919,2025-11-09 09:37:39,Garry Perry,garry.perry@aol.com,,Email,Complaint,Open,
SUPPORT,SUP003920,SUP003920,2025-11-09 11:16:14,Carole Reeves,carole.reeves@gmail.com,+44 7791572788,Email,Refund request,Open,
SUPPORT,SUP003921,SUP003921,2025-11-09 12:18:51,Grace Turner,grace.turner2@gmail.com,+44 7634766878,Phone,Refund request,Resolved,31:03
SUPPORT,SUP003922,SUP003922,2025-11-09 14:01:14,Chloe Stewart,chloe.stewart@yahoo.com,,Email,Refund request,Resolved,20:21
SUPPORT,SUP003923,SUP003923,2025-11-09 14:24:53,Brett Finch,brett.finch@aol.com,,Email,Refund request,Resolved,37:16
SUPPORT,SUP003924,SUP003924,2025-11-09 16:25:05,Charles Thornton,charles.thorntn@yahoo.com,+44 7012569548,Email,Refund request,Resolved,04:18
SUPPORT,SUP003925,SUP003925,2025-11-09 17:27:48,Dorothy Ryan,dorothy.ryan@hotmail.com,+44 7991106724,Email,Refund request,Resolved,44:23
SUPPORT,SUP003926,SUP003926,2025-11-09 18:04:18,Joanna Davies,joanna.davies@yahoo.com,+44 7544469341,Phone,Complaint,Resolved,32:44
SUPPORT,SUP003927,SUP003927,2025-11-09 19:12:06,Trevor Edwards,trevor.edwards@hotmail.com,,Email,Accessibility,Resolved,28:20
SUPPORT,SUP003928,SUP003928,2025-11-09 20:41:45,Jenna Knight,jenna.knight@yahoo.com,+44 7080351759,Email,Refund request,Resolved,09:03
SUPPORT,SUP003929,SUP003929,2025-11-09 21:48:37,Rachel Davies,rachel.davies@gmail.com,+44 7814427909,Phone,Complaint,Resolved,19:41
SUPPORT,SUP003930,SUP003930,2025-11-09 22:38:04,Cheryl Smith,cheryl.smith@yahoo.com,+44 7087934688,Phone,Refund request,Resolved,22:17
SUPPORT,SUP003931,SUP003931,2025-11-09 23:49:19,Anne Jenkins,anne.jenkins@gmail.com,+44 7577050879,Phone,Refund request,Resolved,10:21
SUPPORT,SUP003932,SUP003932,2025-11-10 00:40:06,Ellie Allen,ellie.allen@hotmail.com,+44 7643810551,Email,Refund request,Resolved,15:18
SUPPORT,SUP003933,SUP003933,2025-11-10 01:20:04,Bernard Pery,bernard.perry@gmail.com,+44 7988953538,Email,Refund request,Open,
SUPPORT,SUP003934,SUP003934,2025-11-10 07:32:04,Matthew Wood,mattehw.wood@gmail.com,,Email,Enquiry,Resolved,01:45
SUPPORT,SUP003935,SUP003935,2025-11-10 08:29:31,Jane Thompson,jane.thompson@gmail.com,+44 7403255034,Email,Refund request,Resolved,16:31
SUPPORT,SUP003936,SUP003936,2025-11-10 08:52:07,Kate Patel,kate.patel@gmail.com,+44 7995608608,Email,Complaint,Resolved,30:37
SUPPORT,SUP003937,SUP003937,2025-11-10 09:30:50,Terry Patel,terry.ptel@hotmail.com,+44 7745355665,Phone,Accessibility,Resolved,20:19
SUPPORT,SUP003938,SUP003938,2025-11-10 09:44:11,Megan Sanders,megan.sanders@hotmail.com,+44 7016326917,Email,Enquiry,Resolved,01:32
SUPPORT,SUP003939,SUP003939,2025-11-10 09:50:27,Simon Jenkins,simon.jenkins@hotmail.com,+44 7212448682,Email,Complaint,Resolved,39:38
SUPPORT,SUP003940,SUP003940,2025-11-10 09:54:23,Hollie Elliott,hollie.elliott@hotmail.com,+44 7185184620,Email,Accessibility,Resolved,10:23
SUPPORT,SUP003941,SUP003941,2025-11-10 15:30:07,Lindsey Stevens,lindsey.stevens@yahoo.com,+44 7799217799,Email,Accessibility,Resolved,01:04
SUPPORT,SUP003942,SUP003942,2025-11-10 16:11:34,Nicola Hobbs,nicola.hobbs@hotmail.com,+44 7998255951,Email,Complaint,Resolved,16:54
SUPPORT,SUP003943,SUP003943,2025-11-10 16:13:56,Gail Barker,gail.barker@gmail.com,+44 7034918323,Email,Accessibility,Resolved,12:37
SUPPORT,SUP003944,SUP003944,2025-11-10 17:26:59,Sophie Taylor,sophie.taylor@gmail.com,,Email,Refund request,Resolved,32:25
SUPPORT,SUP003945,SUP003945,2025-11-10 17:55:29,Geoffrey Morris,geoffrey.morris@hotmail.com,+44 7069034147,Email,Refund request,Resolved,08:29
SUPPORT,SUP003946,SUP003946,2025-11-10 19:09:33,JamesGray,james.gray@gmail.com,+44 7949984734,Phone,Refund request,Resolved,02:27
SUPPORT,SUP003947,SUP003947,2025-11-10 19:48:40,Leigh Stephenson,leigh.stephenson@yahoo.com,+44 7181043959,Email,Enquiry,Open,
SUPPORT,SUP003948,SUP003948,2025-11-10 20:42:05,Gregory Barber,gregory.barber@yahoo.com,,Email,Refund request,Resolved,10:58
SUPPORT,SUP003949,SUP003949,2025-11-10 22:12:02,Callum Cook,callum.cook@hotmail.co.uk,+44 7654540077,Phone,Complaint,Open,
SUPPORT,SUP003950,SUP003950,2025-11-10 22:57:57,Christopher Fox,,+44 7096817069,Phone,Enquiry,Resolved,07:08
SUPPORT,SUP003951,SUP003951,2025-11-11 03:27:06,Nicholas Forster,nicholas.forster@gmail.com,+44 7918196236,Email,Refund request,Open,
SUPPORT,SUP003952,SUP003952,2025-11-11 03:45:25,Owen Thomas,owen.thomas@yahoo.com,+44 7590800579,Email,Enquiry,Resolved,05:46
SUPPORT,SUP003953,SUP003953,2025-11-11 05:55:08,Tracey Burns,tracey.burns@gmail.com,+44 7697934074,Phone,Refund request,Resolved,18:12
SUPPORT,SUP003954,SUP003954,2025-11-11 06:33:15,Danielle Hayes,danielle.hayes@yahoo.com,+44 7545185091,Email,Refund request,Resolved,14:01
SUPPORT,SUP003955,SUP003955,2025-11-11 06:43:24,Lauren Howard,laren.howard@gmail.com,+44 7166028171,Phone,Accessibility,Open,
SUPPORT,SUP003956,SUP003956,2025-11-11 11:47:28,Kim Thomas,kim.thomas@aol.com,+44 7048814975,Email,Complaint,Resolved,36:10
SUPPORT,SUP003957,SUP003957,2025-11-11 12:34:22,Rita Miller,rita.miller@aol.com,,Email,Enquiry,Resolved,06:49
SUPPORT,SUP003958,SUP003958,2025-11-11 13:29:01,Diana Vincent,diana.vincent@gmail.com,+44 7439145979,Email,Refund request,Resolved,08:38
SUPPORT,SUP003959,SUP003959,2025-11-11 13:55:12,Cameron Smith,cameron.smith@hotmail.com,+44 7499071445,Phone,Enquiry,Resolved,14:02
SUPPORT,SUP003960,SUP003960,2025-11-11 15:49:17,Rhys Cook,rhys.cook@hotmail.com,+44 7945504709,Email,Complaint,Resolved,36:04
SUPPORT,SUP003961,SUP003961,2025-11-11 19:54:00,Gerald Thomas,gerald.thomas@gmail.com,+44 7094684702,Email,Refund request,Resolved,10:57
SUPPORT,SUP003962,SUP003962,2025-11-11 21:11:53,Carolyn Nicholson,carolyn.nicholson@gmail.com,,Email,Complaint,Resolved,25:40
SUPPORT,SUP003963,SUP003963,2025-11-11 22:24:12,Georgina Waters,georgina.waters@gmail.com,+44 7228559018,Email,Accessibility,Resolved,09:33
SUPPORT,SUP003964,SUP003964,2025-11-12 05:36:53,Anna Pugh,anna.pugh@yahoo.com,+44 7340153209,Email,Refund request,Resolved,04:42
SUPPORT,SUP003965,SUP003965,2025-11-12 06:14:23,Beth Naylor,beth.naylor@hotmail.co.uk,+44 7099659799,Email,Refund request,Resolved,04:46
SUPPORT,SUP003966,SUP003966,2025-11-12 06:18:29,Howard Wells,ohward.wells@gmail.com,+44 7380984583,Email,Accessibility,Resolved,01:39
SUPPORT,SUP003967,SUP003967,2025-11-12 11:01:35,Barbara Pearce,barbara.pearce@hotmail.com,+44 7103299286,Email,Accessibility,Resolved,20:37
SUPPORT,SUP003968,SUP003968,2025-11-12 12:24:15,Gareth Evans,gareth.evans@aol.com,+44 7226584460,Email,Refund request,Resolved,10:12
SUPPORT,SUP003969,SUP003969,2025-11-12 14:34:17,Tracy Williams,,+44 7948072582,Phone,Refund request,Resolved,10:36
SUPPORT,SUP003970,SUP003970,2025-11-12 15:02:08,Suzanne Baker,suzanne.baker@yahoo.com,+44 7380052838,Email,Refund request,Open,
SUPPORT,SUP003971,SUP003971,2025-11-12 15:31:11,Joanne Brady,joanne.brady@yahoo.com,+44 7101676583,Email,Complaint,Open,
SUPPORT,SUP003972,SUP003972,2025-11-12 16:00:35,Lucy Williams,lucy.williams@gmail.com,+44 7245229116,Email,Complaint,Resolved,44:18
SUPPORT,SUP003973,SUP003973,2025-11-12 16:09:28,Carolyn Nicholson,carolyn.nicholson@gmail.com,+44 7989450989,Phone,Refund request,Resolved,32:48
SUPPORT,SUP003974,SUP003974,2025-11-12 17:50:31,Heather Ahmed,heather.ahmed@yahoo.com,,Email,Refund request,Resolved,06:31
SUPPORT,SUP003975,SUP003975,2025-11-12 20:20:26,Mark Davies,mark.davies@hotmail.co.uk,+44 7479273382,Email,Refund request,Resolved,29:18
SUPPORT,SUP003976,SUP003976,2025-11-13 00:34:50,Marion Wells,marion.wells@yahoo.com,+44 7878763619,Email,Refund request,Resolved,13:51
SUPPORT,SUP003977,SUP003977,2025-11-13 00:35:26,James Burton,,+44 7279652679,Phone,Refund request,Resolved,19:54
SUPPORT,SUP003978,SUP003978,2025-11-13 01:23:13,Georgia Wright,,+44 7350334034,Phone,Accessibility,Resolved,10:42
SUPPORT,SUP003979,SUP003979,2025-11-13 01:47:25,Joe Mason,joe.mason@hotmail.com,+44 7834174733,Email,Enquiry,Resolved,01:01
SUPPORT,SUP003980,SUP003980,2025-11-13 02:09:22,Melanie Lawson,melanie.lawson@gmail.com,+44 7954201228,Phone,Refund request,Resolved,06:58
SUPPORT,SUP003981,SUP003981,2025-11-13 02:57:09,Dylan Davies,dylan.davies@hotmail.com,+44 7600693123,Email,Accessibility,Resolved,09:58
SUPPORT,SUP003982,SUP003982,2025-11-13 07:33:24,Charlene Smith,charlene.smith@msn.com,+44 7256351342,Email,Refund request,Resolved,14:58
SUPPORT,SUP003983,SUP003983,2025-11-13 09:28:15,Graeme Dixon,graeme.dixon@hotmail.com,+44 7102379550,Phone,Accessibility,Open,
SUPPORT,SUP003984,SUP003984,2025-11-13 10:43:27,Sarah Hunt,sarah.hunt@aol.com,,Email,Enquiry,Resolved,00:30
SUPPORT,SUP003985,SUP003985,2025-11-13 10:44:30,Cheryl O'Connor,cheryl.oconnor@yahoo.com,,Email,Complaint,Resolved,32:21
SUPPORT,SUP003986,SUP003986,2025-11-13 12:01:46,Oliver Morley,oliver.morley@hotmail.com,,Email,Refund request,Resolved,06:34
SUPPORT,SUP003987,SUP003987,2025-11-13 13:48:14,Lydia Webster,lydia.webster@yahoo.com,+44 7556508163,Email,Refund request,Resolved,13:14
SUPPORT,SUP003988,SUP003988,2025-11-13 16:58:19,Alan Moore,alan.moore@yahoo.com,,Email,Accessibility,Open,
SUPPORT,SUP003989,SUP003989,2025-11-13 17:26:13,Craig Harris,craig.harris@wanadoo.fr,+44 7311696437,Email,Accessibility,Resolved,25:20
SUPPORT,SUP003990,SUP003990,2025-11-13 17:44:13,Claire Wilson,claire.wilson@hotmail.fr,+44 7710398218,Email,Refund request,Open,
SUPPORT,SUP003991,SUP003991,2025-11-13 18:35:53,Aimee Khan,aimee.khan@yahoo.com,+44 7927722862,Email,Refund request,Resolved,38:37
SUPPORT,SUP003992,SUP003992,2025-11-13 19:47:12,Jacob Dickinson,jacob.dickinson@gmail.com,+44 7730732348,Email,Complaint,Resolved,49:50
SUPPORT,SUP003993,SUP003993,2025-11-13 20:29:27,Geraldine Sanderson,geraldine.saderson@yahoo.com,+44 7992524581,Email,Accessibility,Resolved,11:24
SUPPORT,SUP003994,SUP003994,2025-11-13 23:30:35,Joel Barrett,joel.barrett@gmail.com,,Email,Refund request,Resolved,12:34
SUPPORT,SUP003995,SUP003995,2025-11-14 01:39:29,Dawn McLean,dawn.mclean@hotmail.com,+44 7060954438,Email,Refund request,Open,
SUPPORT,SUP003996,SUP003996,2025-11-14 02:10:56,Alan Richards,alan.richards@yahoo.com,+44 7237658363,Email,Complaint,Resolved,33:51
SUPPORT,SUP003997,SUP003997,2025-11-14 02:19:07,Holly Roberts,,+44 7137396449,Phone,Complaint,Resolved,12:29
SUPPORT,SUP003998,SUP003998,2025-11-14 02:32:31,Bethany Warnr,bethany.warner@orange.fr,+44 7929242243,Email,Refund request,Open,
SUPPORT,SUP003999,SUP003999,2025-11-14 03:04:13,Leon Taylor,leon.taylor@gmail.com,+44 7738480522,Email,Refund request,Resolved,13:26
SUPPORT,SUP004000,SUP004000,2025-11-14 04:08:30,Mohamed Day,mohamed.day@gmail.com,+44 7979109109,Email,Refund request,Resolved,12:35
SUPPORT,SUP004001,SUP004001,2025-11-14 04:54:25,Bernard May,bernard.may@yahoo.com,+44 7077460093,Phone,Complaint,Resolved,25:04
SUPPORT,SUP004002,SUP004002,2025-11-14 07:28:10,Chelsea Marshall,chelsea.marshall@yahoo.fr,+44 7781803147,Email,Accessibility,Resolved,03:20
SUPPORT,SUP004003,SUP004003,2025-11-14 07:32:54,Simon Howell,simon.howell@gmail.com,,Email,Enquiry,Resolved,12:23
SUPPORT,SUP004004,SUP004004,2025-11-14 07:54:49,Frank Jackson,frank.jackson@hotmail.com,+44 7876219413,Email,Refund request,Resolved,72:00
SUPPORT,SUP004005,SUP004005,2025-11-14 11:08:57,Christine Smith,chrisitne.smith@yahoo.com,+44 7815605252,Email,Refund request,Resolved,16:28
SUPPORT,SUP004006,SUP004006,2025-11-14 14:12:06,Amelia Jordan,amelia.jordan@yahoo.com,,Email,Refund request,Resolved,28:11
SUPPORT,SUP004007,SUP004007,2025-11-14 17:40:46,Jayne Willis,jayne.willis@gmail.com,+44 7084752078,Phone,Accessibility,Resolved,01:54
SUPPORT,SUP004008,SUP004008,2025-11-14 19:25:27,Alice Hall,alice.hall@gmail.com,+44 7130012094,Email,Enquiry,Resolved,11:30
SUPPORT,SUP004009,SUP004009,2025-11-14 21:31:55,Declan Sharp,declan.sharp@hotmail.com,+44 7744846519,Email,Refund request,Resolved,07:26
SUPPORT,SUP004010,SUP004010,2025-11-14 23:27:55,Dorothy White,dorothy.white@hotmail.com,+44 7187591118,Phone,Enquiry,Resolved,03:33
SUPPORT,SUP004011,SUP004011,2025-11-15 00:04:15,Natasha Porter,natasha.porter@yahoo.com,,Email,Complaint,Resolved,09:10
SUPPORT,SUP004012,SUP004012,2025-11-15 02:18:10,Hayley Patel,hayley.patel@gmail.com,+44 7493860350,Email,Refund request,Resolved,23:22
SUPPORT,SUP004013,SUP004013,2025-11-15 03:51:35,Lynda Reynolds,lynda.reynolds@hotmail.com,+44 7545091338,Email,Refund request,Resolved,16:17
SUPPORT,SUP004014,SUP004014,2025-11-15 04:27:54,Dean Turner,dean.turner@yahoo.com,,Email,Accessibility,Resolved,02:32
SUPPORT,SUP004015,SUP004015,2025-11-15 04:50:45,Jodie James,jodie.james@aol.com,+44 7115856724,Email,Enquiry,Resolved,06:02
SUPPORT,SUP004016,SUP004016,2025-11-15 07:54:40,Marion Lawrence,marion.lawrence@yahoo.com,+44 7735445335,Email,Refund request,Resolved,03:11
SUPPORT,SUP004017,SUP004017,2025-11-15 08:43:57,Charlie White,charlie.white@hotmail.com,+44 7456793947,Phone,Refund request,Resolved,32:28
SUPPORT,SUP004018,SUP004018,2025-11-15 11:52:47,Iain Wall,iain.wall@yahoo.com,+44 7278618277,Email,Refund request,Resolved,15:27
SUPPORT,SUP004019,SUP004019,2025-11-15 17:05:19,Carole Smith,carole.smith@hotmail.com,+44 7567109365,Email,Enquiry,Resolved,12:21
SUPPORT,SUP004020,SUP004020,2025-11-15 23:19:58,Josh Jackson,josh.jackson@gmail.com,+44 7930684488,Email,Refund request,Resolved,05:47
SUPPORT,SUP004021,SUP004021,2025-11-16 01:51:06,Alison Green,alison.green@yahoo.com,,Email,Complaint,Open,
SUPPORT,SUP004022,SUP004022,2025-11-16 04:05:59,Hayley Roberts,hayley.roerts@yahoo.com,+44 7697370373,Email,Complaint,Open,
SUPPORT,SUP004023,SUP004023,2025-11-16 04:29:50,Gerald Sinclair,gerald.sinclair@yahoo.com,+44 7701339583,Phone,Refund request,Resolved,62:04
SUPPORT,SUP004024,SUP004024,2025-11-16 05:35:15,Lawrence Brown,lawrence.brown@gmail.com,+44 7328487475,Email,Enquiry,Resolved,09:34
SUPPORT,SUP004025,SUP004025,2025-11-16 07:06:16,Julie Reeves,julie.reeves@msn.com,,Email,Refund request,Open,
SUPPORT,SUP004026,SUP004026,2025-11-16 07:16:42,Julia Allen,julia.allen@hotmail.co.uk,+44 7875129055,Phone,Complaint,Resolved,36:15
SUPPORT,SUP004027,SUP004027,2025-11-16 09:40:10,Stephen Brown,stephen.brown@aol.com,+44 7680198850,Phone,Complaint,Open,
SUPPORT,SUP004028,SUP004028,2025-11-16 10:59:16,Diana Stevens,diana.stevens@yahoo.com,+44 7679276262,Email,Refund request,Open,
SUPPORT,SUP004029,SUP004029,2025-11-16 13:04:21,Tracy Thomas,tracy.thomas@hotmail.com,+44 7524723687,Email,Accessibility,Resolved,10:16
SUPPORT,SUP004030,SUP004030,2025-11-16 14:08:34,Owen Burke,owen.burke@yahoo.com,+44 7948646467,Email,Enquiry,Resolved,02:36
SUPPORT,SUP004031,SUP004031,2025-11-16 14:50:32,Marilyn Fuller,,+44 7895155969,Phone,Enquiry,Open,
SUPPORT,SUP004032,SUP004032,2025-11-16 15:38:51,Suzanne Hill,suzanne.hill@hotmail.com,+44 7307331716,Email,Refund request,Open,
SUPPORT,SUP004033,SUP004033,2025-11-16 17:55:10,Maurice Robson,maurice.robson@hotmail.com,+44 7209567035,Email,Refund request,Resolved,08:00
SUPPORT,SUP004034,SUP004034,2025-11-16 20:42:21,Josh Stokes,josh.stokes@gmail.com,+44 7384024690,Phone,Complaint,Resolved,27:01
SUPPORT,SUP004035,SUP004035,2025-11-16 21:32:12,Joel Mitchell,joel.mitchell@yahoo.com,+44 7260079923,Email,Refund request,Resolved,33:39
SUPPORT,SUP004036,SUP004036,2025-11-16 22:12:03,Emily Jones,,+44 7189806890,Phone,Enquiry,Resolved,08:09
SUPPORT,SUP004037,SUP004037,2025-11-17 00:15:09,Katy Bailey,katy.bailey@gmail.com,+44 7743109349,Phone,Refund request,Resolved,14:12
SUPPORT,SUP004038,SUP004038,2025-11-17 04:10:36,Jonathan Lynch,jonathan.lynch@yahoo.com,+44 7007089487,Email,Enquiry,Resolved,02:45
SUPPORT,SUP004039,SUP004039,2025-11-17 04:39:31,Barry Marshall,barry.marshall@hotmail.com,+44 7606866932,Email,Refund request,Resolved,07:55
SUPPORT,SUP004040,SUP004040,2025-11-17 08:16:37,Helen Hopkins,helen.hopkins@hotmail.com,+44 7577247834,Email,Enquiry,Open,
SUPPORT,SUP004041,SUP004041,2025-11-17 08:58:51,Owen Burke,owen.burke@yahoo.com,+44 7948646467,Phone,Accessibility,Resolved,14:15
SUPPORT,SUP004042,SUP004042,2025-11-17 10:56:08,Edward Cooper,edward.cooper@gmail.com,+44 7915785192,Phone,Enquiry,Resolved,02:59
SUPPORT,SUP004043,SUP004043,2025-11-17 13:09:18,Marilyn Fuller,marilyn.fuller@hotmail.com,+44 7094482226,Email,Complaint,Resolved,08:23
SUPPORT,SUP004044,SUP004044,2025-11-17 13:11:47,Max Smith,max.smith@yahoo.com,+44 7625025170,Email,Complaint,Resolved,11:03
SUPPORT,SUP004045,SUP004045,2025-11-17 14:55:10,Gareth King,gareth.king@yahoo.com,+44 7285665592,Email,Accessibility,Resolved,04:24
SUPPORT,SUP004046,SUP004046,2025-11-17 22:35:24,Carolyn Nicholson,carolyn.nicholson@gmail.com,+44 7989450989,Email,Enquiry,Resolved,06:40
SUPPORT,SUP004047,SUP004047,2025-11-17 22:49:11,Gary Wells,gary.wells@hotmail.com,+44 7052085579,Email,Accessibility,Resolved,25:17
SUPPORT,SUP004048,SUP004048,2025-11-17 23:00:26,Victor Stewart,victor.stewart@hotmail.com,+44 7313238730,Phone,Accessibility,Resolved,07:58
SUPPORT,SUP004049,SUP004049,2025-11-18 01:10:15,Joe Hopkins,joe.hopkins@gmail.com,+44 7294245673,Email,Accessibility,Resolved,14:50
SUPPORT,SUP004050,SUP004050,2025-11-18 05:00:59,Janet Robinso,janet.robinson@hotmail.com,+44 7685009394,Phone,Complaint,Resolved,16:59
SUPPORT,SUP004051,SUP004051,2025-11-18 06:09:54,Leah King,leah.king@aol.com,+44 7458826560,Email,Refund request,Open,
SUPPORT,SUP004052,SUP004052,2025-11-18 07:16:52,Dennis Gardiner,dennis.gardiner@hotmail.co.uk,+44 7191260640,Email,Complaint,Resolved,39:16
SUPPORT,SUP004053,SUP004053,2025-11-18 08:16:09,Karen Carroll,karen.carroll@yahoo.com,+44 7497153391,Email,Enquiry,Resolved,07:31
SUPPORT,SUP004054,SUP004054,2025-11-18 08:29:08,Abbie Ellis,abbie.ellis@gmail.com,+44 7497945720,Email,Accessibility,Resolved,25:51
SUPPORT,SUP004055,SUP004055,2025-11-18 09:13:50,Patricia Jones,patricia.jones@gmail.com,,Email,Enquiry,Resolved,04:06
SUPPORT,SUP004056,SUP004056,2025-11-18 09:49:05,Vanessa Jones,vanessa.jones@yahoo.com,+44 7756681009,Phone,Accessibility,Open,
SUPPORT,SUP004057,SUP004057,2025-11-18 13:17:31,Molly Warren,molly.warren@gmail.com,+44 7278498159,Phone,Accessibility,Resolved,03:07
SUPPORT,SUP004058,SUP004058,2025-11-18 13:17:42,Gareth Stephenson,gareth.stephenson@gmail.com,+44 7108176640,Email,Accessibility,Resolved,10:34
SUPPORT,SUP004059,SUP004059,2025-11-18 14:21:45,Charlotte Wilson,charlotte.wilson@yahoo.com,+44 7042041219,Email,Complaint,Resolved,18:04
SUPPORT,SUP004060,SUP004060,2025-11-18 14:53:05,Graham Dyer,graham.dyer@yahoo.com,,Email,Complaint,Resolved,18:27
SUPPORT,SUP004061,SUP004061,2025-11-18 15:05:22,Roger Patel,roger.patel@hotmail.com,+44 7349956488,Email,Refund request,Resolved,16:31
SUPPORT,SUP004062,SUP004062,2025-11-18 15:46:10,Grace Begum,grace.begum@hotmail.com,+44 7042668685,Email,Refund request,Resolved,25:19
SUPPORT,SUP004063,SUP004063,2025-11-18 15:51:55,Nigel Webb,nigel.webb@gmail.com,+44 7351140035,Email,Refund request,Resolved,52:09
SUPPORT,SUP004064,SUP004064,2025-11-18 16:34:21,Lesley Russell,lesley.russell@yahoo.com,+44 7118192166,Email,Enquiry,Resolved,12:31
SUPPORT,SUP004065,SUP004065,2025-11-18 18:21:05,Anthony Potter,anthony.otter@hotmail.com,,Email,Refund request,Resolved,14:07
SUPPORT,SUP004066,SUP004066,2025-11-18 18:25:05,Kieran White,kieran.white@yahoo.com,+44 7743157703,Phone,Accessibility,Resolved,03:41
SUPPORT,SUP004067,SUP004067,2025-11-18 18:55:06,Leigh Marshall,leigh.marshall@hotmail.com,,Email,Enquiry,Resolved,01:46
SUPPORT,SUP004068,SUP004068,2025-11-18 19:20:44,Guy Hardy,guy.hardy@hotmail.com,,Email,Refund request,Resolved,13:39
SUPPORT,SUP004069,SUP004069,2025-11-18 19:44:43,aGry Haynes,,+44 7776694073,Phone,Enquiry,Resolved,00:57
SUPPORT,SUP004070,SUP004070,2025-11-18 19:55:36,Neil Simpson,neil.simpson@yahoo.com,,Email,Refund request,Resolved,04:10
SUPPORT,SUP004071,SUP004071,2025-11-18 20:41:03,Jade Brown,jade.brown@hotmail.fr,+44 7083927441,Phone,Refund request,Resolved,06:10
SUPPORT,SUP004072,SUP004072,2025-11-18 23:13:37,Callum Davis,callum.davis@hotmail.com,+44 7879822198,Phone,Refund request,Resolved,13:20
SUPPORT,SUP004073,SUP004073,2025-11-18 23:44:41,Anne Ali,anne.ali@aol.com,+44 7890927361,Email,Refund request,Resolved,45:59
SUPPORT,SUP004074,SUP004074,2025-11-18 23:53:55,Geoffrey Morris,geoffrey.morris@hotmail.com,,Email,Refund request,Resolved,14:38
SUPPORT,SUP004075,SUP004075,2025-11-19 06:34:23,Stephen Hill,,+44 7310009431,Phone,Enquiry,Resolved,02:11
SUPPORT,SUP004076,SUP004076,2025-11-19 07:46:41,Annette Webster,annette.webster@hotmail.com,,Email,Refund request,Resolved,23:30
SUPPORT,SUP004077,SUP004077,2025-11-19 08:57:02,Holly Griffin,holly.griffin@msn.com,+44 7985603645,Email,Accessibility,Resolved,05:31
SUPPORT,SUP004078,SUP004078,2025-11-19 12:08:46,Lesley Gibbs,lesley.gibbs@yahoo.com,,Email,Enquiry,Resolved,03:09
SUPPORT,SUP004079,SUP004079,2025-11-19 12:16:05,Lawrence Fletcher,lawrenc.fletcher@hotmail.com,+44 7382667461,Email,Enquiry,Resolved,24:55
SUPPORT,SUP004080,SUP004080,2025-11-19 13:24:54,Reece Smith,reece.smith2@yahoo.com,+44 7159363913,Phone,Accessibility,Resolved,20:38
SUPPORT,SUP004081,SUP004081,2025-11-19 15:34:24,Francis Miah,francismiah@yahoo.com,+44 7768915233,Email,Refund request,Resolved,06:57
SUPPORT,SUP004082,SUP004082,2025-11-19 16:29:08,Gary Atkinson,gary.atkinson@aol.com,,Email,Enquiry,Open,
SUPPORT,SUP004083,SUP004083,2025-11-19 21:56:38,Matthew Reeves,matthew.reeves@gmail.com,,Email,Complaint,Resolved,09:31
SUPPORT,SUP004084,SUP004084,2025-11-19 23:18:25,Gail oMore,,+44 7925218778,Phone,Complaint,Resolved,38:51
SUPPORT,SUP004085,SUP004085,2025-11-19 23:25:50,Sam Dale,sam.dale@gmail.com,+44 7881502345,Phone,Enquiry,Resolved,04:08
SUPPORT,SUP004086,SUP004086,2025-11-19 23:31:29,Amy Dennis,amy.dennis@gmail.com,+44 7692726203,Phone,Refund request,Resolved,31:54
SUPPORT,SUP004087,SUP004087,2025-11-20 03:42:06,Abigail Griffin,abigail.griffin@hotmail.com,+44 7430405356,Email,Accessibility,Resolved,24:01
SUPPORT,SUP004088,SUP004088,2025-11-20 04:01:08,Kayleigh Shah,kayleigh.shah@gmail.com,+44 7455679714,Email,Refund request,Resolved,36:30
SUPPORT,SUP004089,SUP004089,2025-11-20 04:52:44,Josh Jackson,josh.jackson@gmail.com,+44 7930684488,Email,Complaint,Resolved,03:49
SUPPORT,SUP004090,SUP004090,2025-11-20 07:43:33,Neil Harper,neil.harper@yahoo.com,+44 7676825966,Email,Accessibility,Resolved,10:23
SUPPORT,SUP004091,SUP004091,2025-11-20 08:04:03,Katherine Baldwin,katherineb.aldwin@yahoo.com,+44 7578386884,Phone,Enquiry,Resolved,06:57
SUPPORT,SUP004092,SUP004092,2025-11-20 09:09:46,Albert Coles,,+44 7515553392,Phone,Enquiry,Resolved,02:17
SUPPORT,SUP004093,SUP004093,2025-11-20 09:43:57,Brandon Barton,brandon.barton@hotmail.com,,Email,Refund request,Resolved,59:59
SUPPORT,SUP004094,SUP004094,2025-11-20 10:19:31,Ellie Harvey,ellie.harvey@hotmail.com,+44 7638098078,Phone,Accessibility,Open,
SUPPORT,SUP004095,SUP004095,2025-11-20 12:18:24,Lynne McCarthy,lynne.mccarthy@aol.com,+44 7749221094,Email,Enquiry,Resolved,03:09
SUPPORT,SUP004096,SUP004096,2025-11-20 13:55:42,Richard Turner,richard.turner@aol.com,+44 7751795259,Email,Refund request,Resolved,17:04
SUPPORT,SUP004097,SUP004097,2025-11-20 15:36:48,Clare Hart,clare.hart@gmail.com,+44 7945435358,Phone,Enquiry,Resolved,07:38
SUPPORT,SUP004098,SUP004098,2025-11-20 17:25:28,Edward O'Sullivan,,+44 7023789216,Phone,Refund request,Resolved,03:05
SUPPORT,SUP004099,SUP004099,2025-11-20 21:02:33,Graham Robinson,graham.robinson@hotmail.com,,Email,Refund request,Resolved,04:32
SUPPORT,SUP004100,SUP004100,2025-11-21 00:21:35,Wendy Green,wendy.gree2@hotmail.com,+44 7137585557,Email,Refund request,Resolved,19:42
SUPPORT,SUP004101,SUP004101,2025-11-21 00:26:14,Tracy Griffiths,tracy.griffiths@yahoo.com,+44 7600013574,Email,Accessibility,Open,
SUPPORT,SUP004102,SUP004102,2025-11-21 00:29:49,Christine Holmes,christine.holmes@hotmail.com,+44 7802851116,Email,Enquiry,Resolved,02:43
SUPPORT,SUP004103,SUP004103,2025-11-21 01:26:51,Stuart Dawson,stuart.dawson@hotmail.com,+44 7363328622,Email,Enquiry,Open,
SUPPORT,SUP004104,SUP004104,2025-11-21 02:54:30,Mohammed Jennings,mohammed.jennings@yahoo.com,+44 7764969277,Email,Refund request,Open,
SUPPORT,SUP004105,SUP004105,2025-11-21 04:58:18,Carol Hancock,carol.hancock@yahoo.com,,Email,Refund request,Resolved,37:58
SUPPORT,SUP004106,SUP004106,2025-11-21 06:05:16,Jonathan Lyons,jonathan.yons@aol.com,+44 7453458061,Phone,Enquiry,Resolved,06:49
SUPPORT,SUP004107,SUP004107,2025-11-21 06:45:25,Aaron O'Sullivan,aaron.osullivan@gmail.com,+44 7162209293,Email,Refund request,Resolved,25:32
SUPPORT,SUP004108,SUP004108,2025-11-21 07:28:15,Carl Barrett,carl.barrett@hotmail.com,+44 7721904180,Phone,Refund request,Resolved,34:54
SUPPORT,SUP004109,SUP004109,2025-11-21 08:03:09,Megan Lees,megan.lees@hotmail.com,+44 7673595383,Email,Accessibility,Open,
SUPPORT,SUP004110,SUP004110,2025-11-21 11:53:13,Vanessa Hancock,vaenssa.hancock@aol.com,+44 7586421518,Phone,Enquiry,Resolved,03:20
SUPPORT,SUP004111,SUP004111,2025-11-21 11:57:05,Beverley Clarke,beverley.clrke@yahoo.com,+44 7016312529,Email,Enquiry,Resolved,04:29
SUPPORT,SUP004112,SUP004112,2025-11-21 12:16:55,Lewis Quinn,lewis.quinn@hotmail.com,+44 7006092405,Email,Refund request,Resolved,18:15
SUPPORT,SUP004113,SUP004113,2025-11-21 12:35:00,Caroline French,caroline.french@hotmail.com,+44 7092824023,Email,Refund request,Resolved,23:07
SUPPORT,SUP004114,SUP004114,2025-11-21 15:59:18,Abigail Wood,abigail.wood@gmail.com,,Email,Enquiry,Resolved,21:36
SUPPORT,SUP004115,SUP004115,2025-11-21 16:47:27,Joyce North,joyce.north@yahoo.com,,Email,Enquiry,Resolved,02:52
SUPPORT,SUP004116,SUP004116,2025-11-21 18:59:02,Garry Brown,garry.brown@gmail.com,+44 7076883215,Email,Accessibility,Resolved,14:34
SUPPORT,SUP004117,SUP004117,2025-11-21 20:24:22,Sheila Lamb,sheila.lamb@aol.com,,Email,Enquiry,Resolved,11:35
SUPPORT,SUP004118,SUP004118,2025-11-22 00:38:32,Steven Gregory,steven.gregory@aol.com,+44 7203868820,Email,Refund request,Resolved,21:59
SUPPORT,SUP004119,SUP004119,2025-11-22 01:16:19,Thomas Chandler,thomas.chandler@yahoo.com,+44 7481587030,Email,Enquiry,Resolved,08:56
SUPPORT,SUP004120,SUP004120,2025-11-22 02:09:08,Brett Mitchell,brett.mitchell@hotmail.com,,Email,Refund request,Resolved,23:08
SUPPORT,SUP004121,SUP004121,2025-11-22 02:50:34,Stacey McLean,stacey.mclean@gmail.com,+44 7883659536,Email,Accessibility,Resolved,13:56
SUPPORT,SUP004122,SUP004122,2025-11-22 03:12:01,Gary Pollard,gary.pollard@gmail.com,+44 7234793226,Email,Refund request,Resolved,32:50
SUPPORT,SUP004123,SUP004123,2025-11-22 03:15:45,Aimee Morris,aimee.morris2@aol.com,,Email,Refund request,Resolved,12:45
SUPPORT,SUP004124,SUP004124,2025-11-22 05:25:11,Elliot Wall,,+44 7020013258,Phone,Refund request,Resolved,23:45
SUPPORT,SUP004125,SUP004125,2025-11-22 05:32:17,Joshua Harris,joshua.harris@yahoo.com,+44 7109925649,Phone,Complaint,Resolved,26:52
SUPPORT,SUP004126,SUP004126,2025-11-22 05:35:39,Margaret Norris,,+44 7730085875,Phone,Enquiry,Resolved,02:05
SUPPORT,SUP004127,SUP004127,2025-11-22 06:35:04,Roger Robinson,roger.robinson@yahoo.com,+44 7476759481,Email,Refund request,Resolved,02:26
SUPPORT,SUP004128,SUP004128,2025-11-22 06:36:55,Justin Hall,justin.hall@yahoo.com,,Email,Accessibility,Resolved,19:52
SUPPORT,SUP004129,SUP004129,2025-11-22 09:44:38,Jacob Taylor,acob.taylor@gmail.com,,Email,Accessibility,Resolved,31:45
SUPPORT,SUP004130,SUP004130,2025-11-22 11:01:43,Megan Hughes,,+44 7973659346,Phone,Refund request,Resolved,11:12
SUPPORT,SUP004131,SUP004131,2025-11-22 12:44:07,Leon Walker,leon.walker@yahoo.com,+44 7958723483,Email,Refund request,Resolved,02:55
SUPPORT,SUP004132,SUP004132,2025-11-22 16:19:15,Guy Barlow,guy.barlow@hotmail.com,+44 7562588880,Email,Refund request,Resolved,16:04
SUPPORT,SUP004133,SUP004133,2025-11-22 16:22:57,aBrry Ward,barry.ward@hotmail.fr,+44 7599618899,Email,Refund request,Resolved,15:47
SUPPORT,SUP004134,SUP004134,2025-11-22 16:47:24,Gerard Robertson,gerard.robertson@yahoo.com,,Email,Complaint,Resolved,30:12
SUPPORT,SUP004135,SUP004135,2025-11-22 17:52:10,Hazel Pearce,hazel.pearce@hotmail.com,+44 7697981907,Email,Refund request,Resolved,11:18
SUPPORT,SUP004136,SUP004136,2025-11-22 18:16:40,Jemma Hill,jemma.hill@yahoo.com,,Email,Enquiry,Resolved,07:43
SUPPORT,SUP004137,SUP004137,2025-11-22 20:08:37,Stacey Sutton,stacey.sutton@gmail.com,+44 7186746217,Email,Refund request,Resolved,26:42
SUPPORT,SUP004138,SUP004138,2025-11-22 21:47:05,Jonathan Parry,,+44 7623238851,Phone,Refund request,Resolved,24:36
SUPPORT,SUP004139,SUP004139,2025-11-22 22:42:39,Robin Norton,robin.norton@hotmail.com,+44 7943747846,Phone,Refund request,Resolved,06:46
SUPPORT,SUP004140,SUP004140,2025-11-23 00:56:21,Harriet Patel,harriet.patel@hotmail.com,+44 7566394771,Phone,Accessibility,Open,
SUPPORT,SUP004141,SUP004141,2025-11-23 02:40:15,Emma Smith,emma.smith@yahoo.fr,+44 7808041885,Email,Enquiry,Resolved,01:51
SUPPORT,SUP004142,SUP004142,2025-11-23 03:06:26,Ross Fleming,rsos.fleming@yahoo.com,+44 7217581019,Email,Refund request,Open,
SUPPORT,SUP004143,SUP004143,2025-11-23 04:47:08,Katie Haynes,katie.haynes@yahoo.com,+44 7130878395,Phone,Accessibility,Resolved,17:34
SUPPORT,SUP004144,SUP004144,2025-11-23 08:01:16,Jean Morris,jean.morris@gmail.com,+44 7520718496,Email,Refund request,Resolved,06:00
SUPPORT,SUP004145,SUP004145,2025-11-23 08:38:50,Francesca Simpson,fracesca.simpson@gmail.com,+44 7093109330,Email,Complaint,Resolved,10:32
SUPPORT,SUP004146,SUP004146,2025-11-23 09:00:34,Sylvia Collins,,+44 7558232484,Phone,Complaint,Resolved,24:54
SUPPORT,SUP004147,SUP004147,2025-11-23 09:08:42,Margaret Harper,,+44 7396672598,Phone,Refund request,Resolved,13:21
SUPPORT,SUP004148,SUP004148,2025-11-23 09:29:28,Lorraine Nicholls,lorraine.nicholls@wanadoo.fr,+44 7951404403,Email,Refund request,Resolved,18:30
SUPPORT,SUP004149,SUP004149,2025-11-23 10:05:39,Julia Dunn,julia.dunn@gmail.com,+44 7361583346,Email,Refund request,Resolved,18:21
SUPPORT,SUP004150,SUP004150,2025-11-23 15:44:08,Paul Hall,paul.hall@gmail.com,+44 7304474189,Email,Complaint,Resolved,70:32
SUPPORT,SUP004151,SUP004151,2025-11-23 15:49:50,Douglas Woods,douglas.woods@gmail.com,+44 7948772580,Phone,Refund request,Resolved,15:29
SUPPORT,SUP004152,SUP004152,2025-11-23 16:44:07,Patrick Davis,patrick.davis@hotmail.com,+44 7111784743,Email,Accessibility,Resolved,06:46
SUPPORT,SUP004153,SUP004153,2025-11-23 17:01:31,Roger Atkinson,roger.atkinson@hotmail.com,,Email,Refund request,Resolved,01:04
SUPPORT,SUP004154,SUP004154,2025-11-23 17:50:44,Cheryl Robson,cheryl.robson@gmail.com,+44 7073447724,Email,Complaint,Open,
SUPPORT,SUP004155,SUP004155,2025-11-23 18:03:25,Ross Wilson,ross.wilson@aol.com,+44 7635493104,Email,Enquiry,Resolved,01:53
SUPPORT,SUP004156,SUP004156,2025-11-23 18:53:58,Julia Turner,julia.turner@gmail.com,+44 7070598280,Email,Refund request,Resolved,23:04
SUPPORT,SUP004157,SUP004157,2025-11-23 19:17:37,Joanne Cooper,,+44 7879919726,Phone,Enquiry,Resolved,04:39
SUPPORT,SUP004158,SUP004158,2025-11-23 19:29:11,Leah Singh,leah.singh@hotmail.fr,+44 7757898807,Phone,Accessibility,Open,
SUPPORT,SUP004159,SUP004159,2025-11-23 19:55:14,Rebecca Baker,rebecca.baker@yahoo.com,,Email,Enquiry,Resolved,10:13
SUPPORT,SUP004160,SUP004160,2025-11-23 21:24:39,Kenneth Reed,kenneth.reed@yahoo.com,,Email,Enquiry,Resolved,10:49
SUPPORT,SUP004161,SUP004161,2025-11-23 22:27:21,Frederick Watkins,frederick.watkins@yahoo.com,,Email,Refund request,Resolved,12:49
SUPPORT,SUP004162,SUP004162,2025-11-23 22:32:03,Megan Richardson,megan.richardsno@msn.com,+44 7205033114,Email,Enquiry,Resolved,01:52
SUPPORT,SUP004163,SUP004163,2025-11-23 22:40:07,Bruce Thompson,bruce.thompson@hotmail.com,,Email,Enquiry,Resolved,04:20
SUPPORT,SUP004164,SUP004164,2025-11-23 22:56:43,Louise Carey,louise.carey@gmail.com,+44 7126730054,Email,Refund request,Resolved,52:39
SUPPORT,SUP004165,SUP004165,2025-11-23 23:38:09,Olivia Middleton,olivia.middleton@aol.com,+44 7889914030,Email,Complaint,Resolved,33:54
SUPPORT,SUP004166,SUP004166,2025-11-24 00:34:11,Barry Miller,barry.miller@hotmail.com,,Email,Refund request,Resolved,22:15
SUPPORT,SUP004167,SUP004167,2025-11-24 00:52:01,Karl Richardson,karl.richardson@gmail.com,+44 7249645817,Email,Enquiry,Resolved,09:51
SUPPORT,SUP004168,SUP004168,2025-11-24 02:28:51,Stuart Saunders,stuart.saunders@hotmail.com,,Email,Enquiry,Resolved,13:00
SUPPORT,SUP004169,SUP004169,2025-11-24 02:30:16,Mark Bell,mark.bell@gmail.com,+44 7505016975,Email,Refund request,Resolved,16:42
SUPPORT,SUP004170,SUP004170,2025-11-24 03:27:52,Bethany Ellis,,+44 7080752516,Phone,Enquiry,Resolved,06:21
SUPPORT,SUP004171,SUP004171,2025-11-24 03:30:04,Amanda Daly,amanda.daly@gmail.com,+44 7646835248,Email,Accessibility,Resolved,13:41
SUPPORT,SUP004172,SUP004172,2025-11-24 04:41:23,Graeme Hudson,graeme.hudson@yahoo.com,,Email,Complaint,Resolved,26:10
SUPPORT,SUP004173,SUP004173,2025-11-24 04:47:31,Oliver Smith,olivre.smith@gmail.com,+44 7288270041,Email,Refund request,Open,
SUPPORT,SUP004174,SUP004174,2025-11-24 07:59:47,Paula Charlton,paula.charlton@gmail.com,+44 7250905274,Email,Complaint,Resolved,15:45
SUPPORT,SUP004175,SUP004175,2025-11-24 08:49:49,Natalie Robinson,natalie.robinson@aol.com,+44 7982663809,Email,Complaint,Resolved,66:25
SUPPORT,SUP004176,SUP004176,2025-11-24 09:51:48,June Smith,june.smith@hotmail.com,+44 7497714545,Email,Complaint,Resolved,23:50
SUPPORT,SUP004177,SUP004177,2025-11-24 11:33:41,Paula Patel,,+44 7996164887,Phone,Enquiry,Resolved,07:09
SUPPORT,SUP004178,SUP004178,2025-11-24 14:43:11,Gary Taylor,gary.taylor@hotmail.fr,,Email,Accessibility,Resolved,15:26
SUPPORT,SUP004179,SUP004179,2025-11-24 14:55:54,Daniel Kennedy,daniel.kennedy@gmail.com,+44 7190045215,Email,Accessibility,Resolved,01:11
SUPPORT,SUP004180,SUP004180,2025-11-24 15:12:45,Carl Reid,carl.reid@yahoo.com,+44 7638725946,Email,Complaint,Open,
SUPPORT,SUP004181,SUP004181,2025-11-24 15:19:59,Danielle Hill,danielle.hill@yahoo.com,+44 7574078318,Phone,Enquiry,Resolved,06:54
SUPPORT,SUP004182,SUP004182,2025-11-24 15:58:22,Valerie Brennan,valerie.brennan@yahoo.com,,Email,Accessibility,Resolved,24:45
SUPPORT,SUP004183,SUP004183,2025-11-24 16:53:03,Gerard Harris,gerard.harris@hotmail.fr,+44 7469159320,Email,Complaint,Resolved,11:03
SUPPORT,SUP004184,SUP004184,2025-11-24 19:09:19,Lydia Webster,lydia.webster@yahoo.com,+44 7556508163,Phone,Enquiry,Resolved,06:53
SUPPORT,SUP004185,SUP004185,2025-11-24 20:18:11,Roger Young,roger.young@gmail.com,+44 7680544657,Email,Complaint,Resolved,25:55
SUPPORT,SUP004186,SUP004186,2025-11-24 20:24:10,Dale McCarthy,dale.mccarthy@gmail.com,+44 7690760034,Email,Refund request,Resolved,00:39
SUPPORT,SUP004187,SUP004187,2025-11-24 21:25:15,Chelsea Kay,chelsea.kay@hotmail.com,+44 7086926678,Email,Enquiry,Resolved,00:27
SUPPORT,SUP004188,SUP004188,2025-11-25 00:06:37,Tony Woodward,tony.woodward@gmail.com,+44 7383346947,Email,Refund request,Resolved,08:19
SUPPORT,SUP004189,SUP004189,2025-11-25 00:52:43,Nicholas Nolan,nicholas.nolan@gmail.com,+44 7874364928,Phone,Complaint,Resolved,04:37
SUPPORT,SUP004190,SUP004190,2025-11-25 02:15:53,Cheryl O'Connor,cheryl.oconnor@yahoo.com,+44 7348645081,Email,Accessibility,Resolved,03:00
SUPPORT,SUP004191,SUP004191,2025-11-25 02:21:57,Kathryn Bell,,+44 7866848174,Phone,Complaint,Resolved,30:37
SUPPORT,SUP004192,SUP004192,2025-11-25 02:27:00,Joyce Green,joycegreen@hotmail.com,+44 7442910806,Email,Accessibility,Open,
SUPPORT,SUP004193,SUP004193,2025-11-25 02:57:31,Christian Bibi,christain.bibi@hotmail.co.uk,+44 7413609144,Email,Accessibility,Open,
SUPPORT,SUP004194,SUP004194,2025-11-25 05:17:38,Mitchell Holmes,mitchell.olmes@yahoo.com,,Email,Enquiry,Resolved,06:28
SUPPORT,SUP004195,SUP004195,2025-11-25 06:28:39,James Gray,james.gray@gmail.com,+44 7949984734,Phone,Enquiry,Resolved,16:42
SUPPORT,SUP004196,SUP004196,2025-11-25 06:55:12,Wendy Abbott,wendy.abbott@aol.com,+44 7235187352,Email,Complaint,Open,
SUPPORT,SUP004197,SUP004197,2025-11-25 07:39:26,Lee Griffiths,,+44 7737683389,Phone,Accessibility,Resolved,21:24
SUPPORT,SUP004198,SUP004198,2025-11-25 08:09:43,Ruth Baker,ruth.baker@yahoo.com,+44 7028299839,Email,Accessibility,Resolved,11:18
SUPPORT,SUP004199,SUP004199,2025-11-25 10:30:03,Craig Hopkins,craig.hopkins@yahoo.com,+44 7542579167,Email,Refund request,Resolved,03:00
SUPPORT,SUP004200,SUP004200,2025-11-25 10:30:34,Jamie Scott,ajmie.scott@wanadoo.fr,+44 7300915082,Email,Accessibility,Resolved,14:22
SUPPORT,SUP004201,SUP004201,2025-11-25 10:36:06,Antony Knowles,antony.knowlse@gmail.com,+44 7828776692,Email,Accessibility,Resolved,20:49
SUPPORT,SUP004202,SUP004202,2025-11-25 12:41:41,Craig Quinn,craig.quinn@yahoo.com,+44 7924939347,Email,Accessibility,Resolved,29:13
SUPPORT,SUP004203,SUP004203,2025-11-25 17:29:01,Susan Kirby,susan.kirby@msn.com,+44 7063400368,Email,Refund request,Resolved,06:04
SUPPORT,SUP004204,SUP004204,2025-11-25 19:57:53,Gillian Taylor,gillian.taylor@hotmail.com,+44 7955990317,Email,Refund request,Resolved,23:10
SUPPORT,SUP004205,SUP004205,2025-11-25 20:53:03,Trevor Watkins,trevor.watkins@gmail.com,+44 7179695138,Email,Enquiry,Resolved,13:35
SUPPORT,SUP004206,SUP004206,2025-11-26 01:10:35,Francis Wood,francis.wood@yahoo.com,+44 7000497283,Email,Complaint,Resolved,29:10
SUPPORT,SUP004207,SUP004207,2025-11-26 03:41:59,Alison Green,alison.green@yahoo.com,+44 7724888577,Email,Accessibility,Resolved,07:53
SUPPORT,SUP004208,SUP004208,2025-11-26 03:51:03,Clifford Vincent,clifford.vincent@gmail.com,+44 7891118827,Email,Enquiry,Resolved,09:05
SUPPORT,SUP004209,SUP004209,2025-11-26 04:30:14,Kate Pearson,kaet.pearson@gmail.com,+44 7613694931,Email,Refund request,Resolved,26:38
SUPPORT,SUP004210,SUP004210,2025-11-26 07:26:27,Max Thompson,max.thompson@gmail.com,+44 7723732807,Email,Complaint,Resolved,35:13
SUPPORT,SUP004211,SUP004211,2025-11-26 07:27:55,Mark Stokes,mark.stokes@yahoo.com,+44 7017382900,Email,Accessibility,Resolved,14:07
SUPPORT,SUP004212,SUP004212,2025-11-26 07:48:19,Tom Payne,tom.payne@aol.com,+44 7745308540,Phone,Refund request,Resolved,02:10
SUPPORT,SUP004213,SUP004213,2025-11-26 10:21:25,Lisa Harper,lisa.harper@hotmail.com,,Email,Refund request,Resolved,13:12
SUPPORT,SUP004214,SUP004214,2025-11-26 11:14:31,Aimee Davidson,aimee.davidson@hotmail.com,+44 7057957494,Email,Enquiry,Resolved,07:54
SUPPORT,SUP004215,SUP004215,2025-11-26 11:39:23,Brandon Harrison,brandon.harrison@yahoo.com,,Email,Refund request,Resolved,09:22
SUPPORT,SUP004216,SUP004216,2025-11-26 12:23:54,Kyle Thomas,kyle.thomas@gmail.com,,Email,Refund request,Resolved,24:03
SUPPORT,SUP004217,SUP004217,2025-11-26 15:55:24,Stacey Rogers,stacey.rogers@yahoo.com,+44 7666917344,Email,Refund request,Resolved,05:08
SUPPORT,SUP004218,SUP004218,2025-11-26 17:16:55,Jacob Taylor,jacob.taylor@gmail.com,+44 7068673035,Email,Enquiry,Resolved,01:51
SUPPORT,SUP004219,SUP004219,2025-11-26 17:19:08,Marc Hartley,marc.hartley@gmail.com,+44 7281468570,Phone,Accessibility,Resolved,09:40
SUPPORT,SUP004220,SUP004220,2025-11-26 19:34:27,Lauren Roberts,lauren.roberts@gmail.com,+44 7317186568,Email,Refund request,Open,
SUPPORT,SUP004221,SUP004221,2025-11-26 20:08:13,Judith Wilkinson,judith.wilkinson@yahoo.com,+44 7783177492,Email,Accessibility,Resolved,29:55
SUPPORT,SUP004222,SUP004222,2025-11-26 20:56:04,Darren Kemp,darren.kemp@hotmail.com,,Email,Complaint,Resolved,07:51
SUPPORT,SUP004223,SUP004223,2025-11-26 21:29:46,Kerry Gough,kerry.gough@yahoo.com,+44 7072476077,Email,Complaint,Resolved,06:23
SUPPORT,SUP004224,SUP004224,2025-11-26 23:01:55,Leonard Davies,,+44 7052434579,Phone,Complaint,Resolved,45:22
SUPPORT,SUP004225,SUP004225,2025-11-26 23:58:54,Michael Murray,michael.murray@hotmail.fr,+44 7593774866,Phone,Complaint,Resolved,21:12
SUPPORT,SUP004226,SUP004226,2025-11-27 00:32:23,Brett Stewart,brett.stewart@gmail.com,+44 7412035493,Email,Refund request,Resolved,09:12
SUPPORT,SUP004227,SUP004227,2025-11-27 01:26:37,Eileen Kirby,eileen.kirby@aol.com,,Email,Refund request,Resolved,23:12
SUPPORT,SUP004228,SUP004228,2025-11-27 01:42:04,Hazel Lynch,hazel.lynch@hotmail.com,+44 7833657675,Phone,Refund request,Resolved,12:31
SUPPORT,SUP004229,SUP004229,2025-11-27 01:43:04,Arthur Simpson,arthur.simpson@yahoo.com,+44 7307520896,Phone,Enquiry,Resolved,10:06
SUPPORT,SUP004230,SUP004230,2025-11-27 01:48:44,Lawrence Jones,lawrence.jones@hotmail.com,+44 7246728017,Phone,Enquiry,Resolved,01:28
SUPPORT,SUP004231,SUP004231,2025-11-27 05:08:45,Sian Gregory,sian.gregory@gmail.com,+44 7738351019,Phone,Refund request,Resolved,18:25
SUPPORT,SUP004232,SUP004232,2025-11-27 06:12:59,Damian Jones,damian.jones3@hotmail.com,+44 7127050192,Phone,Accessibility,Resolved,17:45
SUPPORT,SUP004233,SUP004233,2025-11-27 08:35:47,Holly Adams,hloly.adams@hotmail.com,+44 7094276411,Phone,Enquiry,Resolved,04:49
SUPPORT,SUP004234,SUP004234,2025-11-27 09:16:58,Gemma Parsons,gemma.parsons@hotmail.com,+44 7926590987,Email,Refund request,Open,
SUPPORT,SUP004235,SUP004235,2025-11-27 09:45:53,Rosemary Ellis,rosemary.ellis@gmail.com,+44 7733653679,Email,Refund request,Resolved,32:34
SUPPORT,SUP004236,SUP004236,2025-11-27 10:15:32,Sara Law,sara.law@yahoo.com,+44 7472783972,Email,Enquiry,Open,
SUPPORT,SUP004237,SUP004237,2025-11-27 16:18:37,Donna Morris,donna.morris@yahoo.com,,Email,Refund request,Resolved,35:04
SUPPORT,SUP004238,SUP004238,2025-11-27 22:00:30,Janice Jones,janice.jones2@yahoo.com,+44 7457679582,Email,Refund request,Resolved,17:39
SUPPORT,SUP004239,SUP004239,2025-11-27 23:17:13,Carly Parsons,carly.parsons@yahoo.com,+44 7530616672,Phone,Enquiry,Resolved,11:33
SUPPORT,SUP004240,SUP004240,2025-11-28 00:09:19,Ellie Coleman,,+44 7112716066,Phone,Accessibility,Open,
SUPPORT,SUP004241,SUP004241,2025-11-28 01:20:25,Justin Wright,justi.wright@yahoo.com,,Email,Enquiry,Resolved,02:53
SUPPORT,SUP004242,SUP004242,2025-11-28 01:58:02,Tracy Griffiths,tracy.griffiths@yahoo.com,,Email,Refund request,Resolved,09:23
SUPPORT,SUP004243,SUP004243,2025-11-28 02:42:40,Shannon oward,shannon.howar@gmail.com,+44 7161499839,Email,Refund request,Resolved,26:30
SUPPORT,SUP004244,SUP004244,2025-11-28 06:13:31,Catherine Barker,catherine.barker@hotmail.com,+44 7786804093,Phone,Enquiry,Resolved,03:05
SUPPORT,SUP004245,SUP004245,2025-11-28 06:19:40,Aime Khan,aimee.khan@yahoo.com,,Email,Complaint,Resolved,22:14
SUPPORT,SUP004246,SUP004246,2025-11-28 07:45:53,Christopher King,christopher.king@gmail.com,+44 7995422084,Email,Refund request,Resolved,12:56
SUPPORT,SUP004247,SUP004247,2025-11-28 08:00:30,Kerry Gray,kerry.gray@yahoo.com,+44 7746203397,Email,Refund request,Resolved,15:17
SUPPORT,SUP004248,SUP004248,2025-11-28 13:42:54,Katy Bailey,,+44 7743109349,Phone,Refund request,Resolved,03:12
SUPPORT,SUP004249,SUP004249,2025-11-28 15:11:35,Beth Evans,beth.evans@hotmail.com,+44 7272164293,Email,Complaint,Resolved,22:18
SUPPORT,SUP004250,SUP004250,2025-11-28 16:06:16,Jean Jones,jean.jones@gmail.com,,Email,Refund request,Resolved,24:47
SUPPORT,SUP004251,SUP004251,2025-11-28 16:15:47,Mark Stokes,mark.stokes@yahoo.com,,Email,Refund request,Resolved,11:04
SUPPORT,SUP004252,SUP004252,2025-11-28 16:28:47,Neil Morgan,neil.morgan@yahoo.com,+44 7088037850,Email,Refund request,Resolved,09:58
SUPPORT,SUP004253,SUP004253,2025-11-28 16:33:25,Thomas Kelly,thomas.kelly@yahoo.com,+44 7496852755,Email,Refund request,Resolved,44:58
SUPPORT,SUP004254,SUP004254,2025-11-28 17:41:52,Trevor Shaw,trevor.shaw@gmail.com,+44 7061655738,Email,Enquiry,Resolved,04:42
SUPPORT,SUP004255,SUP004255,2025-11-28 19:23:38,Denise Greenwood,denise.greenwood@gmail.com,+44 7011942922,Email,Complaint,Resolved,20:06
SUPPORT,SUP004256,SUP004256,2025-11-29 00:49:17,Ronald Dunn,ronald.dunn@hotmail.com,,Email,Enquiry,Open,
SUPPORT,SUP004257,SUP004257,2025-11-29 00:52:35,Aimee Davidson,aimee.davidson@hotmail.com,+44 7057957494,Email,Refund request,Resolved,04:23
SUPPORT,SUP004258,SUP004258,2025-11-29 01:42:39,Dennis Mitchell,dennis.mitchell@hotmail.fr,+44 7613228573,Email,Accessibility,Open,
SUPPORT,SUP004259,SUP004259,2025-11-29 01:52:36,Victoria Hall,,+44 7853639749,Phone,Refund request,Resolved,16:50
SUPPORT,SUP004260,SUP004260,2025-11-29 03:18:13,Lynne McCarthy,lynne.mccarthy@aol.com,+44 7749221094,Email,Refund request,Resolved,08:45
SUPPORT,SUP004261,SUP004261,2025-11-29 05:25:52,Caroline Fisher,caroline.fisher@hotmail.com,,Email,Accessibility,Open,
SUPPORT,SUP004262,SUP004262,2025-11-29 07:42:42,Andrea Atkinson,andrea.atkinson@hotmail.com,+44 7616759169,Email,Refund request,Resolved,17:24
SUPPORT,SUP004263,SUP004263,2025-11-29 09:30:09,Aaron Smith,aaron.msith@yahoo.com,,Email,Enquiry,Resolved,02:50
SUPPORT,SUP004264,SUP004264,2025-11-29 10:28:48,Lindsey Clements,lindsey.clements@gmail.com,+44 7205601734,Email,Complaint,Resolved,21:08
SUPPORT,SUP004265,SUP004265,2025-11-29 10:49:35,Sophie Taylor,sophie.taylor@gmail.com,,Email,Refund request,Resolved,22:30
SUPPORT,SUP004266,SUP004266,2025-11-29 11:49:52,Michelle Godfrey,michelle.godfrey@hotmail.com,+44 7502159025,Phone,Accessibility,Resolved,01:29
SUPPORT,SUP004267,SUP004267,2025-11-29 13:41:45,Bradley Baxter,bradley.baxter@hotmail.com,+44 7926392735,Phone,Enquiry,Open,
SUPPORT,SUP004268,SUP004268,2025-11-29 14:19:40,Alex Bell,alex.bell@yahoo.com,+44 7956733784,Email,Accessibility,Resolved,02:48
SUPPORT,SUP004269,SUP004269,2025-11-29 17:50:43,Brandon Richardson,brandon.richardson@yahoo.com,+44 7521864209,Email,Complaint,Resolved,49:39
SUPPORT,SUP004270,SUP004270,2025-11-29 18:29:46,Donna Morris,donna.morris@yahoo.com,+44 7369220936,Phone,Enquiry,Resolved,00:27
SUPPORT,SUP004271,SUP004271,2025-11-29 18:36:37,Geoffrey Turnbull,geoffrey.turnbull@aol.com,+44 7032954820,Email,Refund request,Resolved,25:48
SUPPORT,SUP004272,SUP004272,2025-11-29 19:45:47,Paula Reed,paula.reed@gmail.com,+44 7156211490,Email,Enquiry,Open,
SUPPORT,SUP004273,SUP004273,2025-11-29 20:35:25,Annette Taylor,annette.taylor@gmail.com,,Email,Enquiry,Open,
SUPPORT,SUP004274,SUP004274,2025-11-29 20:55:15,lElie Smith,ellie.smith@gmail.com,+44 7100439673,Email,Complaint,Open,
SUPPORT,SUP004275,SUP004275,2025-11-29 22:35:30,Bryan Barrett,bryan.barrett2@yahoo.com,,Email,Refund request,Resolved,25:19
SUPPORT,SUP004276,SUP004276,2025-11-29 22:50:20,Hayley Sullivan,hayley.sullivan@hotmail.com,,Email,Refund request,Resolved,18:09
SUPPORT,SUP004277,SUP004277,2025-11-29 23:13:15,Tracey Burns,tracey.burns@gmail.com,+44 7697934074,Phone,Complaint,Resolved,34:14
SUPPORT,SUP004278,SUP004278,2025-11-30 00:22:18,Terence Lane,terence.lane@hotmail.com,+44 7133019730,Phone,Refund request,Resolved,50:33
SUPPORT,SUP004279,SUP004279,2025-11-30 01:44:20,Kirsty Clayton,kirsty.clayton@hotmail.com,,Email,Refund request,Resolved,07:19
SUPPORT,SUP004280,SUP004280,2025-11-30 03:06:57,Ashleigh Abbott,ashleigh.abbott@yahoo.com,+44 7516432960,Email,Refund request,Open,
SUPPORT,SUP004281,SUP004281,2025-11-30 03:15:19,Vanessa Richards,vanessa.richards@aol.com,+44 7281814604,Email,Refund request,Open,
SUPPORT,SUP004282,SUP004282,2025-11-30 05:43:43,Sam Palmer,sam.palmer@yahoo.com,,Email,Refund request,Resolved,05:53
SUPPORT,SUP004283,SUP004283,2025-11-30 07:39:15,Rebecca Johnson,rebecca.johnson@yahoo.com,+44 7567257815,Email,Refund request,Resolved,08:03
SUPPORT,SUP004284,SUP004284,2025-11-30 07:44:40,Joanna Riley,joanna.riley@yahoo.com,,Email,Refund request,Resolved,16:48
SUPPORT,SUP004285,SUP004285,2025-11-30 09:31:04,Gary Carroll,gary.carroll@gmail.com,+44 7177154645,Email,Refund request,Resolved,08:22
SUPPORT,SUP004286,SUP004286,2025-11-30 09:52:35,Daniel Hughes,daniel.hughes@gmail.com,+44 7901954463,Phone,Complaint,Resolved,10:01
SUPPORT,SUP004287,SUP004287,2025-11-30 11:15:00,Brett Jackson,brett.jackson@hotmail.com,+44 7972163098,Email,Complaint,Resolved,47:04
SUPPORT,SUP004288,SUP004288,2025-11-30 11:30:03,Valerie Ahmed,valerie.ahmed@hotmail.com,+44 7884768806,Email,Enquiry,Open,
SUPPORT,SUP004289,SUP004289,2025-11-30 12:17:19,Frances Wilkinson,frances.wilkinson@gmail.com,,Email,Enquiry,Resolved,03:16
SUPPORT,SUP004290,SUP004290,2025-11-30 13:13:36,Brandon Metcalfe,brandon.metcalfe@gmail.com,+44 7754406015,Email,Accessibility,Open,
SUPPORT,SUP004291,SUP004291,2025-11-30 15:32:36,Susan O'Brien,susan.obrien@yahoo.com,+44 7390384726,Email,Enquiry,Resolved,09:26
SUPPORT,SUP004292,SUP004292,2025-11-30 16:32:16,Ryan Shaw,ryan.shaw@hotmail.fr,,Email,Refund request,Resolved,16:51
SUPPORT,SUP004293,SUP004293,2025-11-30 18:27:52,Kyle Jones,kyle.jonse@gmail.com,+44 7187509183,Email,Refund request,Open,
SUPPORT,SUP004294,SUP004294,2025-11-30 22:25:11,Roger Atkinson,roger.atkinson@hotmail.com,+44 7655373449,Phone,Complaint,Resolved,00:23
SUPPORT,SUP004295,SUP004295,2025-12-01 05:49:41,Connor Harris,connor.harris@aol.com,+44 7979634109,Email,Refund request,Resolved,05:19
SUPPORT,SUP004296,SUP004296,2025-12-01 06:13:23,Yvonne Cartwright,yvonne.cartwright@yahoo.com,+44 7113936909,Email,Refund request,Resolved,35:53
SUPPORT,SUP004297,SUP004297,2025-12-01 08:41:31,Sharon Chamberlain,,+44 7301103180,Phone,Refund request,Resolved,32:10
SUPPORT,SUP004298,SUP004298,2025-12-01 09:58:56,Irene May,irene.may2@gmail.com,+44 7492661676,Email,Refund request,Resolved,24:18
SUPPORT,SUP004299,SUP004299,2025-12-01 11:56:05,Craig Quinn,,+44 7924939347,Phone,Complaint,Resolved,67:04
SUPPORT,SUP004300,SUP004300,2025-12-01 16:49:29,Stewart Morgan,,+44 7427667827,Phone,Enquiry,Resolved,06:46
SUPPORT,SUP004301,SUP004301,2025-12-01 17:13:47,Phillip Evans,phillip.evans@yahoo.com,,Email,Complaint,Resolved,15:07
SUPPORT,SUP004302,SUP004302,2025-12-01 17:34:45,Michelle Yougn,michelle.young@gmail.com,,Email,Enquiry,Resolved,03:04
SUPPORT,SUP004303,SUP004303,2025-12-01 17:37:34,Marion Ryan,marion.ryan@hotmail.com,,Email,Enquiry,Resolved,02:22
SUPPORT,SUP004304,SUP004304,2025-12-01 18:36:01,Callum Robinson,callum.robinson@gmail.com,+44 7959541061,Email,Complaint,Resolved,18:02
SUPPORT,SUP004305,SUP004305,2025-12-01 18:51:34,Colin Andrews,colin.andrews@gmail.com,+44 7352635085,Email,Refund request,Open,
SUPPORT,SUP004306,SUP004306,2025-12-01 20:43:02,Charlotte Wilson,charlotte.wilson@yahoo.com,+44 7042041219,Phone,Refund request,Resolved,30:17
SUPPORT,SUP004307,SUP004307,2025-12-01 22:11:04,Gregory Pearson,gregory.perason@hotmail.com,+44 7089221714,Email,Enquiry,Resolved,03:27
SUPPORT,SUP004308,SUP004308,2025-12-02 02:45:29,Benjamin Williams,benjamin.williams@yahoo.com,+44 7346785489,Email,Accessibility,Resolved,32:45
SUPPORT,SUP004309,SUP004309,2025-12-02 03:03:03,Gary Taylor,,+44 7044656985,Phone,Complaint,Resolved,34:51
SUPPORT,SUP004310,SUP004310,2025-12-02 04:04:42,Emma Smith,emma.smith@yahoo.fr,+44 7808041885,Email,Refund request,Resolved,05:22
SUPPORT,SUP004311,SUP004311,2025-12-02 04:19:21,Jonathan Patel,,+44 7520182911,Phone,Enquiry,Resolved,31:32
SUPPORT,SUP004312,SUP004312,2025-12-02 05:52:11,Josephine Bishop,josephine.bishop@yahoo.com,+44 7286519373,Phone,Refund request,Resolved,24:04
SUPPORT,SUP004313,SUP004313,2025-12-02 07:27:53,Roy Nelson,roy.nelson@yahoo.com,+44 7763155489,Email,Complaint,Resolved,46:35
SUPPORT,SUP004314,SUP004314,2025-12-02 08:17:26,Caroline Williams,caroline.williams@hotmail.com,+44 7040857903,Phone,Enquiry,Resolved,01:27
SUPPORT,SUP004315,SUP004315,2025-12-02 08:32:49,Beth Wright,beth.wright@hotmail.com,,Email,Complaint,Open,
SUPPORT,SUP004316,SUP004316,2025-12-02 09:55:29,Bethany Ellis,,+44 7080752516,Phone,Complaint,Resolved,38:34
SUPPORT,SUP004317,SUP004317,2025-12-02 10:28:21,Leanne Knight,leanne.knight@gmail.com,+44 7303911136,Email,Refund request,Resolved,33:48
SUPPORT,SUP004318,SUP004318,2025-12-02 11:19:30,Mark Jones,mark.jones2@yahoo.com,,Email,Accessibility,Resolved,14:45
SUPPORT,SUP004319,SUP004319,2025-12-02 14:42:33,Jacob Allen,jacob.allen@hotmail.com,+44 7531867066,Email,Refund request,Resolved,41:07
SUPPORT,SUP004320,SUP004320,2025-12-02 14:51:53,Gordon Kaur,gordon.kaur@yahoo.com,,Email,Complaint,Resolved,26:47
SUPPORT,SUP004321,SUP004321,2025-12-02 15:42:57,Stephanie Smith,stephanie.smith@gmail.com,+44 7787484210,Email,Enquiry,Open,
SUPPORT,SUP004322,SUP004322,2025-12-02 18:23:50,Melanie Bird,melanie.bird@orange.fr,,Email,Enquiry,Open,
SUPPORT,SUP004323,SUP004323,2025-12-02 19:11:34,Trevor Watkins,trevor.watkins@gmail.com,+44 7179695138,Email,Accessibility,Resolved,04:59
SUPPORT,SUP004324,SUP004324,2025-12-02 19:49:43,Nicholas Forster,nicholas.forster@gmail.com,,Email,Complaint,Resolved,35:20
SUPPORT,SUP004325,SUP004325,2025-12-02 22:23:41,Suzanne Finch,,+44 7137068034,Phone,Enquiry,Resolved,16:23
SUPPORT,SUP004326,SUP004326,2025-12-02 23:16:19,Damian Thompson,damian.thompson@hotmail.com,,Email,Refund request,Resolved,10:43
SUPPORT,SUP004327,SUP004327,2025-12-02 23:17:39,Ian Thompson,ian.thompson@yahoo.com,+44 7428708045,Phone,Refund request,Open,
SUPPORT,SUP004328,SUP004328,2025-12-03 01:20:29,Declan Thorpe,declan.thorpe@yahoo.com,+44 7399951230,Email,Refund request,Resolved,02:42
SUPPORT,SUP004329,SUP004329,2025-12-03 03:40:25,Laura Parsons,laura.parsons@gmail.com,,Email,Enquiry,Resolved,05:18
SUPPORT,SUP004330,SUP004330,2025-12-03 04:53:00,Dorothy Williams,dorothy.williams@aol.com,+44 7030450237,Phone,Refund request,Resolved,13:10
SUPPORT,SUP004331,SUP004331,2025-12-03 07:34:51,Yvonne Fisher,yvonne.fisher@hotmail.com,+44 7622683043,Email,Complaint,Resolved,38:49
SUPPORT,SUP004332,SUP004332,2025-12-03 07:58:00,Tony Hurst,tony.hurst@hotmail.com,+44 7118493553,Email,Complaint,Resolved,11:33
SUPPORT,SUP004333,SUP004333,2025-12-03 13:21:10,Kayleigh Ellis,kayleig.hellis@hotmail.com,+44 7301037582,Phone,Complaint,Resolved,22:39
SUPPORT,SUP004334,SUP004334,2025-12-03 14:11:54,Gerard Clark,gerard.clark@yahoo.com,+44 7593176716,Email,Complaint,Resolved,09:47
SUPPORT,SUP004335,SUP004335,2025-12-03 14:31:29,Ann Jones,ann.jones@gmail.com,+44 7832160385,Phone,Enquiry,Resolved,06:13
SUPPORT,SUP004336,SUP004336,2025-12-03 14:59:48,Diana Vincent,diana.vincent@gmail.com,+44 7439145979,Email,Enquiry,Resolved,05:51
SUPPORT,SUP004337,SUP004337,2025-12-03 15:05:51,Dominic Robinson,dominic.robinson@gmail.com,,Email,Refund request,Resolved,13:24
SUPPORT,SUP004338,SUP004338,2025-12-03 16:53:54,Michael Williams,michael.williams@gmail.com,+44 7597576657,Email,Refund request,Resolved,26:33
SUPPORT,SUP004339,SUP004339,2025-12-03 19:24:19,Kevin Bennett,kevin.bennett@yahoo.com,+44 7640566684,Phone,Complaint,Resolved,21:14
SUPPORT,SUP004340,SUP004340,2025-12-03 19:47:18,Sara Knowles,sara.knowles@yahoo.com,,Email,Complaint,Resolved,05:07
SUPPORT,SUP004341,SUP004341,2025-12-03 20:41:41,Joanne Jackson,joanne.jackson@yahoo.com,+44 7033578871,Email,Accessibility,Resolved,14:27
SUPPORT,SUP004342,SUP004342,2025-12-03 23:26:45,Denis Coliler,dneis.collier@hotmail.com,+44 7433467922,Email,Complaint,Resolved,44:43
SUPPORT,SUP004343,SUP004343,2025-12-03 23:27:39,Phillip McDonald,phillip.mcdonald@gmail.com,,Email,Enquiry,Resolved,03:03
SUPPORT,SUP004344,SUP004344,2025-12-04 01:17:40,Bernard Perry,bernard.perry@gmail.com,+44 7988953538,Email,Refund request,Resolved,40:16
SUPPORT,SUP004345,SUP004345,2025-12-04 03:21:04,Carly Simpson,,+44 7934123040,Phone,Accessibility,Open,
SUPPORT,SUP004346,SUP004346,2025-12-04 04:02:54,Anna Gregory,anna.gregory@gmail.com,+44 7168881561,Phone,Refund request,Resolved,12:31
SUPPORT,SUP004347,SUP004347,2025-12-04 05:24:19,Josh Bishop,josh.bishop@aol.com,,Email,Refund request,Resolved,03:25
SUPPORT,SUP004348,SUP004348,2025-12-04 05:30:24,Anne Williams,anne.williams@msn.com,+44 7881250923,Email,Refund request,Resolved,02:16
SUPPORT,SUP004349,SUP004349,2025-12-04 05:46:13,Jade Cooper,jade.cooper@aol.com,,Email,Refund request,Resolved,03:43
SUPPORT,SUP004350,SUP004350,2025-12-04 07:36:26,Sheila Page,sheil.apage@yahoo.com,+44 7033169126,Email,Accessibility,Resolved,00:46
SUPPORT,SUP004351,SUP004351,2025-12-04 10:14:57,Jeffrey Hunter,jeffrey.hunter@wanadoo.fr,,Email,Enquiry,Resolved,04:49
SUPPORT,SUP004352,SUP004352,2025-12-04 10:45:39,Derek Hanson,derek.hanson@hotmail.com,+44 7614593812,Email,Enquiry,Resolved,11:45
SUPPORT,SUP004353,SUP004353,2025-12-04 11:38:26,Judith Ward,judith.ward@gmail.com,+44 7988459228,Email,Refund request,Resolved,07:36
SUPPORT,SUP004354,SUP004354,2025-12-04 11:41:07,Pauline Howard,pauline.howard@gmail.com,,Email,Complaint,Resolved,06:01
SUPPORT,SUP004355,SUP004355,2025-12-04 12:26:59,Robert Bryant,robert.bryant@gmail.com,+44 7641462857,Email,Enquiry,Resolved,06:51
SUPPORT,SUP004356,SUP004356,2025-12-04 13:16:36,Olivia James,olivia.james@gmail.com,+44 7734429239,Email,Refund request,Resolved,42:12
SUPPORT,SUP004357,SUP004357,2025-12-04 13:22:25,Francis Thomas,francis.thomas@hotmail.com,+44 7673111917,Email,Complaint,Resolved,29:09
SUPPORT,SUP004358,SUP004358,2025-12-04 14:14:54,Patrick Lambert,patrick.lambert@gmail.com,+44 7013485295,Phone,Enquiry,Resolved,00:29
SUPPORT,SUP004359,SUP004359,2025-12-04 14:41:55,Conor Grant,conr.grant@hotmail.com,+44 7778769605,Email,Enquiry,Resolved,06:10
SUPPORT,SUP004360,SUP004360,2025-12-04 15:35:12,Dorothy Rose,dorothy.rose@yahoo.com,,Email,Enquiry,Resolved,03:14
SUPPORT,SUP004361,SUP004361,2025-12-04 19:01:46,Paula Ryan,paula.ryan@yahoo.com,,Email,Refund request,Resolved,10:30
SUPPORT,SUP004362,SUP004362,2025-12-04 21:29:42,Gary Taylor,gary.taylor@hotmail.fr,+44 7044656985,Email,Refund request,Resolved,29:23
SUPPORT,SUP004363,SUP004363,2025-12-04 22:05:11,Jason Miller,jason.miller@yahoo.com,+44 7290803434,Phone,Complaint,Resolved,19:29
SUPPORT,SUP004364,SUP004364,2025-12-05 02:26:33,Albert Charlton,albert.charlton@hotmail.com,+44 7962299209,Email,Refund request,Resolved,27:14
SUPPORT,SUP004365,SUP004365,2025-12-05 02:45:22,Mary Allen,,+44 7313724398,Phone,Complaint,Resolved,52:30
SUPPORT,SUP004366,SUP004366,2025-12-05 05:29:11,Geoffrey Morris,geoffrey.morris@hotmail.com,,Email,Accessibility,Resolved,19:48
SUPPORT,SUP004367,SUP004367,2025-12-05 06:19:51,Louise Mason,louise.mason@gmail.com,,Email,Accessibility,Open,
SUPPORT,SUP004368,SUP004368,2025-12-05 06:45:49,Gemma Griffiths,gemma.griffiths@hotmail.fr,+44 7563639200,Email,Accessibility,Resolved,18:09
SUPPORT,SUP004369,SUP004369,2025-12-05 07:12:57,Shannon Moore,shannon.moore@yahoo.com,+44 7727075638,Phone,Complaint,Open,
SUPPORT,SUP004370,SUP004370,2025-12-05 10:58:46,Jack Evans,jack.evans@yahoo.com,+44 7122673469,Phone,Accessibility,Resolved,07:18
SUPPORT,SUP004371,SUP004371,2025-12-05 15:16:10,Leah Mistry,leah.mistry@gmail.com,+44 7039021609,Email,Complaint,Resolved,27:57
SUPPORT,SUP004372,SUP004372,2025-12-05 15:27:24,Adam Pearce,adam.pearce@hotmail.com,+44 7078283063,Phone,Enquiry,Resolved,06:55
SUPPORT,SUP004373,SUP004373,2025-12-05 17:04:33,Leanne Stokes,leanne.stokes@yahoo.com,,Email,Refund request,Resolved,12:15
SUPPORT,SUP004374,SUP004374,2025-12-05 17:50:36,Leon Taylor,leon.taylor@gmail.com,,Email,Accessibility,Resolved,19:52
SUPPORT,SUP004375,SUP004375,2025-12-05 19:00:57,Mohammad Robson,mohammad.robson@gmail.com,+44 7682638118,Email,Complaint,Resolved,10:08
SUPPORT,SUP004376,SUP004376,2025-12-05 19:24:09,Colin Dean,colin.dean@hotmail.com,,Email,Enquiry,Open,
SUPPORT,SUP004377,SUP004377,2025-12-05 19:55:35,Rachel Brown,rachel.brown@gmail.com,+44 7676414342,Email,Refund request,Resolved,45:05
SUPPORT,SUP004378,SUP004378,2025-12-05 20:14:16,Megan Pearce,megan.pearce@hotmail.com,,Email,Refund request,Resolved,14:22
SUPPORT,SUP004379,SUP004379,2025-12-05 20:44:54,Nicole Lyons,nicole.lyons@hotmail.fr,+44 7844025387,Email,Complaint,Resolved,56:45
SUPPORT,SUP004380,SUP004380,2025-12-05 21:40:51,Julia Parker,julia.parker@hotmail.com,+44 7954552278,Email,Accessibility,Resolved,13:44
SUPPORT,SUP004381,SUP004381,2025-12-05 22:58:27,Bethany Morris,bethany.morris@hotmail.com,+44 7827714791,Email,Refund request,Open,
SUPPORT,SUP004382,SUP004382,2025-12-06 01:16:28,Lynne Mason,lynne.mason@yahoo.fr,+44 7260003920,Phone,Complaint,Resolved,21:55
SUPPORT,SUP004383,SUP004383,2025-12-06 01:30:12,Arthur Simpson,arthur.simpson@yahoo.com,+44 7307520896,Email,Refund request,Resolved,28:28
SUPPORT,SUP004384,SUP004384,2025-12-06 01:58:21,Jake Jenkins,jake.jenkins@yahoo.com,+44 7940079835,Phone,Accessibility,Resolved,22:23
SUPPORT,SUP004385,SUP004385,2025-12-06 02:27:22,David Oliver,david.oiver@hotmail.com,+44 7741575578,Email,Complaint,Resolved,05:21
SUPPORT,SUP004386,SUP004386,2025-12-06 03:03:03,Angela Hall,angela.hall@yahoo.fr,+44 7849707803,Email,Enquiry,Resolved,09:18
SUPPORT,SUP004387,SUP004387,2025-12-06 03:26:59,Lynda Wilson,lynda.wilson@yahoo.com,,Email,Enquiry,Resolved,13:34
SUPPORT,SUP004388,SUP004388,2025-12-06 03:46:09,Mark Morrison,mark.morrison@gmail.com,+44 7591172141,Phone,Refund request,Resolved,05:07
SUPPORT,SUP004389,SUP004389,2025-12-06 04:26:32,Dorothy White,dorothy.white@hotmail.com,+44 7187591118,Email,Complaint,Resolved,31:00
SUPPORT,SUP004390,SUP004390,2025-12-06 06:39:25,Louise Todd,louise.todd@hotmail.com,+44 7208818934,Phone,Accessibility,Resolved,01:39
SUPPORT,SUP004391,SUP004391,2025-12-06 06:50:36,Olivia Crawford,olivia.crawford@aol.com,,Email,Complaint,Resolved,33:01
SUPPORT,SUP004392,SUP004392,2025-12-06 07:06:09,Rebecca Baker,rebecca.baker@yahoo.com,+44 7576184283,Email,Complaint,Resolved,40:43
SUPPORT,SUP004393,SUP004393,2025-12-06 07:25:15,Wendy Morrison,wendy.morrison@hotmail.fr,+44 7657973574,Phone,Complaint,Resolved,33:50
SUPPORT,SUP004394,SUP004394,2025-12-06 08:23:21,Oliver Smith,oiver.smith@gmail.com,,Email,Refund request,Resolved,19:42
SUPPORT,SUP004395,SUP004395,2025-12-06 10:20:14,Edward O'Sullivan,edward.osullivan@yahoo.com,,Email,Refund request,Resolved,06:43
SUPPORT,SUP004396,SUP004396,2025-12-06 13:32:46,Glenn Williamson,glenn.williamson@hotmail.com,+44 7654996658,Email,Refund request,Resolved,11:52
SUPPORT,SUP004397,SUP004397,2025-12-06 13:40:08,Frances Lloyd,franecs.lloyd@hotmail.fr,,Email,Refund request,Resolved,17:07
SUPPORT,SUP004398,SUP004398,2025-12-06 14:03:46,Shaun O'Brien,shaun.obrien@yahoo.com,,Email,Complaint,Resolved,19:03
SUPPORT,SUP004399,SUP004399,2025-12-06 14:36:19,Catherine Clarke,,+44 7948568302,Phone,Accessibility,Resolved,47:58
SUPPORT,SUP004400,SUP004400,2025-12-06 15:36:09,Sarah Hussain,sarah.hussain@gmail.com,+44 7995071500,Email,Enquiry,Resolved,04:43
SUPPORT,SUP004401,SUP004401,2025-12-06 16:23:55,Louise Wright,louise.wright@hotmail.com,+44 7020288513,Phone,Complaint,Resolved,18:50
SUPPORT,SUP004402,SUP004402,2025-12-06 16:43:44,Lorraine Gray,lorraine.gray@aol.com,+44 7320645432,Email,Enquiry,Resolved,08:00
SUPPORT,SUP004403,SUP004403,2025-12-06 18:18:07,Ashley Davies,ashley.davies@gmail.com,+44 7181237868,Phone,Refund request,Resolved,14:17
SUPPORT,SUP004404,SUP004404,2025-12-06 18:23:13,Lesley Watts,lesley.watts@gmail.com,+44 7279049227,Email,Complaint,Resolved,01:30
SUPPORT,SUP004405,SUP004405,2025-12-06 22:40:52,Laura Hopkins,laura.hopkins@yahoo.com,+44 7343035398,Phone,Refund request,Resolved,18:48
SUPPORT,SUP004406,SUP004406,2025-12-06 23:17:25,Mandy Reynolds,mandy.reynolds@hotmail.com,+44 7505618663,Email,Complaint,Resolved,09:30
SUPPORT,SUP004407,SUP004407,2025-12-07 01:04:40,Jack Murray,jack.murray@yahoo.com,,Email,Refund request,Resolved,10:03
SUPPORT,SUP004408,SUP004408,2025-12-07 01:50:09,Nigel Web,,+44 7350140035,Phone,Refund request,Resolved,11:42
SUPPORT,SUP004409,SUP004409,2025-12-07 02:29:00,Diana O'Brien,diana.obrien@yahoo.fr,+44 7843159653,Email,Complaint,Resolved,19:18
SUPPORT,SUP004410,SUP004410,2025-12-07 04:07:36,Callum Elliott,callum.elliott@yahoo.com,+44 7970694912,Email,Accessibility,Resolved,05:51
SUPPORT,SUP004411,SUP004411,2025-12-07 04:56:37,Katherine Hill,katherine.hill@yahoo.com,+44 7791714343,Phone,Refund request,Resolved,13:54
SUPPORT,SUP004412,SUP004412,2025-12-07 06:48:07,Nicholas Jones,nicholas.jones@hotmail.com,+44 7562329494,Email,Accessibility,Resolved,02:26
SUPPORT,SUP004413,SUP004413,2025-12-07 07:39:25,Chelsea Powell,chelsea.powell@gmail.com,,Email,Accessibility,Resolved,01:50
SUPPORT,SUP004414,SUP004414,2025-12-07 09:06:56,Pauline Hussain,pauline.hussain@yahoo.com,+44 7584752702,Phone,Enquiry,Resolved,01:50
SUPPORT,SUP004415,SUP004415,2025-12-07 10:33:17,Aaron Simpson,aaron.simpson@hotmail.com,+44 7505426258,Phone,Complaint,Resolved,12:18
SUPPORT,SUP004416,SUP004416,2025-12-07 15:42:19,Brett Stewart,brett.stewart@gmail.com,+44 7412035493,Phone,Accessibility,Resolved,06:06
SUPPORT,SUP004417,SUP004417,2025-12-07 16:02:48,Gemma Gilbert,gemma.gilbrt@hotmail.com,+44 7359129331,Email,Enquiry,Resolved,01:26
SUPPORT,SUP004418,SUP004418,2025-12-07 16:06:37,Anthony Potter,anthony.potter@hotmail.com,+44 7286528877,Email,Enquiry,Resolved,05:58
SUPPORT,SUP004419,SUP004419,2025-12-07 16:09:51,Kathleen Hunter,kathleen.hunter@hotmail.com,+44 7729804727,Email,Enquiry,Resolved,04:12
SUPPORT,SUP004420,SUP004420,2025-12-07 16:59:00,Marc Nixon,marc.nixon@yahoo.com,+44 7843674290,Email,Refund request,Resolved,03:19
SUPPORT,SUP004421,SUP004421,2025-12-07 18:23:05,Josh Talbot,josh.talbot@yahoo.com,+44 7506329931,Phone,Enquiry,Resolved,06:35
SUPPORT,SUP004422,SUP004422,2025-12-07 19:16:37,Karl Richardson,karl.richardson@gmail.com,+44 7249645817,Email,Complaint,Open,
SUPPORT,SUP004423,SUP004423,2025-12-08 03:07:35,Jason Turner,jason.turner@hotmail.com,,Email,Accessibility,Resolved,32:31
SUPPORT,SUP004424,SUP004424,2025-12-08 03:44:52,Amelia Kaur,amelia.kaur@yahoo.com,,Email,Enquiry,Resolved,05:14
SUPPORT,SUP004425,SUP004425,2025-12-08 04:50:03,Peter Moore,,+44 7746422193,Phone,Accessibility,Resolved,06:16
SUPPORT,SUP004426,SUP004426,2025-12-08 05:31:38,Patricia Rees,patricia.rees@orange.fr,+44 7442202068,Email,Accessibility,Resolved,27:51
SUPPORT,SUP004427,SUP004427,2025-12-08 05:41:29,Emily Hughes,emily.hughes@yahoo.com,+44 7275435042,Phone,Enquiry,Resolved,10:25
SUPPORT,SUP004428,SUP004428,2025-12-08 05:50:25,Frances Lloyd,frances.lloyd@hotmail.fr,+44 7727201134,Phone,Complaint,Resolved,02:49
SUPPORT,SUP004429,SUP004429,2025-12-08 06:07:03,David Newman,david.newman@yahoo.com,+44 7410062629,Email,Refund request,Resolved,16:08
SUPPORT,SUP004430,SUP004430,2025-12-08 06:53:49,Jennifer Begum,jennife.rbegum@hotmail.com,+44 7509807405,Email,Enquiry,Resolved,06:57
SUPPORT,SUP004431,SUP004431,2025-12-08 08:05:25,Leslie Adams,leslie.adams@aol.com,+44 7391312720,Email,Enquiry,Resolved,02:25
SUPPORT,SUP004432,SUP004432,2025-12-08 10:17:35,Heather Sykes,heather.sykes@hotmail.com,,Email,Enquiry,Resolved,07:23
SUPPORT,SUP004433,SUP004433,2025-12-08 12:24:36,Damien Day,damien.day@yahoo.com,+44 7405541682,Email,Enquiry,Resolved,11:05
SUPPORT,SUP004434,SUP004434,2025-12-08 15:28:22,Rhys Johnson,rhys.johnson@yahoo.com,+44 7173128625,Phone,Refund request,Open,
SUPPORT,SUP004435,SUP004435,2025-12-08 16:22:23,Garry Griffiths,garry.griffiths@hotmail.com,+44 7534010899,Email,Enquiry,Resolved,07:59
SUPPORT,SUP004436,SUP004436,2025-12-08 16:56:47,Edward Atkinson,edward.atkinson@hotmail.co.uk,+44 7043766121,Email,Refund request,Resolved,20:22
SUPPORT,SUP004437,SUP004437,2025-12-08 18:39:42,Lauren Lowe,lauren.lowe@gmail.com,+44 7578554896,Phone,Enquiry,Resolved,09:51
SUPPORT,SUP004438,SUP004438,2025-12-08 20:03:11,Marion Connolly,,+44 7455106511,Phone,Complaint,Resolved,25:28
SUPPORT,SUP004439,SUP004439,2025-12-08 23:24:41,Bernard Walsh,bernard.walsh@gmail.com,+44 7085934813,Email,Refund request,Open,
SUPPORT,SUP004440,SUP004440,2025-12-08 23:41:28,Charlie Begum,charlie.begum@hotmail.co.uk,+44 7768454328,Email,Enquiry,Resolved,04:36
SUPPORT,SUP004441,SUP004441,2025-12-09 01:57:23,Sara Graham,sara.graham@gmail.com,+44 7734828457,Email,Accessibility,Resolved,11:05
SUPPORT,SUP004442,SUP004442,2025-12-09 01:58:17,Mark Cook,mark.cook@gmail.com,+44 7527682330,Email,Enquiry,Resolved,14:37
SUPPORT,SUP004443,SUP004443,2025-12-09 03:55:22,Sarah Hussain,sarah.hussain@gmail.com,+44 7995071500,Email,Enquiry,Resolved,03:18
SUPPORT,SUP004444,SUP004444,2025-12-09 06:09:18,Wendy Morrison,wendy.morrison@hotmail.fr,+44 7657973574,Phone,Complaint,Resolved,07:22
SUPPORT,SUP004445,SUP004445,2025-12-09 07:15:21,Marc Nixon,marc.nixon@yahoo.com,+44 7843674290,Email,Refund request,Resolved,33:39
SUPPORT,SUP004446,SUP004446,2025-12-09 07:35:12,Owen Owen,owen.owen@hotmail.com,+44 7612655145,Phone,Refund request,Open,
SUPPORT,SUP004447,SUP004447,2025-12-09 08:39:33,Terry Ellis,terry.ellis@gmail.com,+44 7739047706,Phone,Refund request,Resolved,07:13
SUPPORT,SUP004448,SUP004448,2025-12-09 09:01:14,Gary Wells,gary.wells@hotmail.com,,Email,Refund request,Resolved,51:19
SUPPORT,SUP004449,SUP004449,2025-12-09 09:22:19,Patricia Taylor,patricia.taylor@yahoo.com,,Email,Refund request,Resolved,10:20
SUPPORT,SUP004450,SUP004450,2025-12-09 09:51:07,Mohamed Hall,mohamed.hall@aol.com,+44 7739831093,Email,Refund request,Resolved,37:03
SUPPORT,SUP004451,SUP004451,2025-12-09 11:09:48,Pauline Mistry,pauline.mistry@yahoo.fr,+44 7523223409,Phone,Refund request,Resolved,20:13
SUPPORT,SUP004452,SUP004452,2025-12-09 11:13:16,Linda Wilson,,+44 7648216040,Phone,Refund request,Open,
SUPPORT,SUP004453,SUP004453,2025-12-09 12:08:00,Derek Ward,derek.ward@hotmail.com,+44 7420103081,Email,Complaint,Resolved,28:07
SUPPORT,SUP004454,SUP004454,2025-12-09 12:27:56,Pamela Hammond,pamela.hammond@hotmail.com,+44 7322600190,Email,Complaint,Resolved,19:23
SUPPORT,SUP004455,SUP004455,2025-12-09 13:03:50,Frank Rahman,frank.rahman@hotmail.com,+44 7286477181,Email,Refund request,Resolved,20:48
SUPPORT,SUP004456,SUP004456,2025-12-09 13:07:10,Albert Gardiner,,+44 7760210441,Phone,Enquiry,Resolved,05:09
SUPPORT,SUP004457,SUP004457,2025-12-09 14:50:17,Valerie Brown,valerie.brown@yahoo.com,+44 7132982179,Phone,Enquiry,Resolved,02:01
SUPPORT,SUP004458,SUP004458,2025-12-09 15:30:35,Andrew Johnson,andrew.johnson@hotmail.com,,Email,Refund request,Resolved,20:21
SUPPORT,SUP004459,SUP004459,2025-12-09 16:24:23,Sylvia Williams,sylvia.williams@gmail.com,+44 7164851824,Email,Refund request,Resolved,26:07
SUPPORT,SUP004460,SUP004460,2025-12-09 17:34:53,Charles Thornton,charles.thornton@yahoo.com,+44 7012569548,Email,Enquiry,Resolved,10:54
SUPPORT,SUP004461,SUP004461,2025-12-09 18:01:14,Margaret Morris,margaret.morris@hotmail.fr,,Email,Refund request,Resolved,18:00
SUPPORT,SUP004462,SUP004462,2025-12-09 19:04:16,Christine Palmer,christine.palmer@yahoo.com,+44 7772909195,Email,Refund request,Open,
SUPPORT,SUP004463,SUP004463,2025-12-09 19:15:10,Jennifer Jones,,+44 7826537194,Phone,Refund request,Resolved,09:23
SUPPORT,SUP004464,SUP004464,2025-12-09 19:51:22,Justin Whittaker,justin.whittaker@gmail.com,+44 7219268413,Phone,Accessibility,Resolved,05:03
SUPPORT,SUP004465,SUP004465,2025-12-09 20:02:11,Natasha Brennan,natasha.brennan@gmail.com,+44 7096432055,Email,Refund request,Open,
SUPPORT,SUP004466,SUP004466,2025-12-09 21:40:47,Jacob Perkins,,+44 7941651521,Phone,Refund request,Resolved,14:55
SUPPORT,SUP004467,SUP004467,2025-12-09 22:34:51,Abigail Palmer,abigail.paler@gmail.com,+44 7064134515,Email,Accessibility,Resolved,19:01
SUPPORT,SUP004468,SUP004468,2025-12-09 22:42:59,Benjamin Thomas,benjamin.thomas@hotmail.com,+44 7577936922,Email,Complaint,Open,
SUPPORT,SUP004469,SUP004469,2025-12-10 01:02:31,Jo eWilliams,joe.williams@hotmail.com,+44 7188872567,Phone,Refund request,Resolved,10:22
SUPPORT,SUP004470,SUP004470,2025-12-10 02:39:43,Jacob Foster,jacob.foster@orange.fr,,Email,Refund request,Resolved,01:46
SUPPORT,SUP004471,SUP004471,2025-12-10 02:48:57,Georgia Lees,georgia.lees@gmail.com,+44 7886893972,Phone,Accessibility,Resolved,20:57
SUPPORT,SUP004472,SUP004472,2025-12-10 04:21:02,Jamie Smith,jamie.smith@yahoo.com,+44 7173989393,Email,Refund request,Resolved,17:39
SUPPORT,SUP004473,SUP004473,2025-12-10 04:33:47,Shannon Pearson,shannon.pearson@hotmail.com,+44 7335202056,Email,Refund request,Resolved,03:17
SUPPORT,SUP004474,SUP004474,2025-12-10 04:46:00,Abigail Palmer,abigail.palmer@gmail.com,,Email,Accessibility,Resolved,05:50
SUPPORT,SUP004475,SUP004475,2025-12-10 05:02:42,Michael Williams,michael.williams@wanadoo.fr,+44 7320850867,Phone,Refund request,Resolved,29:13
SUPPORT,SUP004476,SUP004476,2025-12-10 10:57:01,Norman Bishop,norman.bishop@gmail.com,+44 7814036223,Phone,Refund request,Resolved,16:29
SUPPORT,SUP004477,SUP004477,2025-12-10 11:00:39,Laura Ali,laura.ali@hotmail.com,,Email,Enquiry,Resolved,01:30
SUPPORT,SUP004478,SUP004478,2025-12-10 12:04:58,Anthony Power,anthnoy.power@gmail.com,+44 7745607821,Email,Complaint,Open,
SUPPORT,SUP004479,SUP004479,2025-12-10 12:34:07,Janice Evans,janice.evans@gmail.com,+44 7865506982,Email,Enquiry,Open,
SUPPORT,SUP004480,SUP004480,2025-12-10 14:52:43,Samuel Smith,samuel.smith@hotmail.com,,Email,Accessibility,Resolved,17:34
SUPPORT,SUP004481,SUP004481,2025-12-10 15:24:08,Chloe Morris,,+44 7671925707,Phone,Complaint,Resolved,08:50
SUPPORT,SUP004482,SUP004482,2025-12-10 17:27:20,Ashley Bell,ashley.bell@yahoo.com,+44 7034303288,Phone,Complaint,Resolved,47:15
SUPPORT,SUP004483,SUP004483,2025-12-10 18:14:16,Conor Grant,conor.grant@hotmail.com,,Email,Complaint,Resolved,29:09
SUPPORT,SUP004484,SUP004484,2025-12-10 18:47:55,Dean Hill,dean.hill@gmail.com,+44 7281017830,Email,Enquiry,Resolved,04:45
SUPPORT,SUP004485,SUP004485,2025-12-10 18:53:10,Cameron Robertson,cameron.robertson@gmail.com,+44 7630792282,Email,Enquiry,Resolved,04:02
SUPPORT,SUP004486,SUP004486,2025-12-10 20:37:57,Lewis Gardner,lewis.gardner@yahoo.com,+44 7347438739,Phone,Enquiry,Resolved,05:20
SUPPORT,SUP004487,SUP004487,2025-12-10 21:27:34,Alex Wheeler,alex.wheeler@gmail.com,,Email,Complaint,Open,
SUPPORT,SUP004488,SUP004488,2025-12-10 22:06:58,Ashley Miller,ashley.miller@aol.com,+44 7343817709,Email,Refund request,Resolved,28:25
SUPPORT,SUP004489,SUP004489,2025-12-10 22:08:16,Kim Andrews,kim.andrews@yahoo.com,+44 7804708588,Email,Enquiry,Resolved,02:42
SUPPORT,SUP004490,SUP004490,2025-12-10 22:12:14,Dale Dunn,dale.dunn@gmail.com,+44 7873834104,Email,Accessibility,Resolved,04:32
SUPPORT,SUP004491,SUP004491,2025-12-10 23:58:25,Abigail Wood,abigail.wood@gmail.com,+44 7111514462,Phone,Accessibility,Resolved,15:30
SUPPORT,SUP004492,SUP004492,2025-12-10 23:59:07,Stewart Watts,stewart.watts@gmail.com,+44 7400349192,Email,Complaint,Resolved,15:27
SUPPORT,SUP004493,SUP004493,2025-12-11 03:57:12,Louis Brookes,louis.brookes@wanadoo.fr,,Email,Refund request,Resolved,19:41
SUPPORT,SUP004494,SUP004494,2025-12-11 06:23:29,Hazel Wilson,hazel.wilson@wanadoo.fr,,Email,Accessibility,Resolved,04:08
SUPPORT,SUP004495,SUP004495,2025-12-11 06:56:35,Chelsea Collins,chelsea.collins@yahoo.com,+44 7692351153,Phone,Enquiry,Resolved,07:36
SUPPORT,SUP004496,SUP004496,2025-12-11 08:39:58,Nicola Hawkins,nicola.hawkins@yahoo.fr,+44 7813497576,Email,Refund request,Resolved,17:26
SUPPORT,SUP004497,SUP004497,2025-12-11 12:33:52,Carole Ellis,carole.ellis@aol.com,+44 7133303443,Email,Refund request,Resolved,09:47
SUPPORT,SUP004498,SUP004498,2025-12-11 12:44:43,Abdul Griffiths,abdul.griffiths@gmail.com,+44 7558585414,Email,Complaint,Resolved,05:08
SUPPORT,SUP004499,SUP004499,2025-12-11 13:57:48,Edward O'Sullivan,edward.osullivan@yahoo.com,,Email,Refund request,Resolved,39:22
SUPPORT,SUP004500,SUP004500,2025-12-11 16:07:57,David Lawrence,david.lawrence@hotmail.com,+44 7690300203,Email,Accessibility,Resolved,02:59
SUPPORT,SUP004501,SUP004501,2025-12-11 17:00:21,Rhys Dunn,rhys.dunn@gmail.com,+44 7623438166,Phone,Accessibility,Open,
SUPPORT,SUP004502,SUP004502,2025-12-11 18:38:59,Melissa Barker,melissa.barker@hotmail.fr,,Email,Refund request,Resolved,01:39
SUPPORT,SUP004503,SUP004503,2025-12-11 18:39:15,Tracy Reed,tracy.reed@gmail.com,+44 7686691636,Email,Complaint,Resolved,08:26
SUPPORT,SUP004504,SUP004504,2025-12-11 18:45:10,Aaron Woods,aaorn.woods@yahoo.com,+44 7425247793,Phone,Enquiry,Resolved,06:46
SUPPORT,SUP004505,SUP004505,2025-12-11 18:52:23,Alexander Chan,alexander.chan@hotmail.com,+44 7680341370,Email,Accessibility,Open,
SUPPORT,SUP004506,SUP004506,2025-12-11 19:20:01,Jill Smith,jill.smith@hotmail.com,+44 7060290473,Email,Complaint,Resolved,06:24
SUPPORT,SUP004507,SUP004507,2025-12-11 22:20:34,Julian Miller,julan.miller@yahoo.com,+44 7892966962,Email,Enquiry,Resolved,03:25
SUPPORT,SUP004508,SUP004508,2025-12-11 22:21:05,Malcolm Clark,malcolm.clark@yahoo.com,+44 7043515374,Email,Refund request,Resolved,22:04
SUPPORT,SUP004509,SUP004509,2025-12-11 22:36:07,Annette Taylor,annette.aylor@gmail.com,+44 7659198028,Email,Enquiry,Resolved,11:28
SUPPORT,SUP004510,SUP004510,2025-12-12 04:58:20,Wendy Abbott,wendy.abbott@aol.com,,Email,Accessibility,Resolved,06:22
SUPPORT,SUP004511,SUP004511,2025-12-12 05:25:10,Roy Hughes,roy.hughes@yahoo.com,+44 7629517286,Email,Enquiry,Resolved,08:06
SUPPORT,SUP004512,SUP004512,2025-12-12 05:42:54,Elaine Pope,elaine.pope@gmail.com,+44 7433258498,Email,Complaint,Resolved,23:32
SUPPORT,SUP004513,SUP004513,2025-12-12 06:12:23,Billy Baker,billy.baker@gmail.com,,Email,Accessibility,Resolved,00:59
SUPPORT,SUP004514,SUP004514,2025-12-12 06:56:04,Kathleen Clarke,kathleen.clarke@yahoo.com,+44 7814257627,Email,Enquiry,Resolved,06:52
SUPPORT,SUP004515,SUP004515,2025-12-12 08:10:55,Damian Harrison,damian.harrison@hotmail.com,+44 7775306257,Phone,Accessibility,Resolved,14:33
SUPPORT,SUP004516,SUP004516,2025-12-12 09:08:04,Kenneth Maconald,kenneth.macdonald@gmail.com,+44 7497193453,Email,Accessibility,Resolved,17:00
SUPPORT,SUP004517,SUP004517,2025-12-12 09:54:19,Billy Baker,billy.abker@gmail.com,+44 7635489681,Email,Accessibility,Resolved,03:32
SUPPORT,SUP004518,SUP004518,2025-12-12 11:54:56,Stanley Cartwright,stanley.cartwright@hotmail.com,+44 7481244782,Phone,Refund request,Resolved,25:44
SUPPORT,SUP004519,SUP004519,2025-12-12 13:21:29,Adam Ahmed,adam.ahmed@yahoo.com,+44 7459965242,Phone,Accessibility,Resolved,05:24
SUPPORT,SUP004520,SUP004520,2025-12-12 15:53:00,Mohammed Rowe,mohammed.rowe@yahoo.com,+44 7301097629,Email,Enquiry,Resolved,07:54
SUPPORT,SUP004521,SUP004521,2025-12-12 16:20:51,Jamie Cooper,jamie.cooper@gmail.com,+44 7798007854,Email,Accessibility,Resolved,18:32
SUPPORT,SUP004522,SUP004522,2025-12-12 18:11:32,Callum Murray,callum.murray@gmail.com,+44 7956592248,Email,Refund request,Resolved,14:13
SUPPORT,SUP004523,SUP004523,2025-12-12 18:39:31,Graeme Jones,graeme.jones@hotmail.com,+44 7357660546,Email,Accessibility,Resolved,06:55
SUPPORT,SUP004524,SUP004524,2025-12-12 19:50:02,Jamie Jones,jamie.jones@hotmail.com,+44 7367959272,Email,Refund request,Open,
SUPPORT,SUP004525,SUP004525,2025-12-12 19:53:36,Ann Murphy,ann.murphy@hotmail.com,+44 7694096190,Email,Refund request,Open,
SUPPORT,SUP004526,SUP004526,2025-12-12 23:17:26,Ellie Smith,ellie.smith@gmail.com,+44 7100439673,Phone,Complaint,Resolved,04:40
SUPPORT,SUP004527,SUP004527,2025-12-12 23:42:31,Gary Matthews,gary.matthews@yahoo.com,+44 7493459127,Phone,Refund request,Open,
SUPPORT,SUP004528,SUP004528,2025-12-13 00:21:20,Garry Gibson,garry.gibson@yahoo.com,+44 7266353809,Email,Refund request,Resolved,04:03
SUPPORT,SUP004529,SUP004529,2025-12-13 02:10:49,Brandon Harrison,brandon.hrarison@yahoo.com,+44 7970336191,Phone,Refund request,Resolved,14:59
SUPPORT,SUP004530,SUP004530,2025-12-13 02:46:26,Joe Curtis,joe.curtis@yahoo.com,,Email,Accessibility,Resolved,13:30
SUPPORT,SUP004531,SUP004531,2025-12-13 08:25:44,Jade Brown,jade.brown@hotmail.fr,+44 7083927441,Email,Complaint,Resolved,47:06
SUPPORT,SUP004532,SUP004532,2025-12-13 12:38:18,Anan Gregory,,+44 7168881961,Phone,Refund request,Open,
SUPPORT,SUP004533,SUP004533,2025-12-13 12:41:26,Allan Foster,allan.foster@yahoo.com,,Email,Complaint,Resolved,02:50
SUPPORT,SUP004534,SUP004534,2025-12-13 13:50:21,Alice Hall,alice.hall@gmail.com,+44 7130012094,Phone,Enquiry,Resolved,03:27
SUPPORT,SUP004535,SUP004535,2025-12-13 15:03:05,Victoria Holmes,vicotria.holmes2@gmail.com,+44 7543857512,Email,Refund request,Open,
SUPPORT,SUP004536,SUP004536,2025-12-13 15:54:57,Joe Jones,joe.jons@gmail.com,,Email,Refund request,Resolved,10:20
SUPPORT,SUP004537,SUP004537,2025-12-13 18:53:51,uJstin Wright,justin.wright@yahoo.com,+44 7400848975,Phone,Accessibility,Resolved,38:30
SUPPORT,SUP004538,SUP004538,2025-12-13 19:12:49,Annette Webster,annette.webster@hotmail.com,+44 7259996737,Phone,Accessibility,Open,
SUPPORT,SUP004539,SUP004539,2025-12-13 19:37:02,June Cunningham,june.cunningham@gmail.com,+44 7052314027,Email,Enquiry,Resolved,01:31
SUPPORT,SUP004540,SUP004540,2025-12-13 20:07:47,Stephanie Evans,stephanie.evans@gmail.com,+44 7162076023,Email,Complaint,Resolved,06:26
SUPPORT,SUP004541,SUP004541,2025-12-13 20:32:13,Bradley Brooks,bradley.brooks@wanadoo.fr,+44 7396055202,Email,Enquiry,Open,
SUPPORT,SUP004542,SUP004542,2025-12-13 20:39:02,Stephanie Evans,stephanie.evans@gmail.com,+44 7162076023,Email,Accessibility,Resolved,41:45
SUPPORT,SUP004543,SUP004543,2025-12-13 21:05:04,Andrew Griffin,andrew.griffin@yahoo.com,,Email,Accessibility,Resolved,15:40
SUPPORT,SUP004544,SUP004544,2025-12-13 21:17:47,Andrew Porter,andrew.porter@hotmail.fr,,Email,Refund request,Resolved,30:48
SUPPORT,SUP004545,SUP004545,2025-12-13 21:57:11,Sian Smith,sian.smith@yahoo.com,+44 7504517450,Email,Refund request,Open,
SUPPORT,SUP004546,SUP004546,2025-12-13 23:39:06,Kelly Hilton,kelly.hilton@hotmail.com,,Email,Refund request,Resolved,11:56
SUPPORT,SUP004547,SUP004547,2025-12-13 23:46:56,Barbara King,,+44 7034479025,Phone,Complaint,Resolved,17:04
SUPPORT,SUP004548,SUP004548,2025-12-14 00:06:51,Kate Waters,kate.waters@hotmail.com,+44 7119256488,Email,Accessibility,Resolved,23:24
SUPPORT,SUP004549,SUP004549,2025-12-14 00:12:00,Ashleigh Jones,,+44 7759187073,Phone,Complaint,Resolved,22:13
SUPPORT,SUP004550,SUP004550,2025-12-14 02:41:13,Jamie Smith,jamie.smith@yahoo.com,+44 7173989303,Email,Refund request,Resolved,58:09
SUPPORT,SUP004551,SUP004551,2025-12-14 03:27:04,Albert Charlton,albert.charlton@hotmail.com,+44 7962299209,Email,Refund request,Resolved,35:35
SUPPORT,SUP004552,SUP004552,2025-12-14 03:41:04,Shaun Walker,shaun.awlker@gmail.com,+44 7013314147,Phone,Enquiry,Resolved,08:11
SUPPORT,SUP004553,SUP004553,2025-12-14 04:43:17,Christopher Holmes,christopher.holmes@gmail.com,+44 7652799667,Email,Accessibility,Resolved,33:27
SUPPORT,SUP004554,SUP004554,2025-12-14 08:46:37,Joyce Butler,,+44 7376885246,Phone,Complaint,Resolved,04:45
SUPPORT,SUP004555,SUP004555,2025-12-14 09:49:24,Owen Thomas,owen.thomas@yahoo.com,+44 7590800579,Email,Refund request,Open,
SUPPORT,SUP004556,SUP004556,2025-12-14 10:01:22,Derek Morris,derek.morris@hotmail.com,,Email,Refund request,Resolved,16:45
SUPPORT,SUP004557,SUP004557,2025-12-14 12:02:13,Luke Wilkinson,luke.wilkinson@gmail.com,,Email,Enquiry,Resolved,04:28
SUPPORT,SUP004558,SUP004558,2025-12-14 12:05:51,Hugh Hussain,hugh.hussain@yahoo.com,+44 7444132221,Phone,Refund request,Open,
SUPPORT,SUP004559,SUP004559,2025-12-14 12:10:12,Catherine Harris,catherine.harris@hotmail.com,,Email,Refund request,Resolved,07:33
SUPPORT,SUP004560,SUP004560,2025-12-14 13:43:22,Julie Smith,julie.smith@gmail.com,,Email,Refund request,Resolved,20:03
SUPPORT,SUP004561,SUP004561,2025-12-14 13:48:18,Stewart Bailey,stewart.bailey@aol.com,+44 7724947625,Email,Refund request,Resolved,06:23
SUPPORT,SUP004562,SUP004562,2025-12-14 13:57:32,Jane Bentley,jane.bentley@hotmail.com,+44 7759918545,Phone,Enquiry,Resolved,01:58
SUPPORT,SUP004563,SUP004563,2025-12-14 16:23:29,James Davies,jamesd.avies@gmail.com,,Email,Accessibility,Resolved,06:48
SUPPORT,SUP004564,SUP004564,2025-12-14 16:23:31,Bernard Davis,bernard.davis@aol.com,+44 7847688334,Phone,Complaint,Resolved,35:56
SUPPORT,SUP004565,SUP004565,2025-12-14 17:19:43,Lauren Fisher,lauren.fishre@gmail.com,+44 7002102021,Email,Refund request,Resolved,08:41
SUPPORT,SUP004566,SUP004566,2025-12-14 17:21:00,Terence Green,terence.green@yahoo.com,+44 7981422566,Email,Accessibility,Resolved,24:09
SUPPORT,SUP004567,SUP004567,2025-12-14 17:27:55,Phillip Dean,phillip.dean@gmail.com,+44 7036388686,Email,Enquiry,Resolved,02:01
SUPPORT,SUP004568,SUP004568,2025-12-15 00:54:10,Mohammed Rowe,mohammed.rowe@yahoo.com,+44 7301096629,Email,Accessibility,Resolved,08:43
SUPPORT,SUP004569,SUP004569,2025-12-15 01:55:23,Kevin Bennett,kevin.bennett@yahoo.com,+44 7640566683,Email,Complaint,Resolved,09:13
SUPPORT,SUP004570,SUP004570,2025-12-15 02:13:17,Roger Atkinson,roger.atkinson@hotmail.com,+44 7655373449,Phone,Complaint,Resolved,45:36
SUPPORT,SUP004571,SUP004571,2025-12-15 03:18:16,Sarah Hussain,sarah.hussain@gmail.com,,Email,Refund request,Resolved,32:38
SUPPORT,SUP004572,SUP004572,2025-12-15 03:41:03,Conor Patel,conor.patel@yahoo.com,+44 7382628531,Email,Complaint,Resolved,44:57
SUPPORT,SUP004573,SUP004573,2025-12-15 03:49:19,Janice Jones,janice.jones2@yahoo.com,+44 7457679582,Email,Enquiry,Open,
SUPPORT,SUP004574,SUP004574,2025-12-15 06:52:34,Paula Stewart,paula.stewart@gmail.com,+44 7676592596,Phone,Accessibility,Resolved,11:25
SUPPORT,SUP004575,SUP004575,2025-12-15 10:31:18,Jennifer Patel,jennifer.patel@hotmail.com,+44 7243130648,Email,Enquiry,Resolved,10:16
SUPPORT,SUP004576,SUP004576,2025-12-15 12:16:55,Hilary Woodward,,+44 7610889777,Phone,Enquiry,Resolved,01:35
SUPPORT,SUP004577,SUP004577,2025-12-15 12:45:02,Dawn Thomas,dawn.thomas@aol.com,,Email,Refund request,Resolved,06:26
SUPPORT,SUP004578,SUP004578,2025-12-15 13:06:39,Jeffrey Saunders,jeffrey.saunders@gmail.com,+44 7635032894,Email,Accessibility,Resolved,24:29
SUPPORT,SUP004579,SUP004579,2025-12-15 13:59:19,Luaren Brown,lauren.brown@hotmail.com,+44 7230102299,Phone,Refund request,Resolved,48:08
SUPPORT,SUP004580,SUP004580,2025-12-15 14:34:05,Paula Fox,paula.fox@gmail.com,+44 7071175412,Email,Accessibility,Resolved,07:47
SUPPORT,SUP004581,SUP004581,2025-12-15 19:15:45,Sam Rice,sam.rice@aol.com,+44 7313316486,Email,Refund request,Resolved,05:39
SUPPORT,SUP004582,SUP004582,2025-12-16 01:11:30,Francis Bradley,francis.bradley@yahoo.com,,Email,Enquiry,Resolved,02:45
SUPPORT,SUP004583,SUP004583,2025-12-16 01:40:51,George Chamberlain,,+44 7847497724,Phone,Accessibility,Resolved,14:11
SUPPORT,SUP004584,SUP004584,2025-12-16 01:42:30,Lynn Blake,lynn.blake@yahoo.com,+44 7400072505,Email,Enquiry,Resolved,08:24
SUPPORT,SUP004585,SUP004585,2025-12-16 02:48:05,Nicola Anderson,nicola.anedrson@yahoo.com,+44 7720190786,Email,Refund request,Resolved,16:06
SUPPORT,SUP004586,SUP004586,2025-12-16 03:31:45,Ashleigh Smith,ashleigh.smith@gmail.com,+44 7778100395,Email,Refund request,Resolved,30:21
SUPPORT,SUP004587,SUP004587,2025-12-16 03:44:57,Jordan Lewis,jordan.lewis@yahoo.com,+44 7736459307,Email,Enquiry,Resolved,05:36
SUPPORT,SUP004588,SUP004588,2025-12-16 04:05:34,Robin Day,robin.day@gmail.com,+44 7796325438,Email,Refund request,Resolved,23:46
SUPPORT,SUP004589,SUP004589,2025-12-16 04:34:10,Susan Miller,,+44 7065804368,Phone,Accessibility,Resolved,27:39
SUPPORT,SUP004590,SUP004590,2025-12-16 05:17:39,Valerie Ahmed,valerie.ahmed@hotmail.com,,Email,Refund request,Resolved,11:45
SUPPORT,SUP004591,SUP004591,2025-12-16 07:20:30,Brett Finch,brett.finch@aol.com,+44 7232866749,Email,Enquiry,Resolved,02:10
SUPPORT,SUP004592,SUP004592,2025-12-16 07:22:21,Oliver Whitehead,oliver.whitehead@yahoo.com,+44 7562546183,Email,Refund request,Resolved,02:43
SUPPORT,SUP004593,SUP004593,2025-12-16 08:11:02,Gordon Evans,gordon.evans@yahoo.com,+44 7016647191,Email,Refund request,Resolved,08:51
SUPPORT,SUP004594,SUP004594,2025-12-16 08:11:26,Oliver Wood,oliver.wood@hotmail.com,+44 7568564256,Email,Accessibility,Open,
SUPPORT,SUP004595,SUP004595,2025-12-16 10:30:06,Gillian Andrews,,+44 7391848697,Phone,Enquiry,Resolved,04:37
SUPPORT,SUP004596,SUP004596,2025-12-16 12:04:47,Henry Miles,enry.miles@hotmail.com,+44 7200935960,Phone,Refund request,Resolved,08:06
SUPPORT,SUP004597,SUP004597,2025-12-16 13:06:53,Gary Williams,gary.williams@yahoo.fr,+44 7593842124,Phone,Accessibility,Resolved,02:37
SUPPORT,SUP004598,SUP004598,2025-12-16 13:44:44,Jessica Rowe,jessica.rowe@gmail.com,+44 7989010176,Email,Enquiry,Resolved,03:22
SUPPORT,SUP004599,SUP004599,2025-12-16 13:50:17,Mohammad Read,mohamamd.read@hotmail.co.uk,+44 7936472715,Email,Refund request,Resolved,10:16
SUPPORT,SUP004600,SUP004600,2025-12-16 14:08:23,Joe Edwards,,+44 7443414198,Phone,Refund request,Resolved,08:25
SUPPORT,SUP004601,SUP004601,2025-12-16 16:05:48,Catherine Barker,catherine.barker@hotmail.com,,Email,Refund request,Resolved,34:07
SUPPORT,SUP004602,SUP004602,2025-12-16 16:16:11,Stephanie Smith,stephanie.smith@gmail.com,,Email,Refund request,Resolved,04:48
SUPPORT,SUP004603,SUP004603,2025-12-16 17:50:00,Marie Thomas,,+44 7379529902,Phone,Complaint,Resolved,29:52
SUPPORT,SUP004604,SUP004604,2025-12-16 19:07:28,Gregory Lloyd,,+44 7810664650,Phone,Refund request,Resolved,25:43
SUPPORT,SUP004605,SUP004605,2025-12-16 22:07:19,Craig Johnson,craig.johnson@wanadoo.fr,+44 7124957128,Phone,Accessibility,Resolved,04:14
SUPPORT,SUP004606,SUP004606,2025-12-16 23:33:06,Karen Perry,karen.eprry@yahoo.com,+44 7597952976,Email,Accessibility,Resolved,05:31
SUPPORT,SUP004607,SUP004607,2025-12-17 00:51:36,Damien Begum,damien.begum@hotmail.com,,Email,Complaint,Open,
SUPPORT,SUP004608,SUP004608,2025-12-17 01:21:43,Barry Miller,barry.miller@hotmail.com,+44 7592956630,Phone,Enquiry,Resolved,07:18
SUPPORT,SUP004609,SUP004609,2025-12-17 02:58:51,Stephanie Fitzgerald,stephanie.fitzgerald@hotmail.fr,+44 7806471370,Email,Accessibility,Resolved,18:35
SUPPORT,SUP004610,SUP004610,2025-12-17 04:12:06,Timothy Sullivan,timothy.sullivan@gmail.com,,Email,Accessibility,Resolved,12:14
SUPPORT,SUP004611,SUP004611,2025-12-17 08:29:57,Owen Burton,owen.burton@hotmail.com,+44 7374010958,Email,Complaint,Resolved,12:47
SUPPORT,SUP004612,SUP004612,2025-12-17 08:40:42,Olivia Middleton,olivia.middleton@aol.com,+44 7889914037,Email,Complaint,Resolved,21:22
SUPPORT,SUP004613,SUP004613,2025-12-17 09:04:47,Ryan Taylor,ryan.taylor@yahoo.com,,Email,Enquiry,Resolved,00:47
SUPPORT,SUP004614,SUP004614,2025-12-17 09:19:37,Aimee Lewis,aimee.lewis@gmail.com,+44 7147564154,Phone,Enquiry,Resolved,04:11
SUPPORT,SUP004615,SUP004615,2025-12-17 10:40:39,Tom Harper,tom.harper@yahoo.com,+44 7485781597,Email,Refund request,Resolved,51:44
SUPPORT,SUP004616,SUP004616,2025-12-17 11:48:12,Gerald Harrison,gerald.harrison@hotmail.com,+44 7634650485,Email,Enquiry,Open,
SUPPORT,SUP004617,SUP004617,2025-12-17 11:53:29,Rebecca Evans,rebecca.evans@hotmail.com,+44 7140863963,Email,Refund request,Resolved,08:47
SUPPORT,SUP004618,SUP004618,2025-12-17 13:12:07,Sheila Smith,sheila.smith@hotmail.com,+44 7736617229,Email,Enquiry,Resolved,06:14
SUPPORT,SUP004619,SUP004619,2025-12-17 13:41:13,Lynda Wilson,lyna.wilson@yahoo.com,+44 7594937854,Email,Refund request,Open,
SUPPORT,SUP004620,SUP004620,2025-12-17 13:43:00,Gary Griffths,gary.griffiths@yahoo.com,,Email,Refund request,Resolved,15:54
SUPPORT,SUP004621,SUP004621,2025-12-17 13:45:43,Billy Marsh,billy.marsh@yahoo.com,+44 7210191546,Email,Complaint,Resolved,52:03
SUPPORT,SUP004622,SUP004622,2025-12-17 16:01:33,Melissa Watson,melissa.watson@hotmail.com,,Email,Refund request,Resolved,14:03
SUPPORT,SUP004623,SUP004623,2025-12-17 19:59:03,Dale Smith,dale.smith@hotmail.com,+44 7202021398,Phone,Accessibility,Resolved,12:49
SUPPORT,SUP004624,SUP004624,2025-12-17 20:57:00,Donna Morris,donna.morris@yahoo.com,,Email,Refund request,Resolved,09:37
SUPPORT,SUP004625,SUP004625,2025-12-17 22:02:59,Chloe Ahmed,chloe.ahmed@hotmail.com,,Email,Enquiry,Resolved,07:57
SUPPORT,SUP004626,SUP004626,2025-12-17 22:47:28,Linda Clayton,linda.clayton@yahoo.com,+44 7381498102,Phone,Accessibility,Resolved,14:53
SUPPORT,SUP004627,SUP004627,2025-12-17 22:49:26,Francis Wood,francis.wood@yahoo.com,+44 7000497283,Email,Refund request,Resolved,27:32
SUPPORT,SUP004628,SUP004628,2025-12-17 23:07:29,Katie Stewart,katie.sewart@yahoo.com,+44 7054413024,Email,Enquiry,Resolved,07:51
SUPPORT,SUP004629,SUP004629,2025-12-17 23:20:12,Abbie Collier,abbie.collier@gmail.com,+44 7822816008,Email,Refund request,Resolved,19:28
SUPPORT,SUP004630,SUP004630,2025-12-18 00:56:27,Melanie Bird,melanie.bird@orange.fr,+44 7585765261,Email,Refund request,Resolved,03:11
SUPPORT,SUP004631,SUP004631,2025-12-18 01:49:29,Shane Mason,shane.mason@gmail.com,+44 7749879236,Email,Accessibility,Resolved,04:24
SUPPORT,SUP004632,SUP004632,2025-12-18 02:17:18,Bernard Davis,bernard.davis@yahoo.com,+44 7069848687,Email,Enquiry,Resolved,10:42
SUPPORT,SUP004633,SUP004633,2025-12-18 02:41:08,Francis Stone,francis.stone@gmail.com,,Email,Refund request,Resolved,13:47
SUPPORT,SUP004634,SUP004634,2025-12-18 03:25:39,Denise French,denise.french@yahoo.com,+44 7302752437,Phone,Refund request,Resolved,10:07
SUPPORT,SUP004635,SUP004635,2025-12-18 07:07:20,Naomi Simpson,naomi.simpson@hotmail.com,+44 7111152543,Phone,Refund request,Resolved,10:20
SUPPORT,SUP004636,SUP004636,2025-12-18 09:56:21,Jeremy Jones,jeremy.jones@aol.com,+44 7123717381,Email,Complaint,Resolved,13:18
SUPPORT,SUP004637,SUP004637,2025-12-18 10:30:21,Oliver Buckley,oliver.buckley@yahoo.com,+44 7413937053,Phone,Enquiry,Open,
SUPPORT,SUP004638,SUP004638,2025-12-18 10:55:18,Olivia Crawford,olivia.crawford@aol.com,+44 7927420735,Email,Enquiry,Open,
SUPPORT,SUP004639,SUP004639,2025-12-18 11:16:41,Brett Young,brett.young@yahoo.fr,+44 7377380045,Email,Complaint,Resolved,22:43
SUPPORT,SUP004640,SUP004640,2025-12-18 11:40:02,rett Jones,brtet.jones2@hotmail.com,+44 7211876846,Email,Refund request,Resolved,11:16
SUPPORT,SUP004641,SUP004641,2025-12-18 12:48:10,Jeremy Jones,jeremy.jones@aol.com,+44 7123717381,Phone,Complaint,Resolved,21:36
SUPPORT,SUP004642,SUP004642,2025-12-18 14:10:15,Ian Thompson,ian.thompson@yahoo.com,,Email,Refund request,Resolved,11:05
SUPPORT,SUP004643,SUP004643,2025-12-18 14:10:18,Anna Gregory,anna.gregory@gmail.com,+44 7168881561,Email,Enquiry,Resolved,03:59
SUPPORT,SUP004644,SUP004644,2025-12-18 14:39:44,Ann Ball,ann.ball@hotmail.com,+44 7406214113,Email,Refund request,Resolved,17:40
SUPPORT,SUP004645,SUP004645,2025-12-18 16:08:00,Paul Green,aul.green@orange.fr,+44 7357063719,Email,Refund request,Open,
SUPPORT,SUP004646,SUP004646,2025-12-18 16:09:15,Melissa Archer,melissa.archer@yahoo.com,,Email,Enquiry,Resolved,05:35
SUPPORT,SUP004647,SUP004647,2025-12-18 22:00:04,Adrian Le,adrian.lee@hotmail.com,,Email,Accessibility,Resolved,07:55
SUPPORT,SUP004648,SUP004648,2025-12-19 01:08:17,Adam Wilson,adam.wilson@yahoo.com,+44 7508528507,Email,Complaint,Resolved,09:38
SUPPORT,SUP004649,SUP004649,2025-12-19 03:18:28,Natalie Jennings,natalie.jennings@hotmail.com,+44 7568422905,Email,Accessibility,Resolved,19:37
SUPPORT,SUP004650,SUP004650,2025-12-19 04:29:23,Raymond Booth,,+44 7159880288,Phone,Refund request,Resolved,06:31
SUPPORT,SUP004651,SUP004651,2025-12-19 05:11:02,Emily Griffiths,emily.griffiths@gmail.com,+44 7350706574,Email,Accessibility,Resolved,28:49
SUPPORT,SUP004652,SUP004652,2025-12-19 05:56:34,Carl Parker,carl.pakrer@hotmail.com,,Email,Refund request,Resolved,07:16
SUPPORT,SUP004653,SUP004653,2025-12-19 08:41:45,Barry Begum,barry.begum@yahoo.com,+44 7009549253,Phone,Enquiry,Resolved,10:50
SUPPORT,SUP004654,SUP004654,2025-12-19 11:52:27,Suzanne Finch,,+44 7137068034,Phone,Enquiry,Resolved,03:16
SUPPORT,SUP004655,SUP004655,2025-12-19 13:15:25,Rosie Barnett,rosie.barnett@gmail.com,+44 7651652448,Email,Complaint,Resolved,42:50
SUPPORT,SUP004656,SUP004656,2025-12-19 14:16:52,Irene Atkinson,irene.atkinson@hotmail.com,+44 7732479592,Email,Enquiry,Open,
SUPPORT,SUP004657,SUP004657,2025-12-19 14:28:34,Kathleen Turner,kathleen.turner@aol.com,+44 7187423545,Email,Refund request,Resolved,29:06
SUPPORT,SUP004658,SUP004658,2025-12-19 15:44:49,Paula Pearce,paula.pearce@yahoo.com,+44 7776404463,Phone,Refund request,Resolved,14:15
SUPPORT,SUP004659,SUP004659,2025-12-19 16:58:15,Molly Forster,moll.forster@hotmail.com,+44 7598754284,Email,Complaint,Resolved,40:41
SUPPORT,SUP004660,SUP004660,2025-12-19 19:09:56,Karen Perry,karen.perry@yahoo.com,+44 7597952976,Phone,Complaint,Resolved,70:11
SUPPORT,SUP004661,SUP004661,2025-12-19 22:01:38,Louis Evans,louisee.vans@gmail.com,+44 7150430131,Email,Complaint,Resolved,12:22
SUPPORT,SUP004662,SUP004662,2025-12-19 22:40:01,Joseph Kent,joesph.kent@hotmail.com,+44 7890429685,Email,Refund request,Resolved,05:00
SUPPORT,SUP004663,SUP004663,2025-12-19 22:53:39,Kathleen Turner,kathleen.turner@aol.com,+44 7187421545,Email,Refund request,Open,
SUPPORT,SUP004664,SUP004664,2025-12-19 23:36:56,Francis Miah,francis.miah@yahoo.com,,Email,Enquiry,Resolved,09:13
SUPPORT,SUP004665,SUP004665,2025-12-20 00:01:55,Naomi Hall,naomi.hall@gmail.com,+44 7509176575,Email,Accessibility,Resolved,05:01
SUPPORT,SUP004666,SUP004666,2025-12-20 00:19:53,Charlene Bates,charlen.bates@yahoo.com,+44 7165229468,Email,Complaint,Open,
SUPPORT,SUP004667,SUP004667,2025-12-20 00:38:37,Gerard Andrews,gerard.andrews@hotmail.com,,Email,Enquiry,Resolved,20:38
SUPPORT,SUP004668,SUP004668,2025-12-20 01:36:48,Tracy Thomas,tracy.thomas@hotmail.com,,Email,Enquiry,Resolved,09:24
SUPPORT,SUP004669,SUP004669,2025-12-20 04:02:39,Allan Powell,allan.powell@yahoo.com,+44 7014291451,Email,Refund request,Resolved,02:32
SUPPORT,SUP004670,SUP004670,2025-12-20 04:18:04,Lydia Blake,lydia.blake@hotmail.com,+44 7442106294,Email,Enquiry,Resolved,09:24
SUPPORT,SUP004671,SUP004671,2025-12-20 04:48:18,Maureen Dunn,maureen.dunn@gmail.com,+44 7945352187,Phone,Refund request,Open,
SUPPORT,SUP004672,SUP004672,2025-12-20 04:50:41,Jemma Wallis,jemma.wallis@hotmail.co.uk,+44 7448771577,Email,Refund request,Resolved,20:20
SUPPORT,SUP004673,SUP004673,2025-12-20 08:50:34,Ann Ali,ann.ail@gmail.com,,Email,Refund request,Resolved,41:10
SUPPORT,SUP004674,SUP004674,2025-12-20 10:10:23,Kerry Jones,kerry.jones@msn.com,+44 7344334083,Email,Complaint,Open,
SUPPORT,SUP004675,SUP004675,2025-12-20 10:24:56,Ashley Morris,ashley.mroris@gmail.com,+44 7055187059,Phone,Complaint,Resolved,10:56
SUPPORT,SUP004676,SUP004676,2025-12-20 10:54:29,Donald Martin,donald.martin@yahoo.com,+44 7022371858,Phone,Enquiry,Resolved,04:31
SUPPORT,SUP004677,SUP004677,2025-12-20 12:11:55,Geraldine Sanderson,geraldine.sanderson@yahoo.com,+44 7992524581,Email,Enquiry,Resolved,09:05
SUPPORT,SUP004678,SUP004678,2025-12-20 13:25:37,Marilyn Gibson,,+44 7603179029,Phone,Complaint,Resolved,15:29
SUPPORT,SUP004679,SUP004679,2025-12-20 14:03:36,Jacob Simpson,jacob.smpson@yahoo.com,+44 7283409466,Phone,Refund request,Resolved,50:14
SUPPORT,SUP004680,SUP004680,2025-12-20 14:07:41,Mohamed Harvey,mohamed.harvey@orange.fr,,Email,Complaint,Resolved,38:52
SUPPORT,SUP004681,SUP004681,2025-12-20 16:09:15,Kathleen Turner,kathleen.turnre@aol.com,+44 7187421545,Email,Refund request,Resolved,10:13
SUPPORT,SUP004682,SUP004682,2025-12-20 18:21:58,Karl Stevenson,karl.stevenson@gmail.com,+44 7996338228,Email,Complaint,Resolved,18:55
SUPPORT,SUP004683,SUP004683,2025-12-20 20:50:39,Jessica Fletcher,jessica.fletcher@yahoo.com,+44 7910990868,Email,Enquiry,Resolved,13:31
SUPPORT,SUP004684,SUP004684,2025-12-20 21:45:57,Zoe Williams,zoe.williams@gmail.com,+44 7231957268,Phone,Accessibility,Resolved,10:42
SUPPORT,SUP004685,SUP004685,2025-12-20 22:06:43,Katie Haynes,katie.haynes@yahoo.com,+44 7160878395,Phone,Complaint,Resolved,04:45
SUPPORT,SUP004686,SUP004686,2025-12-21 00:52:30,Henry Wyatt,henry.wyatt@aol.com,+44 7057290746,Phone,Enquiry,Resolved,05:42
SUPPORT,SUP004687,SUP004687,2025-12-21 04:50:53,Jennifer Begum,jennifer.begum@hotmail.com,+44 7509807405,Email,Complaint,Resolved,08:17
SUPPORT,SUP004688,SUP004688,2025-12-21 05:30:21,Phillip Dean,phillip.dean@gmail.com,+44 7036388686,Email,Accessibility,Resolved,11:22
SUPPORT,SUP004689,SUP004689,2025-12-21 07:56:40,Rhys Cooke,rhys.cooke@msn.com,+44 7810595309,Phone,Refund request,Resolved,05:31
SUPPORT,SUP004690,SUP004690,2025-12-21 08:07:43,Toby Frost,toby.frost@gmail.com,,Email,Refund request,Resolved,17:49
SUPPORT,SUP004691,SUP004691,2025-12-21 08:42:16,Ellie Brown,ellie.brown2@gmail.com,+44 7191817750,Email,Refund request,Resolved,05:29
SUPPORT,SUP004692,SUP004692,2025-12-21 08:54:22,Lydia Preston,lydia.preston@wanadoo.fr,+44 7604562139,Email,Accessibility,Resolved,26:59
SUPPORT,SUP004693,SUP004693,2025-12-21 09:37:31,Adam Dale,adam.dale@yahoo.com,+44 7208533331,Email,Refund request,Resolved,22:18
SUPPORT,SUP004694,SUP004694,2025-12-21 11:17:20,Hayley Barlow,hayley.barlow@hotmail.fr,+44 7761894740,Email,Refund request,Resolved,19:35
SUPPORT,SUP004695,SUP004695,2025-12-21 11:37:23,Margaret Duffy,margaret.duffy@yahoo.com,+44 7074218641,Email,Enquiry,Resolved,06:58
SUPPORT,SUP004696,SUP004696,2025-12-21 12:02:56,Max Smith,max.mith@yahoo.com,+44 7625025170,Email,Complaint,Resolved,46:52
SUPPORT,SUP004697,SUP004697,2025-12-21 12:36:46,Connor Martin,connor.martin@yahoo.com,+44 7250251220,Phone,Enquiry,Resolved,02:17
SUPPORT,SUP004698,SUP004698,2025-12-21 13:10:31,Diane Wallace,diane.wallace@yahoo.com,+44 7050703354,Phone,Accessibility,Open,
SUPPORT,SUP004699,SUP004699,2025-12-21 13:19:36,Janice Simpson,janice.simpson@gmail.com,+44 7850431184,Phone,Refund request,Resolved,17:16
SUPPORT,SUP004700,SUP004700,2025-12-21 13:24:34,Sharon Jones,shraon.jones@aol.com,+44 7781232536,Email,Refund request,Open,
SUPPORT,SUP004701,SUP004701,2025-12-21 14:49:45,Sara Knowles,sara.knowles@yahoo.com,+44 7112715580,Email,Complaint,Resolved,24:24
SUPPORT,SUP004702,SUP004702,2025-12-21 15:03:05,Emily Griffiths,emily.griffiths@gmail.com,+44 7350706574,Email,Enquiry,Resolved,01:51
SUPPORT,SUP004703,SUP004703,2025-12-21 15:03:15,Jenna Harris,jenna.harris@gmail.com,+44 7879771510,Email,Accessibility,Open,
SUPPORT,SUP004704,SUP004704,2025-12-21 16:21:03,Mohammed Ball,mohammed.ball@hotmail.com,+44 7352038777,Email,Refund request,Resolved,10:26
SUPPORT,SUP004705,SUP004705,2025-12-21 17:05:25,Angela Mitchell,angela.mitchell@hotmail.fr,,Email,Enquiry,Resolved,08:17
SUPPORT,SUP004706,SUP004706,2025-12-21 18:54:30,Tony Turner,tony.turner@gmail.com,+44 7492417947,Email,Refund request,Resolved,11:53
SUPPORT,SUP004707,SUP004707,2025-12-21 18:55:55,Mandy Brown,mandy.brown@hotmail.com,+44 7769596215,Email,Refund request,Resolved,07:07
SUPPORT,SUP004708,SUP004708,2025-12-21 20:17:08,Douglas Woods,douglas.woods@gmail.com,+44 7948772580,Email,Refund request,Resolved,11:35
SUPPORT,SUP004709,SUP004709,2025-12-21 21:05:44,Bernard Perry,,+44 7988953538,Phone,Refund request,Resolved,27:25
SUPPORT,SUP004710,SUP004710,2025-12-21 21:18:32,Jade Summers,jdae.summers@hotmail.com,+44 7513938586,Phone,Accessibility,Resolved,06:16
SUPPORT,SUP004711,SUP004711,2025-12-21 22:09:39,Roger Atkinson,,+44 7655373449,Phone,Complaint,Resolved,30:11
SUPPORT,SUP004712,SUP004712,2025-12-21 22:42:09,David Jenkins,david.jenkins@hotmail.com,+44 7600693894,Email,Enquiry,Open,
SUPPORT,SUP004713,SUP004713,2025-12-22 00:28:15,David Ward,david.ward2@yahoo.com,+44 7974389196,Email,Enquiry,Resolved,08:22
SUPPORT,SUP004714,SUP004714,2025-12-22 01:24:24,Gary Taylor,gary.taylor@hotmail.fr,+44 7044656985,Email,Refund request,Resolved,13:12
SUPPORT,SUP004715,SUP004715,2025-12-22 03:40:48,Victoria Hall,victoria.hall@hotmail.co.uk,+44 7853639749,Email,Accessibility,Resolved,36:40
SUPPORT,SUP004716,SUP004716,2025-12-22 04:03:24,Julie Smith,julie.smith@gmail.com,,Email,Accessibility,Resolved,37:16
SUPPORT,SUP004717,SUP004717,2025-12-22 04:18:48,Shannon Moore,shannon.moore@yahoo.com,+44 7727075638,Email,Enquiry,Resolved,07:33
SUPPORT,SUP004718,SUP004718,2025-12-22 04:35:45,Paula Pearce,paula.pearce@yahoo.com,+44 7776404463,Phone,Enquiry,Open,
SUPPORT,SUP004719,SUP004719,2025-12-22 04:50:50,Christian Day,christian.day@gmail.com,+44 7478365442,Email,Enquiry,Resolved,04:58
SUPPORT,SUP004720,SUP004720,2025-12-22 05:01:00,Nigel Evans,nigel.evans@aol.com,+44 7094685698,Phone,Refund request,Resolved,12:33
SUPPORT,SUP004721,SUP004721,2025-12-22 05:40:28,Callum Carter,callum.carter2@gmail.com,+44 7232256388,Phone,Complaint,Resolved,16:05
SUPPORT,SUP004722,SUP004722,2025-12-22 06:03:52,Pauline Howard,pauline.howard@gmail.com,+44 7333690880,Email,Complaint,Resolved,12:25
SUPPORT,SUP004723,SUP004723,2025-12-22 07:07:22,Rachel Edwards,rachel.edwards@gmail.com,,Email,Refund request,Resolved,05:45
SUPPORT,SUP004724,SUP004724,2025-12-22 07:07:28,Douglas Smith,douglas.smith2@gmail.com,+44 7321534417,Email,Refund request,Resolved,20:04
SUPPORT,SUP004725,SUP004725,2025-12-22 08:29:12,Diane Wallace,diane.wallace@yahoo.com,+44 7050703354,Email,Complaint,Resolved,31:42
SUPPORT,SUP004726,SUP004726,2025-12-22 08:36:17,Lorraine Stokes,lorraine.stokes@yahoo.com,+44 7938993634,Phone,Complaint,Resolved,10:55
SUPPORT,SUP004727,SUP004727,2025-12-22 09:08:56,Joan Iqbal,joan.iqbal@msn.com,,Email,Refund request,Open,
SUPPORT,SUP004728,SUP004728,2025-12-22 09:32:44,Jeremy Lewis,jeremy.lewis@hotmail.com,+44 7425179546,Email,Refund request,Resolved,09:58
SUPPORT,SUP004729,SUP004729,2025-12-22 10:12:20,Paula Stewart,paula.stewart@gmail.com,+44 7676592596,Email,Enquiry,Resolved,01:24
SUPPORT,SUP004730,SUP004730,2025-12-22 10:22:49,Glen Mills,glen.mills@hotmail.fr,+44 7870532017,Email,Refund request,Resolved,13:56
SUPPORT,SUP004731,SUP004731,2025-12-22 11:09:32,Gareme Carr,graeme.carr@orange.fr,+44 7030446862,Email,Accessibility,Resolved,42:05
SUPPORT,SUP004732,SUP004732,2025-12-22 11:15:13,Alison McCarthy,alison.mccarthy@yahoo.com,+44 7197907928,Email,Refund request,Resolved,08:16
SUPPORT,SUP004733,SUP004733,2025-12-22 12:00:42,Samantha Hutchinson,samantha.hutchinson@yahoo.com,+44 7919198852,Email,Enquiry,Resolved,01:14
SUPPORT,SUP004734,SUP004734,2025-12-22 13:15:52,Christian Smith,christian.smith@hotmail.com,,Email,Accessibility,Resolved,08:52
SUPPORT,SUP004735,SUP004735,2025-12-22 13:43:14,OliviaParry,olivia.parry@hotmail.fr,+44 7322435302,Email,Refund request,Resolved,19:38
SUPPORT,SUP004736,SUP004736,2025-12-22 14:14:14,Abigail Hunter,abigail.hunter@aol.com,+44 7648514176,Email,Complaint,Resolved,39:09
SUPPORT,SUP004737,SUP004737,2025-12-22 14:36:16,Jodie James,jodie.james@aol.com,+44 7115856724,Email,Accessibility,Resolved,06:22
SUPPORT,SUP004738,SUP004738,2025-12-22 14:53:14,Michelle Stevenson,michelle.stevenson@gmail.com,+44 7105225724,Email,Refund request,Resolved,08:23
SUPPORT,SUP004739,SUP004739,2025-12-22 16:46:48,Chelsea Walker,chelsea.walker@aol.com,+44 7557996527,Email,Accessibility,Resolved,13:05
SUPPORT,SUP004740,SUP004740,2025-12-22 17:24:56,Lucy Walker,lucy.walker@hotmail.com,+44 7017293024,Email,Complaint,Resolved,12:18
SUPPORT,SUP004741,SUP004741,2025-12-22 18:20:50,Gerald uStton,gerald.sutton@yahoo.com,,Email,Complaint,Resolved,23:28
SUPPORT,SUP004742,SUP004742,2025-12-22 19:53:32,Anthony Willis,anthony.willis@hotmail.com,+44 7497055692,Email,Refund request,Resolved,27:33
SUPPORT,SUP004743,SUP004743,2025-12-22 20:14:00,Edward Baker,edward.baker@hotmail.com,+44 7072207167,Phone,Enquiry,Resolved,04:48
SUPPORT,SUP004744,SUP004744,2025-12-22 21:02:21,Francesca Miller,francesca.miller@yahoo.com,+44 7341353322,Email,Refund request,Resolved,03:18
SUPPORT,SUP004745,SUP004745,2025-12-22 21:42:15,Sophie Taylor,,+44 7589903252,Phone,Enquiry,Resolved,02:41
SUPPORT,SUP004746,SUP004746,2025-12-22 22:45:25,Melissa Wong,melissa.wong@gmail.com,,Email,Enquiry,Resolved,05:24
SUPPORT,SUP004747,SUP004747,2025-12-22 23:29:29,Josh Kent,josh.kent@hotmail.com,+44 7778994542,Email,Enquiry,Resolved,02:08
SUPPORT,SUP004748,SUP004748,2025-12-23 00:02:59,Stewart Morgan,stewart.morgan@gmail.com,+44 7427667827,Email,Enquiry,Resolved,01:59
SUPPORT,SUP004749,SUP004749,2025-12-23 01:29:25,Howard Taylor,,+44 7154379467,Phone,Refund request,Resolved,29:28
SUPPORT,SUP004750,SUP004750,2025-12-23 02:08:29,Duncan Grant,duncan.grant@yahoo.fr,+44 7663268956,Email,Refund request,Resolved,11:50
SUPPORT,SUP004751,SUP004751,2025-12-23 02:34:01,Alice Atkins,alice.atkins2@yahoo.com,+44 7523824206,Phone,Refund request,Resolved,11:29
SUPPORT,SUP004752,SUP004752,2025-12-23 02:57:26,Wendy Abbott,wendy.abbott@aol.com,+44 7235187352,Email,Enquiry,Open,
SUPPORT,SUP004753,SUP004753,2025-12-23 03:10:59,Wendy Jones,wendy.jones@yahoo.com,,Email,Enquiry,Resolved,06:24
SUPPORT,SUP004754,SUP004754,2025-12-23 03:55:02,Mitchell Potter,mitchell.potter@gmail.com,+44 7018287695,Email,Refund request,Resolved,42:45
SUPPORT,SUP004755,SUP004755,2025-12-23 04:10:50,Connor Harris,cononr.harris@aol.com,+44 7979634109,Email,Accessibility,Resolved,13:05
SUPPORT,SUP004756,SUP004756,2025-12-23 05:29:45,Mary Smith,mary.smith@hotmail.com,+44 7719015627,Phone,Accessibility,Resolved,17:09
SUPPORT,SUP004757,SUP004757,2025-12-23 06:06:48,Gemma Bailey,gemma.bailey@gmail.com,+44 7910552309,Email,Accessibility,Resolved,41:58
SUPPORT,SUP004758,SUP004758,2025-12-23 06:30:11,Matthew Haynes,matthew.aynes@hotmail.com,+44 7391653435,Phone,Refund request,Resolved,07:19
SUPPORT,SUP004759,SUP004759,2025-12-23 08:06:56,Molly Ward,molly.ward@hotmail.com,+44 7347109709,Email,Complaint,Resolved,18:26
SUPPORT,SUP004760,SUP004760,2025-12-23 08:26:42,Linda Holmes,linda.holmes@yahoo.com,+44 7199616521,Email,Refund request,Resolved,13:21
SUPPORT,SUP004761,SUP004761,2025-12-23 09:50:33,Abdul Harrison,abdul.harrison@yahoo.com,+44 7948439032,Phone,Enquiry,Resolved,00:21
SUPPORT,SUP004762,SUP004762,2025-12-23 10:36:02,Emma Benson,emma.benson@gmail.com,+44 7941867911,Email,Enquiry,Open,
SUPPORT,SUP004763,SUP004763,2025-12-23 10:56:21,Adrian Lee,adrian.lee@hotmail.com,+44 7945977819,Email,Enquiry,Open,
SUPPORT,SUP004764,SUP004764,2025-12-23 11:28:13,Elliot Dixon,elliot.dixon@yahoo.com,+44 7242378507,Email,Refund request,Resolved,16:35
SUPPORT,SUP004765,SUP004765,2025-12-23 12:03:39,Lewis Atkins,leiws.atkins@hotmail.com,+44 7709776828,Email,Refund request,Resolved,34:50
SUPPORT,SUP004766,SUP004766,2025-12-23 12:08:55,Yvonne Turner,yvonne.turner@yahoo.com,+44 7232243294,Email,Accessibility,Resolved,45:17
SUPPORT,SUP004767,SUP004767,2025-12-23 12:45:27,Lucy Walker,lucy.walker@hotmail.com,+44 7017293024,Email,Enquiry,Resolved,07:05
SUPPORT,SUP004768,SUP004768,2025-12-23 12:54:22,Janet Walton,janet.walton@gmail.com,+44 7771194038,Phone,Refund request,Resolved,24:58
SUPPORT,SUP004769,SUP004769,2025-12-23 13:06:47,Christian Bibi,christian.bibi@hotmail.co.uk,+44 7413609144,Phone,Complaint,Resolved,44:56
SUPPORT,SUP004770,SUP004770,2025-12-23 14:38:46,Cheryl Smith,cheryl.smith@hotmail.com,+44 7875294483,Phone,Complaint,Open,
SUPPORT,SUP004771,SUP004771,2025-12-23 15:37:57,Howard Taylor,howard.taylor@gmail.com,+44 7154379467,Phone,Refund request,Resolved,01:35
SUPPORT,SUP004772,SUP004772,2025-12-23 16:16:56,Gary Griffiths,gary.griffiths@yahoo.com,+44 7052391196,Email,Complaint,Resolved,14:39
SUPPORT,SUP004773,SUP004773,2025-12-23 16:41:47,Alexandra Lord,alexandra.lord@hotmail.com,,Email,Enquiry,Resolved,05:11
SUPPORT,SUP004774,SUP004774,2025-12-23 17:03:09,Barbara Williams,,+44 7485074606,Phone,Complaint,Resolved,01:09
SUPPORT,SUP004775,SUP004775,2025-12-23 19:13:19,Natalie Hutchinson,natalie.hutchinson@gmail.com,,Email,Enquiry,Resolved,16:20
SUPPORT,SUP004776,SUP004776,2025-12-23 20:46:37,Samuel Gray,samuel.gray@yahoo.com,+44 7211157242,Email,Refund request,Open,
SUPPORT,SUP004777,SUP004777,2025-12-23 21:12:25,Philip Hooper,,+44 7153379028,Phone,Refund request,Resolved,17:32
SUPPORT,SUP004778,SUP004778,2025-12-23 21:41:38,Josh Charlton,josh.charlton@hotmail.co.uk,+44 7597595916,Email,Enquiry,Resolved,11:44
SUPPORT,SUP004779,SUP004779,2025-12-23 22:07:35,Ronald Davies,ronald.davies@hotmail.com,+44 7390979133,Email,Refund request,Resolved,07:56
SUPPORT,SUP004780,SUP004780,2025-12-23 22:30:17,Lucy Walker,lucy.walker@hotmail.com,+44 7017293024,Email,Refund request,Resolved,13:13
SUPPORT,SUP004781,SUP004781,2025-12-23 22:53:33,Tracy Lamb,tracy.lamb@hotmail.com,+44 7472046335,Email,Enquiry,Resolved,10:30
SUPPORT,SUP004782,SUP004782,2025-12-24 01:35:07,Brett Potter,brett.potter@yahoo.com,+44 7881185780,Phone,Refund request,Resolved,27:01
SUPPORT,SUP004783,SUP004783,2025-12-24 06:21:35,Callum Gallagher,callum.gallagher@hotmail.com,+44 7665307876,Email,Enquiry,Resolved,06:23
SUPPORT,SUP004784,SUP004784,2025-12-24 07:18:52,Clare Jones,clare.jones@hotmail.com,+44 7898331623,Phone,Enquiry,Resolved,01:09
SUPPORT,SUP004785,SUP004785,2025-12-24 08:11:40,Henry Adams,henry.adams@hotmail.co.uk,+44 7443160729,Email,Refund request,Resolved,32:32
SUPPORT,SUP004786,SUP004786,2025-12-24 08:18:35,Abigail Johnson,abigail.johnson@gmail.com,+44 7149714542,Phone,Enquiry,Resolved,07:46
SUPPORT,SUP004787,SUP004787,2025-12-24 10:01:18,Lauren Brown,lauren.brown@hotmail.com,+44 7230102299,Phone,Accessibility,Resolved,07:02
SUPPORT,SUP004788,SUP004788,2025-12-24 10:45:11,Gordon Thomas,gordon.thomas@yahoo.com,,Email,Enquiry,Open,
SUPPORT,SUP004789,SUP004789,2025-12-24 11:01:45,Kathleen Turner,kathleen.turner@aol.com,+44 7187421545,Email,Refund request,Resolved,25:47
SUPPORT,SUP004790,SUP004790,2025-12-24 11:59:05,Conor Gardiner,conor.gardiner@hotmail.com,+44 7391974117,Email,Complaint,Resolved,10:41
SUPPORT,SUP004791,SUP004791,2025-12-24 12:10:04,Mohamed Fisher,mohamed.fisher@msn.com,+44 7572246786,Phone,Complaint,Open,
SUPPORT,SUP004792,SUP004792,2025-12-24 12:22:38,KarlH unt,karl.hunt@yahoo.com,,Email,Enquiry,Resolved,05:31
SUPPORT,SUP004793,SUP004793,2025-12-24 13:02:59,Duncan Donnelly,duncan.donnelly@aol.com,,Email,Enquiry,Resolved,05:12
SUPPORT,SUP004794,SUP004794,2025-12-24 13:11:39,Jack Jones,,+44 7117422748,Phone,Complaint,Resolved,08:37
SUPPORT,SUP004795,SUP004795,2025-12-24 13:36:46,Derek Dickinson,derek.dickinson@yahoo.com,+44 7024739528,Email,Complaint,Resolved,37:10
SUPPORT,SUP004796,SUP004796,2025-12-24 14:41:38,Yvonne Turner,yvonneturner@yahoo.com,,Email,Complaint,Resolved,36:59
SUPPORT,SUP004797,SUP004797,2025-12-24 14:55:33,Malcolm Hunt,,+44 7255777918,Phone,Refund request,Resolved,35:48
SUPPORT,SUP004798,SUP004798,2025-12-24 16:20:05,Ashleigh Rowley,ashleigh.rowley@hotmail.com,+44 7078811891,Email,Refund request,Resolved,02:01
SUPPORT,SUP004799,SUP004799,2025-12-24 16:46:08,Angela O'Brien,angela.obrien@gmail.com,+44 7249846225,Email,Enquiry,Resolved,03:36
SUPPORT,SUP004800,SUP004800,2025-12-24 18:03:10,Aimee Davidson,aimee.davidson@hotmail.com,+44 7057957494,Phone,Complaint,Resolved,34:42
SUPPORT,SUP004801,SUP004801,2025-12-24 20:25:43,Natalie Vincent,natalie.vincent@gmail.com,+44 7426677885,Email,Refund request,Resolved,15:01
SUPPORT,SUP004802,SUP004802,2025-12-24 21:20:56,Guy Lee,guylee@hotmail.com,+44 7724880621,Phone,Enquiry,Open,
SUPPORT,SUP004803,SUP004803,2025-12-25 00:36:44,Patricia Pearce,patricia.pearce@yahoo.com,,Email,Refund request,Resolved,09:36
SUPPORT,SUP004804,SUP004804,2025-12-25 04:03:29,Molly Ward,molly.ward@hotmail.com,,Email,Accessibility,Resolved,15:43
SUPPORT,SUP004805,SUP004805,2025-12-25 04:35:32,Mary Martin,mary.martin@hotmail.com,,Email,Accessibility,Resolved,15:44
SUPPORT,SUP004806,SUP004806,2025-12-25 04:46:16,Clifford Robson,clifford.robson@hotmail.com,+44 7742158905,Email,Enquiry,Resolved,06:37
SUPPORT,SUP004807,SUP004807,2025-12-25 05:49:37,Sharon Gregory,sharon.gregory@yahoo.com,+44 7317356790,Phone,Refund request,Open,
SUPPORT,SUP004808,SUP004808,2025-12-25 06:26:05,Ian Ford,ian.ford@hotmail.com,+44 7873923329,Phone,Refund request,Open,
SUPPORT,SUP004809,SUP004809,2025-12-25 07:04:44,Marie Talbot,marie.talbot@aol.com,+44 7476471496,Email,Enquiry,Resolved,05:16
SUPPORT,SUP004810,SUP004810,2025-12-25 07:11:31,Nicholas Duncan,nicholas.duncan@hotmail.com,+44 7971209259,Phone,Enquiry,Resolved,03:07
SUPPORT,SUP004811,SUP004811,2025-12-25 07:12:51,Stanley Cartwright,stanley.cartwright@hotmail.com,+44 7481244782,Phone,Refund request,Open,
SUPPORT,SUP004812,SUP004812,2025-12-25 08:54:47,Leanne Green,leanne.green@yahoo.com,+44 7341414914,Phone,Enquiry,Resolved,03:47
SUPPORT,SUP004813,SUP004813,2025-12-25 08:59:20,Julia Lambert,julia.lambert@gmail.com,+44 7051701986,Email,Enquiry,Resolved,01:03
SUPPORT,SUP004814,SUP004814,2025-12-25 09:09:01,Norman Webb,norman.webb@gmail.com,,Email,Enquiry,Resolved,12:14
SUPPORT,SUP004815,SUP004815,2025-12-25 09:48:07,Alice Green,alice.green@gmail.com,,Email,Refund request,Resolved,09:59
SUPPORT,SUP004816,SUP004816,2025-12-25 11:42:43,Bethany Long,bethany.long@gmail.com,,Email,Complaint,Resolved,12:14
SUPPORT,SUP004817,SUP004817,2025-12-25 11:51:39,Paige Hunter,paieg.hunter@gmail.com,+44 7954742233,Email,Enquiry,Resolved,03:02
SUPPORT,SUP004818,SUP004818,2025-12-25 12:04:21,Lorraine Nicholls,lorraine.nicholls@wanadoo.fr,+44 7951404403,Email,Refund request,Resolved,07:02
SUPPORT,SUP004819,SUP004819,2025-12-25 13:07:57,Josh Morgan,,+44 7599323577,Phone,Enquiry,Resolved,06:30
SUPPORT,SUP004820,SUP004820,2025-12-25 15:19:14,Conor Gardiner,conor.gardinr@hotmail.com,,Email,Accessibility,Resolved,08:36
SUPPORT,SUP004821,SUP004821,2025-12-25 16:32:42,Mary Smith,,+44 7719015627,Phone,Complaint,Open,
SUPPORT,SUP004822,SUP004822,2025-12-25 16:36:31,Carol Ryan,carol.ryan@hotmail.com,,Email,Refund request,Resolved,11:07
SUPPORT,SUP004823,SUP004823,2025-12-25 16:46:54,Kieran Hayward,kieran.hayward@yahoo.com,+44 7363302245,Email,Refund request,Resolved,16:28
SUPPORT,SUP004824,SUP004824,2025-12-25 17:00:51,Hayley Sullivan,hayley.sullivan@hotmail.com,+44 7143072117,Phone,Complaint,Resolved,16:48
SUPPORT,SUP004825,SUP004825,2025-12-25 19:05:37,Andrew Johnson,andrew.jhonson@hotmail.com,,Email,Refund request,Open,
SUPPORT,SUP004826,SUP004826,2025-12-25 20:18:28,Joshua Harris,joshua.harris@yahoo.com,+44 7109925649,Email,Enquiry,Resolved,05:47
SUPPORT,SUP004827,SUP004827,2025-12-25 20:22:37,Kevin Daly,kevin.daly@hotmail.com,,Email,Refund request,Open,
SUPPORT,SUP004828,SUP004828,2025-12-25 20:40:51,Clifford Bennett,clifford.bennett@gmail.com,+44 7826169049,Email,Enquiry,Resolved,02:55
SUPPORT,SUP004829,SUP004829,2025-12-25 22:04:37,Natalie Lewis,natalie.lewis@hotmail.com,+44 7644772436,Phone,Accessibility,Resolved,02:23
SUPPORT,SUP004830,SUP004830,2025-12-25 23:08:13,Mohamed Hall,mohamed.hall@aol.com,,Email,Accessibility,Resolved,10:42
SUPPORT,SUP004831,SUP004831,2025-12-25 23:40:05,Mandy Reynolds,mandy.reynolds@hotmail.com,+44 7505618663,Email,Complaint,Resolved,59:53
SUPPORT,SUP004832,SUP004832,2025-12-26 01:22:01,Marc Hussain,marc.hussain@yahoo.com,+44 7267345284,Phone,Refund request,Open,
SUPPORT,SUP004833,SUP004833,2025-12-26 01:33:37,Josh Bishop,josh.bishop@aol.com,+44 7479213461,Phone,Refund request,Resolved,16:00
SUPPORT,SUP004834,SUP004834,2025-12-26 02:09:56,Paula Walker,paula.walker@yahoo.com,+44 7606703784,Email,Refund request,Resolved,15:29
SUPPORT,SUP004835,SUP004835,2025-12-26 02:54:55,Jay Spencer,,+44 7138410641,Phone,Complaint,Resolved,24:21
SUPPORT,SUP004836,SUP004836,2025-12-26 03:24:21,Bernard Baxter,bernard.baxter@hotmail.com,,Email,Enquiry,Resolved,04:09
SUPPORT,SUP004837,SUP004837,2025-12-26 03:33:39,Gemma Thorpe,gemma.thorpe@yahoo.com,+44 7314649045,Email,Refund request,Resolved,14:41
SUPPORT,SUP004838,SUP004838,2025-12-26 04:31:32,Donald Ahmed,donald.amhed@gmail.com,+44 7875580909,Email,Complaint,Resolved,19:47
SUPPORT,SUP004839,SUP004839,2025-12-26 05:05:59,Marian Heath,marian.heath@gmail.com,+44 7397860587,Email,Refund request,Resolved,43:21
SUPPORT,SUP004840,SUP004840,2025-12-26 10:12:43,Kelly Jones,kelyl.jones@hotmail.com,+44 7840489884,Email,Accessibility,Resolved,16:32
SUPPORT,SUP004841,SUP004841,2025-12-26 10:54:51,Alice Atkins,alice.atkins@yahoo.com,+44 7658758989,Phone,Refund request,Resolved,21:52
SUPPORT,SUP004842,SUP004842,2025-12-26 12:00:04,Hazel Hamilton,hazel.hamilton@gmail.com,+44 7801798249,Phone,Complaint,Resolved,28:13
SUPPORT,SUP004843,SUP004843,2025-12-26 12:06:31,Bethany Fisher,bethany.fisher@hotmail.com,+44 7782032932,Phone,Complaint,Resolved,03:23
SUPPORT,SUP004844,SUP004844,2025-12-26 13:52:30,Karl Reed,karl.reed@hotmail.com,+44 7448538681,Email,Refund request,Resolved,07:03
SUPPORT,SUP004845,SUP004845,2025-12-26 13:58:27,William Jones,william.jones@hotmail.com,+44 7796099458,Email,Complaint,Resolved,27:29
SUPPORT,SUP004846,SUP004846,2025-12-26 13:59:21,George Field,george.field@hotmail.com,+44 7205760802,Email,Complaint,Resolved,45:21
SUPPORT,SUP004847,SUP004847,2025-12-26 16:06:41,Michelle Garner,michelle.garner@hotmail.com,+44 7500181888,Email,Accessibility,Resolved,04:31
SUPPORT,SUP004848,SUP004848,2025-12-26 16:29:54,Clare Simpson,clare.simpson@yahoo.com,+44 7713516609,Email,Complaint,Resolved,06:44
SUPPORT,SUP004849,SUP004849,2025-12-26 18:52:22,Cameron Burton,cameron.butron@hotmail.com,,Email,Enquiry,Resolved,03:36
SUPPORT,SUP004850,SUP004850,2025-12-26 22:54:27,Emma Clarke,,+44 7484249111,Phone,Accessibility,Resolved,24:09
SUPPORT,SUP004851,SUP004851,2025-12-26 23:30:25,Emily Griffiths,emily.griffiths@gmail.com,+44 7350706574,Email,Accessibility,Resolved,04:08
SUPPORT,SUP004852,SUP004852,2025-12-27 00:56:12,Joshua Robinson,joshua.robinson@gmail.com,,Email,Accessibility,Open,
SUPPORT,SUP004853,SUP004853,2025-12-27 01:13:02,Alice Murray,ailce.murray@gmail.com,+44 7191132877,Email,Refund request,Resolved,05:44
SUPPORT,SUP004854,SUP004854,2025-12-27 02:04:38,Hugh Webster,huhg.webster@yahoo.com,+44 7379208972,Phone,Complaint,Resolved,05:02
SUPPORT,SUP004855,SUP004855,2025-12-27 03:05:11,Patrick Hurst,patrick.hurst@yahoo.com,,Email,Enquiry,Resolved,07:02
SUPPORT,SUP004856,SUP004856,2025-12-27 04:05:47,Dean Hill,dean.hill@gmail.com,+44 7281017836,Phone,Complaint,Resolved,09:42
SUPPORT,SUP004857,SUP004857,2025-12-27 05:05:21,Mohamed Fisher,mohamed.fisher@msn.com,,Email,Complaint,Resolved,20:42
SUPPORT,SUP004858,SUP004858,2025-12-27 05:46:18,Rachael Little,rachael.little@yahoo.com,+44 7024665354,Phone,Complaint,Resolved,12:35
SUPPORT,SUP004859,SUP004859,2025-12-27 06:40:11,Joel O'Connor,joel.oconnor@gmail.com,,Email,Complaint,Resolved,38:11
SUPPORT,SUP004860,SUP004860,2025-12-27 07:27:41,Sian Kirk,sian.kirk@yahoo.com,+44 7201134833,Email,Accessibility,Open,
SUPPORT,SUP004861,SUP004861,2025-12-27 09:54:08,Teresa Kelly,teresa.kelly@hotmail.com,,Email,Complaint,Resolved,41:14
SUPPORT,SUP004862,SUP004862,2025-12-27 11:51:16,John Kaur,john.kaur@hotmail.com,+44 7125477664,Phone,Enquiry,Resolved,01:13
SUPPORT,SUP004863,SUP004863,2025-12-27 13:46:01,Janice Simpson,janice.simpson@gmail.com,+44 7850431184,Email,Accessibility,Resolved,07:40
SUPPORT,SUP004864,SUP004864,2025-12-27 13:55:29,Sheila Smith,sheila.smith@yahoo.com,+44 7603424454,Email,Accessibility,Resolved,09:46
SUPPORT,SUP004865,SUP004865,2025-12-27 14:38:57,Brandon Taylor,brandon.taylor@gmail.com,+44 7331045854,Email,Enquiry,Resolved,11:51
SUPPORT,SUP004866,SUP004866,2025-12-27 15:15:49,Bryan Charlton,bryan.charlton@orange.fr,+44 7777840294,Email,Refund request,Resolved,36:16
SUPPORT,SUP004867,SUP004867,2025-12-27 15:55:44,Henry Baker,henry.baker@yahoo.com,+44 7803904609,Email,Accessibility,Open,
SUPPORT,SUP004868,SUP004868,2025-12-27 15:55:54,Shannon Scott,shannon.scott@gmail.com,+44 7275163549,Email,Accessibility,Resolved,09:10
SUPPORT,SUP004869,SUP004869,2025-12-27 15:58:55,Michelle Stevenson,michele.stevenson@gmail.com,+44 7105225724,Email,Enquiry,Resolved,01:10
SUPPORT,SUP004870,SUP004870,2025-12-27 16:30:26,Ian Robertson,ian.robertson@gmail.com,+44 7424077549,Email,Enquiry,Resolved,07:06
SUPPORT,SUP004871,SUP004871,2025-12-27 17:03:18,Clifford Schofield,clifford.schofield@yahoo.com,+44 7111301130,Phone,Enquiry,Open,
SUPPORT,SUP004872,SUP004872,2025-12-27 17:38:55,Anna Pugh,,+44 7340153209,Phone,Refund request,Resolved,19:33
SUPPORT,SUP004873,SUP004873,2025-12-27 18:40:09,Jacob Simpson,jaco.simpson@yahoo.com,+44 7283409466,Phone,Refund request,Resolved,42:06
SUPPORT,SUP004874,SUP004874,2025-12-27 20:17:49,Brett Begum,brett.begum@hotmail.com,+44 7307201133,Email,Refund request,Resolved,10:56
SUPPORT,SUP004875,SUP004875,2025-12-27 20:30:50,Jenna Wong,,+44 7137923098,Phone,Enquiry,Open,
SUPPORT,SUP004876,SUP004876,2025-12-27 21:49:33,Brandon Smith,brandon.smith@gmail.com,+44 7686094690,Email,Accessibility,Resolved,09:53
SUPPORT,SUP004877,SUP004877,2025-12-27 22:16:36,Duncan Donnelly,duncan.donnelly@aol.com,+44 7381444682,Email,Complaint,Resolved,29:49
SUPPORT,SUP004878,SUP004878,2025-12-27 22:22:28,Georgina Reynolds,georgina.reynolds@yahoo.com,,Email,Refund request,Resolved,06:50
SUPPORT,SUP004879,SUP004879,2025-12-27 22:53:19,Charlene Marsh,charlene.marsh@hotmail.com,+44 7941963488,Email,Refund request,Resolved,17:13
SUPPORT,SUP004880,SUP004880,2025-12-27 23:25:28,Joanne Begum,joanne.begum@yahoo.com,+44 7709029667,Email,Enquiry,Open,
SUPPORT,SUP004881,SUP004881,2025-12-28 00:18:02,Paula Reed,,+44 7156211490,Phone,Enquiry,Resolved,03:00
SUPPORT,SUP004882,SUP004882,2025-12-28 00:35:35,Shaun Brady,shaun.brady@aol.com,+44 7310845320,Phone,Complaint,Open,
SUPPORT,SUP004883,SUP004883,2025-12-28 01:26:27,Graeme Jones,graeme.jones@yahoo.com,+44 7792961248,Email,Enquiry,Resolved,06:22
SUPPORT,SUP004884,SUP004884,2025-12-28 01:57:06,Yvonne Turner,yvonne.turner@yahoo.com,,Email,Refund request,Resolved,02:18
SUPPORT,SUP004885,SUP004885,2025-12-28 02:07:00,June Smith,june.smith@hotmail.com,+44 7497714545,Email,Accessibility,Resolved,14:44
SUPPORT,SUP004886,SUP004886,2025-12-28 03:38:37,Brandon Smith,brandon.smith@gmail.com,+44 7686094690,Phone,Refund request,Resolved,28:52
SUPPORT,SUP004887,SUP004887,2025-12-28 04:07:04,Natalie Hutchinson,natalie.hutchinson@gmail.com,+44 7365378463,Phone,Enquiry,Open,
SUPPORT,SUP004888,SUP004888,2025-12-28 04:27:37,Angela O'Brien,angela.obrien@gmail.com,+44 7249846225,Phone,Refund request,Resolved,16:09
SUPPORT,SUP004889,SUP004889,2025-12-28 04:40:15,Malcolm Hunt,,+44 7255777918,Phone,Refund request,Resolved,02:38
SUPPORT,SUP004890,SUP004890,2025-12-28 06:47:35,Ryan Duncan,ryan.duncan@hotmail.com,+44 7070144066,Email,Accessibility,Resolved,16:03
SUPPORT,SUP004891,SUP004891,2025-12-28 07:44:13,Roy Kay,roy.kay@yahoo.com,+44 7216671780,Email,Enquiry,Resolved,01:57
SUPPORT,SUP004892,SUP004892,2025-12-28 08:45:03,Charlotte Wilson,charlotte.wilson@yahoo.com,,Email,Enquiry,Resolved,02:42
SUPPORT,SUP004893,SUP004893,2025-12-28 09:01:48,Charles Stevens,charles.stevens@yahoo.com,+44 7388883555,Email,Complaint,Resolved,23:39
SUPPORT,SUP004894,SUP004894,2025-12-28 11:39:21,Dorothy White,dorothy.white@yahoo.com,+44 7732395433,Email,Refund request,Resolved,08:23
SUPPORT,SUP004895,SUP004895,2025-12-28 11:46:37,Paula Reed,paula.reed@gmail.com,+44 7156211490,Email,Complaint,Resolved,62:31
SUPPORT,SUP004896,SUP004896,2025-12-28 12:05:27,Louise Evans,louise.evans@gmail.com,+44 7150430131,Email,Accessibility,Resolved,11:57
SUPPORT,SUP004897,SUP004897,2025-12-28 12:15:36,EileenW ood,,+44 7866842930,Phone,Enquiry,Resolved,03:38
SUPPORT,SUP004898,SUP004898,2025-12-28 12:34:24,Christian Bibi,christian.bibi@hotmail.co.uk,+44 7413609142,Email,Accessibility,Resolved,02:47
SUPPORT,SUP004899,SUP004899,2025-12-28 12:47:58,Linda Ali,linda.ali@hotmail.com,+44 7394052190,Email,Complaint,Resolved,38:27
SUPPORT,SUP004900,SUP004900,2025-12-28 12:50:14,Jack Jones,jack.jones@yahoo.com,+44 7117422748,Phone,Refund request,Resolved,26:07
SUPPORT,SUP004901,SUP004901,2025-12-28 12:59:53,Joshua Robinson,joshua.robinson@gmail.com,+44 7855962508,Phone,Enquiry,Resolved,03:17
SUPPORT,SUP004902,SUP004902,2025-12-28 13:07:54,Angela O'Brien,angela.obrien@gmail.com,+44 7249846225,Email,Complaint,Open,
SUPPORT,SUP004903,SUP004903,2025-12-28 13:12:22,Sian Kirk,sian.kirk@yahoo.com,+44 7201134833,Phone,Refund request,Resolved,13:43
SUPPORT,SUP004904,SUP004904,2025-12-28 13:23:57,Bernard Griffin,bernard.griffin@hotmail.com,+44 7151506969,Email,Refund request,Open,
SUPPORT,SUP004905,SUP004905,2025-12-28 13:25:46,Sam Howell,sam.howell@hotmail.com,+44 7517753977,Phone,Accessibility,Resolved,28:13
SUPPORT,SUP004906,SUP004906,2025-12-28 13:33:07,Ashleigh Rowley,ashleigh.rowley@hotmail.com,+44 7078811891,Email,Refund request,Resolved,19:41
SUPPORT,SUP004907,SUP004907,2025-12-28 14:35:41,Joan Nash,joan.nash@gmail.com,+44 7085132152,Email,Enquiry,Open,
SUPPORT,SUP004908,SUP004908,2025-12-28 15:38:18,Clive Payne,clive.payne@yahoo.fr,+44 7688020976,Email,Accessibility,Open,
SUPPORT,SUP004909,SUP004909,2025-12-28 16:09:40,Rachel Hayes,rachel.hayes@gmail.com,,Email,Complaint,Resolved,14:20
SUPPORT,SUP004910,SUP004910,2025-12-28 16:43:00,Duncan Donnelly,ducnan.donnelly@aol.com,+44 7381444682,Email,Accessibility,Resolved,06:51
SUPPORT,SUP004911,SUP004911,2025-12-28 17:08:06,Ross Lambert,ross.lambert@gmail.com,+44 7977944740,Email,Complaint,Resolved,25:31
SUPPORT,SUP004912,SUP004912,2025-12-28 17:44:27,Glen Marshall,glen.marhall@gmail.com,+44 7518852508,Phone,Complaint,Resolved,09:45
SUPPORT,SUP004913,SUP004913,2025-12-28 18:11:32,Emily Griffiths,emily.griffiths@gmail.com,+44 7350706574,Phone,Refund request,Resolved,22:49
SUPPORT,SUP004914,SUP004914,2025-12-28 18:25:20,Heather Thomson,heather.thomson@yahoo.com,,Email,Refund request,Resolved,01:32
SUPPORT,SUP004915,SUP004915,2025-12-28 20:19:54,Nathan Evns,,+44 7775807742,Phone,Complaint,Resolved,12:20
SUPPORT,SUP004916,SUP004916,2025-12-28 20:47:12,Rachel Hayes,rachel.hayes@gmail.com,+44 7756198874,Phone,Enquiry,Resolved,11:34
SUPPORT,SUP004917,SUP004917,2025-12-28 21:24:24,Ricky Reynolds,ricky.reynolds@yahoo.com,,Email,Enquiry,Resolved,07:06
SUPPORT,SUP004918,SUP004918,2025-12-28 21:45:14,Gareth Walker,gareth.walker@msn.com,,Email,Enquiry,Resolved,05:04
SUPPORT,SUP004919,SUP004919,2025-12-28 22:44:22,Kathryn Henderson,kathryn.henderson@yahoo.com,+44 7951999532,Email,Complaint,Resolved,03:25
SUPPORT,SUP004920,SUP004920,2025-12-28 23:07:33,Declan Reid,declan.reid@yahoo.com,+44 7276563377,Email,Refund request,Open,
SUPPORT,SUP004921,SUP004921,2025-12-29 00:25:44,Brandon Butcher,brandon.butcher@gmail.com,,Email,Refund request,Resolved,10:29
SUPPORT,SUP004922,SUP004922,2025-12-29 00:30:37,Debra Williams,debra.williams@yahoo.com,+44 7956758904,Email,Refund request,Resolved,03:21
SUPPORT,SUP004923,SUP004923,2025-12-29 01:22:22,Gregory Shaw,gregory.shaw@gmail.com,+44 7914174053,Email,Accessibility,Resolved,06:53
SUPPORT,SUP004924,SUP004924,2025-12-29 02:11:04,Alan Moore,alan.moore@yahoo.com,+44 7159761740,Email,Enquiry,Resolved,04:02
SUPPORT,SUP004925,SUP004925,2025-12-29 06:00:02,Neil Potter,neil.potter@yahoo.fr,,Email,Complaint,Open,
SUPPORT,SUP004926,SUP004926,2025-12-29 06:44:14,Clive Payne,clive.payne@yahoo.fr,+44 7688020976,Email,Complaint,Resolved,15:44
SUPPORT,SUP004927,SUP004927,2025-12-29 07:09:11,Nigel Simmons,nigel.simmons@gmail.com,+44 7731386585,Email,Complaint,Resolved,10:40
SUPPORT,SUP004928,SUP004928,2025-12-29 07:55:42,Kirsty Ross,kirsty.ross@gmail.com,+44 7276583138,Email,Accessibility,Resolved,18:51
SUPPORT,SUP004929,SUP004929,2025-12-29 08:19:39,Dominic Moore,dominic.moroe@hotmail.com,+44 7904601984,Email,Accessibility,Resolved,18:09
SUPPORT,SUP004930,SUP004930,2025-12-29 08:40:32,Yvonne Turner,,+44 7238243294,Phone,Refund request,Resolved,30:44
SUPPORT,SUP004931,SUP004931,2025-12-29 08:41:31,Louise Todd,louise.todd@hotmail.com,+44 7208818934,Email,Refund request,Resolved,11:57
SUPPORT,SUP004932,SUP004932,2025-12-29 08:48:17,Lauren Rhodes,lauren.rhodes@hotmail.com,+44 7944471248,Email,Enquiry,Open,
SUPPORT,SUP004933,SUP004933,2025-12-29 08:59:14,Conor Grant,conor.grant@hotmail.com,+44 7778769605,Phone,Enquiry,Resolved,02:00
SUPPORT,SUP004934,SUP004934,2025-12-29 09:47:13,Annette Williams,annette.williams@yahoo.com,+44 7092807486,Phone,Complaint,Resolved,19:14
SUPPORT,SUP004935,SUP004935,2025-12-29 10:11:09,Richard Davison,richard.davison@hotmail.com,,Email,Refund request,Resolved,12:38
SUPPORT,SUP004936,SUP004936,2025-12-29 11:23:21,Joe Field,joe.field@gmail.com,+44 7209057658,Phone,Enquiry,Resolved,02:26
SUPPORT,SUP004937,SUP004937,2025-12-29 11:26:17,Joel Cameron,joel.cameron@gmail.com,+44 7595392779,Email,Enquiry,Resolved,12:22
SUPPORT,SUP004938,SUP004938,2025-12-29 12:00:01,Christopher Simpson,christopher.simpson@gmail.com,,Email,Accessibility,Resolved,13:08
SUPPORT,SUP004939,SUP004939,2025-12-29 12:26:27,Dylan Dunn,dylan.dunn@gmail.com,,Email,Refund request,Resolved,13:11
SUPPORT,SUP004940,SUP004940,2025-12-29 13:11:30,Caroline Miller,caroline.miller@gmail.com,+44 7628610106,Email,Refund request,Resolved,17:07
SUPPORT,SUP004941,SUP004941,2025-12-29 13:54:22,Carly Summers,carly.summers@yahoo.com,+44 7602010960,Email,Complaint,Resolved,29:43
SUPPORT,SUP004942,SUP004942,2025-12-29 14:29:12,Sara Griffiths,sara.griffiths@yahoo.com,+44 7300551400,Email,Complaint,Resolved,43:55
SUPPORT,SUP004943,SUP004943,2025-12-29 22:47:17,Leigh Holmes,leigh.ohlmes@hotmail.com,+44 7209101789,Email,Accessibility,Resolved,06:55
SUPPORT,SUP004944,SUP004944,2025-12-29 23:28:08,Alex Allen,alex.allen@wanadoo.fr,+44 7072756385,Email,Enquiry,Resolved,11:33
SUPPORT,SUP004945,SUP004945,2025-12-30 00:09:35,Alex Lawson,alex.lawson@hotmail.com,+44 7273334363,Email,Enquiry,Resolved,05:39
SUPPORT,SUP004946,SUP004946,2025-12-30 00:49:34,Pauline Scott,pauilne.scott@yahoo.com,+44 7904042464,Email,Accessibility,Open,
SUPPORT,SUP004947,SUP004947,2025-12-30 00:52:33,Joseph Kent,joseph.kent@hotmail.com,+44 7890429685,Email,Enquiry,Resolved,06:03
SUPPORT,SUP004948,SUP004948,2025-12-30 01:01:21,Christopher Simpson,christopher.simpson@gmail.com,+44 7637705114,Phone,Enquiry,Resolved,18:10
SUPPORT,SUP004949,SUP004949,2025-12-30 01:07:24,Sophie Wells,sophie.wells@yahoo.com,+44 7924612096,Email,Accessibility,Resolved,19:09
SUPPORT,SUP004950,SUP004950,2025-12-30 01:11:32,Rachel Edwards,rachel.edwards@gmail.com,,Email,Refund request,Resolved,30:30
SUPPORT,SUP004951,SUP004951,2025-12-30 01:56:01,Harry Fisher,harry.fisher@hotmail.com,+44 7913607330,Email,Accessibility,Resolved,06:18
SUPPORT,SUP004952,SUP004952,2025-12-30 02:31:34,Kathleen Turner,kathleen.turner@aol.com,+44 7187421545,Phone,Refund request,Resolved,08:02
SUPPORT,SUP004953,SUP004953,2025-12-30 03:11:07,Sian Kirk,sian.kirk@yahoo.com,+44 7201134833,Email,Complaint,Open,
SUPPORT,SUP004954,SUP004954,2025-12-30 03:11:16,Jeffrey Hewitt,jeffrey.hewitt@hotmail.com,+44 7993702910,Phone,Accessibility,Resolved,17:23
SUPPORT,SUP004955,SUP004955,2025-12-30 03:38:46,Susan Kirby,susan.kirby@msn.com,,Email,Accessibility,Resolved,05:24
SUPPORT,SUP004956,SUP004956,2025-12-30 04:37:31,Tracey Clarke,tracey.clarke@gmail.com,+44 7544702439,Email,Complaint,Resolved,39:50
SUPPORT,SUP004957,SUP004957,2025-12-30 05:21:24,Callum White,callum.white@yahoo.com,+44 7237821030,Phone,Accessibility,Resolved,07:50
SUPPORT,SUP004958,SUP004958,2025-12-30 06:32:20,Rachel Edwards,rachel.edwards@gmail.com,,Email,Refund request,Open,
SUPPORT,SUP004959,SUP004959,2025-12-30 08:43:24,Marc Hussain,marc.hussain@yahoo.com,+44 7267345284,Phone,Enquiry,Resolved,04:16
SUPPORT,SUP004960,SUP004960,2025-12-30 08:48:00,Pauline Farrell,pauline.farrell@gmail.com,+44 7783944370,Email,Accessibility,Resolved,25:01
SUPPORT,SUP004961,SUP004961,2025-12-30 09:18:19,Anna Jones,anna.jones@gmail.com,+44 7498856398,Phone,Enquiry,Resolved,03:18
SUPPORT,SUP004962,SUP004962,2025-12-30 11:19:39,Geraldine Barnes,geraldine.barnes@hotmail.com,,Email,Refund request,Resolved,20:03
SUPPORT,SUP004963,SUP004963,2025-12-30 14:02:30,Scott Rose,,+44 7183584305,Phone,Enquiry,Resolved,17:03
SUPPORT,SUP004964,SUP004964,2025-12-30 14:20:18,Jacqueline aylor,jacqueline.taylor@aol.com,+44 7962623796,Email,Refund request,Resolved,10:48
SUPPORT,SUP004965,SUP004965,2025-12-30 15:54:16,Emily Bailey,emily.bailey@hotmail.com,,Email,Complaint,Open,
SUPPORT,SUP004966,SUP004966,2025-12-30 16:38:22,David Ellis,david.ellis@gmail.com,,Email,Complaint,Open,
SUPPORT,SUP004967,SUP004967,2025-12-30 17:17:01,Neil Potter,neil.potter@yahoo.fr,+44 7570100989,Email,Refund request,Resolved,12:29
SUPPORT,SUP004968,SUP004968,2025-12-30 17:41:49,George Chamberlain,george.chamberlain@gmail.com,+44 7847497724,Email,Enquiry,Resolved,05:40
SUPPORT,SUP004969,SUP004969,2025-12-30 19:24:16,Linda Ali,linda.ali@hotmail.com,,Email,Refund request,Resolved,21:08
SUPPORT,SUP004970,SUP004970,2025-12-30 19:32:59,Gillian Ellis,gillian.ellis@gmail.com,+44 7614414222,Phone,Enquiry,Resolved,01:28
SUPPORT,SUP004971,SUP004971,2025-12-30 23:43:43,Gary Griffiths,gary.griffiths@yahoo.com,+44 7052391196,Phone,Enquiry,Resolved,01:29
SUPPORT,SUP004972,SUP004972,2025-12-31 00:14:02,Megan Smith,megan.smith@gmail.com,,Email,Refund request,Resolved,05:07
SUPPORT,SUP004973,SUP004973,2025-12-31 00:45:04,Ruth Hardy,ruth.hardy@gmail.com,,Email,Refund request,Open,
SUPPORT,SUP004974,SUP004974,2025-12-31 01:10:27,Gillian Ellis,gillian.ellis@gmail.com,+44 7614414222,Email,Refund request,Resolved,21:57
SUPPORT,SUP004975,SUP004975,2025-12-31 01:42:28,Sara Law,sara.law@yahoo.com,+44 7472783972,Email,Refund request,Resolved,20:47
SUPPORT,SUP004976,SUP004976,2025-12-31 02:12:18,Trevor Watkins,trevor.watkins@gmail.com,,Email,Accessibility,Resolved,20:44
SUPPORT,SUP004977,SUP004977,2025-12-31 02:41:31,Francsi Scott,francis.scott@yahoo.com,,Email,Accessibility,Resolved,17:24
SUPPORT,SUP004978,SUP004978,2025-12-31 05:29:32,Aimee Shaw,aimee.shaw@gmail.com,+44 7447845159,Phone,Refund request,Resolved,13:25
SUPPORT,SUP004979,SUP004979,2025-12-31 07:03:57,Sian Kirk,sian.kirk@yahoo.com,+44 7201134833,Email,Refund request,Resolved,10:13
SUPPORT,SUP004980,SUP004980,2025-12-31 08:14:41,Marcus Williamson,marcus.williamson@yahoo.com,,Email,Complaint,Resolved,08:21
SUPPORT,SUP004981,SUP004981,2025-12-31 08:24:00,Antony Robinson,antony.robinson@gmail.com,+44 7957983076,Phone,Refund request,Resolved,06:28
SUPPORT,SUP004982,SUP004982,2025-12-31 08:55:13,Ryan Smith,ryan.smith@gmail.com,,Email,Refund request,Open,
SUPPORT,SUP004983,SUP004983,2025-12-31 09:34:42,Angela O'Brien,angela.obrien@gmail.com,+44 7209846225,Email,Refund request,Resolved,11:38
SUPPORT,SUP004984,SUP004984,2025-12-31 10:52:02,Carol Ryan,carol.ryan@hotmail.com,+44 7302468217,Email,Complaint,Open,
SUPPORT,SUP004985,SUP004985,2025-12-31 10:52:13,Timothy Knowles,timothy.knowles@yahoo.com,+44 7518290727,Phone,Refund request,Open,
SUPPORT,SUP004986,SUP004986,2025-12-31 11:45:49,Ashleigh Rowley,ashleigh.rowley@hotmail.com,+44 7078811891,Phone,Accessibility,Open,
SUPPORT,SUP004987,SUP004987,2025-12-31 11:54:32,Terry Coleman,terry.colema@aol.com,,Email,Enquiry,Resolved,04:11
SUPPORT,SUP004988,SUP004988,2025-12-31 13:04:16,Barry Hancock,barry.hancock@wanadoo.fr,+44 7930268544,Email,Enquiry,Resolved,03:04
SUPPORT,SUP004989,SUP004989,2025-12-31 14:32:56,Hollie Henderson,hollie.henderson@hotmail.com,+44 7228898586,Email,Refund request,Resolved,03:19
SUPPORT,SUP004990,SUP004990,2025-12-31 16:09:56,Amy Baker,amy.baker@gmail.com,+44 7473138231,Email,Refund request,Open,
SUPPORT,SUP004991,SUP004991,2025-12-31 16:20:19,Dominic Taylor,dominic.taylor@gmail.com,,Email,Enquiry,Resolved,06:25
SUPPORT,SUP004992,SUP004992,2025-12-31 16:24:43,Brandon Smith,brandon.smith@gmail.com,+44 7686094690,Email,Accessibility,Open,
SUPPORT,SUP004993,SUP004993,2025-12-31 17:36:59,Antony Robinson,antony.robinson@gmail.com,+44 7957383076,Phone,Complaint,Resolved,05:02
SUPPORT,SUP004994,SUP004994,2025-12-31 18:30:06,Colin Dean,colin.dean@hotmail.com,,Email,Enquiry,Resolved,02:50
SUPPORT,SUP004995,SUP004995,2025-12-31 19:58:22,William Turner,william.turner@hotmail.com,+44 7406795760,Email,Enquiry,Open,
SUPPORT,SUP004996,SUP004996,2025-12-31 20:48:32,Jonathan Doyle,jonathan.doyle@yahoo.com,+44 7749732796,Email,Refund request,Open,
SUPPORT,SUP004997,SUP004997,2025-12-31 21:50:45,Molly Newton,molly.newton@yahoo.com,+44 7609332617,Phone,Refund request,Open,
SUPPORT,SUP004998,SUP004998,2025-12-31 22:30:44,Graeme Jones,graeme.jones@hotmail.com,+44 7357660546,Email,Enquiry,Open,
SUPPORT,SUP004999,SUP004999,2025-12-31 22:49:26,Emily Griffiths,,+44 7350706574,Phone,Accessibility,Open,
SUPPORT,SUP005000,SUP005000,2025-12-31 23:39:05,Richard Davison,richard.davison@hotmail.com,+44 7601183515,Email,Refund request,Open,
