staging_record_id,ucr_id,source_system,source_record_id,deterministic_cluster_id,probabilistic_cluster_id,resolution_status,match_method,cluster_size,deterministic_cluster_count,cluster_confidence,cluster_confidence_type,deterministic_linking_rules
STG000058,UCR000058,CRM,CRM000058,DCL000058,PCL000058,unresolved_singleton,Unresolved,1,1,,,
STG000087,UCR000087,CRM,CRM000087,DCL000087,PCL000087,unresolved_singleton,Unresolved,1,1,,,
STG000150,UCR000150,CRM,CRM000150,DCL000150,PCL000150,unresolved_singleton,Unresolved,1,1,,,
STG000188,UCR000188,CRM,CRM000188,DCL000188,PCL000188,unresolved_singleton,Unresolved,1,1,,,
STG000228,UCR000228,CRM,CRM000228,DCL000228,PCL000228,unresolved_singleton,Unresolved,1,1,,,
STG000235,UCR000235,CRM,CRM000235,DCL000235,PCL000235,unresolved_singleton,Unresolved,1,1,,,
STG000278,UCR000278,CRM,CRM000278,DCL000278,PCL000278,unresolved_singleton,Unresolved,1,1,,,
STG000392,UCR000392,CRM,CRM000392,DCL000392,PCL000392,unresolved_singleton,Unresolved,1,1,,,
STG000416,UCR000416,CRM,CRM000416,DCL000416,PCL000416,unresolved_singleton,Unresolved,1,1,,,
STG000492,UCR000492,CRM,CRM000492,DCL000492,PCL000492,unresolved_singleton,Unresolved,1,1,,,
STG000506,UCR000506,CRM,CRM000506,DCL000506,PCL000506,unresolved_singleton,Unresolved,1,1,,,
STG000562,UCR000562,CRM,CRM000562,DCL000562,PCL000562,unresolved_singleton,Unresolved,1,1,,,
STG000570,UCR000570,CRM,CRM000570,DCL000570,PCL000570,unresolved_singleton,Unresolved,1,1,,,
STG000624,UCR000624,CRM,CRM000624,DCL000624,PCL000624,unresolved_singleton,Unresolved,1,1,,,
STG000653,UCR000653,CRM,CRM000653,DCL000653,PCL000653,unresolved_singleton,Unresolved,1,1,,,
STG000708,UCR000708,CRM,CRM000708,DCL000708,PCL000708,unresolved_singleton,Unresolved,1,1,,,
STG000709,UCR000709,CRM,CRM000709,DCL000709,PCL000709,unresolved_singleton,Unresolved,1,1,,,
STG000773,UCR000773,CRM,CRM000773,DCL000773,PCL000773,unresolved_singleton,Unresolved,1,1,,,
STG000981,UCR000981,CRM,CRM000981,DCL000981,PCL000981,unresolved_singleton,Unresolved,1,1,,,
STG000985,UCR000985,CRM,CRM000985,DCL000985,PCL000985,unresolved_singleton,Unresolved,1,1,,,
STG000993,UCR000993,CRM,CRM000993,DCL000993,PCL000993,unresolved_singleton,Unresolved,1,1,,,
STG001003,UCR001003,CRM,CRM001003,DCL001003,PCL001003,unresolved_singleton,Unresolved,1,1,,,
STG001084,UCR001084,CRM,CRM001084,DCL001084,PCL001084,unresolved_singleton,Unresolved,1,1,,,
STG001092,UCR001092,CRM,CRM001092,DCL001092,PCL001092,unresolved_singleton,Unresolved,1,1,,,
STG001107,UCR001107,CRM,CRM001107,DCL001107,PCL001107,unresolved_singleton,Unresolved,1,1,,,
STG001121,UCR001121,CRM,CRM001121,DCL001121,PCL001121,unresolved_singleton,Unresolved,1,1,,,
STG001134,UCR001134,CRM,CRM001134,DCL001134,PCL001134,unresolved_singleton,Unresolved,1,1,,,
STG001180,UCR001180,CRM,CRM001180,DCL001180,PCL001180,unresolved_singleton,Unresolved,1,1,,,
STG001290,UCR001290,CRM,CRM001290,DCL001290,PCL001290,unresolved_singleton,Unresolved,1,1,,,
STG001308,UCR001308,CRM,CRM001308,DCL001308,PCL001308,unresolved_singleton,Unresolved,1,1,,,
STG001315,UCR001315,CRM,CRM001315,DCL001315,PCL001315,unresolved_singleton,Unresolved,1,1,,,
STG001353,UCR001353,CRM,CRM001353,DCL001353,PCL001353,unresolved_singleton,Unresolved,1,1,,,
STG001374,UCR001374,CRM,CRM001374,DCL001374,PCL001374,unresolved_singleton,Unresolved,1,1,,,
STG001396,UCR001396,CRM,CRM001396,DCL001396,PCL001396,unresolved_singleton,Unresolved,1,1,,,
STG001440,UCR001440,CRM,CRM001440,DCL001440,PCL001440,unresolved_singleton,Unresolved,1,1,,,
STG001468,UCR001468,CRM,CRM001468,DCL001468,PCL001468,unresolved_singleton,Unresolved,1,1,,,
STG001574,UCR001574,CRM,CRM001574,DCL001574,PCL001574,unresolved_singleton,Unresolved,1,1,,,
STG001584,UCR001584,CRM,CRM001584,DCL001584,PCL001584,unresolved_singleton,Unresolved,1,1,,,
STG001666,UCR001666,CRM,CRM001666,DCL001666,PCL001666,unresolved_singleton,Unresolved,1,1,,,
STG001667,UCR001667,CRM,CRM001667,DCL001667,PCL001667,unresolved_singleton,Unresolved,1,1,,,
STG001708,UCR001708,CRM,CRM001708,DCL001708,PCL001708,unresolved_singleton,Unresolved,1,1,,,
STG001756,UCR001756,CRM,CRM001756,DCL001756,PCL001756,unresolved_singleton,Unresolved,1,1,,,
STG001876,UCR001876,CRM,CRM001876,DCL001876,PCL001876,unresolved_singleton,Unresolved,1,1,,,
STG002021,UCR002021,CRM,CRM002021,DCL002021,PCL002021,unresolved_singleton,Unresolved,1,1,,,
STG002034,UCR002034,CRM,CRM002034,DCL002034,PCL002034,unresolved_singleton,Unresolved,1,1,,,
STG002126,UCR002126,CRM,CRM002126,DCL002126,PCL002126,unresolved_singleton,Unresolved,1,1,,,
STG002215,UCR002215,CRM,CRM002215,DCL002215,PCL002215,unresolved_singleton,Unresolved,1,1,,,
STG002291,UCR002291,CRM,CRM002291,DCL002291,PCL002291,unresolved_singleton,Unresolved,1,1,,,
STG002404,UCR002404,CRM,CRM002404,DCL002404,PCL002404,unresolved_singleton,Unresolved,1,1,,,
STG002431,UCR002431,CRM,CRM002431,DCL002431,PCL002431,unresolved_singleton,Unresolved,1,1,,,
STG002467,UCR002467,CRM,CRM002467,DCL002467,PCL002467,unresolved_singleton,Unresolved,1,1,,,
STG002540,UCR002540,CRM,CRM002540,DCL002540,PCL002540,unresolved_singleton,Unresolved,1,1,,,
STG002615,UCR002615,CRM,CRM002615,DCL002615,PCL002615,unresolved_singleton,Unresolved,1,1,,,
STG002662,UCR002662,CRM,CRM002662,DCL002662,PCL002662,unresolved_singleton,Unresolved,1,1,,,
STG002666,UCR002666,CRM,CRM002666,DCL002666,PCL002666,unresolved_singleton,Unresolved,1,1,,,
STG002692,UCR002692,CRM,CRM002692,DCL002692,PCL002692,unresolved_singleton,Unresolved,1,1,,,
STG002694,UCR002694,CRM,CRM002694,DCL002694,PCL002694,unresolved_singleton,Unresolved,1,1,,,
STG002761,UCR002761,CRM,CRM002761,DCL002761,PCL002761,unresolved_singleton,Unresolved,1,1,,,
STG002832,UCR002832,CRM,CRM002832,DCL002832,PCL002832,unresolved_singleton,Unresolved,1,1,,,
STG002859,UCR002859,CRM,CRM002859,DCL002859,PCL002859,unresolved_singleton,Unresolved,1,1,,,
STG003021,UCR003021,CRM,CRM003021,DCL003021,PCL003021,unresolved_singleton,Unresolved,1,1,,,
STG003046,UCR003046,CRM,CRM003046,DCL003046,PCL003046,unresolved_singleton,Unresolved,1,1,,,
STG003077,UCR003077,CRM,CRM003077,DCL003077,PCL003077,unresolved_singleton,Unresolved,1,1,,,
STG003111,UCR003111,CRM,CRM003111,DCL003111,PCL003111,unresolved_singleton,Unresolved,1,1,,,
STG003115,UCR003115,CRM,CRM003115,DCL003115,PCL003115,unresolved_singleton,Unresolved,1,1,,,
STG003119,UCR003119,CRM,CRM003119,DCL003119,PCL003119,unresolved_singleton,Unresolved,1,1,,,
STG003247,UCR003247,CRM,CRM003247,DCL003247,PCL003247,unresolved_singleton,Unresolved,1,1,,,
STG003272,UCR003272,CRM,CRM003272,DCL003272,PCL003272,unresolved_singleton,Unresolved,1,1,,,
STG003285,UCR003285,CRM,CRM003285,DCL003285,PCL003285,unresolved_singleton,Unresolved,1,1,,,
STG003385,UCR003385,CRM,CRM003385,DCL003385,PCL003385,unresolved_singleton,Unresolved,1,1,,,
STG003406,UCR003406,CRM,CRM003406,DCL003406,PCL003406,unresolved_singleton,Unresolved,1,1,,,
STG003415,UCR003415,CRM,CRM003415,DCL003415,PCL003415,unresolved_singleton,Unresolved,1,1,,,
STG003607,UCR003607,CRM,CRM003607,DCL003607,PCL003607,unresolved_singleton,Unresolved,1,1,,,
STG003702,UCR003702,CRM,CRM003702,DCL003702,PCL003702,unresolved_singleton,Unresolved,1,1,,,
STG003709,UCR003709,CRM,CRM003709,DCL003709,PCL003709,unresolved_singleton,Unresolved,1,1,,,
STG003755,UCR003755,CRM,CRM003755,DCL003755,PCL003755,unresolved_singleton,Unresolved,1,1,,,
STG003787,UCR003787,CRM,CRM003787,DCL003787,PCL003787,unresolved_singleton,Unresolved,1,1,,,
STG003868,UCR003868,CRM,CRM003868,DCL003868,PCL003868,unresolved_singleton,Unresolved,1,1,,,
STG003890,UCR003890,CRM,CRM003890,DCL003890,PCL003890,unresolved_singleton,Unresolved,1,1,,,
STG003954,UCR003954,CRM,CRM003954,DCL003954,PCL003954,unresolved_singleton,Unresolved,1,1,,,
STG003963,UCR003963,CRM,CRM003963,DCL003963,PCL003963,unresolved_singleton,Unresolved,1,1,,,
STG003975,UCR003975,CRM,CRM003975,DCL003975,PCL003975,unresolved_singleton,Unresolved,1,1,,,
STG004089,UCR004089,CRM,CRM004089,DCL004089,PCL004089,unresolved_singleton,Unresolved,1,1,,,
STG004102,UCR004102,CRM,CRM004102,DCL004102,PCL004102,unresolved_singleton,Unresolved,1,1,,,
STG004124,UCR004124,CRM,CRM004124,DCL004124,PCL004124,unresolved_singleton,Unresolved,1,1,,,
STG004149,UCR004149,CRM,CRM004149,DCL004149,PCL004149,unresolved_singleton,Unresolved,1,1,,,
STG004185,UCR004185,CRM,CRM004185,DCL004185,PCL004185,unresolved_singleton,Unresolved,1,1,,,
STG004240,UCR004240,CRM,CRM004240,DCL004240,PCL004240,unresolved_singleton,Unresolved,1,1,,,
STG004337,UCR004337,CRM,CRM004337,DCL004337,PCL004337,unresolved_singleton,Unresolved,1,1,,,
STG004342,UCR004342,CRM,CRM004342,DCL004342,PCL004342,unresolved_singleton,Unresolved,1,1,,,
STG004439,UCR004439,CRM,CRM004439,DCL004439,PCL004439,unresolved_singleton,Unresolved,1,1,,,
STG004567,UCR004567,CRM,CRM004567,DCL004567,PCL004567,unresolved_singleton,Unresolved,1,1,,,
STG004655,UCR004655,CRM,CRM004655,DCL004655,PCL004655,unresolved_singleton,Unresolved,1,1,,,
STG004708,UCR004708,CRM,CRM004708,DCL004708,PCL004708,unresolved_singleton,Unresolved,1,1,,,
STG004773,UCR004773,CRM,CRM004773,DCL004773,PCL004773,unresolved_singleton,Unresolved,1,1,,,
STG004901,UCR004901,CRM,CRM004901,DCL004901,PCL004901,unresolved_singleton,Unresolved,1,1,,,
STG004902,UCR004902,CRM,CRM004902,DCL004902,PCL004902,unresolved_singleton,Unresolved,1,1,,,
STG004933,UCR004933,CRM,CRM004933,DCL004933,PCL004933,unresolved_singleton,Unresolved,1,1,,,
STG004958,UCR004958,CRM,CRM004958,DCL004958,PCL004958,unresolved_singleton,Unresolved,1,1,,,
STG005000,UCR005000,CRM,CRM005000,DCL005000,PCL005000,unresolved_singleton,Unresolved,1,1,,,
STG005008,UCR005008,CRM,CRM005008,DCL005008,PCL005008,unresolved_singleton,Unresolved,1,1,,,
STG005168,UCR005168,CRM,CRM005168,DCL005168,PCL005168,unresolved_singleton,Unresolved,1,1,,,
STG005169,UCR005169,CRM,CRM005169,DCL005169,PCL005169,unresolved_singleton,Unresolved,1,1,,,
STG005236,UCR005236,CRM,CRM005236,DCL005236,PCL005236,unresolved_singleton,Unresolved,1,1,,,
STG005239,UCR005239,CRM,CRM005239,DCL005239,PCL005239,unresolved_singleton,Unresolved,1,1,,,
STG005301,UCR005301,CRM,CRM005301,DCL005301,PCL005301,unresolved_singleton,Unresolved,1,1,,,
STG005315,UCR005315,CRM,CRM005315,DCL005315,PCL005315,unresolved_singleton,Unresolved,1,1,,,
STG005346,UCR005346,CRM,CRM005346,DCL005346,PCL005346,unresolved_singleton,Unresolved,1,1,,,
STG005353,UCR005353,CRM,CRM005353,DCL005353,PCL005353,unresolved_singleton,Unresolved,1,1,,,
STG005369,UCR005369,CRM,CRM005369,DCL005369,PCL005369,unresolved_singleton,Unresolved,1,1,,,
STG005386,UCR005386,CRM,CRM005386,DCL005386,PCL005386,unresolved_singleton,Unresolved,1,1,,,
STG005421,UCR005421,CRM,CRM005421,DCL005421,PCL005421,unresolved_singleton,Unresolved,1,1,,,
STG005428,UCR005428,CRM,CRM005428,DCL005428,PCL005428,unresolved_singleton,Unresolved,1,1,,,
STG005440,UCR005440,CRM,CRM005440,DCL005440,PCL005440,unresolved_singleton,Unresolved,1,1,,,
STG005488,UCR005488,CRM,CRM005488,DCL005488,PCL005488,unresolved_singleton,Unresolved,1,1,,,
STG005587,UCR005587,CRM,CRM005587,DCL005587,PCL005587,unresolved_singleton,Unresolved,1,1,,,
STG005628,UCR005628,CRM,CRM005628,DCL005628,PCL005628,unresolved_singleton,Unresolved,1,1,,,
STG005683,UCR005683,CRM,CRM005683,DCL005683,PCL005683,unresolved_singleton,Unresolved,1,1,,,
STG005714,UCR005714,CRM,CRM005714,DCL005714,PCL005714,unresolved_singleton,Unresolved,1,1,,,
STG005727,UCR005727,CRM,CRM005727,DCL005727,PCL005727,unresolved_singleton,Unresolved,1,1,,,
STG005861,UCR005861,CRM,CRM005861,DCL005861,PCL005861,unresolved_singleton,Unresolved,1,1,,,
STG005952,UCR005952,CRM,CRM005952,DCL005952,PCL005952,unresolved_singleton,Unresolved,1,1,,,
STG005972,UCR005972,CRM,CRM005972,DCL005972,PCL005972,unresolved_singleton,Unresolved,1,1,,,
STG006014,UCR006014,CRM,CRM006014,DCL006014,PCL006014,unresolved_singleton,Unresolved,1,1,,,
STG006032,UCR006032,CRM,CRM006032,DCL006032,PCL006032,unresolved_singleton,Unresolved,1,1,,,
STG006073,UCR006073,CRM,CRM006073,DCL006073,PCL006073,unresolved_singleton,Unresolved,1,1,,,
STG006155,UCR006155,CRM,CRM006155,DCL006155,PCL006155,unresolved_singleton,Unresolved,1,1,,,
STG006194,UCR006194,CRM,CRM006194,DCL006194,PCL006194,unresolved_singleton,Unresolved,1,1,,,
STG006251,UCR006251,CRM,CRM006251,DCL006251,PCL006251,unresolved_singleton,Unresolved,1,1,,,
STG006373,UCR006373,CRM,CRM006373,DCL006373,PCL006373,unresolved_singleton,Unresolved,1,1,,,
STG006416,UCR006416,CRM,CRM006416,DCL006416,PCL006416,unresolved_singleton,Unresolved,1,1,,,
STG006501,UCR006501,CRM,CRM006501,DCL006501,PCL006501,unresolved_singleton,Unresolved,1,1,,,
STG006505,UCR006505,CRM,CRM006505,DCL006505,PCL006505,unresolved_singleton,Unresolved,1,1,,,
STG006531,UCR006531,CRM,CRM006531,DCL006531,PCL006531,unresolved_singleton,Unresolved,1,1,,,
STG006625,UCR006625,CRM,CRM006625,DCL006625,PCL006625,unresolved_singleton,Unresolved,1,1,,,
STG006645,UCR006645,CRM,CRM006645,DCL006645,PCL006645,unresolved_singleton,Unresolved,1,1,,,
STG006657,UCR006657,CRM,CRM006657,DCL006657,PCL006657,unresolved_singleton,Unresolved,1,1,,,
STG006671,UCR006671,CRM,CRM006671,DCL006671,PCL006671,unresolved_singleton,Unresolved,1,1,,,
STG006760,UCR006760,CRM,CRM006760,DCL006760,PCL006760,unresolved_singleton,Unresolved,1,1,,,
STG006763,UCR006763,CRM,CRM006763,DCL006763,PCL006763,unresolved_singleton,Unresolved,1,1,,,
STG006783,UCR006783,CRM,CRM006783,DCL006783,PCL006783,unresolved_singleton,Unresolved,1,1,,,
STG006804,UCR006804,CRM,CRM006804,DCL006804,PCL006804,unresolved_singleton,Unresolved,1,1,,,
STG006812,UCR006812,CRM,CRM006812,DCL006812,PCL006812,unresolved_singleton,Unresolved,1,1,,,
STG006824,UCR006824,CRM,CRM006824,DCL006824,PCL006824,unresolved_singleton,Unresolved,1,1,,,
STG006854,UCR006854,CRM,CRM006854,DCL006854,PCL006854,unresolved_singleton,Unresolved,1,1,,,
STG006895,UCR006895,CRM,CRM006895,DCL006895,PCL006895,unresolved_singleton,Unresolved,1,1,,,
STG006910,UCR006910,CRM,CRM006910,DCL006910,PCL006910,unresolved_singleton,Unresolved,1,1,,,
STG006940,UCR006940,CRM,CRM006940,DCL006940,PCL006940,unresolved_singleton,Unresolved,1,1,,,
STG006974,UCR006974,CRM,CRM006974,DCL006974,PCL006974,unresolved_singleton,Unresolved,1,1,,,
STG007169,UCR007169,CRM,CRM007169,DCL007169,PCL007169,unresolved_singleton,Unresolved,1,1,,,
STG007242,UCR007242,CRM,CRM007242,DCL007242,PCL007242,unresolved_singleton,Unresolved,1,1,,,
STG007313,UCR007313,CRM,CRM007313,DCL007313,PCL007313,unresolved_singleton,Unresolved,1,1,,,
STG007375,UCR007375,CRM,CRM007375,DCL007375,PCL007375,unresolved_singleton,Unresolved,1,1,,,
STG007498,UCR007498,CRM,CRM007498,DCL007498,PCL007498,unresolved_singleton,Unresolved,1,1,,,
STG007501,UCR007501,CRM,CRM007501,DCL007501,PCL007501,unresolved_singleton,Unresolved,1,1,,,
STG007524,UCR007524,CRM,CRM007524,DCL007524,PCL007524,unresolved_singleton,Unresolved,1,1,,,
STG007545,UCR007545,CRM,CRM007545,DCL007545,PCL007545,unresolved_singleton,Unresolved,1,1,,,
STG007583,UCR007583,CRM,CRM007583,DCL007583,PCL007583,unresolved_singleton,Unresolved,1,1,,,
STG007605,UCR007605,CRM,CRM007605,DCL007605,PCL007605,unresolved_singleton,Unresolved,1,1,,,
STG007613,UCR007613,CRM,CRM007613,DCL007613,PCL007613,unresolved_singleton,Unresolved,1,1,,,
STG007624,UCR007624,CRM,CRM007624,DCL007624,PCL007624,unresolved_singleton,Unresolved,1,1,,,
STG007654,UCR007654,CRM,CRM007654,DCL007654,PCL007654,unresolved_singleton,Unresolved,1,1,,,
STG007685,UCR007685,CRM,CRM007685,DCL007685,PCL007685,unresolved_singleton,Unresolved,1,1,,,
STG007716,UCR007716,CRM,CRM007716,DCL007716,PCL007716,unresolved_singleton,Unresolved,1,1,,,
STG007737,UCR007737,CRM,CRM007737,DCL007737,PCL007737,unresolved_singleton,Unresolved,1,1,,,
STG008032,UCR007810,ECOMMERCE,TXN000032,DCL007810,PCL007810,unresolved_singleton,Unresolved,1,1,,,
STG008047,UCR007813,ECOMMERCE,TXN000047,DCL007813,PCL007813,unresolved_singleton,Unresolved,1,1,,,
STG008300,UCR007857,ECOMMERCE,TXN000300,DCL007859,PCL007857,unresolved_singleton,Unresolved,1,1,,,
STG008310,UCR007858,ECOMMERCE,TXN000310,DCL007860,PCL007858,unresolved_singleton,Unresolved,1,1,,,
STG008532,UCR007891,ECOMMERCE,TXN000532,DCL007893,PCL007891,unresolved_singleton,Unresolved,1,1,,,
STG008666,UCR007915,ECOMMERCE,TXN000666,DCL007919,PCL007915,unresolved_singleton,Unresolved,1,1,,,
STG008751,UCR007925,ECOMMERCE,TXN000751,DCL007929,PCL007925,unresolved_singleton,Unresolved,1,1,,,
STG008776,UCR007930,ECOMMERCE,TXN000776,DCL007934,PCL007930,unresolved_singleton,Unresolved,1,1,,,
STG008778,UCR007931,ECOMMERCE,TXN000778,DCL007935,PCL007931,unresolved_singleton,Unresolved,1,1,,,
STG008784,UCR007932,ECOMMERCE,TXN000784,DCL007936,PCL007932,unresolved_singleton,Unresolved,1,1,,,
STG008998,UCR007962,ECOMMERCE,TXN000998,DCL007966,PCL007962,unresolved_singleton,Unresolved,1,1,,,
STG009367,UCR008021,ECOMMERCE,TXN001367,DCL008025,PCL008021,unresolved_singleton,Unresolved,1,1,,,
STG009530,UCR008045,ECOMMERCE,TXN001530,DCL008049,PCL008045,unresolved_singleton,Unresolved,1,1,,,
STG009625,UCR008058,ECOMMERCE,TXN001625,DCL008062,PCL008058,unresolved_singleton,Unresolved,1,1,,,
STG010101,UCR008119,ECOMMERCE,TXN002101,DCL008126,PCL008119,unresolved_singleton,Unresolved,1,1,,,
STG010331,UCR008155,ECOMMERCE,TXN002331,DCL008162,PCL008155,unresolved_singleton,Unresolved,1,1,,,
STG010733,UCR008204,ECOMMERCE,TXN002733,DCL008212,PCL008204,unresolved_singleton,Unresolved,1,1,,,
STG010741,UCR008205,ECOMMERCE,TXN002741,DCL008213,PCL008205,unresolved_singleton,Unresolved,1,1,,,
STG010825,UCR008218,ECOMMERCE,TXN002825,DCL008226,PCL008218,unresolved_singleton,Unresolved,1,1,,,
STG010844,UCR008219,ECOMMERCE,TXN002844,DCL008227,PCL008219,unresolved_singleton,Unresolved,1,1,,,
STG010850,UCR008220,ECOMMERCE,TXN002850,DCL008228,PCL008220,unresolved_singleton,Unresolved,1,1,,,
STG011004,UCR008243,ECOMMERCE,TXN003004,DCL008251,PCL008243,unresolved_singleton,Unresolved,1,1,,,
STG011159,UCR008261,ECOMMERCE,TXN003159,DCL008270,PCL008261,unresolved_singleton,Unresolved,1,1,,,
STG011184,UCR008267,ECOMMERCE,TXN003184,DCL008276,PCL008267,unresolved_singleton,Unresolved,1,1,,,
STG011602,UCR008322,ECOMMERCE,TXN003602,DCL008331,PCL008322,unresolved_singleton,Unresolved,1,1,,,
STG011615,UCR008325,ECOMMERCE,TXN003615,DCL008334,PCL008325,unresolved_singleton,Unresolved,1,1,,,
STG011624,UCR008327,ECOMMERCE,TXN003624,DCL008336,PCL008327,unresolved_singleton,Unresolved,1,1,,,
STG011647,UCR008329,ECOMMERCE,TXN003647,DCL008338,PCL008329,unresolved_singleton,Unresolved,1,1,,,
STG011794,UCR008348,ECOMMERCE,TXN003794,DCL008357,PCL008348,unresolved_singleton,Unresolved,1,1,,,
STG012059,UCR008378,ECOMMERCE,TXN004059,DCL008389,PCL008378,unresolved_singleton,Unresolved,1,1,,,
STG012195,UCR008392,ECOMMERCE,TXN004195,DCL008403,PCL008392,unresolved_singleton,Unresolved,1,1,,,
STG012388,UCR008421,ECOMMERCE,TXN004388,DCL008432,PCL008421,unresolved_singleton,Unresolved,1,1,,,
STG012443,UCR008426,ECOMMERCE,TXN004443,DCL008437,PCL008426,unresolved_singleton,Unresolved,1,1,,,
STG012444,UCR008427,ECOMMERCE,TXN004444,DCL008438,PCL008427,unresolved_singleton,Unresolved,1,1,,,
STG012752,UCR008469,ECOMMERCE,TXN004752,DCL008483,PCL008469,unresolved_singleton,Unresolved,1,1,,,
STG012771,UCR008473,ECOMMERCE,TXN004771,DCL008488,PCL008473,unresolved_singleton,Unresolved,1,1,,,
STG012959,UCR008496,ECOMMERCE,TXN004959,DCL008511,PCL008496,unresolved_singleton,Unresolved,1,1,,,
STG013069,UCR008506,ECOMMERCE,TXN005069,DCL008521,PCL008506,unresolved_singleton,Unresolved,1,1,,,
STG013079,UCR008508,ECOMMERCE,TXN005079,DCL008523,PCL008508,unresolved_singleton,Unresolved,1,1,,,
STG013094,UCR008511,ECOMMERCE,TXN005094,DCL008526,PCL008511,unresolved_singleton,Unresolved,1,1,,,
STG013226,UCR008524,ECOMMERCE,TXN005226,DCL008539,PCL008524,unresolved_singleton,Unresolved,1,1,,,
STG013306,UCR008534,ECOMMERCE,TXN005306,DCL008549,PCL008534,unresolved_singleton,Unresolved,1,1,,,
STG013470,UCR008546,ECOMMERCE,TXN005470,DCL008561,PCL008546,unresolved_singleton,Unresolved,1,1,,,
STG013655,UCR008566,ECOMMERCE,TXN005655,DCL008582,PCL008566,unresolved_singleton,Unresolved,1,1,,,
STG013731,UCR008576,ECOMMERCE,TXN005731,DCL008593,PCL008576,unresolved_singleton,Unresolved,1,1,,,
STG013901,UCR008594,ECOMMERCE,TXN005901,DCL008611,PCL008594,unresolved_singleton,Unresolved,1,1,,,
STG014199,UCR008620,ECOMMERCE,TXN006199,DCL008641,PCL008620,unresolved_singleton,Unresolved,1,1,,,
STG014253,UCR008624,ECOMMERCE,TXN006253,DCL008645,PCL008624,unresolved_singleton,Unresolved,1,1,,,
STG014290,UCR008629,ECOMMERCE,TXN006290,DCL008650,PCL008629,unresolved_singleton,Unresolved,1,1,,,
STG014582,UCR008655,ECOMMERCE,TXN006582,DCL008677,PCL008655,unresolved_singleton,Unresolved,1,1,,,
STG014634,UCR008660,ECOMMERCE,TXN006634,DCL008683,PCL008660,unresolved_singleton,Unresolved,1,1,,,
STG014663,UCR008662,ECOMMERCE,TXN006663,DCL008685,PCL008662,unresolved_singleton,Unresolved,1,1,,,
STG014779,UCR008677,ECOMMERCE,TXN006779,DCL008700,PCL008677,unresolved_singleton,Unresolved,1,1,,,
STG014813,UCR008680,ECOMMERCE,TXN006813,DCL008703,PCL008680,unresolved_singleton,Unresolved,1,1,,,
STG015009,UCR008704,ECOMMERCE,TXN007009,DCL008727,PCL008704,unresolved_singleton,Unresolved,1,1,,,
STG015136,UCR008716,ECOMMERCE,TXN007136,DCL008740,PCL008716,unresolved_singleton,Unresolved,1,1,,,
STG015272,UCR008729,ECOMMERCE,TXN007272,DCL008754,PCL008729,unresolved_singleton,Unresolved,1,1,,,
STG015301,UCR008732,ECOMMERCE,TXN007301,DCL008757,PCL008732,unresolved_singleton,Unresolved,1,1,,,
STG015397,UCR008748,ECOMMERCE,TXN007397,DCL008773,PCL008748,unresolved_singleton,Unresolved,1,1,,,
STG015442,UCR008752,ECOMMERCE,TXN007442,DCL008777,PCL008752,unresolved_singleton,Unresolved,1,1,,,
STG015533,UCR008760,ECOMMERCE,TXN007533,DCL008785,PCL008760,unresolved_singleton,Unresolved,1,1,,,
STG015538,UCR008762,ECOMMERCE,TXN007538,DCL008787,PCL008762,unresolved_singleton,Unresolved,1,1,,,
STG015620,UCR008772,ECOMMERCE,TXN007620,DCL008797,PCL008772,unresolved_singleton,Unresolved,1,1,,,
STG015752,UCR008789,ECOMMERCE,TXN007752,DCL008815,PCL008789,unresolved_singleton,Unresolved,1,1,,,
STG015771,UCR008793,ECOMMERCE,TXN007771,DCL008819,PCL008793,unresolved_singleton,Unresolved,1,1,,,
STG015905,UCR008805,ECOMMERCE,TXN007905,DCL008831,PCL008805,unresolved_singleton,Unresolved,1,1,,,
STG015932,UCR008809,ECOMMERCE,TXN007932,DCL008835,PCL008809,unresolved_singleton,Unresolved,1,1,,,
STG016121,UCR008828,ECOMMERCE,TXN008121,DCL008855,PCL008828,unresolved_singleton,Unresolved,1,1,,,
STG016516,UCR008865,ECOMMERCE,TXN008516,DCL008893,PCL008865,unresolved_singleton,Unresolved,1,1,,,
STG016534,UCR008868,ECOMMERCE,TXN008534,DCL008896,PCL008868,unresolved_singleton,Unresolved,1,1,,,
STG016615,UCR008872,ECOMMERCE,TXN008615,DCL008900,PCL008872,unresolved_singleton,Unresolved,1,1,,,
STG016643,UCR008877,ECOMMERCE,TXN008643,DCL008905,PCL008877,unresolved_singleton,Unresolved,1,1,,,
STG016645,UCR008879,ECOMMERCE,TXN008645,DCL008907,PCL008879,unresolved_singleton,Unresolved,1,1,,,
STG016743,UCR008889,ECOMMERCE,TXN008743,DCL008917,PCL008889,unresolved_singleton,Unresolved,1,1,,,
STG016806,UCR008894,ECOMMERCE,TXN008806,DCL008922,PCL008894,unresolved_singleton,Unresolved,1,1,,,
STG016913,UCR008904,ECOMMERCE,TXN008913,DCL008933,PCL008904,unresolved_singleton,Unresolved,1,1,,,
STG017058,UCR008916,ECOMMERCE,TXN009058,DCL008945,PCL008916,unresolved_singleton,Unresolved,1,1,,,
STG017204,UCR008930,ECOMMERCE,TXN009204,DCL008960,PCL008930,unresolved_singleton,Unresolved,1,1,,,
STG017278,UCR008935,ECOMMERCE,TXN009278,DCL008965,PCL008935,unresolved_singleton,Unresolved,1,1,,,
STG017345,UCR008942,ECOMMERCE,TXN009345,DCL008972,PCL008942,unresolved_singleton,Unresolved,1,1,,,
STG017449,UCR008952,ECOMMERCE,TXN009449,DCL008982,PCL008952,unresolved_singleton,Unresolved,1,1,,,
STG017665,UCR008968,ECOMMERCE,TXN009665,DCL008998,PCL008968,unresolved_singleton,Unresolved,1,1,,,
STG017683,UCR008972,ECOMMERCE,TXN009683,DCL009002,PCL008972,unresolved_singleton,Unresolved,1,1,,,
STG017702,UCR008973,ECOMMERCE,TXN009702,DCL009003,PCL008973,unresolved_singleton,Unresolved,1,1,,,
STG017726,UCR008977,ECOMMERCE,TXN009726,DCL009007,PCL008977,unresolved_singleton,Unresolved,1,1,,,
STG017973,UCR008999,ECOMMERCE,TXN009973,DCL009030,PCL008999,unresolved_singleton,Unresolved,1,1,,,
STG018059,UCR009006,ECOMMERCE,TXN010059,DCL009038,PCL009006,unresolved_singleton,Unresolved,1,1,,,
STG018101,UCR009013,ECOMMERCE,TXN010101,DCL009045,PCL009013,unresolved_singleton,Unresolved,1,1,,,
STG018111,UCR009014,ECOMMERCE,TXN010111,DCL009046,PCL009014,unresolved_singleton,Unresolved,1,1,,,
STG018267,UCR009031,ECOMMERCE,TXN010267,DCL009065,PCL009031,unresolved_singleton,Unresolved,1,1,,,
STG018273,UCR009032,ECOMMERCE,TXN010273,DCL009066,PCL009032,unresolved_singleton,Unresolved,1,1,,,
STG018320,UCR009037,ECOMMERCE,TXN010320,DCL009071,PCL009037,unresolved_singleton,Unresolved,1,1,,,
STG018468,UCR009055,ECOMMERCE,TXN010468,DCL009089,PCL009055,unresolved_singleton,Unresolved,1,1,,,
STG018580,UCR009065,ECOMMERCE,TXN010580,DCL009100,PCL009065,unresolved_singleton,Unresolved,1,1,,,
STG018609,UCR009075,ECOMMERCE,TXN010609,DCL009110,PCL009075,unresolved_singleton,Unresolved,1,1,,,
STG018618,UCR009077,ECOMMERCE,TXN010618,DCL009112,PCL009077,unresolved_singleton,Unresolved,1,1,,,
STG018857,UCR009099,ECOMMERCE,TXN010857,DCL009134,PCL009099,unresolved_singleton,Unresolved,1,1,,,
STG018943,UCR009108,ECOMMERCE,TXN010943,DCL009143,PCL009108,unresolved_singleton,Unresolved,1,1,,,
STG019016,UCR009112,ECOMMERCE,TXN011016,DCL009147,PCL009112,unresolved_singleton,Unresolved,1,1,,,
STG019153,UCR009124,ECOMMERCE,TXN011153,DCL009159,PCL009124,unresolved_singleton,Unresolved,1,1,,,
STG019218,UCR009130,ECOMMERCE,TXN011218,DCL009165,PCL009130,unresolved_singleton,Unresolved,1,1,,,
STG019239,UCR009133,ECOMMERCE,TXN011239,DCL009168,PCL009133,unresolved_singleton,Unresolved,1,1,,,
STG019349,UCR009148,ECOMMERCE,TXN011349,DCL009183,PCL009148,unresolved_singleton,Unresolved,1,1,,,
STG019390,UCR009158,ECOMMERCE,TXN011390,DCL009194,PCL009158,unresolved_singleton,Unresolved,1,1,,,
STG019602,UCR009186,ECOMMERCE,TXN011602,DCL009223,PCL009186,unresolved_singleton,Unresolved,1,1,,,
STG019614,UCR009190,ECOMMERCE,TXN011614,DCL009227,PCL009190,unresolved_singleton,Unresolved,1,1,,,
STG019628,UCR009192,ECOMMERCE,TXN011628,DCL009229,PCL009192,unresolved_singleton,Unresolved,1,1,,,
STG019813,UCR009222,ECOMMERCE,TXN011813,DCL009259,PCL009222,unresolved_singleton,Unresolved,1,1,,,
STG019847,UCR009227,ECOMMERCE,TXN011847,DCL009264,PCL009227,unresolved_singleton,Unresolved,1,1,,,
STG019936,UCR009238,ECOMMERCE,TXN011936,DCL009275,PCL009238,unresolved_singleton,Unresolved,1,1,,,
STG019992,UCR009248,ECOMMERCE,TXN011992,DCL009285,PCL009248,unresolved_singleton,Unresolved,1,1,,,
STG020022,UCR009254,ECOMMERCE,TXN012022,DCL009292,PCL009254,unresolved_singleton,Unresolved,1,1,,,
STG020156,UCR009272,ECOMMERCE,TXN012156,DCL009312,PCL009272,unresolved_singleton,Unresolved,1,1,,,
STG020364,UCR009300,ECOMMERCE,TXN012364,DCL009341,PCL009300,unresolved_singleton,Unresolved,1,1,,,
STG020368,UCR009301,ECOMMERCE,TXN012368,DCL009342,PCL009301,unresolved_singleton,Unresolved,1,1,,,
STG020375,UCR009302,ECOMMERCE,TXN012375,DCL009343,PCL009302,unresolved_singleton,Unresolved,1,1,,,
STG020439,UCR009310,ECOMMERCE,TXN012439,DCL009352,PCL009310,unresolved_singleton,Unresolved,1,1,,,
STG020460,UCR009314,ECOMMERCE,TXN012460,DCL009358,PCL009314,unresolved_singleton,Unresolved,1,1,,,
STG020496,UCR009324,ECOMMERCE,TXN012496,DCL009368,PCL009324,unresolved_singleton,Unresolved,1,1,,,
STG020502,UCR009325,ECOMMERCE,TXN012502,DCL009369,PCL009325,unresolved_singleton,Unresolved,1,1,,,
STG020519,UCR009331,ECOMMERCE,TXN012519,DCL009375,PCL009331,unresolved_singleton,Unresolved,1,1,,,
STG020580,UCR009339,ECOMMERCE,TXN012580,DCL009383,PCL009339,unresolved_singleton,Unresolved,1,1,,,
STG020672,UCR009359,ECOMMERCE,TXN012672,DCL009403,PCL009359,unresolved_singleton,Unresolved,1,1,,,
STG020712,UCR009366,ECOMMERCE,TXN012712,DCL009410,PCL009366,unresolved_singleton,Unresolved,1,1,,,
STG020738,UCR009369,ECOMMERCE,TXN012738,DCL009413,PCL009369,unresolved_singleton,Unresolved,1,1,,,
STG020796,UCR009382,ECOMMERCE,TXN012796,DCL009426,PCL009382,unresolved_singleton,Unresolved,1,1,,,
STG020798,UCR009383,ECOMMERCE,TXN012798,DCL009427,PCL009383,unresolved_singleton,Unresolved,1,1,,,
STG020904,UCR009408,ECOMMERCE,TXN012904,DCL009452,PCL009408,unresolved_singleton,Unresolved,1,1,,,
STG020999,UCR009426,ECOMMERCE,TXN012999,DCL009470,PCL009426,unresolved_singleton,Unresolved,1,1,,,
STG021038,UCR009434,ECOMMERCE,TXN013038,DCL009478,PCL009434,unresolved_singleton,Unresolved,1,1,,,
STG021063,UCR009437,ECOMMERCE,TXN013063,DCL009481,PCL009437,unresolved_singleton,Unresolved,1,1,,,
STG021064,UCR009438,ECOMMERCE,TXN013064,DCL009482,PCL009438,unresolved_singleton,Unresolved,1,1,,,
STG021078,UCR009442,ECOMMERCE,TXN013078,DCL009486,PCL009442,unresolved_singleton,Unresolved,1,1,,,
STG021117,UCR009456,ECOMMERCE,TXN013117,DCL009500,PCL009456,unresolved_singleton,Unresolved,1,1,,,
STG021130,UCR009458,ECOMMERCE,TXN013130,DCL009502,PCL009458,unresolved_singleton,Unresolved,1,1,,,
STG021208,UCR009475,ECOMMERCE,TXN013208,DCL009519,PCL009475,unresolved_singleton,Unresolved,1,1,,,
STG021243,UCR009483,ECOMMERCE,TXN013243,DCL009527,PCL009483,unresolved_singleton,Unresolved,1,1,,,
STG021286,UCR009496,ECOMMERCE,TXN013286,DCL009540,PCL009496,unresolved_singleton,Unresolved,1,1,,,
STG021371,UCR009503,MARKETING,MKT000069,DCL009547,PCL009503,unresolved_singleton,Unresolved,1,1,,,
STG021387,UCR009504,MARKETING,MKT000085,DCL009548,PCL009504,unresolved_singleton,Unresolved,1,1,,,
STG021443,UCR009506,MARKETING,MKT000141,DCL009550,PCL009506,unresolved_singleton,Unresolved,1,1,,,
STG021462,UCR009507,MARKETING,MKT000160,DCL009551,PCL009507,unresolved_singleton,Unresolved,1,1,,,
STG021475,UCR009508,MARKETING,MKT000173,DCL009552,PCL009508,unresolved_singleton,Unresolved,1,1,,,
STG021494,UCR009509,MARKETING,MKT000192,DCL009553,PCL009509,unresolved_singleton,Unresolved,1,1,,,
STG021524,UCR009511,MARKETING,MKT000222,DCL009555,PCL009511,unresolved_singleton,Unresolved,1,1,,,
STG021529,UCR009512,MARKETING,MKT000227,DCL009556,PCL009512,unresolved_singleton,Unresolved,1,1,,,
STG021534,UCR009513,MARKETING,MKT000232,DCL009557,PCL009513,unresolved_singleton,Unresolved,1,1,,,
STG021554,UCR009514,MARKETING,MKT000252,DCL009558,PCL009514,unresolved_singleton,Unresolved,1,1,,,
STG021566,UCR009515,MARKETING,MKT000264,DCL009559,PCL009515,unresolved_singleton,Unresolved,1,1,,,
STG021590,UCR009517,MARKETING,MKT000288,DCL009561,PCL009517,unresolved_singleton,Unresolved,1,1,,,
STG021605,UCR009518,MARKETING,MKT000303,DCL009562,PCL009518,unresolved_singleton,Unresolved,1,1,,,
STG021621,UCR009520,MARKETING,MKT000319,DCL009564,PCL009520,unresolved_singleton,Unresolved,1,1,,,
STG021641,UCR009521,MARKETING,MKT000339,DCL009565,PCL009521,unresolved_singleton,Unresolved,1,1,,,
STG021661,UCR009523,MARKETING,MKT000359,DCL009567,PCL009523,unresolved_singleton,Unresolved,1,1,,,
STG021669,UCR009524,MARKETING,MKT000367,DCL009568,PCL009524,unresolved_singleton,Unresolved,1,1,,,
STG021671,UCR009525,MARKETING,MKT000369,DCL009569,PCL009525,unresolved_singleton,Unresolved,1,1,,,
STG021697,UCR009527,MARKETING,MKT000395,DCL009573,PCL009527,unresolved_singleton,Unresolved,1,1,,,
STG021722,UCR009530,MARKETING,MKT000420,DCL009576,PCL009530,unresolved_singleton,Unresolved,1,1,,,
STG021742,UCR009531,MARKETING,MKT000440,DCL009577,PCL009531,unresolved_singleton,Unresolved,1,1,,,
STG021754,UCR009533,MARKETING,MKT000452,DCL009579,PCL009533,unresolved_singleton,Unresolved,1,1,,,
STG021763,UCR009535,MARKETING,MKT000461,DCL009581,PCL009535,unresolved_singleton,Unresolved,1,1,,,
STG021780,UCR009536,MARKETING,MKT000478,DCL009582,PCL009536,unresolved_singleton,Unresolved,1,1,,,
STG021801,UCR009537,MARKETING,MKT000499,DCL009583,PCL009537,unresolved_singleton,Unresolved,1,1,,,
STG021833,UCR009538,MARKETING,MKT000531,DCL009584,PCL009538,unresolved_singleton,Unresolved,1,1,,,
STG021839,UCR009539,MARKETING,MKT000537,DCL009585,PCL009539,unresolved_singleton,Unresolved,1,1,,,
STG021884,UCR009541,MARKETING,MKT000582,DCL009587,PCL009541,unresolved_singleton,Unresolved,1,1,,,
STG021885,UCR009542,MARKETING,MKT000583,DCL009588,PCL009542,unresolved_singleton,Unresolved,1,1,,,
STG021914,UCR009544,MARKETING,MKT000612,DCL009590,PCL009544,unresolved_singleton,Unresolved,1,1,,,
STG021921,UCR009545,MARKETING,MKT000619,DCL009591,PCL009545,unresolved_singleton,Unresolved,1,1,,,
STG021928,UCR009547,MARKETING,MKT000626,DCL009593,PCL009547,unresolved_singleton,Unresolved,1,1,,,
STG021952,UCR009549,MARKETING,MKT000650,DCL009596,PCL009549,unresolved_singleton,Unresolved,1,1,,,
STG021961,UCR009551,MARKETING,MKT000659,DCL009598,PCL009551,unresolved_singleton,Unresolved,1,1,,,
STG021963,UCR009552,MARKETING,MKT000661,DCL009599,PCL009552,unresolved_singleton,Unresolved,1,1,,,
STG021964,UCR009553,MARKETING,MKT000662,DCL009600,PCL009553,unresolved_singleton,Unresolved,1,1,,,
STG021971,UCR009554,MARKETING,MKT000669,DCL009601,PCL009554,unresolved_singleton,Unresolved,1,1,,,
STG021984,UCR009556,MARKETING,MKT000682,DCL009603,PCL009556,unresolved_singleton,Unresolved,1,1,,,
STG021991,UCR009557,MARKETING,MKT000689,DCL009604,PCL009557,unresolved_singleton,Unresolved,1,1,,,
STG022000,UCR009558,MARKETING,MKT000698,DCL009605,PCL009558,unresolved_singleton,Unresolved,1,1,,,
STG022001,UCR009559,MARKETING,MKT000699,DCL009606,PCL009559,unresolved_singleton,Unresolved,1,1,,,
STG022024,UCR009561,MARKETING,MKT000722,DCL009608,PCL009561,unresolved_singleton,Unresolved,1,1,,,
STG022074,UCR009564,MARKETING,MKT000772,DCL009611,PCL009564,unresolved_singleton,Unresolved,1,1,,,
STG022107,UCR009566,MARKETING,MKT000805,DCL009613,PCL009566,unresolved_singleton,Unresolved,1,1,,,
STG022108,UCR009567,MARKETING,MKT000806,DCL009614,PCL009567,unresolved_singleton,Unresolved,1,1,,,
STG022117,UCR009569,MARKETING,MKT000815,DCL009616,PCL009569,unresolved_singleton,Unresolved,1,1,,,
STG022129,UCR009570,MARKETING,MKT000827,DCL009617,PCL009570,unresolved_singleton,Unresolved,1,1,,,
STG022144,UCR009571,MARKETING,MKT000842,DCL009618,PCL009571,unresolved_singleton,Unresolved,1,1,,,
STG022146,UCR009572,MARKETING,MKT000844,DCL009619,PCL009572,unresolved_singleton,Unresolved,1,1,,,
STG022148,UCR009573,MARKETING,MKT000846,DCL009620,PCL009573,unresolved_singleton,Unresolved,1,1,,,
STG022149,UCR009574,MARKETING,MKT000847,DCL009621,PCL009574,unresolved_singleton,Unresolved,1,1,,,
STG022151,UCR009575,MARKETING,MKT000849,DCL009622,PCL009575,unresolved_singleton,Unresolved,1,1,,,
STG022158,UCR009577,MARKETING,MKT000856,DCL009624,PCL009577,unresolved_singleton,Unresolved,1,1,,,
STG022230,UCR009579,MARKETING,MKT000928,DCL009627,PCL009579,unresolved_singleton,Unresolved,1,1,,,
STG022231,UCR009580,MARKETING,MKT000929,DCL009628,PCL009580,unresolved_singleton,Unresolved,1,1,,,
STG022268,UCR009581,MARKETING,MKT000966,DCL009630,PCL009581,unresolved_singleton,Unresolved,1,1,,,
STG022283,UCR009582,MARKETING,MKT000981,DCL009631,PCL009582,unresolved_singleton,Unresolved,1,1,,,
STG022315,UCR009585,MARKETING,MKT001013,DCL009634,PCL009585,unresolved_singleton,Unresolved,1,1,,,
STG022322,UCR009587,MARKETING,MKT001020,DCL009637,PCL009587,unresolved_singleton,Unresolved,1,1,,,
STG022351,UCR009589,MARKETING,MKT001049,DCL009639,PCL009589,unresolved_singleton,Unresolved,1,1,,,
STG022375,UCR009591,MARKETING,MKT001073,DCL009641,PCL009591,unresolved_singleton,Unresolved,1,1,,,
STG022387,UCR009592,MARKETING,MKT001085,DCL009642,PCL009592,unresolved_singleton,Unresolved,1,1,,,
STG022408,UCR009594,MARKETING,MKT001106,DCL009644,PCL009594,unresolved_singleton,Unresolved,1,1,,,
STG022428,UCR009595,MARKETING,MKT001126,DCL009645,PCL009595,unresolved_singleton,Unresolved,1,1,,,
STG022463,UCR009598,MARKETING,MKT001161,DCL009648,PCL009598,unresolved_singleton,Unresolved,1,1,,,
STG022474,UCR009599,MARKETING,MKT001172,DCL009649,PCL009599,unresolved_singleton,Unresolved,1,1,,,
STG022512,UCR009600,MARKETING,MKT001210,DCL009651,PCL009600,unresolved_singleton,Unresolved,1,1,,,
STG022544,UCR009601,MARKETING,MKT001242,DCL009652,PCL009601,unresolved_singleton,Unresolved,1,1,,,
STG022547,UCR009602,MARKETING,MKT001245,DCL009653,PCL009602,unresolved_singleton,Unresolved,1,1,,,
STG022548,UCR009603,MARKETING,MKT001246,DCL009654,PCL009603,unresolved_singleton,Unresolved,1,1,,,
STG022576,UCR009606,MARKETING,MKT001274,DCL009657,PCL009606,unresolved_singleton,Unresolved,1,1,,,
STG022583,UCR009607,MARKETING,MKT001281,DCL009658,PCL009607,unresolved_singleton,Unresolved,1,1,,,
STG022590,UCR009608,MARKETING,MKT001288,DCL009659,PCL009608,unresolved_singleton,Unresolved,1,1,,,
STG022603,UCR009610,MARKETING,MKT001301,DCL009662,PCL009610,unresolved_singleton,Unresolved,1,1,,,
STG022611,UCR009611,MARKETING,MKT001309,DCL009663,PCL009611,unresolved_singleton,Unresolved,1,1,,,
STG022627,UCR009612,MARKETING,MKT001325,DCL009664,PCL009612,unresolved_singleton,Unresolved,1,1,,,
STG022638,UCR009614,MARKETING,MKT001336,DCL009666,PCL009614,unresolved_singleton,Unresolved,1,1,,,
STG022691,UCR009618,MARKETING,MKT001389,DCL009670,PCL009618,unresolved_singleton,Unresolved,1,1,,,
STG022715,UCR009620,MARKETING,MKT001413,DCL009672,PCL009620,unresolved_singleton,Unresolved,1,1,,,
STG022717,UCR009621,MARKETING,MKT001415,DCL009673,PCL009621,unresolved_singleton,Unresolved,1,1,,,
STG022743,UCR009623,MARKETING,MKT001441,DCL009675,PCL009623,unresolved_singleton,Unresolved,1,1,,,
STG022765,UCR009624,MARKETING,MKT001463,DCL009676,PCL009624,unresolved_singleton,Unresolved,1,1,,,
STG022795,UCR009627,MARKETING,MKT001493,DCL009680,PCL009627,unresolved_singleton,Unresolved,1,1,,,
STG022813,UCR009628,MARKETING,MKT001511,DCL009681,PCL009628,unresolved_singleton,Unresolved,1,1,,,
STG022822,UCR009629,MARKETING,MKT001520,DCL009682,PCL009629,unresolved_singleton,Unresolved,1,1,,,
STG022823,UCR009630,MARKETING,MKT001521,DCL009683,PCL009630,unresolved_singleton,Unresolved,1,1,,,
STG022847,UCR009633,MARKETING,MKT001545,DCL009686,PCL009633,unresolved_singleton,Unresolved,1,1,,,
STG022908,UCR009638,MARKETING,MKT001606,DCL009691,PCL009638,unresolved_singleton,Unresolved,1,1,,,
STG022937,UCR009641,MARKETING,MKT001635,DCL009694,PCL009641,unresolved_singleton,Unresolved,1,1,,,
STG022940,UCR009642,MARKETING,MKT001638,DCL009695,PCL009642,unresolved_singleton,Unresolved,1,1,,,
STG022943,UCR009643,MARKETING,MKT001641,DCL009696,PCL009643,unresolved_singleton,Unresolved,1,1,,,
STG022969,UCR009644,MARKETING,MKT001667,DCL009697,PCL009644,unresolved_singleton,Unresolved,1,1,,,
STG022973,UCR009645,MARKETING,MKT001671,DCL009698,PCL009645,unresolved_singleton,Unresolved,1,1,,,
STG022983,UCR009646,MARKETING,MKT001681,DCL009699,PCL009646,unresolved_singleton,Unresolved,1,1,,,
STG023000,UCR009647,MARKETING,MKT001698,DCL009700,PCL009647,unresolved_singleton,Unresolved,1,1,,,
STG023004,UCR009648,MARKETING,MKT001702,DCL009701,PCL009648,unresolved_singleton,Unresolved,1,1,,,
STG023016,UCR009649,MARKETING,MKT001714,DCL009702,PCL009649,unresolved_singleton,Unresolved,1,1,,,
STG023026,UCR009650,MARKETING,MKT001724,DCL009703,PCL009650,unresolved_singleton,Unresolved,1,1,,,
STG023031,UCR009651,MARKETING,MKT001729,DCL009704,PCL009651,unresolved_singleton,Unresolved,1,1,,,
STG023047,UCR009654,MARKETING,MKT001745,DCL009707,PCL009654,unresolved_singleton,Unresolved,1,1,,,
STG023096,UCR009656,MARKETING,MKT001794,DCL009709,PCL009656,unresolved_singleton,Unresolved,1,1,,,
STG023114,UCR009658,MARKETING,MKT001812,DCL009711,PCL009658,unresolved_singleton,Unresolved,1,1,,,
STG023118,UCR009659,MARKETING,MKT001816,DCL009712,PCL009659,unresolved_singleton,Unresolved,1,1,,,
STG023122,UCR009660,MARKETING,MKT001820,DCL009713,PCL009660,unresolved_singleton,Unresolved,1,1,,,
STG023126,UCR009661,MARKETING,MKT001824,DCL009714,PCL009661,unresolved_singleton,Unresolved,1,1,,,
STG023130,UCR009662,MARKETING,MKT001828,DCL009715,PCL009662,unresolved_singleton,Unresolved,1,1,,,
STG023146,UCR009664,MARKETING,MKT001844,DCL009717,PCL009664,unresolved_singleton,Unresolved,1,1,,,
STG023183,UCR009665,MARKETING,MKT001881,DCL009719,PCL009665,unresolved_singleton,Unresolved,1,1,,,
STG023197,UCR009666,MARKETING,MKT001895,DCL009720,PCL009666,unresolved_singleton,Unresolved,1,1,,,
STG023220,UCR009669,MARKETING,MKT001918,DCL009723,PCL009669,unresolved_singleton,Unresolved,1,1,,,
STG023273,UCR009670,MARKETING,MKT001971,DCL009725,PCL009670,unresolved_singleton,Unresolved,1,1,,,
STG023294,UCR009672,MARKETING,MKT001992,DCL009727,PCL009672,unresolved_singleton,Unresolved,1,1,,,
STG023304,UCR009674,MARKETING,MKT002002,DCL009729,PCL009674,unresolved_singleton,Unresolved,1,1,,,
STG023313,UCR009675,MARKETING,MKT002011,DCL009730,PCL009675,unresolved_singleton,Unresolved,1,1,,,
STG023353,UCR009676,MARKETING,MKT002051,DCL009731,PCL009676,unresolved_singleton,Unresolved,1,1,,,
STG023360,UCR009677,MARKETING,MKT002058,DCL009732,PCL009677,unresolved_singleton,Unresolved,1,1,,,
STG023393,UCR009678,MARKETING,MKT002091,DCL009733,PCL009678,unresolved_singleton,Unresolved,1,1,,,
STG023413,UCR009680,MARKETING,MKT002111,DCL009735,PCL009680,unresolved_singleton,Unresolved,1,1,,,
STG023428,UCR009681,MARKETING,MKT002126,DCL009736,PCL009681,unresolved_singleton,Unresolved,1,1,,,
STG023429,UCR009682,MARKETING,MKT002127,DCL009737,PCL009682,unresolved_singleton,Unresolved,1,1,,,
STG023519,UCR009684,MARKETING,MKT002217,DCL009739,PCL009684,unresolved_singleton,Unresolved,1,1,,,
STG023546,UCR009686,MARKETING,MKT002244,DCL009741,PCL009686,unresolved_singleton,Unresolved,1,1,,,
STG023572,UCR009687,MARKETING,MKT002270,DCL009742,PCL009687,unresolved_singleton,Unresolved,1,1,,,
STG023576,UCR009688,MARKETING,MKT002274,DCL009743,PCL009688,unresolved_singleton,Unresolved,1,1,,,
STG023594,UCR009690,MARKETING,MKT002292,DCL009745,PCL009690,unresolved_singleton,Unresolved,1,1,,,
STG023604,UCR009691,MARKETING,MKT002302,DCL009746,PCL009691,unresolved_singleton,Unresolved,1,1,,,
STG023637,UCR009693,MARKETING,MKT002335,DCL009749,PCL009693,unresolved_singleton,Unresolved,1,1,,,
STG023658,UCR009694,MARKETING,MKT002356,DCL009750,PCL009694,unresolved_singleton,Unresolved,1,1,,,
STG023672,UCR009696,MARKETING,MKT002370,DCL009752,PCL009696,unresolved_singleton,Unresolved,1,1,,,
STG023691,UCR009697,MARKETING,MKT002389,DCL009753,PCL009697,unresolved_singleton,Unresolved,1,1,,,
STG023698,UCR009698,MARKETING,MKT002396,DCL009754,PCL009698,unresolved_singleton,Unresolved,1,1,,,
STG023700,UCR009699,MARKETING,MKT002398,DCL009755,PCL009699,unresolved_singleton,Unresolved,1,1,,,
STG023713,UCR009700,MARKETING,MKT002411,DCL009756,PCL009700,unresolved_singleton,Unresolved,1,1,,,
STG023721,UCR009701,MARKETING,MKT002419,DCL009757,PCL009701,unresolved_singleton,Unresolved,1,1,,,
STG023723,UCR009702,MARKETING,MKT002421,DCL009758,PCL009702,unresolved_singleton,Unresolved,1,1,,,
STG023731,UCR009704,MARKETING,MKT002429,DCL009760,PCL009704,unresolved_singleton,Unresolved,1,1,,,
STG023753,UCR009705,MARKETING,MKT002451,DCL009761,PCL009705,unresolved_singleton,Unresolved,1,1,,,
STG023754,UCR009706,MARKETING,MKT002452,DCL009762,PCL009706,unresolved_singleton,Unresolved,1,1,,,
STG023843,UCR009710,MARKETING,MKT002541,DCL009766,PCL009710,unresolved_singleton,Unresolved,1,1,,,
STG023857,UCR009711,MARKETING,MKT002555,DCL009767,PCL009711,unresolved_singleton,Unresolved,1,1,,,
STG023858,UCR009712,MARKETING,MKT002556,DCL009768,PCL009712,unresolved_singleton,Unresolved,1,1,,,
STG023874,UCR009713,MARKETING,MKT002572,DCL009769,PCL009713,unresolved_singleton,Unresolved,1,1,,,
STG023888,UCR009715,MARKETING,MKT002586,DCL009771,PCL009715,unresolved_singleton,Unresolved,1,1,,,
STG023897,UCR009716,MARKETING,MKT002595,DCL009772,PCL009716,unresolved_singleton,Unresolved,1,1,,,
STG023907,UCR009717,MARKETING,MKT002605,DCL009773,PCL009717,unresolved_singleton,Unresolved,1,1,,,
STG023910,UCR009718,MARKETING,MKT002608,DCL009774,PCL009718,unresolved_singleton,Unresolved,1,1,,,
STG023915,UCR009719,MARKETING,MKT002613,DCL009775,PCL009719,unresolved_singleton,Unresolved,1,1,,,
STG023917,UCR009720,MARKETING,MKT002615,DCL009776,PCL009720,unresolved_singleton,Unresolved,1,1,,,
STG023921,UCR009721,MARKETING,MKT002619,DCL009777,PCL009721,unresolved_singleton,Unresolved,1,1,,,
STG023923,UCR009722,MARKETING,MKT002621,DCL009778,PCL009722,unresolved_singleton,Unresolved,1,1,,,
STG023951,UCR009724,MARKETING,MKT002649,DCL009780,PCL009724,unresolved_singleton,Unresolved,1,1,,,
STG023956,UCR009725,MARKETING,MKT002654,DCL009781,PCL009725,unresolved_singleton,Unresolved,1,1,,,
STG024012,UCR009727,MARKETING,MKT002710,DCL009783,PCL009727,unresolved_singleton,Unresolved,1,1,,,
STG024060,UCR009728,MARKETING,MKT002758,DCL009784,PCL009728,unresolved_singleton,Unresolved,1,1,,,
STG024069,UCR009729,MARKETING,MKT002767,DCL009785,PCL009729,unresolved_singleton,Unresolved,1,1,,,
STG024073,UCR009730,MARKETING,MKT002771,DCL009786,PCL009730,unresolved_singleton,Unresolved,1,1,,,
STG024095,UCR009732,MARKETING,MKT002793,DCL009788,PCL009732,unresolved_singleton,Unresolved,1,1,,,
STG024171,UCR009735,MARKETING,MKT002869,DCL009791,PCL009735,unresolved_singleton,Unresolved,1,1,,,
STG024178,UCR009736,MARKETING,MKT002876,DCL009792,PCL009736,unresolved_singleton,Unresolved,1,1,,,
STG024191,UCR009737,MARKETING,MKT002889,DCL009793,PCL009737,unresolved_singleton,Unresolved,1,1,,,
STG024214,UCR009738,MARKETING,MKT002912,DCL009794,PCL009738,unresolved_singleton,Unresolved,1,1,,,
STG024217,UCR009739,MARKETING,MKT002915,DCL009795,PCL009739,unresolved_singleton,Unresolved,1,1,,,
STG024267,UCR009741,MARKETING,MKT002965,DCL009797,PCL009741,unresolved_singleton,Unresolved,1,1,,,
STG024321,UCR009742,MARKETING,MKT003019,DCL009798,PCL009742,unresolved_singleton,Unresolved,1,1,,,
STG024328,UCR009743,MARKETING,MKT003026,DCL009799,PCL009743,unresolved_singleton,Unresolved,1,1,,,
STG024374,UCR009745,MARKETING,MKT003072,DCL009801,PCL009745,unresolved_singleton,Unresolved,1,1,,,
STG024375,UCR009746,MARKETING,MKT003073,DCL009802,PCL009746,unresolved_singleton,Unresolved,1,1,,,
STG024385,UCR009747,MARKETING,MKT003083,DCL009803,PCL009747,unresolved_singleton,Unresolved,1,1,,,
STG024392,UCR009748,MARKETING,MKT003090,DCL009804,PCL009748,unresolved_singleton,Unresolved,1,1,,,
STG024425,UCR009751,MARKETING,MKT003123,DCL009807,PCL009751,unresolved_singleton,Unresolved,1,1,,,
STG024485,UCR009753,MARKETING,MKT003183,DCL009810,PCL009753,unresolved_singleton,Unresolved,1,1,,,
STG024496,UCR009755,MARKETING,MKT003194,DCL009812,PCL009755,unresolved_singleton,Unresolved,1,1,,,
STG024529,UCR009757,MARKETING,MKT003227,DCL009814,PCL009757,unresolved_singleton,Unresolved,1,1,,,
STG024544,UCR009758,MARKETING,MKT003242,DCL009815,PCL009758,unresolved_singleton,Unresolved,1,1,,,
STG024547,UCR009759,MARKETING,MKT003245,DCL009816,PCL009759,unresolved_singleton,Unresolved,1,1,,,
STG024561,UCR009761,MARKETING,MKT003259,DCL009818,PCL009761,unresolved_singleton,Unresolved,1,1,,,
STG024563,UCR009762,MARKETING,MKT003261,DCL009819,PCL009762,unresolved_singleton,Unresolved,1,1,,,
STG024565,UCR009763,MARKETING,MKT003263,DCL009820,PCL009763,unresolved_singleton,Unresolved,1,1,,,
STG024611,UCR009764,MARKETING,MKT003309,DCL009821,PCL009764,unresolved_singleton,Unresolved,1,1,,,
STG024659,UCR009765,MARKETING,MKT003357,DCL009822,PCL009765,unresolved_singleton,Unresolved,1,1,,,
STG024718,UCR009767,MARKETING,MKT003416,DCL009825,PCL009767,unresolved_singleton,Unresolved,1,1,,,
STG024725,UCR009768,MARKETING,MKT003423,DCL009827,PCL009768,unresolved_singleton,Unresolved,1,1,,,
STG024732,UCR009769,MARKETING,MKT003430,DCL009828,PCL009769,unresolved_singleton,Unresolved,1,1,,,
STG024734,UCR009770,MARKETING,MKT003432,DCL009829,PCL009770,unresolved_singleton,Unresolved,1,1,,,
STG024736,UCR009771,MARKETING,MKT003434,DCL009830,PCL009771,unresolved_singleton,Unresolved,1,1,,,
STG024771,UCR009772,MARKETING,MKT003469,DCL009832,PCL009772,unresolved_singleton,Unresolved,1,1,,,
STG024808,UCR009773,MARKETING,MKT003506,DCL009833,PCL009773,unresolved_singleton,Unresolved,1,1,,,
STG024858,UCR009775,MARKETING,MKT003556,DCL009835,PCL009775,unresolved_singleton,Unresolved,1,1,,,
STG024867,UCR009776,MARKETING,MKT003565,DCL009836,PCL009776,unresolved_singleton,Unresolved,1,1,,,
STG024874,UCR009777,MARKETING,MKT003572,DCL009837,PCL009777,unresolved_singleton,Unresolved,1,1,,,
STG024880,UCR009778,MARKETING,MKT003578,DCL009838,PCL009778,unresolved_singleton,Unresolved,1,1,,,
STG024911,UCR009779,MARKETING,MKT003609,DCL009839,PCL009779,unresolved_singleton,Unresolved,1,1,,,
STG024933,UCR009780,MARKETING,MKT003631,DCL009840,PCL009780,unresolved_singleton,Unresolved,1,1,,,
STG024943,UCR009781,MARKETING,MKT003641,DCL009841,PCL009781,unresolved_singleton,Unresolved,1,1,,,
STG025002,UCR009783,MARKETING,MKT003700,DCL009844,PCL009783,unresolved_singleton,Unresolved,1,1,,,
STG025008,UCR009784,MARKETING,MKT003706,DCL009845,PCL009784,unresolved_singleton,Unresolved,1,1,,,
STG025012,UCR009785,MARKETING,MKT003710,DCL009846,PCL009785,unresolved_singleton,Unresolved,1,1,,,
STG025019,UCR009786,MARKETING,MKT003717,DCL009847,PCL009786,unresolved_singleton,Unresolved,1,1,,,
STG025027,UCR009787,MARKETING,MKT003725,DCL009848,PCL009787,unresolved_singleton,Unresolved,1,1,,,
STG025052,UCR009788,MARKETING,MKT003750,DCL009849,PCL009788,unresolved_singleton,Unresolved,1,1,,,
STG025064,UCR009789,MARKETING,MKT003762,DCL009850,PCL009789,unresolved_singleton,Unresolved,1,1,,,
STG025069,UCR009790,MARKETING,MKT003767,DCL009852,PCL009790,unresolved_singleton,Unresolved,1,1,,,
STG025094,UCR009792,MARKETING,MKT003792,DCL009854,PCL009792,unresolved_singleton,Unresolved,1,1,,,
STG025109,UCR009793,MARKETING,MKT003807,DCL009855,PCL009793,unresolved_singleton,Unresolved,1,1,,,
STG025124,UCR009794,MARKETING,MKT003822,DCL009856,PCL009794,unresolved_singleton,Unresolved,1,1,,,
STG025132,UCR009795,MARKETING,MKT003830,DCL009857,PCL009795,unresolved_singleton,Unresolved,1,1,,,
STG025139,UCR009796,MARKETING,MKT003837,DCL009858,PCL009796,unresolved_singleton,Unresolved,1,1,,,
STG025149,UCR009797,MARKETING,MKT003847,DCL009859,PCL009797,unresolved_singleton,Unresolved,1,1,,,
STG025155,UCR009798,MARKETING,MKT003853,DCL009860,PCL009798,unresolved_singleton,Unresolved,1,1,,,
STG025209,UCR009799,MARKETING,MKT003907,DCL009861,PCL009799,unresolved_singleton,Unresolved,1,1,,,
STG025210,UCR009800,MARKETING,MKT003908,DCL009862,PCL009800,unresolved_singleton,Unresolved,1,1,,,
STG025212,UCR009801,MARKETING,MKT003910,DCL009863,PCL009801,unresolved_singleton,Unresolved,1,1,,,
STG025222,UCR009802,MARKETING,MKT003920,DCL009864,PCL009802,unresolved_singleton,Unresolved,1,1,,,
STG025227,UCR009803,MARKETING,MKT003925,DCL009865,PCL009803,unresolved_singleton,Unresolved,1,1,,,
STG025237,UCR009804,MARKETING,MKT003935,DCL009866,PCL009804,unresolved_singleton,Unresolved,1,1,,,
STG025238,UCR009805,MARKETING,MKT003936,DCL009867,PCL009805,unresolved_singleton,Unresolved,1,1,,,
STG025249,UCR009806,MARKETING,MKT003947,DCL009868,PCL009806,unresolved_singleton,Unresolved,1,1,,,
STG025254,UCR009807,MARKETING,MKT003952,DCL009869,PCL009807,unresolved_singleton,Unresolved,1,1,,,
STG025304,UCR009809,MARKETING,MKT004002,DCL009871,PCL009809,unresolved_singleton,Unresolved,1,1,,,
STG025307,UCR009810,MARKETING,MKT004005,DCL009872,PCL009810,unresolved_singleton,Unresolved,1,1,,,
STG025309,UCR009811,MARKETING,MKT004007,DCL009873,PCL009811,unresolved_singleton,Unresolved,1,1,,,
STG025320,UCR009812,MARKETING,MKT004018,DCL009874,PCL009812,unresolved_singleton,Unresolved,1,1,,,
STG025332,UCR009813,MARKETING,MKT004030,DCL009875,PCL009813,unresolved_singleton,Unresolved,1,1,,,
STG025365,UCR009816,MARKETING,MKT004063,DCL009878,PCL009816,unresolved_singleton,Unresolved,1,1,,,
STG025366,UCR009817,MARKETING,MKT004064,DCL009879,PCL009817,unresolved_singleton,Unresolved,1,1,,,
STG025374,UCR009818,MARKETING,MKT004072,DCL009880,PCL009818,unresolved_singleton,Unresolved,1,1,,,
STG025375,UCR009819,MARKETING,MKT004073,DCL009881,PCL009819,unresolved_singleton,Unresolved,1,1,,,
STG025381,UCR009820,MARKETING,MKT004079,DCL009882,PCL009820,unresolved_singleton,Unresolved,1,1,,,
STG025395,UCR009823,MARKETING,MKT004093,DCL009885,PCL009823,unresolved_singleton,Unresolved,1,1,,,
STG025402,UCR009824,MARKETING,MKT004100,DCL009886,PCL009824,unresolved_singleton,Unresolved,1,1,,,
STG025411,UCR009827,MARKETING,MKT004109,DCL009889,PCL009827,unresolved_singleton,Unresolved,1,1,,,
STG025428,UCR009829,MARKETING,MKT004126,DCL009891,PCL009829,unresolved_singleton,Unresolved,1,1,,,
STG025435,UCR009830,MARKETING,MKT004133,DCL009892,PCL009830,unresolved_singleton,Unresolved,1,1,,,
STG025467,UCR009831,MARKETING,MKT004165,DCL009893,PCL009831,unresolved_singleton,Unresolved,1,1,,,
STG025477,UCR009832,MARKETING,MKT004175,DCL009894,PCL009832,unresolved_singleton,Unresolved,1,1,,,
STG025490,UCR009833,MARKETING,MKT004188,DCL009895,PCL009833,unresolved_singleton,Unresolved,1,1,,,
STG025518,UCR009836,MARKETING,MKT004216,DCL009898,PCL009836,unresolved_singleton,Unresolved,1,1,,,
STG025558,UCR009838,MARKETING,MKT004256,DCL009900,PCL009838,unresolved_singleton,Unresolved,1,1,,,
STG025560,UCR009839,MARKETING,MKT004258,DCL009901,PCL009839,unresolved_singleton,Unresolved,1,1,,,
STG025570,UCR009840,MARKETING,MKT004268,DCL009902,PCL009840,unresolved_singleton,Unresolved,1,1,,,
STG025574,UCR009841,MARKETING,MKT004272,DCL009903,PCL009841,unresolved_singleton,Unresolved,1,1,,,
STG025576,UCR009842,MARKETING,MKT004274,DCL009904,PCL009842,unresolved_singleton,Unresolved,1,1,,,
STG025615,UCR009843,MARKETING,MKT004313,DCL009905,PCL009843,unresolved_singleton,Unresolved,1,1,,,
STG025639,UCR009844,MARKETING,MKT004337,DCL009906,PCL009844,unresolved_singleton,Unresolved,1,1,,,
STG025655,UCR009845,MARKETING,MKT004353,DCL009908,PCL009845,unresolved_singleton,Unresolved,1,1,,,
STG025663,UCR009846,MARKETING,MKT004361,DCL009909,PCL009846,unresolved_singleton,Unresolved,1,1,,,
STG025708,UCR009847,MARKETING,MKT004406,DCL009910,PCL009847,unresolved_singleton,Unresolved,1,1,,,
STG025767,UCR009849,MARKETING,MKT004465,DCL009912,PCL009849,unresolved_singleton,Unresolved,1,1,,,
STG025774,UCR009850,MARKETING,MKT004472,DCL009913,PCL009850,unresolved_singleton,Unresolved,1,1,,,
STG025775,UCR009851,MARKETING,MKT004473,DCL009914,PCL009851,unresolved_singleton,Unresolved,1,1,,,
STG025777,UCR009852,MARKETING,MKT004475,DCL009915,PCL009852,unresolved_singleton,Unresolved,1,1,,,
STG025782,UCR009853,MARKETING,MKT004480,DCL009916,PCL009853,unresolved_singleton,Unresolved,1,1,,,
STG025792,UCR009854,MARKETING,MKT004490,DCL009917,PCL009854,unresolved_singleton,Unresolved,1,1,,,
STG025794,UCR009855,MARKETING,MKT004492,DCL009918,PCL009855,unresolved_singleton,Unresolved,1,1,,,
STG025818,UCR009856,MARKETING,MKT004516,DCL009919,PCL009856,unresolved_singleton,Unresolved,1,1,,,
STG025856,UCR009859,MARKETING,MKT004554,DCL009922,PCL009859,unresolved_singleton,Unresolved,1,1,,,
STG025859,UCR009860,MARKETING,MKT004557,DCL009923,PCL009860,unresolved_singleton,Unresolved,1,1,,,
STG025890,UCR009861,MARKETING,MKT004588,DCL009924,PCL009861,unresolved_singleton,Unresolved,1,1,,,
STG025917,UCR009863,MARKETING,MKT004615,DCL009926,PCL009863,unresolved_singleton,Unresolved,1,1,,,
STG025920,UCR009864,MARKETING,MKT004618,DCL009927,PCL009864,unresolved_singleton,Unresolved,1,1,,,
STG025935,UCR009865,MARKETING,MKT004633,DCL009928,PCL009865,unresolved_singleton,Unresolved,1,1,,,
STG025984,UCR009866,MARKETING,MKT004682,DCL009929,PCL009866,unresolved_singleton,Unresolved,1,1,,,
STG025997,UCR009867,MARKETING,MKT004695,DCL009930,PCL009867,unresolved_singleton,Unresolved,1,1,,,
STG026003,UCR009868,MARKETING,MKT004701,DCL009931,PCL009868,unresolved_singleton,Unresolved,1,1,,,
STG026005,UCR009869,MARKETING,MKT004703,DCL009932,PCL009869,unresolved_singleton,Unresolved,1,1,,,
STG026008,UCR009870,MARKETING,MKT004706,DCL009933,PCL009870,unresolved_singleton,Unresolved,1,1,,,
STG026011,UCR009871,MARKETING,MKT004709,DCL009934,PCL009871,unresolved_singleton,Unresolved,1,1,,,
STG026029,UCR009873,MARKETING,MKT004727,DCL009936,PCL009873,unresolved_singleton,Unresolved,1,1,,,
STG026038,UCR009874,MARKETING,MKT004736,DCL009937,PCL009874,unresolved_singleton,Unresolved,1,1,,,
STG026058,UCR009875,MARKETING,MKT004756,DCL009938,PCL009875,unresolved_singleton,Unresolved,1,1,,,
STG026061,UCR009876,MARKETING,MKT004759,DCL009939,PCL009876,unresolved_singleton,Unresolved,1,1,,,
STG026082,UCR009877,MARKETING,MKT004780,DCL009940,PCL009877,unresolved_singleton,Unresolved,1,1,,,
STG026105,UCR009878,MARKETING,MKT004803,DCL009941,PCL009878,unresolved_singleton,Unresolved,1,1,,,
STG026108,UCR009879,MARKETING,MKT004806,DCL009942,PCL009879,unresolved_singleton,Unresolved,1,1,,,
STG026123,UCR009881,MARKETING,MKT004821,DCL009944,PCL009881,unresolved_singleton,Unresolved,1,1,,,
STG026124,UCR009882,MARKETING,MKT004822,DCL009945,PCL009882,unresolved_singleton,Unresolved,1,1,,,
STG026134,UCR009884,MARKETING,MKT004832,DCL009947,PCL009884,unresolved_singleton,Unresolved,1,1,,,
STG026147,UCR009886,MARKETING,MKT004845,DCL009949,PCL009886,unresolved_singleton,Unresolved,1,1,,,
STG026165,UCR009888,MARKETING,MKT004863,DCL009951,PCL009888,unresolved_singleton,Unresolved,1,1,,,
STG026191,UCR009889,MARKETING,MKT004889,DCL009953,PCL009889,unresolved_singleton,Unresolved,1,1,,,
STG026194,UCR009890,MARKETING,MKT004892,DCL009954,PCL009890,unresolved_singleton,Unresolved,1,1,,,
STG026209,UCR009891,MARKETING,MKT004907,DCL009955,PCL009891,unresolved_singleton,Unresolved,1,1,,,
STG026224,UCR009892,MARKETING,MKT004922,DCL009956,PCL009892,unresolved_singleton,Unresolved,1,1,,,
STG026242,UCR009893,MARKETING,MKT004940,DCL009957,PCL009893,unresolved_singleton,Unresolved,1,1,,,
STG026251,UCR009894,MARKETING,MKT004949,DCL009958,PCL009894,unresolved_singleton,Unresolved,1,1,,,
STG026257,UCR009895,MARKETING,MKT004955,DCL009959,PCL009895,unresolved_singleton,Unresolved,1,1,,,
STG026307,UCR009898,MARKETING,MKT005005,DCL009962,PCL009898,unresolved_singleton,Unresolved,1,1,,,
STG026316,UCR009899,MARKETING,MKT005014,DCL009963,PCL009899,unresolved_singleton,Unresolved,1,1,,,
STG026349,UCR009901,MARKETING,MKT005047,DCL009965,PCL009901,unresolved_singleton,Unresolved,1,1,,,
STG026384,UCR009903,MARKETING,MKT005082,DCL009967,PCL009903,unresolved_singleton,Unresolved,1,1,,,
STG026387,UCR009904,MARKETING,MKT005085,DCL009968,PCL009904,unresolved_singleton,Unresolved,1,1,,,
STG026389,UCR009905,MARKETING,MKT005087,DCL009969,PCL009905,unresolved_singleton,Unresolved,1,1,,,
STG026390,UCR009906,MARKETING,MKT005088,DCL009970,PCL009906,unresolved_singleton,Unresolved,1,1,,,
STG026396,UCR009907,MARKETING,MKT005094,DCL009971,PCL009907,unresolved_singleton,Unresolved,1,1,,,
STG026399,UCR009908,MARKETING,MKT005097,DCL009972,PCL009908,unresolved_singleton,Unresolved,1,1,,,
STG026414,UCR009909,MARKETING,MKT005112,DCL009973,PCL009909,unresolved_singleton,Unresolved,1,1,,,
STG026467,UCR009912,MARKETING,MKT005165,DCL009976,PCL009912,unresolved_singleton,Unresolved,1,1,,,
STG026474,UCR009913,MARKETING,MKT005172,DCL009977,PCL009913,unresolved_singleton,Unresolved,1,1,,,
STG026476,UCR009914,MARKETING,MKT005174,DCL009978,PCL009914,unresolved_singleton,Unresolved,1,1,,,
STG026553,UCR009916,MARKETING,MKT005251,DCL009980,PCL009916,unresolved_singleton,Unresolved,1,1,,,
STG026563,UCR009918,MARKETING,MKT005261,DCL009982,PCL009918,unresolved_singleton,Unresolved,1,1,,,
STG026578,UCR009919,MARKETING,MKT005276,DCL009983,PCL009919,unresolved_singleton,Unresolved,1,1,,,
STG026583,UCR009920,MARKETING,MKT005281,DCL009984,PCL009920,unresolved_singleton,Unresolved,1,1,,,
STG026585,UCR009921,MARKETING,MKT005283,DCL009985,PCL009921,unresolved_singleton,Unresolved,1,1,,,
STG026615,UCR009924,MARKETING,MKT005313,DCL009988,PCL009924,unresolved_singleton,Unresolved,1,1,,,
STG026625,UCR009925,MARKETING,MKT005323,DCL009990,PCL009925,unresolved_singleton,Unresolved,1,1,,,
STG026656,UCR009927,MARKETING,MKT005354,DCL009992,PCL009927,unresolved_singleton,Unresolved,1,1,,,
STG026662,UCR009928,MARKETING,MKT005360,DCL009993,PCL009928,unresolved_singleton,Unresolved,1,1,,,
STG026681,UCR009929,MARKETING,MKT005379,DCL009995,PCL009929,unresolved_singleton,Unresolved,1,1,,,
STG026695,UCR009930,MARKETING,MKT005393,DCL009996,PCL009930,unresolved_singleton,Unresolved,1,1,,,
STG026715,UCR009932,MARKETING,MKT005413,DCL009998,PCL009932,unresolved_singleton,Unresolved,1,1,,,
STG026737,UCR009934,MARKETING,MKT005435,DCL010000,PCL009934,unresolved_singleton,Unresolved,1,1,,,
STG026743,UCR009935,MARKETING,MKT005441,DCL010001,PCL009935,unresolved_singleton,Unresolved,1,1,,,
STG026750,UCR009936,MARKETING,MKT005448,DCL010002,PCL009936,unresolved_singleton,Unresolved,1,1,,,
STG026759,UCR009937,MARKETING,MKT005457,DCL010003,PCL009937,unresolved_singleton,Unresolved,1,1,,,
STG026771,UCR009939,MARKETING,MKT005469,DCL010005,PCL009939,unresolved_singleton,Unresolved,1,1,,,
STG026776,UCR009940,MARKETING,MKT005474,DCL010006,PCL009940,unresolved_singleton,Unresolved,1,1,,,
STG026797,UCR009941,MARKETING,MKT005495,DCL010007,PCL009941,unresolved_singleton,Unresolved,1,1,,,
STG026802,UCR009942,MARKETING,MKT005500,DCL010008,PCL009942,unresolved_singleton,Unresolved,1,1,,,
STG026812,UCR009943,MARKETING,MKT005510,DCL010009,PCL009943,unresolved_singleton,Unresolved,1,1,,,
STG026839,UCR009944,MARKETING,MKT005537,DCL010010,PCL009944,unresolved_singleton,Unresolved,1,1,,,
STG026871,UCR009946,MARKETING,MKT005569,DCL010012,PCL009946,unresolved_singleton,Unresolved,1,1,,,
STG026879,UCR009947,MARKETING,MKT005577,DCL010013,PCL009947,unresolved_singleton,Unresolved,1,1,,,
STG026882,UCR009948,MARKETING,MKT005580,DCL010014,PCL009948,unresolved_singleton,Unresolved,1,1,,,
STG026885,UCR009949,MARKETING,MKT005583,DCL010015,PCL009949,unresolved_singleton,Unresolved,1,1,,,
STG026891,UCR009950,MARKETING,MKT005589,DCL010016,PCL009950,unresolved_singleton,Unresolved,1,1,,,
STG026914,UCR009951,MARKETING,MKT005612,DCL010017,PCL009951,unresolved_singleton,Unresolved,1,1,,,
STG026956,UCR009952,MARKETING,MKT005654,DCL010019,PCL009952,unresolved_singleton,Unresolved,1,1,,,
STG026963,UCR009953,MARKETING,MKT005661,DCL010020,PCL009953,unresolved_singleton,Unresolved,1,1,,,
STG026990,UCR009955,MARKETING,MKT005688,DCL010022,PCL009955,unresolved_singleton,Unresolved,1,1,,,
STG027032,UCR009956,MARKETING,MKT005730,DCL010023,PCL009956,unresolved_singleton,Unresolved,1,1,,,
STG027057,UCR009957,MARKETING,MKT005755,DCL010024,PCL009957,unresolved_singleton,Unresolved,1,1,,,
STG027061,UCR009958,MARKETING,MKT005759,DCL010025,PCL009958,unresolved_singleton,Unresolved,1,1,,,
STG027073,UCR009959,MARKETING,MKT005771,DCL010026,PCL009959,unresolved_singleton,Unresolved,1,1,,,
STG027098,UCR009960,MARKETING,MKT005796,DCL010027,PCL009960,unresolved_singleton,Unresolved,1,1,,,
STG027115,UCR009961,MARKETING,MKT005813,DCL010028,PCL009961,unresolved_singleton,Unresolved,1,1,,,
STG027143,UCR009963,MARKETING,MKT005841,DCL010031,PCL009963,unresolved_singleton,Unresolved,1,1,,,
STG027152,UCR009964,MARKETING,MKT005850,DCL010032,PCL009964,unresolved_singleton,Unresolved,1,1,,,
STG027166,UCR009965,MARKETING,MKT005864,DCL010033,PCL009965,unresolved_singleton,Unresolved,1,1,,,
STG027180,UCR009966,MARKETING,MKT005878,DCL010034,PCL009966,unresolved_singleton,Unresolved,1,1,,,
STG027198,UCR009967,MARKETING,MKT005896,DCL010035,PCL009967,unresolved_singleton,Unresolved,1,1,,,
STG027203,UCR009968,MARKETING,MKT005901,DCL010036,PCL009968,unresolved_singleton,Unresolved,1,1,,,
STG027208,UCR009969,MARKETING,MKT005906,DCL010037,PCL009969,unresolved_singleton,Unresolved,1,1,,,
STG027209,UCR009970,MARKETING,MKT005907,DCL010038,PCL009970,unresolved_singleton,Unresolved,1,1,,,
STG027210,UCR009971,MARKETING,MKT005908,DCL010039,PCL009971,unresolved_singleton,Unresolved,1,1,,,
STG027220,UCR009972,MARKETING,MKT005918,DCL010040,PCL009972,unresolved_singleton,Unresolved,1,1,,,
STG027222,UCR009973,MARKETING,MKT005920,DCL010041,PCL009973,unresolved_singleton,Unresolved,1,1,,,
STG027232,UCR009974,MARKETING,MKT005930,DCL010042,PCL009974,unresolved_singleton,Unresolved,1,1,,,
STG027270,UCR009975,MARKETING,MKT005968,DCL010043,PCL009975,unresolved_singleton,Unresolved,1,1,,,
STG027277,UCR009976,MARKETING,MKT005975,DCL010044,PCL009976,unresolved_singleton,Unresolved,1,1,,,
STG027287,UCR009978,MARKETING,MKT005985,DCL010046,PCL009978,unresolved_singleton,Unresolved,1,1,,,
STG027292,UCR009980,MARKETING,MKT005990,DCL010048,PCL009980,unresolved_singleton,Unresolved,1,1,,,
STG027296,UCR009981,MARKETING,MKT005994,DCL010049,PCL009981,unresolved_singleton,Unresolved,1,1,,,
STG027315,UCR009983,MARKETING,MKT006013,DCL010051,PCL009983,unresolved_singleton,Unresolved,1,1,,,
STG027318,UCR009984,MARKETING,MKT006016,DCL010052,PCL009984,unresolved_singleton,Unresolved,1,1,,,
STG027332,UCR009986,MARKETING,MKT006030,DCL010054,PCL009986,unresolved_singleton,Unresolved,1,1,,,
STG027340,UCR009987,MARKETING,MKT006038,DCL010055,PCL009987,unresolved_singleton,Unresolved,1,1,,,
STG027343,UCR009988,MARKETING,MKT006041,DCL010056,PCL009988,unresolved_singleton,Unresolved,1,1,,,
STG027350,UCR009989,MARKETING,MKT006048,DCL010057,PCL009989,unresolved_singleton,Unresolved,1,1,,,
STG027413,UCR009993,MARKETING,MKT006111,DCL010061,PCL009993,unresolved_singleton,Unresolved,1,1,,,
STG027419,UCR009994,MARKETING,MKT006117,DCL010062,PCL009994,unresolved_singleton,Unresolved,1,1,,,
STG027432,UCR009996,MARKETING,MKT006130,DCL010064,PCL009996,unresolved_singleton,Unresolved,1,1,,,
STG027441,UCR009997,MARKETING,MKT006139,DCL010065,PCL009997,unresolved_singleton,Unresolved,1,1,,,
STG027443,UCR009998,MARKETING,MKT006141,DCL010066,PCL009998,unresolved_singleton,Unresolved,1,1,,,
STG027452,UCR009999,MARKETING,MKT006150,DCL010067,PCL009999,unresolved_singleton,Unresolved,1,1,,,
STG027453,UCR010000,MARKETING,MKT006151,DCL010068,PCL010000,unresolved_singleton,Unresolved,1,1,,,
STG027458,UCR010001,MARKETING,MKT006156,DCL010069,PCL010001,unresolved_singleton,Unresolved,1,1,,,
STG027485,UCR010002,MARKETING,MKT006183,DCL010070,PCL010002,unresolved_singleton,Unresolved,1,1,,,
STG027497,UCR010003,MARKETING,MKT006195,DCL010071,PCL010003,unresolved_singleton,Unresolved,1,1,,,
STG027505,UCR010004,MARKETING,MKT006203,DCL010072,PCL010004,unresolved_singleton,Unresolved,1,1,,,
STG027524,UCR010005,MARKETING,MKT006222,DCL010073,PCL010005,unresolved_singleton,Unresolved,1,1,,,
STG027526,UCR010006,MARKETING,MKT006224,DCL010074,PCL010006,unresolved_singleton,Unresolved,1,1,,,
STG027527,UCR010007,MARKETING,MKT006225,DCL010075,PCL010007,unresolved_singleton,Unresolved,1,1,,,
STG027562,UCR010009,MARKETING,MKT006260,DCL010078,PCL010009,unresolved_singleton,Unresolved,1,1,,,
STG027567,UCR010010,MARKETING,MKT006265,DCL010079,PCL010010,unresolved_singleton,Unresolved,1,1,,,
STG027622,UCR010014,MARKETING,MKT006320,DCL010083,PCL010014,unresolved_singleton,Unresolved,1,1,,,
STG027631,UCR010015,MARKETING,MKT006329,DCL010084,PCL010015,unresolved_singleton,Unresolved,1,1,,,
STG027664,UCR010016,MARKETING,MKT006362,DCL010085,PCL010016,unresolved_singleton,Unresolved,1,1,,,
STG027671,UCR010017,MARKETING,MKT006369,DCL010086,PCL010017,unresolved_singleton,Unresolved,1,1,,,
STG027678,UCR010018,MARKETING,MKT006376,DCL010087,PCL010018,unresolved_singleton,Unresolved,1,1,,,
STG027682,UCR010019,MARKETING,MKT006380,DCL010088,PCL010019,unresolved_singleton,Unresolved,1,1,,,
STG027688,UCR010020,MARKETING,MKT006386,DCL010089,PCL010020,unresolved_singleton,Unresolved,1,1,,,
STG027707,UCR010021,MARKETING,MKT006405,DCL010090,PCL010021,unresolved_singleton,Unresolved,1,1,,,
STG027720,UCR010022,MARKETING,MKT006418,DCL010091,PCL010022,unresolved_singleton,Unresolved,1,1,,,
STG027780,UCR010024,MARKETING,MKT006478,DCL010093,PCL010024,unresolved_singleton,Unresolved,1,1,,,
STG027787,UCR010025,MARKETING,MKT006485,DCL010094,PCL010025,unresolved_singleton,Unresolved,1,1,,,
STG027810,UCR010027,MARKETING,MKT006508,DCL010096,PCL010027,unresolved_singleton,Unresolved,1,1,,,
STG027811,UCR010028,MARKETING,MKT006509,DCL010097,PCL010028,unresolved_singleton,Unresolved,1,1,,,
STG027820,UCR010029,MARKETING,MKT006518,DCL010098,PCL010029,unresolved_singleton,Unresolved,1,1,,,
STG027822,UCR010030,MARKETING,MKT006520,DCL010099,PCL010030,unresolved_singleton,Unresolved,1,1,,,
STG027836,UCR010031,MARKETING,MKT006534,DCL010100,PCL010031,unresolved_singleton,Unresolved,1,1,,,
STG027863,UCR010033,MARKETING,MKT006561,DCL010102,PCL010033,unresolved_singleton,Unresolved,1,1,,,
STG027868,UCR010034,MARKETING,MKT006566,DCL010103,PCL010034,unresolved_singleton,Unresolved,1,1,,,
STG027870,UCR010035,MARKETING,MKT006568,DCL010104,PCL010035,unresolved_singleton,Unresolved,1,1,,,
STG027874,UCR010036,MARKETING,MKT006572,DCL010105,PCL010036,unresolved_singleton,Unresolved,1,1,,,
STG027875,UCR010037,MARKETING,MKT006573,DCL010106,PCL010037,unresolved_singleton,Unresolved,1,1,,,
STG027900,UCR010038,MARKETING,MKT006598,DCL010107,PCL010038,unresolved_singleton,Unresolved,1,1,,,
STG027909,UCR010039,MARKETING,MKT006607,DCL010108,PCL010039,unresolved_singleton,Unresolved,1,1,,,
STG027932,UCR010040,MARKETING,MKT006630,DCL010109,PCL010040,unresolved_singleton,Unresolved,1,1,,,
STG027938,UCR010041,MARKETING,MKT006636,DCL010110,PCL010041,unresolved_singleton,Unresolved,1,1,,,
STG027965,UCR010043,MARKETING,MKT006663,DCL010113,PCL010043,unresolved_singleton,Unresolved,1,1,,,
STG027999,UCR010046,MARKETING,MKT006697,DCL010116,PCL010046,unresolved_singleton,Unresolved,1,1,,,
STG028009,UCR010047,MARKETING,MKT006707,DCL010117,PCL010047,unresolved_singleton,Unresolved,1,1,,,
STG028078,UCR010048,MARKETING,MKT006776,DCL010118,PCL010048,unresolved_singleton,Unresolved,1,1,,,
STG028083,UCR010049,MARKETING,MKT006781,DCL010119,PCL010049,unresolved_singleton,Unresolved,1,1,,,
STG028094,UCR010050,MARKETING,MKT006792,DCL010120,PCL010050,unresolved_singleton,Unresolved,1,1,,,
STG028135,UCR010052,MARKETING,MKT006833,DCL010123,PCL010052,unresolved_singleton,Unresolved,1,1,,,
STG028147,UCR010053,MARKETING,MKT006845,DCL010124,PCL010053,unresolved_singleton,Unresolved,1,1,,,
STG028154,UCR010054,MARKETING,MKT006852,DCL010125,PCL010054,unresolved_singleton,Unresolved,1,1,,,
STG028198,UCR010055,MARKETING,MKT006896,DCL010126,PCL010055,unresolved_singleton,Unresolved,1,1,,,
STG028202,UCR010056,MARKETING,MKT006900,DCL010127,PCL010056,unresolved_singleton,Unresolved,1,1,,,
STG028217,UCR010058,MARKETING,MKT006915,DCL010129,PCL010058,unresolved_singleton,Unresolved,1,1,,,
STG028220,UCR010059,MARKETING,MKT006918,DCL010130,PCL010059,unresolved_singleton,Unresolved,1,1,,,
STG028249,UCR010060,MARKETING,MKT006947,DCL010131,PCL010060,unresolved_singleton,Unresolved,1,1,,,
STG028251,UCR010061,MARKETING,MKT006949,DCL010132,PCL010061,unresolved_singleton,Unresolved,1,1,,,
STG028285,UCR010062,MARKETING,MKT006983,DCL010133,PCL010062,unresolved_singleton,Unresolved,1,1,,,
STG028303,UCR010063,MARKETING,MKT007001,DCL010134,PCL010063,unresolved_singleton,Unresolved,1,1,,,
STG028314,UCR010064,MARKETING,MKT007012,DCL010136,PCL010064,unresolved_singleton,Unresolved,1,1,,,
STG028355,UCR010065,MARKETING,MKT007053,DCL010137,PCL010065,unresolved_singleton,Unresolved,1,1,,,
STG028358,UCR010066,MARKETING,MKT007056,DCL010138,PCL010066,unresolved_singleton,Unresolved,1,1,,,
STG028382,UCR010067,MARKETING,MKT007080,DCL010139,PCL010067,unresolved_singleton,Unresolved,1,1,,,
STG028400,UCR010070,MARKETING,MKT007098,DCL010142,PCL010070,unresolved_singleton,Unresolved,1,1,,,
STG028402,UCR010071,MARKETING,MKT007100,DCL010143,PCL010071,unresolved_singleton,Unresolved,1,1,,,
STG028404,UCR010072,MARKETING,MKT007102,DCL010144,PCL010072,unresolved_singleton,Unresolved,1,1,,,
STG028415,UCR010073,MARKETING,MKT007113,DCL010145,PCL010073,unresolved_singleton,Unresolved,1,1,,,
STG028419,UCR010074,MARKETING,MKT007117,DCL010147,PCL010074,unresolved_singleton,Unresolved,1,1,,,
STG028425,UCR010075,MARKETING,MKT007123,DCL010148,PCL010075,unresolved_singleton,Unresolved,1,1,,,
STG028446,UCR010076,MARKETING,MKT007144,DCL010149,PCL010076,unresolved_singleton,Unresolved,1,1,,,
STG028468,UCR010077,MARKETING,MKT007166,DCL010150,PCL010077,unresolved_singleton,Unresolved,1,1,,,
STG028513,UCR010079,MARKETING,MKT007211,DCL010152,PCL010079,unresolved_singleton,Unresolved,1,1,,,
STG028549,UCR010080,MARKETING,MKT007247,DCL010153,PCL010080,unresolved_singleton,Unresolved,1,1,,,
STG028621,UCR010081,MARKETING,MKT007319,DCL010154,PCL010081,unresolved_singleton,Unresolved,1,1,,,
STG028637,UCR010082,MARKETING,MKT007335,DCL010155,PCL010082,unresolved_singleton,Unresolved,1,1,,,
STG028651,UCR010083,MARKETING,MKT007349,DCL010156,PCL010083,unresolved_singleton,Unresolved,1,1,,,
STG028653,UCR010084,MARKETING,MKT007351,DCL010157,PCL010084,unresolved_singleton,Unresolved,1,1,,,
STG028669,UCR010085,MARKETING,MKT007367,DCL010158,PCL010085,unresolved_singleton,Unresolved,1,1,,,
STG028684,UCR010086,MARKETING,MKT007382,DCL010159,PCL010086,unresolved_singleton,Unresolved,1,1,,,
STG028724,UCR010087,MARKETING,MKT007422,DCL010160,PCL010087,unresolved_singleton,Unresolved,1,1,,,
STG028734,UCR010088,MARKETING,MKT007432,DCL010161,PCL010088,unresolved_singleton,Unresolved,1,1,,,
STG028737,UCR010089,MARKETING,MKT007435,DCL010162,PCL010089,unresolved_singleton,Unresolved,1,1,,,
STG028753,UCR010091,MARKETING,MKT007451,DCL010164,PCL010091,unresolved_singleton,Unresolved,1,1,,,
STG028822,UCR010092,MARKETING,MKT007520,DCL010165,PCL010092,unresolved_singleton,Unresolved,1,1,,,
STG028825,UCR010093,MARKETING,MKT007523,DCL010166,PCL010093,unresolved_singleton,Unresolved,1,1,,,
STG028828,UCR010094,MARKETING,MKT007526,DCL010167,PCL010094,unresolved_singleton,Unresolved,1,1,,,
STG028837,UCR010095,MARKETING,MKT007535,DCL010169,PCL010095,unresolved_singleton,Unresolved,1,1,,,
STG028849,UCR010096,MARKETING,MKT007547,DCL010170,PCL010096,unresolved_singleton,Unresolved,1,1,,,
STG028892,UCR010097,MARKETING,MKT007590,DCL010171,PCL010097,unresolved_singleton,Unresolved,1,1,,,
STG028905,UCR010098,MARKETING,MKT007603,DCL010172,PCL010098,unresolved_singleton,Unresolved,1,1,,,
STG028949,UCR010101,MARKETING,MKT007647,DCL010175,PCL010101,unresolved_singleton,Unresolved,1,1,,,
STG028957,UCR010102,MARKETING,MKT007655,DCL010176,PCL010102,unresolved_singleton,Unresolved,1,1,,,
STG028993,UCR010103,MARKETING,MKT007691,DCL010177,PCL010103,unresolved_singleton,Unresolved,1,1,,,
STG029034,UCR010104,MARKETING,MKT007732,DCL010178,PCL010104,unresolved_singleton,Unresolved,1,1,,,
STG029039,UCR010105,MARKETING,MKT007737,DCL010179,PCL010105,unresolved_singleton,Unresolved,1,1,,,
STG029041,UCR010106,MARKETING,MKT007739,DCL010180,PCL010106,unresolved_singleton,Unresolved,1,1,,,
STG029058,UCR010107,MARKETING,MKT007756,DCL010181,PCL010107,unresolved_singleton,Unresolved,1,1,,,
STG029059,UCR010108,MARKETING,MKT007757,DCL010182,PCL010108,unresolved_singleton,Unresolved,1,1,,,
STG029062,UCR010110,MARKETING,MKT007760,DCL010184,PCL010110,unresolved_singleton,Unresolved,1,1,,,
STG029116,UCR010112,MARKETING,MKT007814,DCL010186,PCL010112,unresolved_singleton,Unresolved,1,1,,,
STG029128,UCR010113,MARKETING,MKT007826,DCL010187,PCL010113,unresolved_singleton,Unresolved,1,1,,,
STG029155,UCR010114,MARKETING,MKT007853,DCL010188,PCL010114,unresolved_singleton,Unresolved,1,1,,,
STG029171,UCR010115,MARKETING,MKT007869,DCL010189,PCL010115,unresolved_singleton,Unresolved,1,1,,,
STG029172,UCR010116,MARKETING,MKT007870,DCL010190,PCL010116,unresolved_singleton,Unresolved,1,1,,,
STG029194,UCR010118,MARKETING,MKT007892,DCL010192,PCL010118,unresolved_singleton,Unresolved,1,1,,,
STG029274,UCR010122,MARKETING,MKT007972,DCL010196,PCL010122,unresolved_singleton,Unresolved,1,1,,,
STG029277,UCR010123,MARKETING,MKT007975,DCL010197,PCL010123,unresolved_singleton,Unresolved,1,1,,,
STG029295,UCR010124,MARKETING,MKT007993,DCL010199,PCL010124,unresolved_singleton,Unresolved,1,1,,,
STG029316,UCR010125,MARKETING,MKT008014,DCL010200,PCL010125,unresolved_singleton,Unresolved,1,1,,,
STG029344,UCR010126,MARKETING,MKT008042,DCL010201,PCL010126,unresolved_singleton,Unresolved,1,1,,,
STG029349,UCR010127,MARKETING,MKT008047,DCL010202,PCL010127,unresolved_singleton,Unresolved,1,1,,,
STG029393,UCR010128,MARKETING,MKT008091,DCL010203,PCL010128,unresolved_singleton,Unresolved,1,1,,,
STG029433,UCR010130,MARKETING,MKT008131,DCL010205,PCL010130,unresolved_singleton,Unresolved,1,1,,,
STG029435,UCR010131,MARKETING,MKT008133,DCL010206,PCL010131,unresolved_singleton,Unresolved,1,1,,,
STG029447,UCR010132,MARKETING,MKT008145,DCL010207,PCL010132,unresolved_singleton,Unresolved,1,1,,,
STG029449,UCR010133,MARKETING,MKT008147,DCL010208,PCL010133,unresolved_singleton,Unresolved,1,1,,,
STG029460,UCR010134,MARKETING,MKT008158,DCL010209,PCL010134,unresolved_singleton,Unresolved,1,1,,,
STG029475,UCR010135,MARKETING,MKT008173,DCL010210,PCL010135,unresolved_singleton,Unresolved,1,1,,,
STG029477,UCR010136,MARKETING,MKT008175,DCL010211,PCL010136,unresolved_singleton,Unresolved,1,1,,,
STG029501,UCR010137,MARKETING,MKT008199,DCL010212,PCL010137,unresolved_singleton,Unresolved,1,1,,,
STG029510,UCR010139,MARKETING,MKT008208,DCL010214,PCL010139,unresolved_singleton,Unresolved,1,1,,,
STG029512,UCR010140,MARKETING,MKT008210,DCL010215,PCL010140,unresolved_singleton,Unresolved,1,1,,,
STG029524,UCR010141,MARKETING,MKT008222,DCL010217,PCL010141,unresolved_singleton,Unresolved,1,1,,,
STG029539,UCR010142,MARKETING,MKT008237,DCL010218,PCL010142,unresolved_singleton,Unresolved,1,1,,,
STG029550,UCR010144,MARKETING,MKT008248,DCL010220,PCL010144,unresolved_singleton,Unresolved,1,1,,,
STG029569,UCR010145,MARKETING,MKT008267,DCL010221,PCL010145,unresolved_singleton,Unresolved,1,1,,,
STG029588,UCR010146,MARKETING,MKT008286,DCL010222,PCL010146,unresolved_singleton,Unresolved,1,1,,,
STG029603,UCR010147,MARKETING,MKT008301,DCL010223,PCL010147,unresolved_singleton,Unresolved,1,1,,,
STG029607,UCR010148,MARKETING,MKT008305,DCL010224,PCL010148,unresolved_singleton,Unresolved,1,1,,,
STG029608,UCR010149,MARKETING,MKT008306,DCL010225,PCL010149,unresolved_singleton,Unresolved,1,1,,,
STG029610,UCR010150,MARKETING,MKT008308,DCL010226,PCL010150,unresolved_singleton,Unresolved,1,1,,,
STG029659,UCR010151,MARKETING,MKT008357,DCL010227,PCL010151,unresolved_singleton,Unresolved,1,1,,,
STG029661,UCR010152,MARKETING,MKT008359,DCL010228,PCL010152,unresolved_singleton,Unresolved,1,1,,,
STG029673,UCR010153,MARKETING,MKT008371,DCL010229,PCL010153,unresolved_singleton,Unresolved,1,1,,,
STG029687,UCR010154,MARKETING,MKT008385,DCL010230,PCL010154,unresolved_singleton,Unresolved,1,1,,,
STG029711,UCR010155,MARKETING,MKT008409,DCL010231,PCL010155,unresolved_singleton,Unresolved,1,1,,,
STG029712,UCR010156,MARKETING,MKT008410,DCL010232,PCL010156,unresolved_singleton,Unresolved,1,1,,,
STG029743,UCR010159,MARKETING,MKT008441,DCL010235,PCL010159,unresolved_singleton,Unresolved,1,1,,,
STG029754,UCR010160,MARKETING,MKT008452,DCL010236,PCL010160,unresolved_singleton,Unresolved,1,1,,,
STG029792,UCR010163,MARKETING,MKT008490,DCL010239,PCL010163,unresolved_singleton,Unresolved,1,1,,,
STG029803,UCR010164,MARKETING,MKT008501,DCL010240,PCL010164,unresolved_singleton,Unresolved,1,1,,,
STG029807,UCR010165,MARKETING,MKT008505,DCL010241,PCL010165,unresolved_singleton,Unresolved,1,1,,,
STG029836,UCR010166,MARKETING,MKT008534,DCL010242,PCL010166,unresolved_singleton,Unresolved,1,1,,,
STG029878,UCR010168,MARKETING,MKT008576,DCL010244,PCL010168,unresolved_singleton,Unresolved,1,1,,,
STG029885,UCR010169,MARKETING,MKT008583,DCL010245,PCL010169,unresolved_singleton,Unresolved,1,1,,,
STG029896,UCR010170,MARKETING,MKT008594,DCL010247,PCL010170,unresolved_singleton,Unresolved,1,1,,,
STG029905,UCR010171,MARKETING,MKT008603,DCL010248,PCL010171,unresolved_singleton,Unresolved,1,1,,,
STG029928,UCR010172,MARKETING,MKT008626,DCL010249,PCL010172,unresolved_singleton,Unresolved,1,1,,,
STG029929,UCR010173,MARKETING,MKT008627,DCL010250,PCL010173,unresolved_singleton,Unresolved,1,1,,,
STG029936,UCR010174,MARKETING,MKT008634,DCL010251,PCL010174,unresolved_singleton,Unresolved,1,1,,,
STG029951,UCR010175,MARKETING,MKT008649,DCL010252,PCL010175,unresolved_singleton,Unresolved,1,1,,,
STG029973,UCR010176,MARKETING,MKT008671,DCL010253,PCL010176,unresolved_singleton,Unresolved,1,1,,,
STG030012,UCR010178,MARKETING,MKT008710,DCL010255,PCL010178,unresolved_singleton,Unresolved,1,1,,,
STG030027,UCR010179,MARKETING,MKT008725,DCL010256,PCL010179,unresolved_singleton,Unresolved,1,1,,,
STG030029,UCR010180,MARKETING,MKT008727,DCL010257,PCL010180,unresolved_singleton,Unresolved,1,1,,,
STG030038,UCR010181,MARKETING,MKT008736,DCL010258,PCL010181,unresolved_singleton,Unresolved,1,1,,,
STG030041,UCR010182,MARKETING,MKT008739,DCL010259,PCL010182,unresolved_singleton,Unresolved,1,1,,,
STG030058,UCR010183,MARKETING,MKT008756,DCL010260,PCL010183,unresolved_singleton,Unresolved,1,1,,,
STG030067,UCR010184,MARKETING,MKT008765,DCL010261,PCL010184,unresolved_singleton,Unresolved,1,1,,,
STG030073,UCR010185,MARKETING,MKT008771,DCL010262,PCL010185,unresolved_singleton,Unresolved,1,1,,,
STG030101,UCR010186,MARKETING,MKT008799,DCL010263,PCL010186,unresolved_singleton,Unresolved,1,1,,,
STG030105,UCR010187,MARKETING,MKT008803,DCL010264,PCL010187,unresolved_singleton,Unresolved,1,1,,,
STG030142,UCR010189,MARKETING,MKT008840,DCL010267,PCL010189,unresolved_singleton,Unresolved,1,1,,,
STG030144,UCR010190,MARKETING,MKT008842,DCL010268,PCL010190,unresolved_singleton,Unresolved,1,1,,,
STG030196,UCR010192,MARKETING,MKT008894,DCL010270,PCL010192,unresolved_singleton,Unresolved,1,1,,,
STG030206,UCR010193,MARKETING,MKT008904,DCL010271,PCL010193,unresolved_singleton,Unresolved,1,1,,,
STG030254,UCR010194,MARKETING,MKT008952,DCL010272,PCL010194,unresolved_singleton,Unresolved,1,1,,,
STG030255,UCR010195,MARKETING,MKT008953,DCL010273,PCL010195,unresolved_singleton,Unresolved,1,1,,,
STG030273,UCR010196,MARKETING,MKT008971,DCL010274,PCL010196,unresolved_singleton,Unresolved,1,1,,,
STG030294,UCR010197,MARKETING,MKT008992,DCL010275,PCL010197,unresolved_singleton,Unresolved,1,1,,,
STG030333,UCR010199,MARKETING,MKT009031,DCL010277,PCL010199,unresolved_singleton,Unresolved,1,1,,,
STG030336,UCR010200,MARKETING,MKT009034,DCL010278,PCL010200,unresolved_singleton,Unresolved,1,1,,,
STG030337,UCR010201,MARKETING,MKT009035,DCL010279,PCL010201,unresolved_singleton,Unresolved,1,1,,,
STG030347,UCR010202,MARKETING,MKT009045,DCL010280,PCL010202,unresolved_singleton,Unresolved,1,1,,,
STG030350,UCR010203,MARKETING,MKT009048,DCL010281,PCL010203,unresolved_singleton,Unresolved,1,1,,,
STG030367,UCR010204,MARKETING,MKT009065,DCL010282,PCL010204,unresolved_singleton,Unresolved,1,1,,,
STG030372,UCR010205,MARKETING,MKT009070,DCL010283,PCL010205,unresolved_singleton,Unresolved,1,1,,,
STG030382,UCR010206,MARKETING,MKT009080,DCL010284,PCL010206,unresolved_singleton,Unresolved,1,1,,,
STG030390,UCR010207,MARKETING,MKT009088,DCL010285,PCL010207,unresolved_singleton,Unresolved,1,1,,,
STG030410,UCR010208,MARKETING,MKT009108,DCL010286,PCL010208,unresolved_singleton,Unresolved,1,1,,,
STG030431,UCR010209,MARKETING,MKT009129,DCL010287,PCL010209,unresolved_singleton,Unresolved,1,1,,,
STG030442,UCR010210,MARKETING,MKT009140,DCL010289,PCL010210,unresolved_singleton,Unresolved,1,1,,,
STG030459,UCR010211,MARKETING,MKT009157,DCL010290,PCL010211,unresolved_singleton,Unresolved,1,1,,,
STG030477,UCR010213,MARKETING,MKT009175,DCL010292,PCL010213,unresolved_singleton,Unresolved,1,1,,,
STG030487,UCR010214,MARKETING,MKT009185,DCL010293,PCL010214,unresolved_singleton,Unresolved,1,1,,,
STG030517,UCR010215,MARKETING,MKT009215,DCL010294,PCL010215,unresolved_singleton,Unresolved,1,1,,,
STG030533,UCR010217,MARKETING,MKT009231,DCL010296,PCL010217,unresolved_singleton,Unresolved,1,1,,,
STG030545,UCR010218,MARKETING,MKT009243,DCL010297,PCL010218,unresolved_singleton,Unresolved,1,1,,,
STG030547,UCR010219,MARKETING,MKT009245,DCL010298,PCL010219,unresolved_singleton,Unresolved,1,1,,,
STG030560,UCR010220,MARKETING,MKT009258,DCL010299,PCL010220,unresolved_singleton,Unresolved,1,1,,,
STG030589,UCR010221,MARKETING,MKT009287,DCL010300,PCL010221,unresolved_singleton,Unresolved,1,1,,,
STG030597,UCR010222,MARKETING,MKT009295,DCL010302,PCL010222,unresolved_singleton,Unresolved,1,1,,,
STG030613,UCR010223,MARKETING,MKT009311,DCL010303,PCL010223,unresolved_singleton,Unresolved,1,1,,,
STG030630,UCR010225,MARKETING,MKT009328,DCL010305,PCL010225,unresolved_singleton,Unresolved,1,1,,,
STG030676,UCR010228,MARKETING,MKT009374,DCL010308,PCL010228,unresolved_singleton,Unresolved,1,1,,,
STG030678,UCR010229,MARKETING,MKT009376,DCL010309,PCL010229,unresolved_singleton,Unresolved,1,1,,,
STG030715,UCR010230,MARKETING,MKT009413,DCL010310,PCL010230,unresolved_singleton,Unresolved,1,1,,,
STG030776,UCR010232,MARKETING,MKT009474,DCL010312,PCL010232,unresolved_singleton,Unresolved,1,1,,,
STG030793,UCR010233,MARKETING,MKT009491,DCL010314,PCL010233,unresolved_singleton,Unresolved,1,1,,,
STG030798,UCR010234,MARKETING,MKT009496,DCL010315,PCL010234,unresolved_singleton,Unresolved,1,1,,,
STG030804,UCR010235,MARKETING,MKT009502,DCL010316,PCL010235,unresolved_singleton,Unresolved,1,1,,,
STG030816,UCR010238,MARKETING,MKT009514,DCL010319,PCL010238,unresolved_singleton,Unresolved,1,1,,,
STG030823,UCR010239,MARKETING,MKT009521,DCL010321,PCL010239,unresolved_singleton,Unresolved,1,1,,,
STG030856,UCR010240,MARKETING,MKT009554,DCL010322,PCL010240,unresolved_singleton,Unresolved,1,1,,,
STG030884,UCR010241,MARKETING,MKT009582,DCL010323,PCL010241,unresolved_singleton,Unresolved,1,1,,,
STG030896,UCR010242,MARKETING,MKT009594,DCL010324,PCL010242,unresolved_singleton,Unresolved,1,1,,,
STG030907,UCR010243,MARKETING,MKT009605,DCL010325,PCL010243,unresolved_singleton,Unresolved,1,1,,,
STG030914,UCR010244,MARKETING,MKT009612,DCL010326,PCL010244,unresolved_singleton,Unresolved,1,1,,,
STG030920,UCR010245,MARKETING,MKT009618,DCL010327,PCL010245,unresolved_singleton,Unresolved,1,1,,,
STG030921,UCR010246,MARKETING,MKT009619,DCL010328,PCL010246,unresolved_singleton,Unresolved,1,1,,,
STG030927,UCR010247,MARKETING,MKT009625,DCL010329,PCL010247,unresolved_singleton,Unresolved,1,1,,,
STG030928,UCR010248,MARKETING,MKT009626,DCL010330,PCL010248,unresolved_singleton,Unresolved,1,1,,,
STG030979,UCR010252,MARKETING,MKT009677,DCL010334,PCL010252,unresolved_singleton,Unresolved,1,1,,,
STG030983,UCR010253,MARKETING,MKT009681,DCL010335,PCL010253,unresolved_singleton,Unresolved,1,1,,,
STG031019,UCR010254,MARKETING,MKT009717,DCL010336,PCL010254,unresolved_singleton,Unresolved,1,1,,,
STG031022,UCR010255,MARKETING,MKT009720,DCL010337,PCL010255,unresolved_singleton,Unresolved,1,1,,,
STG031036,UCR010256,MARKETING,MKT009734,DCL010338,PCL010256,unresolved_singleton,Unresolved,1,1,,,
STG031042,UCR010257,MARKETING,MKT009740,DCL010339,PCL010257,unresolved_singleton,Unresolved,1,1,,,
STG031046,UCR010258,MARKETING,MKT009744,DCL010340,PCL010258,unresolved_singleton,Unresolved,1,1,,,
STG031058,UCR010259,MARKETING,MKT009756,DCL010341,PCL010259,unresolved_singleton,Unresolved,1,1,,,
STG031069,UCR010260,MARKETING,MKT009767,DCL010342,PCL010260,unresolved_singleton,Unresolved,1,1,,,
STG031083,UCR010261,MARKETING,MKT009781,DCL010343,PCL010261,unresolved_singleton,Unresolved,1,1,,,
STG031084,UCR010262,MARKETING,MKT009782,DCL010344,PCL010262,unresolved_singleton,Unresolved,1,1,,,
STG031098,UCR010263,MARKETING,MKT009796,DCL010345,PCL010263,unresolved_singleton,Unresolved,1,1,,,
STG031111,UCR010264,MARKETING,MKT009809,DCL010346,PCL010264,unresolved_singleton,Unresolved,1,1,,,
STG031131,UCR010265,MARKETING,MKT009829,DCL010347,PCL010265,unresolved_singleton,Unresolved,1,1,,,
STG031132,UCR010266,MARKETING,MKT009830,DCL010348,PCL010266,unresolved_singleton,Unresolved,1,1,,,
STG031158,UCR010267,MARKETING,MKT009856,DCL010349,PCL010267,unresolved_singleton,Unresolved,1,1,,,
STG031184,UCR010269,MARKETING,MKT009882,DCL010351,PCL010269,unresolved_singleton,Unresolved,1,1,,,
STG031234,UCR010271,MARKETING,MKT009932,DCL010353,PCL010271,unresolved_singleton,Unresolved,1,1,,,
STG031256,UCR010273,MARKETING,MKT009954,DCL010355,PCL010273,unresolved_singleton,Unresolved,1,1,,,
STG031323,UCR010276,MARKETING,MKT010021,DCL010358,PCL010276,unresolved_singleton,Unresolved,1,1,,,
STG031363,UCR010277,MARKETING,MKT010061,DCL010359,PCL010277,unresolved_singleton,Unresolved,1,1,,,
STG031366,UCR010278,MARKETING,MKT010064,DCL010360,PCL010278,unresolved_singleton,Unresolved,1,1,,,
STG031380,UCR010279,MARKETING,MKT010078,DCL010362,PCL010279,unresolved_singleton,Unresolved,1,1,,,
STG031400,UCR010280,MARKETING,MKT010098,DCL010363,PCL010280,unresolved_singleton,Unresolved,1,1,,,
STG031402,UCR010281,MARKETING,MKT010100,DCL010364,PCL010281,unresolved_singleton,Unresolved,1,1,,,
STG031407,UCR010282,MARKETING,MKT010105,DCL010365,PCL010282,unresolved_singleton,Unresolved,1,1,,,
STG031411,UCR010283,MARKETING,MKT010109,DCL010366,PCL010283,unresolved_singleton,Unresolved,1,1,,,
STG031446,UCR010284,MARKETING,MKT010144,DCL010368,PCL010284,unresolved_singleton,Unresolved,1,1,,,
STG031481,UCR010285,MARKETING,MKT010179,DCL010369,PCL010285,unresolved_singleton,Unresolved,1,1,,,
STG031482,UCR010286,MARKETING,MKT010180,DCL010370,PCL010286,unresolved_singleton,Unresolved,1,1,,,
STG031515,UCR010287,MARKETING,MKT010213,DCL010371,PCL010287,unresolved_singleton,Unresolved,1,1,,,
STG031552,UCR010288,MARKETING,MKT010250,DCL010372,PCL010288,unresolved_singleton,Unresolved,1,1,,,
STG031581,UCR010289,MARKETING,MKT010279,DCL010373,PCL010289,unresolved_singleton,Unresolved,1,1,,,
STG031595,UCR010290,MARKETING,MKT010293,DCL010374,PCL010290,unresolved_singleton,Unresolved,1,1,,,
STG031600,UCR010291,MARKETING,MKT010298,DCL010375,PCL010291,unresolved_singleton,Unresolved,1,1,,,
STG031615,UCR010293,MARKETING,MKT010313,DCL010377,PCL010293,unresolved_singleton,Unresolved,1,1,,,
STG031641,UCR010294,MARKETING,MKT010339,DCL010378,PCL010294,unresolved_singleton,Unresolved,1,1,,,
STG031655,UCR010295,MARKETING,MKT010353,DCL010379,PCL010295,unresolved_singleton,Unresolved,1,1,,,
STG031669,UCR010296,MARKETING,MKT010367,DCL010380,PCL010296,unresolved_singleton,Unresolved,1,1,,,
STG031706,UCR010297,MARKETING,MKT010404,DCL010381,PCL010297,unresolved_singleton,Unresolved,1,1,,,
STG031708,UCR010298,MARKETING,MKT010406,DCL010382,PCL010298,unresolved_singleton,Unresolved,1,1,,,
STG031710,UCR010299,MARKETING,MKT010408,DCL010383,PCL010299,unresolved_singleton,Unresolved,1,1,,,
STG031716,UCR010300,MARKETING,MKT010414,DCL010384,PCL010300,unresolved_singleton,Unresolved,1,1,,,
STG031727,UCR010301,MARKETING,MKT010425,DCL010385,PCL010301,unresolved_singleton,Unresolved,1,1,,,
STG031752,UCR010302,MARKETING,MKT010450,DCL010387,PCL010302,unresolved_singleton,Unresolved,1,1,,,
STG031760,UCR010303,MARKETING,MKT010458,DCL010388,PCL010303,unresolved_singleton,Unresolved,1,1,,,
STG031771,UCR010304,MARKETING,MKT010469,DCL010389,PCL010304,unresolved_singleton,Unresolved,1,1,,,
STG031825,UCR010305,MARKETING,MKT010523,DCL010391,PCL010305,unresolved_singleton,Unresolved,1,1,,,
STG031845,UCR010307,MARKETING,MKT010543,DCL010393,PCL010307,unresolved_singleton,Unresolved,1,1,,,
STG031881,UCR010309,MARKETING,MKT010579,DCL010395,PCL010309,unresolved_singleton,Unresolved,1,1,,,
STG031896,UCR010310,MARKETING,MKT010594,DCL010396,PCL010310,unresolved_singleton,Unresolved,1,1,,,
STG031898,UCR010311,MARKETING,MKT010596,DCL010397,PCL010311,unresolved_singleton,Unresolved,1,1,,,
STG031904,UCR010312,MARKETING,MKT010602,DCL010398,PCL010312,unresolved_singleton,Unresolved,1,1,,,
STG031943,UCR010313,MARKETING,MKT010641,DCL010399,PCL010313,unresolved_singleton,Unresolved,1,1,,,
STG031948,UCR010314,MARKETING,MKT010646,DCL010400,PCL010314,unresolved_singleton,Unresolved,1,1,,,
STG032031,UCR010317,MARKETING,MKT010729,DCL010403,PCL010317,unresolved_singleton,Unresolved,1,1,,,
STG032044,UCR010318,MARKETING,MKT010742,DCL010404,PCL010318,unresolved_singleton,Unresolved,1,1,,,
STG032055,UCR010319,MARKETING,MKT010753,DCL010405,PCL010319,unresolved_singleton,Unresolved,1,1,,,
STG032064,UCR010320,MARKETING,MKT010762,DCL010406,PCL010320,unresolved_singleton,Unresolved,1,1,,,
STG032079,UCR010321,MARKETING,MKT010777,DCL010407,PCL010321,unresolved_singleton,Unresolved,1,1,,,
STG032095,UCR010322,MARKETING,MKT010793,DCL010408,PCL010322,unresolved_singleton,Unresolved,1,1,,,
STG032098,UCR010323,MARKETING,MKT010796,DCL010409,PCL010323,unresolved_singleton,Unresolved,1,1,,,
STG032156,UCR010324,MARKETING,MKT010854,DCL010410,PCL010324,unresolved_singleton,Unresolved,1,1,,,
STG032157,UCR010325,MARKETING,MKT010855,DCL010411,PCL010325,unresolved_singleton,Unresolved,1,1,,,
STG032204,UCR010327,MARKETING,MKT010902,DCL010414,PCL010327,unresolved_singleton,Unresolved,1,1,,,
STG032230,UCR010328,MARKETING,MKT010928,DCL010415,PCL010328,unresolved_singleton,Unresolved,1,1,,,
STG032248,UCR010329,MARKETING,MKT010946,DCL010417,PCL010329,unresolved_singleton,Unresolved,1,1,,,
STG032250,UCR010330,MARKETING,MKT010948,DCL010418,PCL010330,unresolved_singleton,Unresolved,1,1,,,
STG032262,UCR010331,MARKETING,MKT010960,DCL010419,PCL010331,unresolved_singleton,Unresolved,1,1,,,
STG032267,UCR010332,MARKETING,MKT010965,DCL010420,PCL010332,unresolved_singleton,Unresolved,1,1,,,
STG032272,UCR010333,MARKETING,MKT010970,DCL010421,PCL010333,unresolved_singleton,Unresolved,1,1,,,
STG032280,UCR010334,MARKETING,MKT010978,DCL010422,PCL010334,unresolved_singleton,Unresolved,1,1,,,
STG032310,UCR010336,MARKETING,MKT011008,DCL010425,PCL010336,unresolved_singleton,Unresolved,1,1,,,
STG032311,UCR010337,MARKETING,MKT011009,DCL010426,PCL010337,unresolved_singleton,Unresolved,1,1,,,
STG032321,UCR010338,MARKETING,MKT011019,DCL010427,PCL010338,unresolved_singleton,Unresolved,1,1,,,
STG032338,UCR010339,MARKETING,MKT011036,DCL010428,PCL010339,unresolved_singleton,Unresolved,1,1,,,
STG032391,UCR010340,MARKETING,MKT011089,DCL010429,PCL010340,unresolved_singleton,Unresolved,1,1,,,
STG032404,UCR010341,MARKETING,MKT011102,DCL010430,PCL010341,unresolved_singleton,Unresolved,1,1,,,
STG032412,UCR010342,MARKETING,MKT011110,DCL010431,PCL010342,unresolved_singleton,Unresolved,1,1,,,
STG032421,UCR010343,MARKETING,MKT011119,DCL010432,PCL010343,unresolved_singleton,Unresolved,1,1,,,
STG032428,UCR010344,MARKETING,MKT011126,DCL010433,PCL010344,unresolved_singleton,Unresolved,1,1,,,
STG032431,UCR010345,MARKETING,MKT011129,DCL010434,PCL010345,unresolved_singleton,Unresolved,1,1,,,
STG032450,UCR010346,MARKETING,MKT011148,DCL010435,PCL010346,unresolved_singleton,Unresolved,1,1,,,
STG032472,UCR010348,MARKETING,MKT011170,DCL010437,PCL010348,unresolved_singleton,Unresolved,1,1,,,
STG032504,UCR010349,MARKETING,MKT011202,DCL010438,PCL010349,unresolved_singleton,Unresolved,1,1,,,
STG032516,UCR010350,MARKETING,MKT011214,DCL010439,PCL010350,unresolved_singleton,Unresolved,1,1,,,
STG032525,UCR010351,MARKETING,MKT011223,DCL010440,PCL010351,unresolved_singleton,Unresolved,1,1,,,
STG032540,UCR010352,MARKETING,MKT011238,DCL010441,PCL010352,unresolved_singleton,Unresolved,1,1,,,
STG032550,UCR010353,MARKETING,MKT011248,DCL010442,PCL010353,unresolved_singleton,Unresolved,1,1,,,
STG032589,UCR010355,MARKETING,MKT011287,DCL010444,PCL010355,unresolved_singleton,Unresolved,1,1,,,
STG032602,UCR010356,MARKETING,MKT011300,DCL010445,PCL010356,unresolved_singleton,Unresolved,1,1,,,
STG032611,UCR010357,MARKETING,MKT011309,DCL010446,PCL010357,unresolved_singleton,Unresolved,1,1,,,
STG032613,UCR010358,MARKETING,MKT011311,DCL010447,PCL010358,unresolved_singleton,Unresolved,1,1,,,
STG032615,UCR010359,MARKETING,MKT011313,DCL010448,PCL010359,unresolved_singleton,Unresolved,1,1,,,
STG032629,UCR010360,MARKETING,MKT011327,DCL010449,PCL010360,unresolved_singleton,Unresolved,1,1,,,
STG032632,UCR010361,MARKETING,MKT011330,DCL010450,PCL010361,unresolved_singleton,Unresolved,1,1,,,
STG032633,UCR010362,MARKETING,MKT011331,DCL010451,PCL010362,unresolved_singleton,Unresolved,1,1,,,
STG032687,UCR010364,MARKETING,MKT011385,DCL010453,PCL010364,unresolved_singleton,Unresolved,1,1,,,
STG032705,UCR010365,MARKETING,MKT011403,DCL010454,PCL010365,unresolved_singleton,Unresolved,1,1,,,
STG032708,UCR010367,MARKETING,MKT011406,DCL010456,PCL010367,unresolved_singleton,Unresolved,1,1,,,
STG032713,UCR010368,MARKETING,MKT011411,DCL010457,PCL010368,unresolved_singleton,Unresolved,1,1,,,
STG032727,UCR010370,MARKETING,MKT011425,DCL010459,PCL010370,unresolved_singleton,Unresolved,1,1,,,
STG032745,UCR010372,MARKETING,MKT011443,DCL010461,PCL010372,unresolved_singleton,Unresolved,1,1,,,
STG032775,UCR010374,MARKETING,MKT011473,DCL010463,PCL010374,unresolved_singleton,Unresolved,1,1,,,
STG032783,UCR010375,MARKETING,MKT011481,DCL010464,PCL010375,unresolved_singleton,Unresolved,1,1,,,
STG032792,UCR010376,MARKETING,MKT011490,DCL010465,PCL010376,unresolved_singleton,Unresolved,1,1,,,
STG032826,UCR010377,MARKETING,MKT011524,DCL010466,PCL010377,unresolved_singleton,Unresolved,1,1,,,
STG032833,UCR010378,MARKETING,MKT011531,DCL010467,PCL010378,unresolved_singleton,Unresolved,1,1,,,
STG032849,UCR010379,MARKETING,MKT011547,DCL010468,PCL010379,unresolved_singleton,Unresolved,1,1,,,
STG032860,UCR010380,MARKETING,MKT011558,DCL010469,PCL010380,unresolved_singleton,Unresolved,1,1,,,
STG032874,UCR010381,MARKETING,MKT011572,DCL010470,PCL010381,unresolved_singleton,Unresolved,1,1,,,
STG032936,UCR010384,MARKETING,MKT011634,DCL010473,PCL010384,unresolved_singleton,Unresolved,1,1,,,
STG032942,UCR010385,MARKETING,MKT011640,DCL010474,PCL010385,unresolved_singleton,Unresolved,1,1,,,
STG032945,UCR010386,MARKETING,MKT011643,DCL010475,PCL010386,unresolved_singleton,Unresolved,1,1,,,
STG032959,UCR010388,MARKETING,MKT011657,DCL010477,PCL010388,unresolved_singleton,Unresolved,1,1,,,
STG032992,UCR010391,MARKETING,MKT011690,DCL010480,PCL010391,unresolved_singleton,Unresolved,1,1,,,
STG033005,UCR010392,MARKETING,MKT011703,DCL010481,PCL010392,unresolved_singleton,Unresolved,1,1,,,
STG033008,UCR010393,MARKETING,MKT011706,DCL010482,PCL010393,unresolved_singleton,Unresolved,1,1,,,
STG033010,UCR010394,MARKETING,MKT011708,DCL010483,PCL010394,unresolved_singleton,Unresolved,1,1,,,
STG033059,UCR010395,MARKETING,MKT011757,DCL010484,PCL010395,unresolved_singleton,Unresolved,1,1,,,
STG033071,UCR010396,MARKETING,MKT011769,DCL010485,PCL010396,unresolved_singleton,Unresolved,1,1,,,
STG033072,UCR010397,MARKETING,MKT011770,DCL010486,PCL010397,unresolved_singleton,Unresolved,1,1,,,
STG033077,UCR010398,MARKETING,MKT011775,DCL010487,PCL010398,unresolved_singleton,Unresolved,1,1,,,
STG033087,UCR010399,MARKETING,MKT011785,DCL010488,PCL010399,unresolved_singleton,Unresolved,1,1,,,
STG033112,UCR010401,MARKETING,MKT011810,DCL010490,PCL010401,unresolved_singleton,Unresolved,1,1,,,
STG033135,UCR010402,MARKETING,MKT011833,DCL010491,PCL010402,unresolved_singleton,Unresolved,1,1,,,
STG033136,UCR010403,MARKETING,MKT011834,DCL010492,PCL010403,unresolved_singleton,Unresolved,1,1,,,
STG033155,UCR010404,MARKETING,MKT011853,DCL010493,PCL010404,unresolved_singleton,Unresolved,1,1,,,
STG033168,UCR010406,MARKETING,MKT011866,DCL010496,PCL010406,unresolved_singleton,Unresolved,1,1,,,
STG033169,UCR010407,MARKETING,MKT011867,DCL010497,PCL010407,unresolved_singleton,Unresolved,1,1,,,
STG033171,UCR010408,MARKETING,MKT011869,DCL010498,PCL010408,unresolved_singleton,Unresolved,1,1,,,
STG033202,UCR010409,MARKETING,MKT011900,DCL010499,PCL010409,unresolved_singleton,Unresolved,1,1,,,
STG033239,UCR010410,MARKETING,MKT011937,DCL010501,PCL010410,unresolved_singleton,Unresolved,1,1,,,
STG033242,UCR010411,MARKETING,MKT011940,DCL010502,PCL010411,unresolved_singleton,Unresolved,1,1,,,
STG033251,UCR010412,MARKETING,MKT011949,DCL010503,PCL010412,unresolved_singleton,Unresolved,1,1,,,
STG033271,UCR010415,MARKETING,MKT011969,DCL010506,PCL010415,unresolved_singleton,Unresolved,1,1,,,
STG033276,UCR010416,MARKETING,MKT011974,DCL010507,PCL010416,unresolved_singleton,Unresolved,1,1,,,
STG073319,UCR010418,SUPPORT,SUP000017,DCL010509,PCL010418,unresolved_singleton,Unresolved,1,1,,,
STG073332,UCR010419,SUPPORT,SUP000030,DCL010510,PCL010419,unresolved_singleton,Unresolved,1,1,,,
STG073336,UCR010420,SUPPORT,SUP000034,DCL010511,PCL010420,unresolved_singleton,Unresolved,1,1,,,
STG073351,UCR010421,SUPPORT,SUP000049,DCL010512,PCL010421,unresolved_singleton,Unresolved,1,1,,,
STG073389,UCR010422,SUPPORT,SUP000087,DCL010513,PCL010422,unresolved_singleton,Unresolved,1,1,,,
STG073432,UCR010424,SUPPORT,SUP000130,DCL010515,PCL010424,unresolved_singleton,Unresolved,1,1,,,
STG073456,UCR010425,SUPPORT,SUP000154,DCL010516,PCL010425,unresolved_singleton,Unresolved,1,1,,,
STG073458,UCR010426,SUPPORT,SUP000156,DCL010517,PCL010426,unresolved_singleton,Unresolved,1,1,,,
STG073481,UCR010427,SUPPORT,SUP000179,DCL010518,PCL010427,unresolved_singleton,Unresolved,1,1,,,
STG073499,UCR010428,SUPPORT,SUP000197,DCL010519,PCL010428,unresolved_singleton,Unresolved,1,1,,,
STG073516,UCR010429,SUPPORT,SUP000214,DCL010520,PCL010429,unresolved_singleton,Unresolved,1,1,,,
STG073579,UCR010430,SUPPORT,SUP000277,DCL010521,PCL010430,unresolved_singleton,Unresolved,1,1,,,
STG073592,UCR010431,SUPPORT,SUP000290,DCL010522,PCL010431,unresolved_singleton,Unresolved,1,1,,,
STG073605,UCR010432,SUPPORT,SUP000303,DCL010523,PCL010432,unresolved_singleton,Unresolved,1,1,,,
STG073633,UCR010433,SUPPORT,SUP000331,DCL010524,PCL010433,unresolved_singleton,Unresolved,1,1,,,
STG073635,UCR010434,SUPPORT,SUP000333,DCL010525,PCL010434,unresolved_singleton,Unresolved,1,1,,,
STG073637,UCR010435,SUPPORT,SUP000335,DCL010526,PCL010435,unresolved_singleton,Unresolved,1,1,,,
STG073647,UCR010436,SUPPORT,SUP000345,DCL010527,PCL010436,unresolved_singleton,Unresolved,1,1,,,
STG073664,UCR010437,SUPPORT,SUP000362,DCL010528,PCL010437,unresolved_singleton,Unresolved,1,1,,,
STG073721,UCR010439,SUPPORT,SUP000419,DCL010530,PCL010439,unresolved_singleton,Unresolved,1,1,,,
STG073741,UCR010440,SUPPORT,SUP000439,DCL010531,PCL010440,unresolved_singleton,Unresolved,1,1,,,
STG073771,UCR010441,SUPPORT,SUP000469,DCL010532,PCL010441,unresolved_singleton,Unresolved,1,1,,,
STG073775,UCR010442,SUPPORT,SUP000473,DCL010533,PCL010442,unresolved_singleton,Unresolved,1,1,,,
STG073792,UCR010443,SUPPORT,SUP000490,DCL010534,PCL010443,unresolved_singleton,Unresolved,1,1,,,
STG073859,UCR010444,SUPPORT,SUP000557,DCL010535,PCL010444,unresolved_singleton,Unresolved,1,1,,,
STG073880,UCR010446,SUPPORT,SUP000578,DCL010537,PCL010446,unresolved_singleton,Unresolved,1,1,,,
STG073949,UCR010447,SUPPORT,SUP000647,DCL010538,PCL010447,unresolved_singleton,Unresolved,1,1,,,
STG073988,UCR010449,SUPPORT,SUP000686,DCL010540,PCL010449,unresolved_singleton,Unresolved,1,1,,,
STG073993,UCR010450,SUPPORT,SUP000691,DCL010541,PCL010450,unresolved_singleton,Unresolved,1,1,,,
STG074021,UCR010451,SUPPORT,SUP000719,DCL010542,PCL010451,unresolved_singleton,Unresolved,1,1,,,
STG074086,UCR010455,SUPPORT,SUP000784,DCL010547,PCL010455,unresolved_singleton,Unresolved,1,1,,,
STG074114,UCR010456,SUPPORT,SUP000812,DCL010548,PCL010456,unresolved_singleton,Unresolved,1,1,,,
STG074137,UCR010457,SUPPORT,SUP000835,DCL010549,PCL010457,unresolved_singleton,Unresolved,1,1,,,
STG074138,UCR010458,SUPPORT,SUP000836,DCL010550,PCL010458,unresolved_singleton,Unresolved,1,1,,,
STG074146,UCR010459,SUPPORT,SUP000844,DCL010551,PCL010459,unresolved_singleton,Unresolved,1,1,,,
STG074174,UCR010461,SUPPORT,SUP000872,DCL010553,PCL010461,unresolved_singleton,Unresolved,1,1,,,
STG074181,UCR010462,SUPPORT,SUP000879,DCL010554,PCL010462,unresolved_singleton,Unresolved,1,1,,,
STG074182,UCR010463,SUPPORT,SUP000880,DCL010555,PCL010463,unresolved_singleton,Unresolved,1,1,,,
STG074184,UCR010464,SUPPORT,SUP000882,DCL010556,PCL010464,unresolved_singleton,Unresolved,1,1,,,
STG074223,UCR010465,SUPPORT,SUP000921,DCL010557,PCL010465,unresolved_singleton,Unresolved,1,1,,,
STG074260,UCR010466,SUPPORT,SUP000958,DCL010558,PCL010466,unresolved_singleton,Unresolved,1,1,,,
STG074266,UCR010467,SUPPORT,SUP000964,DCL010559,PCL010467,unresolved_singleton,Unresolved,1,1,,,
STG074267,UCR010468,SUPPORT,SUP000965,DCL010560,PCL010468,unresolved_singleton,Unresolved,1,1,,,
STG074278,UCR010469,SUPPORT,SUP000976,DCL010561,PCL010469,unresolved_singleton,Unresolved,1,1,,,
STG074304,UCR010470,SUPPORT,SUP001002,DCL010562,PCL010470,unresolved_singleton,Unresolved,1,1,,,
STG074312,UCR010471,SUPPORT,SUP001010,DCL010563,PCL010471,unresolved_singleton,Unresolved,1,1,,,
STG074334,UCR010472,SUPPORT,SUP001032,DCL010564,PCL010472,unresolved_singleton,Unresolved,1,1,,,
STG074398,UCR010473,SUPPORT,SUP001096,DCL010565,PCL010473,unresolved_singleton,Unresolved,1,1,,,
STG074401,UCR010474,SUPPORT,SUP001099,DCL010566,PCL010474,unresolved_singleton,Unresolved,1,1,,,
STG074404,UCR010475,SUPPORT,SUP001102,DCL010567,PCL010475,unresolved_singleton,Unresolved,1,1,,,
STG074409,UCR010476,SUPPORT,SUP001107,DCL010568,PCL010476,unresolved_singleton,Unresolved,1,1,,,
STG074419,UCR010477,SUPPORT,SUP001117,DCL010569,PCL010477,unresolved_singleton,Unresolved,1,1,,,
STG074447,UCR010479,SUPPORT,SUP001145,DCL010571,PCL010479,unresolved_singleton,Unresolved,1,1,,,
STG074451,UCR010480,SUPPORT,SUP001149,DCL010572,PCL010480,unresolved_singleton,Unresolved,1,1,,,
STG074478,UCR010481,SUPPORT,SUP001176,DCL010574,PCL010481,unresolved_singleton,Unresolved,1,1,,,
STG074530,UCR010482,SUPPORT,SUP001228,DCL010575,PCL010482,unresolved_singleton,Unresolved,1,1,,,
STG074562,UCR010483,SUPPORT,SUP001260,DCL010577,PCL010483,unresolved_singleton,Unresolved,1,1,,,
STG074611,UCR010484,SUPPORT,SUP001309,DCL010578,PCL010484,unresolved_singleton,Unresolved,1,1,,,
STG074612,UCR010485,SUPPORT,SUP001310,DCL010579,PCL010485,unresolved_singleton,Unresolved,1,1,,,
STG074615,UCR010486,SUPPORT,SUP001313,DCL010580,PCL010486,unresolved_singleton,Unresolved,1,1,,,
STG074643,UCR010487,SUPPORT,SUP001341,DCL010581,PCL010487,unresolved_singleton,Unresolved,1,1,,,
STG074644,UCR010488,SUPPORT,SUP001342,DCL010582,PCL010488,unresolved_singleton,Unresolved,1,1,,,
STG074668,UCR010489,SUPPORT,SUP001366,DCL010583,PCL010489,unresolved_singleton,Unresolved,1,1,,,
STG074718,UCR010491,SUPPORT,SUP001416,DCL010585,PCL010491,unresolved_singleton,Unresolved,1,1,,,
STG074745,UCR010492,SUPPORT,SUP001443,DCL010586,PCL010492,unresolved_singleton,Unresolved,1,1,,,
STG074749,UCR010493,SUPPORT,SUP001447,DCL010587,PCL010493,unresolved_singleton,Unresolved,1,1,,,
STG074756,UCR010494,SUPPORT,SUP001454,DCL010588,PCL010494,unresolved_singleton,Unresolved,1,1,,,
STG074760,UCR010495,SUPPORT,SUP001458,DCL010589,PCL010495,unresolved_singleton,Unresolved,1,1,,,
STG074831,UCR010496,SUPPORT,SUP001529,DCL010590,PCL010496,unresolved_singleton,Unresolved,1,1,,,
STG074857,UCR010497,SUPPORT,SUP001555,DCL010591,PCL010497,unresolved_singleton,Unresolved,1,1,,,
STG074869,UCR010498,SUPPORT,SUP001567,DCL010592,PCL010498,unresolved_singleton,Unresolved,1,1,,,
STG074933,UCR010499,SUPPORT,SUP001631,DCL010593,PCL010499,unresolved_singleton,Unresolved,1,1,,,
STG074959,UCR010500,SUPPORT,SUP001657,DCL010594,PCL010500,unresolved_singleton,Unresolved,1,1,,,
STG074965,UCR010501,SUPPORT,SUP001663,DCL010595,PCL010501,unresolved_singleton,Unresolved,1,1,,,
STG074987,UCR010502,SUPPORT,SUP001685,DCL010596,PCL010502,unresolved_singleton,Unresolved,1,1,,,
STG074996,UCR010503,SUPPORT,SUP001694,DCL010597,PCL010503,unresolved_singleton,Unresolved,1,1,,,
STG075048,UCR010504,SUPPORT,SUP001746,DCL010598,PCL010504,unresolved_singleton,Unresolved,1,1,,,
STG075067,UCR010505,SUPPORT,SUP001765,DCL010599,PCL010505,unresolved_singleton,Unresolved,1,1,,,
STG075092,UCR010506,SUPPORT,SUP001790,DCL010600,PCL010506,unresolved_singleton,Unresolved,1,1,,,
STG075116,UCR010508,SUPPORT,SUP001814,DCL010602,PCL010508,unresolved_singleton,Unresolved,1,1,,,
STG075126,UCR010509,SUPPORT,SUP001824,DCL010603,PCL010509,unresolved_singleton,Unresolved,1,1,,,
STG075144,UCR010510,SUPPORT,SUP001842,DCL010604,PCL010510,unresolved_singleton,Unresolved,1,1,,,
STG075173,UCR010511,SUPPORT,SUP001871,DCL010605,PCL010511,unresolved_singleton,Unresolved,1,1,,,
STG075193,UCR010512,SUPPORT,SUP001891,DCL010606,PCL010512,unresolved_singleton,Unresolved,1,1,,,
STG075207,UCR010513,SUPPORT,SUP001905,DCL010607,PCL010513,unresolved_singleton,Unresolved,1,1,,,
STG075233,UCR010514,SUPPORT,SUP001931,DCL010608,PCL010514,unresolved_singleton,Unresolved,1,1,,,
STG075293,UCR010515,SUPPORT,SUP001991,DCL010609,PCL010515,unresolved_singleton,Unresolved,1,1,,,
STG075298,UCR010516,SUPPORT,SUP001996,DCL010610,PCL010516,unresolved_singleton,Unresolved,1,1,,,
STG075338,UCR010517,SUPPORT,SUP002036,DCL010612,PCL010517,unresolved_singleton,Unresolved,1,1,,,
STG075351,UCR010518,SUPPORT,SUP002049,DCL010613,PCL010518,unresolved_singleton,Unresolved,1,1,,,
STG075353,UCR010519,SUPPORT,SUP002051,DCL010614,PCL010519,unresolved_singleton,Unresolved,1,1,,,
STG075362,UCR010520,SUPPORT,SUP002060,DCL010615,PCL010520,unresolved_singleton,Unresolved,1,1,,,
STG075374,UCR010521,SUPPORT,SUP002072,DCL010616,PCL010521,unresolved_singleton,Unresolved,1,1,,,
STG075389,UCR010522,SUPPORT,SUP002087,DCL010617,PCL010522,unresolved_singleton,Unresolved,1,1,,,
STG075453,UCR010523,SUPPORT,SUP002151,DCL010619,PCL010523,unresolved_singleton,Unresolved,1,1,,,
STG075543,UCR010525,SUPPORT,SUP002241,DCL010621,PCL010525,unresolved_singleton,Unresolved,1,1,,,
STG075665,UCR010528,SUPPORT,SUP002363,DCL010624,PCL010528,unresolved_singleton,Unresolved,1,1,,,
STG075668,UCR010529,SUPPORT,SUP002366,DCL010625,PCL010529,unresolved_singleton,Unresolved,1,1,,,
STG075673,UCR010530,SUPPORT,SUP002371,DCL010626,PCL010530,unresolved_singleton,Unresolved,1,1,,,
STG075687,UCR010531,SUPPORT,SUP002385,DCL010627,PCL010531,unresolved_singleton,Unresolved,1,1,,,
STG075710,UCR010532,SUPPORT,SUP002408,DCL010628,PCL010532,unresolved_singleton,Unresolved,1,1,,,
STG075713,UCR010533,SUPPORT,SUP002411,DCL010629,PCL010533,unresolved_singleton,Unresolved,1,1,,,
STG075722,UCR010534,SUPPORT,SUP002420,DCL010630,PCL010534,unresolved_singleton,Unresolved,1,1,,,
STG075758,UCR010535,SUPPORT,SUP002456,DCL010631,PCL010535,unresolved_singleton,Unresolved,1,1,,,
STG075780,UCR010536,SUPPORT,SUP002478,DCL010632,PCL010536,unresolved_singleton,Unresolved,1,1,,,
STG075786,UCR010537,SUPPORT,SUP002484,DCL010633,PCL010537,unresolved_singleton,Unresolved,1,1,,,
STG075799,UCR010538,SUPPORT,SUP002497,DCL010634,PCL010538,unresolved_singleton,Unresolved,1,1,,,
STG075824,UCR010540,SUPPORT,SUP002522,DCL010636,PCL010540,unresolved_singleton,Unresolved,1,1,,,
STG075829,UCR010541,SUPPORT,SUP002527,DCL010637,PCL010541,unresolved_singleton,Unresolved,1,1,,,
STG075837,UCR010542,SUPPORT,SUP002535,DCL010638,PCL010542,unresolved_singleton,Unresolved,1,1,,,
STG075867,UCR010543,SUPPORT,SUP002565,DCL010639,PCL010543,unresolved_singleton,Unresolved,1,1,,,
STG075870,UCR010544,SUPPORT,SUP002568,DCL010640,PCL010544,unresolved_singleton,Unresolved,1,1,,,
STG075914,UCR010545,SUPPORT,SUP002612,DCL010641,PCL010545,unresolved_singleton,Unresolved,1,1,,,
STG075918,UCR010546,SUPPORT,SUP002616,DCL010642,PCL010546,unresolved_singleton,Unresolved,1,1,,,
STG075929,UCR010547,SUPPORT,SUP002627,DCL010643,PCL010547,unresolved_singleton,Unresolved,1,1,,,
STG075941,UCR010548,SUPPORT,SUP002639,DCL010644,PCL010548,unresolved_singleton,Unresolved,1,1,,,
STG075960,UCR010549,SUPPORT,SUP002658,DCL010645,PCL010549,unresolved_singleton,Unresolved,1,1,,,
STG075966,UCR010550,SUPPORT,SUP002664,DCL010646,PCL010550,unresolved_singleton,Unresolved,1,1,,,
STG075971,UCR010551,SUPPORT,SUP002669,DCL010647,PCL010551,unresolved_singleton,Unresolved,1,1,,,
STG075974,UCR010552,SUPPORT,SUP002672,DCL010648,PCL010552,unresolved_singleton,Unresolved,1,1,,,
STG075984,UCR010553,SUPPORT,SUP002682,DCL010649,PCL010553,unresolved_singleton,Unresolved,1,1,,,
STG076100,UCR010554,SUPPORT,SUP002798,DCL010650,PCL010554,unresolved_singleton,Unresolved,1,1,,,
STG076155,UCR010555,SUPPORT,SUP002853,DCL010651,PCL010555,unresolved_singleton,Unresolved,1,1,,,
STG076161,UCR010556,SUPPORT,SUP002859,DCL010652,PCL010556,unresolved_singleton,Unresolved,1,1,,,
STG076162,UCR010557,SUPPORT,SUP002860,DCL010653,PCL010557,unresolved_singleton,Unresolved,1,1,,,
STG076169,UCR010558,SUPPORT,SUP002867,DCL010654,PCL010558,unresolved_singleton,Unresolved,1,1,,,
STG076182,UCR010559,SUPPORT,SUP002880,DCL010655,PCL010559,unresolved_singleton,Unresolved,1,1,,,
STG076201,UCR010560,SUPPORT,SUP002899,DCL010656,PCL010560,unresolved_singleton,Unresolved,1,1,,,
STG076276,UCR010561,SUPPORT,SUP002974,DCL010657,PCL010561,unresolved_singleton,Unresolved,1,1,,,
STG076299,UCR010563,SUPPORT,SUP002997,DCL010659,PCL010563,unresolved_singleton,Unresolved,1,1,,,
STG076309,UCR010564,SUPPORT,SUP003007,DCL010661,PCL010564,unresolved_singleton,Unresolved,1,1,,,
STG076371,UCR010565,SUPPORT,SUP003069,DCL010662,PCL010565,unresolved_singleton,Unresolved,1,1,,,
STG076378,UCR010566,SUPPORT,SUP003076,DCL010663,PCL010566,unresolved_singleton,Unresolved,1,1,,,
STG076383,UCR010567,SUPPORT,SUP003081,DCL010664,PCL010567,unresolved_singleton,Unresolved,1,1,,,
STG076438,UCR010569,SUPPORT,SUP003136,DCL010666,PCL010569,unresolved_singleton,Unresolved,1,1,,,
STG076458,UCR010570,SUPPORT,SUP003156,DCL010667,PCL010570,unresolved_singleton,Unresolved,1,1,,,
STG076473,UCR010571,SUPPORT,SUP003171,DCL010668,PCL010571,unresolved_singleton,Unresolved,1,1,,,
STG076542,UCR010572,SUPPORT,SUP003240,DCL010669,PCL010572,unresolved_singleton,Unresolved,1,1,,,
STG076564,UCR010573,SUPPORT,SUP003262,DCL010670,PCL010573,unresolved_singleton,Unresolved,1,1,,,
STG076572,UCR010574,SUPPORT,SUP003270,DCL010671,PCL010574,unresolved_singleton,Unresolved,1,1,,,
STG076652,UCR010575,SUPPORT,SUP003350,DCL010673,PCL010575,unresolved_singleton,Unresolved,1,1,,,
STG076677,UCR010576,SUPPORT,SUP003375,DCL010674,PCL010576,unresolved_singleton,Unresolved,1,1,,,
STG076712,UCR010577,SUPPORT,SUP003410,DCL010675,PCL010577,unresolved_singleton,Unresolved,1,1,,,
STG076716,UCR010578,SUPPORT,SUP003414,DCL010676,PCL010578,unresolved_singleton,Unresolved,1,1,,,
STG076721,UCR010579,SUPPORT,SUP003419,DCL010677,PCL010579,unresolved_singleton,Unresolved,1,1,,,
STG076723,UCR010580,SUPPORT,SUP003421,DCL010678,PCL010580,unresolved_singleton,Unresolved,1,1,,,
STG076882,UCR010583,SUPPORT,SUP003580,DCL010681,PCL010583,unresolved_singleton,Unresolved,1,1,,,
STG076914,UCR010584,SUPPORT,SUP003612,DCL010682,PCL010584,unresolved_singleton,Unresolved,1,1,,,
STG076922,UCR010585,SUPPORT,SUP003620,DCL010683,PCL010585,unresolved_singleton,Unresolved,1,1,,,
STG076937,UCR010586,SUPPORT,SUP003635,DCL010684,PCL010586,unresolved_singleton,Unresolved,1,1,,,
STG077005,UCR010587,SUPPORT,SUP003703,DCL010685,PCL010587,unresolved_singleton,Unresolved,1,1,,,
STG077061,UCR010588,SUPPORT,SUP003759,DCL010686,PCL010588,unresolved_singleton,Unresolved,1,1,,,
STG077091,UCR010589,SUPPORT,SUP003789,DCL010687,PCL010589,unresolved_singleton,Unresolved,1,1,,,
STG077095,UCR010590,SUPPORT,SUP003793,DCL010688,PCL010590,unresolved_singleton,Unresolved,1,1,,,
STG077169,UCR010592,SUPPORT,SUP003867,DCL010690,PCL010592,unresolved_singleton,Unresolved,1,1,,,
STG077213,UCR010593,SUPPORT,SUP003911,DCL010692,PCL010593,unresolved_singleton,Unresolved,1,1,,,
STG077236,UCR010595,SUPPORT,SUP003934,DCL010694,PCL010595,unresolved_singleton,Unresolved,1,1,,,
STG077333,UCR010597,SUPPORT,SUP004031,DCL010697,PCL010597,unresolved_singleton,Unresolved,1,1,,,
STG077357,UCR010598,SUPPORT,SUP004055,DCL010698,PCL010598,unresolved_singleton,Unresolved,1,1,,,
STG077367,UCR010599,SUPPORT,SUP004065,DCL010699,PCL010599,unresolved_singleton,Unresolved,1,1,,,
STG077371,UCR010600,SUPPORT,SUP004069,DCL010700,PCL010600,unresolved_singleton,Unresolved,1,1,,,
STG077377,UCR010601,SUPPORT,SUP004075,DCL010701,PCL010601,unresolved_singleton,Unresolved,1,1,,,
STG077386,UCR010602,SUPPORT,SUP004084,DCL010702,PCL010602,unresolved_singleton,Unresolved,1,1,,,
STG077400,UCR010603,SUPPORT,SUP004098,DCL010703,PCL010603,unresolved_singleton,Unresolved,1,1,,,
STG077425,UCR010604,SUPPORT,SUP004123,DCL010705,PCL010604,unresolved_singleton,Unresolved,1,1,,,
STG077431,UCR010605,SUPPORT,SUP004129,DCL010706,PCL010605,unresolved_singleton,Unresolved,1,1,,,
STG077438,UCR010606,SUPPORT,SUP004136,DCL010707,PCL010606,unresolved_singleton,Unresolved,1,1,,,
STG077440,UCR010607,SUPPORT,SUP004138,DCL010708,PCL010607,unresolved_singleton,Unresolved,1,1,,,
STG077475,UCR010609,SUPPORT,SUP004173,DCL010710,PCL010609,unresolved_singleton,Unresolved,1,1,,,
STG077493,UCR010610,SUPPORT,SUP004191,DCL010711,PCL010610,unresolved_singleton,Unresolved,1,1,,,
STG077496,UCR010611,SUPPORT,SUP004194,DCL010712,PCL010611,unresolved_singleton,Unresolved,1,1,,,
STG077543,UCR010612,SUPPORT,SUP004241,DCL010713,PCL010612,unresolved_singleton,Unresolved,1,1,,,
STG077547,UCR010613,SUPPORT,SUP004245,DCL010715,PCL010613,unresolved_singleton,Unresolved,1,1,,,
STG077565,UCR010614,SUPPORT,SUP004263,DCL010716,PCL010614,unresolved_singleton,Unresolved,1,1,,,
STG077604,UCR010616,SUPPORT,SUP004302,DCL010718,PCL010616,unresolved_singleton,Unresolved,1,1,,,
STG077644,UCR010618,SUPPORT,SUP004342,DCL010720,PCL010618,unresolved_singleton,Unresolved,1,1,,,
STG077696,UCR010619,SUPPORT,SUP004394,DCL010721,PCL010619,unresolved_singleton,Unresolved,1,1,,,
STG077699,UCR010620,SUPPORT,SUP004397,DCL010722,PCL010620,unresolved_singleton,Unresolved,1,1,,,
STG077710,UCR010621,SUPPORT,SUP004408,DCL010723,PCL010621,unresolved_singleton,Unresolved,1,1,,,
STG077740,UCR010622,SUPPORT,SUP004438,DCL010724,PCL010622,unresolved_singleton,Unresolved,1,1,,,
STG077765,UCR010623,SUPPORT,SUP004463,DCL010725,PCL010623,unresolved_singleton,Unresolved,1,1,,,
STG077834,UCR010624,SUPPORT,SUP004532,DCL010726,PCL010624,unresolved_singleton,Unresolved,1,1,,,
STG077838,UCR010625,SUPPORT,SUP004536,DCL010727,PCL010625,unresolved_singleton,Unresolved,1,1,,,
STG077849,UCR010626,SUPPORT,SUP004547,DCL010728,PCL010626,unresolved_singleton,Unresolved,1,1,,,
STG077854,UCR010627,SUPPORT,SUP004552,DCL010729,PCL010627,unresolved_singleton,Unresolved,1,1,,,
STG077865,UCR010628,SUPPORT,SUP004563,DCL010730,PCL010628,unresolved_singleton,Unresolved,1,1,,,
STG077906,UCR010629,SUPPORT,SUP004604,DCL010731,PCL010629,unresolved_singleton,Unresolved,1,1,,,
STG077922,UCR010630,SUPPORT,SUP004620,DCL010732,PCL010630,unresolved_singleton,Unresolved,1,1,,,
STG077930,UCR010631,SUPPORT,SUP004628,DCL010733,PCL010631,unresolved_singleton,Unresolved,1,1,,,
STG077942,UCR010632,SUPPORT,SUP004640,DCL010734,PCL010632,unresolved_singleton,Unresolved,1,1,,,
STG077949,UCR010633,SUPPORT,SUP004647,DCL010735,PCL010633,unresolved_singleton,Unresolved,1,1,,,
STG077954,UCR010634,SUPPORT,SUP004652,DCL010736,PCL010634,unresolved_singleton,Unresolved,1,1,,,
STG077968,UCR010635,SUPPORT,SUP004666,DCL010738,PCL010635,unresolved_singleton,Unresolved,1,1,,,
STG077975,UCR010636,SUPPORT,SUP004673,DCL010739,PCL010636,unresolved_singleton,Unresolved,1,1,,,
STG078041,UCR010637,SUPPORT,SUP004739,DCL010740,PCL010637,unresolved_singleton,Unresolved,1,1,,,
STG078043,UCR010638,SUPPORT,SUP004741,DCL010741,PCL010638,unresolved_singleton,Unresolved,1,1,,,
STG078067,UCR010639,SUPPORT,SUP004765,DCL010742,PCL010639,unresolved_singleton,Unresolved,1,1,,,
STG078098,UCR010640,SUPPORT,SUP004796,DCL010743,PCL010640,unresolved_singleton,Unresolved,1,1,,,
STG078104,UCR010641,SUPPORT,SUP004802,DCL010744,PCL010641,unresolved_singleton,Unresolved,1,1,,,
STG078122,UCR010642,SUPPORT,SUP004820,DCL010745,PCL010642,unresolved_singleton,Unresolved,1,1,,,
STG078127,UCR010643,SUPPORT,SUP004825,DCL010746,PCL010643,unresolved_singleton,Unresolved,1,1,,,
STG078142,UCR010644,SUPPORT,SUP004840,DCL010747,PCL010644,unresolved_singleton,Unresolved,1,1,,,
STG078151,UCR010645,SUPPORT,SUP004849,DCL010748,PCL010645,unresolved_singleton,Unresolved,1,1,,,
STG078217,UCR010646,SUPPORT,SUP004915,DCL010749,PCL010646,unresolved_singleton,Unresolved,1,1,,,
STG078245,UCR010647,SUPPORT,SUP004943,DCL010750,PCL010647,unresolved_singleton,Unresolved,1,1,,,
STG078247,UCR010648,SUPPORT,SUP004945,DCL010751,PCL010648,unresolved_singleton,Unresolved,1,1,,,
STG078279,UCR010649,SUPPORT,SUP004977,DCL010752,PCL010649,unresolved_singleton,Unresolved,1,1,,,
STG078289,UCR010650,SUPPORT,SUP004987,DCL010753,PCL010650,unresolved_singleton,Unresolved,1,1,,,
