staging_record_id,source_system,source_record_id,deterministic_cluster_id,probabilistic_cluster_id,resolution_status,match_method,cluster_size,deterministic_cluster_count,cluster_confidence,cluster_confidence_type,deterministic_linking_rules,crm_customer_id,transaction_id,marketing_contact_id,session_id,support_ticket_id,portal_user_id,linked_transaction_id,first_name_raw,surname_raw,full_name_raw,email_raw,phone_raw,address_raw,postcode_raw,date_of_birth_raw,first_name_normalised,surname_normalised,full_name_normalised,email_normalised,phone_normalised,address_normalised,postcode_normalised,date_of_birth_normalised,record_created_date,preferred_contact_channel,first_name,surname,date_of_birth,email,telephone_number,address,postcode,transaction_date_time,guest_transaction,billing_address,billing_postcode,event_id,event_name,event_category,event_date,ticket_type,ticket_quantity,unit_price,transaction_total,card_brand,cardholder_name,card_last_4,purchaser_first_name,purchaser_surname,contact_name,last_contact_date,consent_status,emails_opened_count,links_clicked_count,guest_session,session_date_time_start,session_date_time_end,session_duration_seconds,device_type,basket_created,basket_converted,support_ticket_created_date_time,requester_name,requester_email,requester_phone,contact_channel,issue_category,ticket_status,resolution_time_hours_minutes
STG000058,CRM,CRM000058,DCL000058,PCL000058,unresolved_singleton,Unresolved,1,1,,,,CRM000058,,,,,,,Grace,Williams,Grace Williams,,07047473497,"6 Rogers Creek, Guildford",GU1 6PN,1955-12-01,grace,williams,gracewilliams,,07047473497,6 rogers creek guildford,GU16PN,1955-12-01,2022-12-16,Mail,Grace,Williams,1955-12-01,,07047473497,"6 Rogers Creek, Guildford",GU1 6PN,,,,,,,,,,,,,,,,,,,,,,,,,,,,,,,,,,,,,
STG000087,CRM,CRM000087,DCL000087,PCL000087,unresolved_singleton,Unresolved,1,1,,,,CRM000087,,,,,,,rGaham,Gardner,rGaham Gardner,graham.gardner@gmail.com,+44 7340706414,"63 Mills Island, Swansea",SA1 1VM,1977-06-03,rgaham,gardner,rgahamgardner,graham.gardner@gmail.com,07340706414,63 mills island swansea,SA11VM,1977-06-03,2020-06-21,Email,rGaham,Gardner,1977-06-03,graham.gardner@gmail.com,+44 7340706414,"63 Mills Island, Swansea",SA1 1VM,,,,,,,,,,,,,,,,,,,,,,,,,,,,,,,,,,,,,
STG000150,CRM,CRM000150,DCL000150,PCL000150,unresolved_singleton,Unresolved,1,1,,,,CRM000150,,,,,,,Louis,Rogers,Louis Rogers,louis.rogers@yahoo.com,+44 7446 393347,"593 Norman Flat, Brighton",BN1 5NC,2002-12-28,louis,rogers,louisrogers,louis.rogers@yahoo.com,07446393347,593 norman flat brighton,BN15NC,2002-12-28,2021-05-07,Telephone,Louis,Rogers,2002-12-28,louis.rogers@yahoo.com,+44 7446 393347,"593 Norman Flat, Brighton",BN1 5NC,,,,,,,,,,,,,,,,,,,,,,,,,,,,,,,,,,,,,
STG000188,CRM,CRM000188,DCL000188,PCL000188,unresolved_singleton,Unresolved,1,1,,,,CRM000188,,,,,,,Victor,Thompson,Victor Thompson,victor.thompson@hotmail.com,+44 7609412010,"2 Holmes Village, Chester",CH1 7TG,1952-11-23,victor,thompson,victorthompson,victor.thompson@hotmail.com,07609412010,2 holmes village chester,CH17TG,1952-11-23,2023-12-03,Email,Victor,Thompson,1952-11-23,victor.thompson@hotmail.com,+44 7609412010,"2 Holmes Village, Chester",CH1 7TG,,,,,,,,,,,,,,,,,,,,,,,,,,,,,,,,,,,,,
STG000228,CRM,CRM000228,DCL000228,PCL000228,unresolved_singleton,Unresolved,1,1,,,,CRM000228,,,,,,,Karl,Stone,Karl Stone,karl.stone@yahoo.com,0044 7235509257,"Flat 58, White Rapid, Perth",PH10BQ,2007-04-01,karl,stone,karlstone,karl.stone@yahoo.com,07235509257,flat 58 white rapid perth,PH10BQ,2007-04-01,2025-11-24,Telephone,Karl,Stone,2007-04-01,karl.stone@yahoo.com,0044 7235509257,"Flat 58, White Rapid, Perth",PH10BQ,,,,,,,,,,,,,,,,,,,,,,,,,,,,,,,,,,,,,
STG000235,CRM,CRM000235,DCL000235,PCL000235,unresolved_singleton,Unresolved,1,1,,,,CRM000235,,,,,,,Helen,Freeman,Helen Freeman,helen.freeman@hotmail.com,+44 7080985652,"2 Judith Junctions, Plymouth",PL1 6CP,1972-10-15,helen,freeman,helenfreeman,helen.freeman@hotmail.com,07080985652,2 judith junctions plymouth,PL16CP,1972-10-15,2020-08-30,Mail,Helen,Freeman,1972-10-15,helen.freeman@hotmail.com,+44 7080985652,"2 Judith Junctions, Plymouth",PL1 6CP,,,,,,,,,,,,,,,,,,,,,,,,,,,,,,,,,,,,,
STG000278,CRM,CRM000278,DCL000278,PCL000278,unresolved_singleton,Unresolved,1,1,,,,CRM000278,,,,,,,Jeffrey,Lane,Jeffrey Lane,jeffrey.lane@gmail.com,+44 7096969117,"Studio 40Q, Patel Rue, Guildford",GU1 8FT,1986-05-24,jeffrey,lane,jeffreylane,jeffrey.lane@gmail.com,07096969117,studio 40q patel rue guildford,GU18FT,1986-05-24,2020-09-20,Email,Jeffrey,Lane,1986-05-24,jeffrey.lane@gmail.com,+44 7096969117,"Studio 40Q, Patel Rue, Guildford",GU1 8FT,,,,,,,,,,,,,,,,,,,,,,,,,,,,,,,,,,,,,
STG000392,CRM,CRM000392,DCL000392,PCL000392,unresolved_singleton,Unresolved,1,1,,,,CRM000392,,,,,,,Joan,Murphy,Joan Murphy,joan.murphy@gmail.com,+44 7858965453,"Studio 53, Aaron Well, Lisburn",BT27 9SA,2002-06-08,joan,murphy,joanmurphy,joan.murphy@gmail.com,07858965453,studio 53 aaron well lisburn,BT279SA,2002-06-08,2023-01-28,Mail,Joan,Murphy,2002-06-08,joan.murphy@gmail.com,+44 7858965453,"Studio 53, Aaron Well, Lisburn",BT27 9SA,,,,,,,,,,,,,,,,,,,,,,,,,,,,,,,,,,,,,
STG000416,CRM,CRM000416,DCL000416,PCL000416,unresolved_singleton,Unresolved,1,1,,,,CRM000416,,,,,,,Geoffrey,Barlow,Geoffrey Barlow,geoffrey.barlow@hotmail.fr,+44 7159465689,"Flat 2, Miller View, Peterborough",PE1 0ZV,1952-05-10,geoffrey,barlow,geoffreybarlow,geoffrey.barlow@hotmail.fr,07159465689,flat 2 miller view peterborough,PE10ZV,1952-05-10,2025-06-22,Mail,Geoffrey,Barlow,1952-05-10,geoffrey.barlow@hotmail.fr,+44 7159465689,"Flat 2, Miller View, Peterborough",PE1 0ZV,,,,,,,,,,,,,,,,,,,,,,,,,,,,,,,,,,,,,
STG000492,CRM,CRM000492,DCL000492,PCL000492,unresolved_singleton,Unresolved,1,1,,,,CRM000492,,,,,,,Joshua,Harris,Joshua Harris,joshua.harris@gmail.com,07036430195,"Flat 11v, Nicola Estates, Northampton",NN1 6UE,1954-01-17,joshua,harris,joshuaharris,joshua.harris@gmail.com,07036430195,flat 11v nicola estates northampton,NN16UE,1954-01-17,2021-12-03,Email,Joshua,Harris,1954-01-17,joshua.harris@gmail.com,07036430195,"Flat 11v, Nicola Estates, Northampton",NN1 6UE,,,,,,,,,,,,,,,,,,,,,,,,,,,,,,,,,,,,,
STG000506,CRM,CRM000506,DCL000506,PCL000506,unresolved_singleton,Unresolved,1,1,,,,CRM000506,,,,,,,Frances,Brown,Frances Brown,frances.brown@aol.com,+44 7314311668,"Studio 3, Mark Tunnel, London",N1 3NS,1961-12-09,frances,brown,francesbrown,frances.brown@aol.com,07314311668,studio 3 mark tunnel london,N13NS,1961-12-09,2025-03-21,Email,Frances,Brown,1961-12-09,frances.brown@aol.com,+44 7314311668,"Studio 3, Mark Tunnel, London",N1 3NS,,,,,,,,,,,,,,,,,,,,,,,,,,,,,,,,,,,,,
STG000562,CRM,CRM000562,DCL000562,PCL000562,unresolved_singleton,Unresolved,1,1,,,,CRM000562,,,,,,,Mathew,Barrett,Mathew Barrett,mathew.barrett@hotmail.com,+44 7716741315,"Studio 7, Richards Fort, Nottingham",NG1 4QY,1973-05-14,mathew,barrett,mathewbarrett,mathew.barrett@hotmail.com,07716741315,studio 7 richards fort nottingham,NG14QY,1973-05-14,2023-05-02,Telephone,Mathew,Barrett,1973-05-14,mathew.barrett@hotmail.com,+44 7716741315,"Studio 7, Richards Fort, Nottingham",NG1 4QY,,,,,,,,,,,,,,,,,,,,,,,,,,,,,,,,,,,,,
STG000570,CRM,CRM000570,DCL000570,PCL000570,unresolved_singleton,Unresolved,1,1,,,,CRM000570,,,,,,,Guy,Myers,Guy Myers,guy.myers@yahoo.com,+447052617242,"664 Maurice View, Portsmouth",PO1 3BM,1972-01-07,guy,myers,guymyers,guy.myers@yahoo.com,07052617242,664 maurice view portsmouth,PO13BM,1972-01-07,2022-03-05,Email,Guy,Myers,1972-01-07,guy.myers@yahoo.com,+447052617242,"664 Maurice View, Portsmouth",PO1 3BM,,,,,,,,,,,,,,,,,,,,,,,,,,,,,,,,,,,,,
STG000624,CRM,CRM000624,DCL000624,PCL000624,unresolved_singleton,Unresolved,1,1,,,,CRM000624,,,,,,,Mark,Jones,Mark Jones,mark.jones@yahoo.com,+44 7716652127,"6 Baldwin Burgs, Peterborough",PE1 7BR,1951-08-14,mark,jones,markjones,mark.jones@yahoo.com,07716652127,6 baldwin burgs peterborough,PE17BR,1951-08-14,2019-04-20,Email,Mark,Jones,1951-08-14,mark.jones@yahoo.com,+44 7716652127,"6 Baldwin Burgs, Peterborough",PE1 7BR,,,,,,,,,,,,,,,,,,,,,,,,,,,,,,,,,,,,,
STG000653,CRM,CRM000653,DCL000653,PCL000653,unresolved_singleton,Unresolved,1,1,,,,CRM000653,,,,,USR000381,,Jenna,Richards,Jenna Richards,,,"85 Lowe Shore, Portsmouth",PO1 3EN,1981-05-25,jenna,richards,jennarichards,,,85 lowe shore portsmouth,PO13EN,1981-05-25,2025-05-01,Mail,Jenna,Richards,1981-05-25,,,"85 Lowe Shore, Portsmouth",PO1 3EN,,,,,,,,,,,,,,,,,,,,,,,,,,,,,,,,,,,,,
STG000708,CRM,CRM000708,DCL000708,PCL000708,unresolved_singleton,Unresolved,1,1,,,,CRM000708,,,,,,,Elizabeth,O'Donnell,Elizabeth O'Donnell,elizabeth.odonnell@gmail.com,+44 7821567477,"4 Hollie Corners, Bristol",BS1 9NZ,1998-09-07,elizabeth,odonnell,elizabethodonnell,elizabeth.odonnell@gmail.com,07821567477,4 hollie corners bristol,BS19NZ,1998-09-07,2025-04-15,Email,Elizabeth,O'Donnell,1998-09-07,elizabeth.odonnell@gmail.com,+44 7821567477,"4 Hollie Corners, Bristol",BS1 9NZ,,,,,,,,,,,,,,,,,,,,,,,,,,,,,,,,,,,,,
STG000709,CRM,CRM000709,DCL000709,PCL000709,unresolved_singleton,Unresolved,1,1,,,,CRM000709,,,,,,,Melanie,Brown,Melanie Brown,melanie.brown@hotmail.com,+44 7568818980,"41 Heath Islands, Worcester",WR15TD,1991-02-16,melanie,brown,melaniebrown,melanie.brown@hotmail.com,07568818980,41 heath islands worcester,WR15TD,1991-02-16,2025-07-04,Telephone,Melanie,Brown,1991-02-16,melanie.brown@hotmail.com,+44 7568818980,"41 Heath Islands, Worcester",WR15TD,,,,,,,,,,,,,,,,,,,,,,,,,,,,,,,,,,,,,
STG000773,CRM,CRM000773,DCL000773,PCL000773,unresolved_singleton,Unresolved,1,1,,,,CRM000773,,,,,,,Chloe,White,Chloe White,,,"Studio 91Q, Rachel Common, Birmingham",B1 5LL,1968-09-06,chloe,white,chloewhite,,,studio 91q rachel common birmingham,B15LL,1968-09-06,2025-01-07,Mail,Chloe,White,1968-09-06,,,"Studio 91Q, Rachel Common, Birmingham",B1 5LL,,,,,,,,,,,,,,,,,,,,,,,,,,,,,,,,,,,,,
STG000981,CRM,CRM000981,DCL000981,PCL000981,unresolved_singleton,Unresolved,1,1,,,,CRM000981,,,,,,,Lorraine,Birch,Lorraine Birch,lorraine.birch@hotmail.fr,+44 7972743743,"403 Douglas Port, Portsmouth",PO1 5SE,1989-09-14,lorraine,birch,lorrainebirch,lorraine.birch@hotmail.fr,07972743743,403 douglas port portsmouth,PO15SE,1989-09-14,2023-10-10,Telephone,Lorraine,Birch,1989-09-14,lorraine.birch@hotmail.fr,+44 7972743743,"403 Douglas Port, Portsmouth",PO1 5SE,,,,,,,,,,,,,,,,,,,,,,,,,,,,,,,,,,,,,
STG000985,CRM,CRM000985,DCL000985,PCL000985,unresolved_singleton,Unresolved,1,1,,,,CRM000985,,,,,,,Russell,Chamberlain,Russell Chamberlain,russell.chamberlain@yahoo.com,07264 800 255,"Flat 17, Lydia Oval, Derby",DE1 8SS,1994-05-14,russell,chamberlain,russellchamberlain,russell.chamberlain@yahoo.com,07264800255,flat 17 lydia oval derby,DE18SS,1994-05-14,2019-04-08,Email,Russell,Chamberlain,1994-05-14,russell.chamberlain@yahoo.com,07264 800 255,"Flat 17, Lydia Oval, Derby",DE1 8SS,,,,,,,,,,,,,,,,,,,,,,,,,,,,,,,,,,,,,
STG000993,CRM,CRM000993,DCL000993,PCL000993,unresolved_singleton,Unresolved,1,1,,,,CRM000993,,,,,,,Patrick,Hilton,Patrick Hilton,patrick.hilton@yahoo.com,+44 7696900450,"898 Williams Curve, Bristol",BS16VS,1976-04-28,patrick,hilton,patrickhilton,patrick.hilton@yahoo.com,07696900450,898 williams curve bristol,BS16VS,1976-04-28,2022-07-12,Email,Patrick,Hilton,1976-04-28,patrick.hilton@yahoo.com,+44 7696900450,"898 Williams Curve, Bristol",BS16VS,,,,,,,,,,,,,,,,,,,,,,,,,,,,,,,,,,,,,
STG001003,CRM,CRM001003,DCL001003,PCL001003,unresolved_singleton,Unresolved,1,1,,,,CRM001003,,,,,,,Susan,Williamson,Susan Williamson,susan.williamson@yahoo.com,0044 7118380168,"Flat 40, Hugh Tunnel, Reading",RG1 4CO,2002-03-31,susan,williamson,susanwilliamson,susan.williamson@yahoo.com,07118380168,flat 40 hugh tunnel reading,RG14CO,2002-03-31,2025-04-05,Email,Susan,Williamson,2002-03-31,susan.williamson@yahoo.com,0044 7118380168,"Flat 40, Hugh Tunnel, Reading",RG1 4CO,,,,,,,,,,,,,,,,,,,,,,,,,,,,,,,,,,,,,
STG001084,CRM,CRM001084,DCL001084,PCL001084,unresolved_singleton,Unresolved,1,1,,,,CRM001084,,,,,USR000619,,Dean,Phillips,Dean Phillips,DEAN.PHILLIPS@HOTMAIL.COM,0044 7487161151,"Flat 35, Carol Plains, Darlington",DL1 5HT,2001-12-30,dean,phillips,deanphillips,dean.phillips@hotmail.com,07487161151,flat 35 carol plains darlington,DL15HT,2001-12-30,2022-05-12,Email,Dean,Phillips,2001-12-30,DEAN.PHILLIPS@HOTMAIL.COM,0044 7487161151,"Flat 35, Carol Plains, Darlington",DL1 5HT,,,,,,,,,,,,,,,,,,,,,,,,,,,,,,,,,,,,,
STG001092,CRM,CRM001092,DCL001092,PCL001092,unresolved_singleton,Unresolved,1,1,,,,CRM001092,,,,,,,David,Sykes,David Sykes,david.sykes@hotmail.co.uk,+44 7087037834,"Flat 66, Sean Track, London",SE1 3SF,1980-09-21,david,sykes,davidsykes,david.sykes@hotmail.co.uk,07087037834,flat 66 sean track london,SE13SF,1980-09-21,2025-10-18,Email,David,Sykes,1980-09-21,david.sykes@hotmail.co.uk,+44 7087037834,"Flat 66, Sean Track, London",SE1 3SF,,,,,,,,,,,,,,,,,,,,,,,,,,,,,,,,,,,,,
STG001107,CRM,CRM001107,DCL001107,PCL001107,unresolved_singleton,Unresolved,1,1,,,,CRM001107,,,,,,,F.,Dawson,F. Dawson,francis.dawson@yahoo.com,+44 7236611360,"637 Harris Trafficway, Reading",RG1 2QO,1998-12-25,f,dawson,fdawson,francis.dawson@yahoo.com,07236611360,637 harris trafficway reading,RG12QO,1998-12-25,2018-01-19,Email,F.,Dawson,1998-12-25,francis.dawson@yahoo.com,+44 7236611360,"637 Harris Trafficway, Reading",RG1 2QO,,,,,,,,,,,,,,,,,,,,,,,,,,,,,,,,,,,,,
STG001121,CRM,CRM001121,DCL001121,PCL001121,unresolved_singleton,Unresolved,1,1,,,,CRM001121,,,,,USR000638,,Marcus,Patterson,Marcus Patterson,marcus.patterson@yahoo.com,+44 7269615031,"Flat 04V, Knowles Isle, Harrogate",HG1 9JC,1966-10-14,marcus,patterson,marcuspatterson,marcus.patterson@yahoo.com,07269615031,flat 04v knowles isle harrogate,HG19JC,1966-10-14,2024-04-29,Email,Marcus,Patterson,1966-10-14,marcus.patterson@yahoo.com,+44 7269615031,"Flat 04V, Knowles Isle, Harrogate",HG1 9JC,,,,,,,,,,,,,,,,,,,,,,,,,,,,,,,,,,,,,
STG001134,CRM,CRM001134,DCL001134,PCL001134,unresolved_singleton,Unresolved,1,1,,,,CRM001134,,,,,,,Bryan,Powell,Bryan Powell,bryan.powell@yahoo.com,+44 7245353690,"91 Jade Isle, Southampton",SO14 0OA,1952-06-09,bryan,powell,bryanpowell,bryan.powell@yahoo.com,07245353690,91 jade isle southampton,SO140OA,1952-06-09,2024-08-18,Email,Bryan,Powell,1952-06-09,bryan.powell@yahoo.com,+44 7245353690,"91 Jade Isle, Southampton",SO14 0OA,,,,,,,,,,,,,,,,,,,,,,,,,,,,,,,,,,,,,
STG001180,CRM,CRM001180,DCL001180,PCL001180,unresolved_singleton,Unresolved,1,1,,,,CRM001180,,,,,,,S.,Smith,S. Smith,,+44 7429887040,,AB10 0RW,1998-12-18,s,smith,ssmith,,07429887040,,AB100RW,1998-12-18,2025-02-21,Telephone,S.,Smith,1998-12-18,,+44 7429887040,,AB10 0RW,,,,,,,,,,,,,,,,,,,,,,,,,,,,,,,,,,,,,
STG001290,CRM,CRM001290,DCL001290,PCL001290,unresolved_singleton,Unresolved,1,1,,,,CRM001290,,,,,,,Sara,Bennett,Sara Bennett,sara.bennett@hotmail.fr,+44 7671972131,"Studio 0, Helen Causeway, London",SE1 8YY,1981-05-06,sara,bennett,sarabennett,sara.bennett@hotmail.fr,07671972131,studio 0 helen causeway london,SE18YY,1981-05-06,2022-07-09,Email,Sara,Bennett,1981-05-06,sara.bennett@hotmail.fr,+44 7671972131,"Studio 0, Helen Causeway, London",SE1 8YY,,,,,,,,,,,,,,,,,,,,,,,,,,,,,,,,,,,,,
STG001308,CRM,CRM001308,DCL001308,PCL001308,unresolved_singleton,Unresolved,1,1,,,,CRM001308,,,,,,,Stanley,Hurst,Stanley Hurst,stanley.hurst@hotmail.com,+44 7229092665,"25 Kieran Garden, Liverpool",L1 6CG,1992-04-09,stanley,hurst,stanleyhurst,stanley.hurst@hotmail.com,07229092665,25 kieran garden liverpool,L16CG,1992-04-09,2025-09-07,Email,Stanley,Hurst,1992-04-09,stanley.hurst@hotmail.com,+44 7229092665,"25 Kieran Garden, Liverpool",L1 6CG,,,,,,,,,,,,,,,,,,,,,,,,,,,,,,,,,,,,,
STG001315,CRM,CRM001315,DCL001315,PCL001315,unresolved_singleton,Unresolved,1,1,,,,CRM001315,,,,,,,Norman,Lee,Norman Lee,norman.lee@yahoo.com,,"Studio 66, Greenwood Union, Dundee",DD1 7FW,2002-05-22,norman,lee,normanlee,norman.lee@yahoo.com,,studio 66 greenwood union dundee,DD17FW,2002-05-22,2025-02-17,Email,Norman,Lee,2002-05-22,norman.lee@yahoo.com,,"Studio 66, Greenwood Union, Dundee",DD1 7FW,,,,,,,,,,,,,,,,,,,,,,,,,,,,,,,,,,,,,
STG001353,CRM,CRM001353,DCL001353,PCL001353,unresolved_singleton,Unresolved,1,1,,,,CRM001353,,,,,USR000762,,Toby,Reynolds,Toby Reynolds,toby.reynolds@yahoo.com,0044 7721418281,"Flat 73, Martin Expressway, Inverness",IV1 5EC,1952-07-01,toby,reynolds,tobyreynolds,toby.reynolds@yahoo.com,07721418281,flat 73 martin expressway inverness,IV15EC,1952-07-01,2025-01-06,Email,Toby,Reynolds,1952-07-01,toby.reynolds@yahoo.com,0044 7721418281,"Flat 73, Martin Expressway, Inverness",IV1 5EC,,,,,,,,,,,,,,,,,,,,,,,,,,,,,,,,,,,,,
STG001374,CRM,CRM001374,DCL001374,PCL001374,unresolved_singleton,Unresolved,1,1,,,,CRM001374,,,,,,,Stuart,Austin,Stuart Austin,stuart.austin@gmail.com,,"Studio 85m, Marie Court, Portsmouth",PO1 1RC,1992-04-15,stuart,austin,stuartaustin,stuart.austin@gmail.com,,studio 85m marie court portsmouth,PO11RC,1992-04-15,2025-03-09,Email,Stuart,Austin,1992-04-15,stuart.austin@gmail.com,,"Studio 85m, Marie Court, Portsmouth",PO1 1RC,,,,,,,,,,,,,,,,,,,,,,,,,,,,,,,,,,,,,
STG001396,CRM,CRM001396,DCL001396,PCL001396,unresolved_singleton,Unresolved,1,1,,,,CRM001396,,,,,,,Grace,Reynolds,Grace Reynolds,grace.reynolds@yahoo.com,07035 907 744,"Studio 21C, Clayton Vista, Brighton",BN1 3KB,2005-04-08,grace,reynolds,gracereynolds,grace.reynolds@yahoo.com,07035907744,studio 21c clayton vista brighton,BN13KB,2005-04-08,2025-01-09,Email,Grace,Reynolds,2005-04-08,grace.reynolds@yahoo.com,07035 907 744,"Studio 21C, Clayton Vista, Brighton",BN1 3KB,,,,,,,,,,,,,,,,,,,,,,,,,,,,,,,,,,,,,
STG001440,CRM,CRM001440,DCL001440,PCL001440,unresolved_singleton,Unresolved,1,1,,,,CRM001440,,,,,,,Carl,Hamilton,Carl Hamilton,carl.hamilton@yahoo.com,+44 7616913670,"01 Taylor Hollow, Reading",RG19EK,1974-04-15,carl,hamilton,carlhamilton,carl.hamilton@yahoo.com,07616913670,01 taylor hollow reading,RG19EK,1974-04-15,2025-10-11,Email,Carl,Hamilton,1974-04-15,carl.hamilton@yahoo.com,+44 7616913670,"01 Taylor Hollow, Reading",RG19EK,,,,,,,,,,,,,,,,,,,,,,,,,,,,,,,,,,,,,
STG001468,CRM,CRM001468,DCL001468,PCL001468,unresolved_singleton,Unresolved,1,1,,,,CRM001468,,,,,,,Scott,Williams,Scott Williams,scott.williams@hotmail.com,,"Flat 55, Bevan Coves, Chelmsford",CM1 8SD,1951-06-03,scott,williams,scottwilliams,scott.williams@hotmail.com,,flat 55 bevan coves chelmsford,CM18SD,1951-06-03,2021-08-21,Mail,Scott,Williams,1951-06-03,scott.williams@hotmail.com,,"Flat 55, Bevan Coves, Chelmsford",CM1 8SD,,,,,,,,,,,,,,,,,,,,,,,,,,,,,,,,,,,,,
STG001574,CRM,CRM001574,DCL001574,PCL001574,unresolved_singleton,Unresolved,1,1,,,,CRM001574,,,,,,,Catherine,Slater,Catherine Slater,catherine.slater@hotmail.com,+44 7811663260,"136 Simon Plain, Glasgow",G1 2YR,1959-02-03,catherine,slater,catherineslater,catherine.slater@hotmail.com,07811663260,136 simon plain glasgow,G12YR,1959-02-03,2019-01-14,Email,Catherine,Slater,1959-02-03,catherine.slater@hotmail.com,+44 7811663260,"136 Simon Plain, Glasgow",G1 2YR,,,,,,,,,,,,,,,,,,,,,,,,,,,,,,,,,,,,,
STG001584,CRM,CRM001584,DCL001584,PCL001584,unresolved_singleton,Unresolved,1,1,,,,CRM001584,,,,,,,Joseph,Stevens,Joseph Stevens,joseph.stevens@hotmail.com,+44 7943075539,"660 Jones Mission, London",E1 7PN,2004-11-02,joseph,stevens,josephstevens,joseph.stevens@hotmail.com,07943075539,660 jones mission london,E17PN,2004-11-02,2025-12-16,Email,Joseph,Stevens,2004-11-02,joseph.stevens@hotmail.com,+44 7943075539,"660 Jones Mission, London",E1 7PN,,,,,,,,,,,,,,,,,,,,,,,,,,,,,,,,,,,,,
STG001666,CRM,CRM001666,DCL001666,PCL001666,unresolved_singleton,Unresolved,1,1,,,,CRM001666,,,,,,,Roy,McDonald,Roy McDonald,roy.mcdonald@hotmail.com,,"6 Wright Trace, Exeter",EX1 2KY,1956-12-05,roy,mcdonald,roymcdonald,roy.mcdonald@hotmail.com,,6 wright trace exeter,EX12KY,1956-12-05,2021-04-28,Email,Roy,McDonald,1956-12-05,roy.mcdonald@hotmail.com,,"6 Wright Trace, Exeter",EX1 2KY,,,,,,,,,,,,,,,,,,,,,,,,,,,,,,,,,,,,,
STG001667,CRM,CRM001667,DCL001667,PCL001667,unresolved_singleton,Unresolved,1,1,,,,CRM001667,,,,,,,Bradley,Coles,Bradley Coles,bradley.coles@gmail.com,+44 7863 222409,"99 Alexandra Crossroad, Coventry",CV1 8FU,1975-08-22,bradley,coles,bradleycoles,bradley.coles@gmail.com,07863222409,99 alexandra crossroad coventry,CV18FU,1975-08-22,2025-08-25,Email,Bradley,Coles,1975-08-22,bradley.coles@gmail.com,+44 7863 222409,"99 Alexandra Crossroad, Coventry",CV1 8FU,,,,,,,,,,,,,,,,,,,,,,,,,,,,,,,,,,,,,
STG001708,CRM,CRM001708,DCL001708,PCL001708,unresolved_singleton,Unresolved,1,1,,,,CRM001708,,,,,,,Danielle,Slater,Danielle Slater,danielle.slater@hotmail.com,,"Studio 4, Griffiths Spur, Peterborough",PE1 0VA,1987-04-21,danielle,slater,danielleslater,danielle.slater@hotmail.com,,studio 4 griffiths spur peterborough,PE10VA,1987-04-21,2025-12-31,Email,Danielle,Slater,1987-04-21,danielle.slater@hotmail.com,,"Studio 4, Griffiths Spur, Peterborough",PE1 0VA,,,,,,,,,,,,,,,,,,,,,,,,,,,,,,,,,,,,,
STG001756,CRM,CRM001756,DCL001756,PCL001756,unresolved_singleton,Unresolved,1,1,,,,CRM001756,,,,,,,Danielle,Wade,Danielle Wade,danielle.wade@gmail.com,07896204225,"Flat 88p, Williams Parks, Harrogate",HG1 5LJ,1975-10-19,danielle,wade,daniellewade,danielle.wade@gmail.com,07896204225,flat 88p williams parks harrogate,HG15LJ,1975-10-19,2025-07-15,Mail,Danielle,Wade,1975-10-19,danielle.wade@gmail.com,07896204225,"Flat 88p, Williams Parks, Harrogate",HG1 5LJ,,,,,,,,,,,,,,,,,,,,,,,,,,,,,,,,,,,,,
STG001876,CRM,CRM001876,DCL001876,PCL001876,unresolved_singleton,Unresolved,1,1,,,,CRM001876,,,,,USR001046,,Alexander,Gill,Alexander Gill,alexander.gill@hotmail.com,+44 7342639045,,B1 4GK,1978-02-15,alexander,gill,alexandergill,alexander.gill@hotmail.com,07342639045,,B14GK,1978-02-15,2024-11-15,Email,Alexander,Gill,1978-02-15,alexander.gill@hotmail.com,+44 7342639045,,B1 4GK,,,,,,,,,,,,,,,,,,,,,,,,,,,,,,,,,,,,,
STG002021,CRM,CRM002021,DCL002021,PCL002021,unresolved_singleton,Unresolved,1,1,,,,CRM002021,,,,,,,Hugh,Watson,Hugh Watson,hugh.watson@hotmail.com,+44 7355583968,"Studio 6, Dean Common, York",,1981-12-05,hugh,watson,hughwatson,hugh.watson@hotmail.com,07355583968,studio 6 dean common york,,1981-12-05,2021-05-19,Telephone,Hugh,Watson,1981-12-05,hugh.watson@hotmail.com,+44 7355583968,"Studio 6, Dean Common, York",,,,,,,,,,,,,,,,,,,,,,,,,,,,,,,,,,,,,,
STG002034,CRM,CRM002034,DCL002034,PCL002034,unresolved_singleton,Unresolved,1,1,,,,CRM002034,,,,,,,Sphie,Mitchell,Sphie Mitchell,sophie.mitchell@hotmail.com,+44 7126905540,"61 Phillips Center, Edinburgh",EH1 0IE,1965-02-14,sphie,mitchell,sphiemitchell,sophie.mitchell@hotmail.com,07126905540,61 phillips center edinburgh,EH10IE,1965-02-14,2019-09-24,Email,Sphie,Mitchell,1965-02-14,sophie.mitchell@hotmail.com,+44 7126905540,"61 Phillips Center, Edinburgh",EH1 0IE,,,,,,,,,,,,,,,,,,,,,,,,,,,,,,,,,,,,,
STG002126,CRM,CRM002126,DCL002126,PCL002126,unresolved_singleton,Unresolved,1,1,,,,CRM002126,,,,,,,Mark,Young,Mark Young,mark.young@gmail.com,+44 7106404048,"Studio 00j, Dean Pines, London",SW1 6JK,1943-05-23,mark,young,markyoung,mark.young@gmail.com,07106404048,studio 00j dean pines london,SW16JK,1943-05-23,2021-10-13,Email,Mark,Young,1943-05-23,mark.young@gmail.com,+44 7106404048,"Studio 00j, Dean Pines, London",SW1 6JK,,,,,,,,,,,,,,,,,,,,,,,,,,,,,,,,,,,,,
STG002215,CRM,CRM002215,DCL002215,PCL002215,unresolved_singleton,Unresolved,1,1,,,,CRM002215,,,,,,,Callum,Bradley,Callum Bradley,callum.bradley@yahoo.com,+44 7055258406,"125 Khan Islands, Southampton",SO14 6BB,1968-12-06,callum,bradley,callumbradley,callum.bradley@yahoo.com,07055258406,125 khan islands southampton,SO146BB,1968-12-06,2022-02-22,Email,Callum,Bradley,1968-12-06,callum.bradley@yahoo.com,+44 7055258406,"125 Khan Islands, Southampton",SO14 6BB,,,,,,,,,,,,,,,,,,,,,,,,,,,,,,,,,,,,,
STG002291,CRM,CRM002291,DCL002291,PCL002291,unresolved_singleton,Unresolved,1,1,,,,CRM002291,,,,,,,Kimberley,Glover,Kimberley Glover,kimberley.glover2@hotmail.com,+44 7141633574,"Flat 8, Jennifer Valleys, Norwich",NR1 0JR,1978-06-26,kimberley,glover,kimberleyglover,kimberley.glover2@hotmail.com,07141633574,flat 8 jennifer valleys norwich,NR10JR,1978-06-26,2025-07-12,Email,Kimberley,Glover,1978-06-26,kimberley.glover2@hotmail.com,+44 7141633574,"Flat 8, Jennifer Valleys, Norwich",NR1 0JR,,,,,,,,,,,,,,,,,,,,,,,,,,,,,,,,,,,,,
STG002404,CRM,CRM002404,DCL002404,PCL002404,unresolved_singleton,Unresolved,1,1,,,,CRM002404,,,,,,,Gail,Morgan,Gail Morgan,gail.morgan2@gmail.com,+44 7790111940,"25 Sullivan Skyway, Shrewsbury",SY1 0VP,1968-01-14,gail,morgan,gailmorgan,gail.morgan2@gmail.com,07790111940,25 sullivan skyway shrewsbury,SY10VP,1968-01-14,2025-03-05,Email,Gail,Morgan,1968-01-14,gail.morgan2@gmail.com,+44 7790111940,"25 Sullivan Skyway, Shrewsbury",SY1 0VP,,,,,,,,,,,,,,,,,,,,,,,,,,,,,,,,,,,,,
STG002431,CRM,CRM002431,DCL002431,PCL002431,unresolved_singleton,Unresolved,1,1,,,,CRM002431,,,,,,,Maria,Kelly,Maria Kelly,maria.kelly@hotmail.com,,"Flat 7, Lawrence Estates, Liverpool",L1 9ND,1982-08-04,maria,kelly,mariakelly,maria.kelly@hotmail.com,,flat 7 lawrence estates liverpool,L19ND,1982-08-04,2019-04-08,Mail,Maria,Kelly,1982-08-04,maria.kelly@hotmail.com,,"Flat 7, Lawrence Estates, Liverpool",L1 9ND,,,,,,,,,,,,,,,,,,,,,,,,,,,,,,,,,,,,,
STG002467,CRM,CRM002467,DCL002467,PCL002467,unresolved_singleton,Unresolved,1,1,,,,CRM002467,,,,,,,Treesa,Marsh,Treesa Marsh,teresa.marsh@yahoo.com,,"Studio 4, Young Mill, Glasgow",G1 0EX,1963-12-28,treesa,marsh,treesamarsh,teresa.marsh@yahoo.com,,studio 4 young mill glasgow,G10EX,1963-12-28,2020-06-12,Email,Treesa,Marsh,1963-12-28,teresa.marsh@yahoo.com,,"Studio 4, Young Mill, Glasgow",G1 0EX,,,,,,,,,,,,,,,,,,,,,,,,,,,,,,,,,,,,,
STG002540,CRM,CRM002540,DCL002540,PCL002540,unresolved_singleton,Unresolved,1,1,,,,CRM002540,,,,,USR001392,,Glen,Ali,Glen Ali,glen.ali@gmail.com,+44 7831935258,"960 Dixon Manor, Southampton",SO14 5EJ,1971-07-15,glen,ali,glenali,glen.ali@gmail.com,07831935258,960 dixon manor southampton,SO145EJ,1971-07-15,2025-08-01,Email,Glen,Ali,1971-07-15,glen.ali@gmail.com,+44 7831935258,"960 Dixon Manor, Southampton",SO14 5EJ,,,,,,,,,,,,,,,,,,,,,,,,,,,,,,,,,,,,,
STG002615,CRM,CRM002615,DCL002615,PCL002615,unresolved_singleton,Unresolved,1,1,,,,CRM002615,,,,,,,Lawrence,Bird,Lawrence Bird,lawrence.bird@hotmail.com,+44 7616257291,"861 Brandon Terrace, London",NW14YL,1945-05-10,lawrence,bird,lawrencebird,lawrence.bird@hotmail.com,07616257291,861 brandon terrace london,NW14YL,1945-05-10,2020-07-06,Email,Lawrence,Bird,1945-05-10,lawrence.bird@hotmail.com,+44 7616257291,"861 Brandon Terrace, London",NW14YL,,,,,,,,,,,,,,,,,,,,,,,,,,,,,,,,,,,,,
STG002662,CRM,CRM002662,DCL002662,PCL002662,unresolved_singleton,Unresolved,1,1,,,,CRM002662,,,,,,,Raymond,Harper,Raymond Harper,raymond.harper@yahoo.com,+44 7759172472,"Flat 7, Harvey Avenue, London",E1 6QQ,1983-12-01,raymond,harper,raymondharper,raymond.harper@yahoo.com,07759172472,flat 7 harvey avenue london,E16QQ,1983-12-01,2025-06-06,Telephone,Raymond,Harper,1983-12-01,raymond.harper@yahoo.com,+44 7759172472,"Flat 7, Harvey Avenue, London",E1 6QQ,,,,,,,,,,,,,,,,,,,,,,,,,,,,,,,,,,,,,
STG002666,CRM,CRM002666,DCL002666,PCL002666,unresolved_singleton,Unresolved,1,1,,,,CRM002666,,,,,,,J.,Griffiths,J. Griffiths,joe.griffiths@wanadoo.fr,,"Studio 89, Price Village, London",W1 2DS,1954-06-19,j,griffiths,jgriffiths,joe.griffiths@wanadoo.fr,,studio 89 price village london,W12DS,1954-06-19,2023-04-16,Email,J.,Griffiths,1954-06-19,joe.griffiths@wanadoo.fr,,"Studio 89, Price Village, London",W1 2DS,,,,,,,,,,,,,,,,,,,,,,,,,,,,,,,,,,,,,
STG002692,CRM,CRM002692,DCL002692,PCL002692,unresolved_singleton,Unresolved,1,1,,,,CRM002692,,,,,USR001486,,Stewart,cSott,Stewart cSott,stewart.scott@msn.com,+44 7900185894,"Flat 70Y, Patrick Tunnel, Norwich",NR1 7LA,1998-10-18,stewart,csott,stewartcsott,stewart.scott@msn.com,07900185894,flat 70y patrick tunnel norwich,NR17LA,1998-10-18,2018-05-11,Telephone,Stewart,cSott,1998-10-18,stewart.scott@msn.com,+44 7900185894,"Flat 70Y, Patrick Tunnel, Norwich",NR1 7LA,,,,,,,,,,,,,,,,,,,,,,,,,,,,,,,,,,,,,
STG002694,CRM,CRM002694,DCL002694,PCL002694,unresolved_singleton,Unresolved,1,1,,,,CRM002694,,,,,,,Sian,Anderson,Sian Anderson,sian.anderson@gmail.com,+44 7904313550,"73 Martin Springs, Edinburgh",EH1 6KS,1973-05-05,sian,anderson,siananderson,sian.anderson@gmail.com,07904313550,73 martin springs edinburgh,EH16KS,1973-05-05,2022-08-03,Email,Sian,Anderson,1973-05-05,sian.anderson@gmail.com,+44 7904313550,"73 Martin Springs, Edinburgh",EH1 6KS,,,,,,,,,,,,,,,,,,,,,,,,,,,,,,,,,,,,,
STG002761,CRM,CRM002761,DCL002761,PCL002761,unresolved_singleton,Unresolved,1,1,,,,CRM002761,,,,,,,Christopher,Davies,Christopher Davies,christopher.davies@gmail.com,+44 7207371820,"Studio 37, Darren Meadows, Newry",BT34 5NN,1991-07-19,christopher,davies,christopherdavies,christopher.davies@gmail.com,07207371820,studio 37 darren meadows newry,BT345NN,1991-07-19,2025-06-19,Email,Christopher,Davies,1991-07-19,christopher.davies@gmail.com,+44 7207371820,"Studio 37, Darren Meadows, Newry",BT34 5NN,,,,,,,,,,,,,,,,,,,,,,,,,,,,,,,,,,,,,
STG002832,CRM,CRM002832,DCL002832,PCL002832,unresolved_singleton,Unresolved,1,1,,,,CRM002832,,,,,,,Douglas,Smith,Douglas Smith,douglas.smith@gmail.com,+44 7771892013,"78 Morris Parkway, Preston",PR1 8RQ,1943-04-10,douglas,smith,douglassmith,douglas.smith@gmail.com,07771892013,78 morris parkway preston,PR18RQ,1943-04-10,2021-05-18,Email,Douglas,Smith,1943-04-10,douglas.smith@gmail.com,+44 7771892013,"78 Morris Parkway, Preston",PR1 8RQ,,,,,,,,,,,,,,,,,,,,,,,,,,,,,,,,,,,,,
STG002859,CRM,CRM002859,DCL002859,PCL002859,unresolved_singleton,Unresolved,1,1,,,,CRM002859,,,,,USR001578,,Heather,Gordon,Heather Gordon,heather.gordon@hotmail.com,+44 7549664187,,CB11UK,1996-08-16,heather,gordon,heathergordon,heather.gordon@hotmail.com,07549664187,,CB11UK,1996-08-16,2022-12-04,Email,Heather,Gordon,1996-08-16,heather.gordon@hotmail.com,+44 7549664187,,CB11UK,,,,,,,,,,,,,,,,,,,,,,,,,,,,,,,,,,,,,
STG003021,CRM,CRM003021,DCL003021,PCL003021,unresolved_singleton,Unresolved,1,1,,,,CRM003021,,,,,,,Clare,Smith,Clare Smith,clare.smith@gmail.com,+44 7374225373,"616 Sanderson Lock, Guildford",GU1 7WU,1969-11-10,clare,smith,claresmith,clare.smith@gmail.com,07374225373,616 sanderson lock guildford,GU17WU,1969-11-10,2019-07-30,Email,Clare,Smith,1969-11-10,clare.smith@gmail.com,+44 7374225373,"616 Sanderson Lock, Guildford",GU1 7WU,,,,,,,,,,,,,,,,,,,,,,,,,,,,,,,,,,,,,
STG003046,CRM,CRM003046,DCL003046,PCL003046,unresolved_singleton,Unresolved,1,1,,,,CRM003046,,,,,,,Arthur,Hutchinson,Arthur Hutchinson,arthur.hutchinson@hotmail.com,+44 7425141380,"Flat 7, Mohamed Unions, Chester",CH1 1CH,1961-01-13,arthur,hutchinson,arthurhutchinson,arthur.hutchinson@hotmail.com,07425141380,flat 7 mohamed unions chester,CH11CH,1961-01-13,2025-01-19,Telephone,Arthur,Hutchinson,1961-01-13,arthur.hutchinson@hotmail.com,+44 7425141380,"Flat 7, Mohamed Unions, Chester",CH1 1CH,,,,,,,,,,,,,,,,,,,,,,,,,,,,,,,,,,,,,
STG003077,CRM,CRM003077,DCL003077,PCL003077,unresolved_singleton,Unresolved,1,1,,,,CRM003077,,,,,,,M.,Houghton,M. Houghton,mandy.houghton@yahoo.com,07315079727,"Studio 81, Daly Branch, London",SE1 1ZG,1980-08-08,m,houghton,mhoughton,mandy.houghton@yahoo.com,07315079727,studio 81 daly branch london,SE11ZG,1980-08-08,2025-07-04,Email,M.,Houghton,1980-08-08,mandy.houghton@yahoo.com,07315079727,"Studio 81, Daly Branch, London",SE1 1ZG,,,,,,,,,,,,,,,,,,,,,,,,,,,,,,,,,,,,,
STG003111,CRM,CRM003111,DCL003111,PCL003111,unresolved_singleton,Unresolved,1,1,,,,CRM003111,,,,,USR001727,,Cameron,Nixon,Cameron Nixon,cameron.nixon@hotmail.com,+44 7950464425,"8 Fox Village, Wrexham",LL11 1SE,2003-09-25,cameron,nixon,cameronnixon,cameron.nixon@hotmail.com,07950464425,8 fox village wrexham,LL111SE,2003-09-25,2025-09-10,Email,Cameron,Nixon,2003-09-25,cameron.nixon@hotmail.com,+44 7950464425,"8 Fox Village, Wrexham",LL11 1SE,,,,,,,,,,,,,,,,,,,,,,,,,,,,,,,,,,,,,
STG003115,CRM,CRM003115,DCL003115,PCL003115,unresolved_singleton,Unresolved,1,1,,,,CRM003115,,,,,USR001729,,Stephen,Richards,Stephen Richards,stephen.richards@gmail.com,+44 7841612812,"60 Terence Drives, Lincoln",LN1 9GH,1949-01-30,stephen,richards,stephenrichards,stephen.richards@gmail.com,07841612812,60 terence drives lincoln,LN19GH,1949-01-30,2024-12-28,Telephone,Stephen,Richards,1949-01-30,stephen.richards@gmail.com,+44 7841612812,"60 Terence Drives, Lincoln",LN1 9GH,,,,,,,,,,,,,,,,,,,,,,,,,,,,,,,,,,,,,
STG003119,CRM,CRM003119,DCL003119,PCL003119,unresolved_singleton,Unresolved,1,1,,,,CRM003119,,,,,USR001731,,Eleanor,Clayton,Eleanor Clayton,eleanor.clayton@yahoo.com,+44 7686661973,"Studio 4, Jemma Garden, Bath",BA1 2CF,1980-03-25,eleanor,clayton,eleanorclayton,eleanor.clayton@yahoo.com,07686661973,studio 4 jemma garden bath,BA12CF,1980-03-25,2025-12-30,Email,Eleanor,Clayton,1980-03-25,eleanor.clayton@yahoo.com,+44 7686661973,"Studio 4, Jemma Garden, Bath",BA1 2CF,,,,,,,,,,,,,,,,,,,,,,,,,,,,,,,,,,,,,
STG003247,CRM,CRM003247,DCL003247,PCL003247,unresolved_singleton,Unresolved,1,1,,,,CRM003247,,,,,,,Bernard,Bradley,Bernard Bradley,bernard.bradley@yahoo.com,07012 993 348,"Flat 86, Chapman Union, Chester",CH1 8VJ,1986-08-11,bernard,bradley,bernardbradley,bernard.bradley@yahoo.com,07012993348,flat 86 chapman union chester,CH18VJ,1986-08-11,2018-04-10,Email,Bernard,Bradley,1986-08-11,bernard.bradley@yahoo.com,07012 993 348,"Flat 86, Chapman Union, Chester",CH1 8VJ,,,,,,,,,,,,,,,,,,,,,,,,,,,,,,,,,,,,,
STG003272,CRM,CRM003272,DCL003272,PCL003272,unresolved_singleton,Unresolved,1,1,,,,CRM003272,,,,,,,Kelly,Hughes,Kelly Hughes,kelly.hughes@hotmail.com,,"Studio 11, Griffiths Stream, London",SE1 5OZ,1968-09-18,kelly,hughes,kellyhughes,kelly.hughes@hotmail.com,,studio 11 griffiths stream london,SE15OZ,1968-09-18,2021-12-19,Email,Kelly,Hughes,1968-09-18,kelly.hughes@hotmail.com,,"Studio 11, Griffiths Stream, London",SE1 5OZ,,,,,,,,,,,,,,,,,,,,,,,,,,,,,,,,,,,,,
STG003285,CRM,CRM003285,DCL003285,PCL003285,unresolved_singleton,Unresolved,1,1,,,,CRM003285,,,,,USR001830,,June,Walters,June Walters,june.walters@yahoo.com,+44 7492729126,"Studio 5, Harrison Forest, Nottingham",NG1 5WF,1995-02-17,june,walters,junewalters,june.walters@yahoo.com,07492729126,studio 5 harrison forest nottingham,NG15WF,1995-02-17,2025-01-12,Telephone,June,Walters,1995-02-17,june.walters@yahoo.com,+44 7492729126,"Studio 5, Harrison Forest, Nottingham",NG1 5WF,,,,,,,,,,,,,,,,,,,,,,,,,,,,,,,,,,,,,
STG003385,CRM,CRM003385,DCL003385,PCL003385,unresolved_singleton,Unresolved,1,1,,,,CRM003385,,,,,,,Damien,Rogers,Damien Rogers,damien.rogers@hotmail.com,+44 7124453606,"Studio 2, Evans Mountains, Coventry",CV1 7CQ,1998-11-29,damien,rogers,damienrogers,damien.rogers@hotmail.com,07124453606,studio 2 evans mountains coventry,CV17CQ,1998-11-29,2025-04-13,Email,Damien,Rogers,1998-11-29,damien.rogers@hotmail.com,+44 7124453606,"Studio 2, Evans Mountains, Coventry",CV1 7CQ,,,,,,,,,,,,,,,,,,,,,,,,,,,,,,,,,,,,,
STG003406,CRM,CRM003406,DCL003406,PCL003406,unresolved_singleton,Unresolved,1,1,,,,CRM003406,,,,,,,Emma,Gant,Emma Gant,emma.grant@yahoo.fr,+44 7857833081,"Flat 73, Patterson Route, Durham",DH1 1YC,1995-07-09,emma,gant,emmagant,emma.grant@yahoo.fr,07857833081,flat 73 patterson route durham,DH11YC,1995-07-09,2025-12-27,Telephone,Emma,Gant,1995-07-09,emma.grant@yahoo.fr,+44 7857833081,"Flat 73, Patterson Route, Durham",DH1 1YC,,,,,,,,,,,,,,,,,,,,,,,,,,,,,,,,,,,,,
STG003415,CRM,CRM003415,DCL003415,PCL003415,unresolved_singleton,Unresolved,1,1,,,,CRM003415,,,,,,,Katy,Crawford,Katy Crawford,katy.crawford@gmail.com,0044 7908942539,"211 Pearson Roads, Bath",BA1 3YF,1954-06-11,katy,crawford,katycrawford,katy.crawford@gmail.com,07908942539,211 pearson roads bath,BA13YF,1954-06-11,2018-05-07,Email,Katy,Crawford,1954-06-11,katy.crawford@gmail.com,0044 7908942539,"211 Pearson Roads, Bath",BA1 3YF,,,,,,,,,,,,,,,,,,,,,,,,,,,,,,,,,,,,,
STG003607,CRM,CRM003607,DCL003607,PCL003607,unresolved_singleton,Unresolved,1,1,,,,CRM003607,,,,,,,Ashley,Clarke,Ashley Clarke,ashley.clarke@yahoo.com,,"02 Gavin Wall, Aberdeen",AB10 1ET,1968-09-17,ashley,clarke,ashleyclarke,ashley.clarke@yahoo.com,,02 gavin wall aberdeen,AB101ET,1968-09-17,2023-06-13,Email,Ashley,Clarke,1968-09-17,ashley.clarke@yahoo.com,,"02 Gavin Wall, Aberdeen",AB10 1ET,,,,,,,,,,,,,,,,,,,,,,,,,,,,,,,,,,,,,
STG003702,CRM,CRM003702,DCL003702,PCL003702,unresolved_singleton,Unresolved,1,1,,,,CRM003702,,,,,,,Rita,Morris,Rita Morris,rita.morris@hotmail.com,+44 7976049614,"Studio 05, Wright Square, Southampton",SO14 3OJ,1952-04-24,rita,morris,ritamorris,rita.morris@hotmail.com,07976049614,studio 05 wright square southampton,SO143OJ,1952-04-24,2025-05-28,Email,Rita,Morris,1952-04-24,rita.morris@hotmail.com,+44 7976049614,"Studio 05, Wright Square, Southampton",SO14 3OJ,,,,,,,,,,,,,,,,,,,,,,,,,,,,,,,,,,,,,
STG003709,CRM,CRM003709,DCL003709,PCL003709,unresolved_singleton,Unresolved,1,1,,,,CRM003709,,,,,USR002069,,Carl,Carter,Carl Carter,carl.carter@gmail.com,,"7 Mitchell Trace, Southampton",SO14 2LC,1962-05-28,carl,carter,carlcarter,carl.carter@gmail.com,,7 mitchell trace southampton,SO142LC,1962-05-28,2025-03-08,Mail,Carl,Carter,1962-05-28,carl.carter@gmail.com,,"7 Mitchell Trace, Southampton",SO14 2LC,,,,,,,,,,,,,,,,,,,,,,,,,,,,,,,,,,,,,
STG003755,CRM,CRM003755,DCL003755,PCL003755,unresolved_singleton,Unresolved,1,1,,,,CRM003755,,,,,,,Denise,Whitehouse,Denise Whitehouse,denise.whitehouse@gmail.com,+44 7141259421,"88 Thomas Mountains, Reading",RG1 3OZ,1965-11-19,denise,whitehouse,denisewhitehouse,denise.whitehouse@gmail.com,07141259421,88 thomas mountains reading,RG13OZ,1965-11-19,2020-04-09,Email,Denise,Whitehouse,1965-11-19,denise.whitehouse@gmail.com,+44 7141259421,"88 Thomas Mountains, Reading",RG1 3OZ,,,,,,,,,,,,,,,,,,,,,,,,,,,,,,,,,,,,,
STG003787,CRM,CRM003787,DCL003787,PCL003787,unresolved_singleton,Unresolved,1,1,,,,CRM003787,,,,,,,Lynda,Mellor,Lynda Mellor,lynda.mellor@yahoo.com,,"Flat 86k, Clarke Camp, Derry",BT48 3NE,1950-11-30,lynda,mellor,lyndamellor,lynda.mellor@yahoo.com,,flat 86k clarke camp derry,BT483NE,1950-11-30,2022-12-18,Email,Lynda,Mellor,1950-11-30,lynda.mellor@yahoo.com,,"Flat 86k, Clarke Camp, Derry",BT48 3NE,,,,,,,,,,,,,,,,,,,,,,,,,,,,,,,,,,,,,
STG003868,CRM,CRM003868,DCL003868,PCL003868,unresolved_singleton,Unresolved,1,1,,,,CRM003868,,,,,,,Shaun,Spencer,Shaun Spencer,,+44 7733525672,"Studio 52x, Jones Circle, Bath",BA1 0CI,1967-03-14,shaun,spencer,shaunspencer,,07733525672,studio 52x jones circle bath,BA10CI,1967-03-14,2025-02-17,Telephone,Shaun,Spencer,1967-03-14,,+44 7733525672,"Studio 52x, Jones Circle, Bath",BA1 0CI,,,,,,,,,,,,,,,,,,,,,,,,,,,,,,,,,,,,,
STG003890,CRM,CRM003890,DCL003890,PCL003890,unresolved_singleton,Unresolved,1,1,,,,CRM003890,,,,,,,Kelly,Doherty,Kelly Doherty,kelly.doherty@yahoo.com,+44 7813868395,"168 Bird Unions, Inverness",IV1 3ZU,1986-07-29,kelly,doherty,kellydoherty,kelly.doherty@yahoo.com,07813868395,168 bird unions inverness,IV13ZU,1986-07-29,2025-11-17,Telephone,Kelly,Doherty,1986-07-29,kelly.doherty@yahoo.com,+44 7813868395,"168 Bird Unions, Inverness",IV1 3ZU,,,,,,,,,,,,,,,,,,,,,,,,,,,,,,,,,,,,,
STG003954,CRM,CRM003954,DCL003954,PCL003954,unresolved_singleton,Unresolved,1,1,,,,CRM003954,,,,,,,Nathan,Coles,Nathan Coles,nathan.coles@gmail.com,+447974756244,"Flat 6, Lydia Lodge, Exeter",EX1 6ZL,1973-08-14,nathan,coles,nathancoles,nathan.coles@gmail.com,07974756244,flat 6 lydia lodge exeter,EX16ZL,1973-08-14,2019-01-02,Email,Nathan,Coles,1973-08-14,nathan.coles@gmail.com,+447974756244,"Flat 6, Lydia Lodge, Exeter",EX1 6ZL,,,,,,,,,,,,,,,,,,,,,,,,,,,,,,,,,,,,,
STG003963,CRM,CRM003963,DCL003963,PCL003963,unresolved_singleton,Unresolved,1,1,,,,CRM003963,,,,,,,Janice,Fowler,Janice Fowler,,+44 7804360915,,OX1 1XY,1949-09-27,janice,fowler,janicefowler,,07804360915,,OX11XY,1949-09-27,2020-04-25,Telephone,Janice,Fowler,1949-09-27,,+44 7804360915,,OX1 1XY,,,,,,,,,,,,,,,,,,,,,,,,,,,,,,,,,,,,,
STG003975,CRM,CRM003975,DCL003975,PCL003975,unresolved_singleton,Unresolved,1,1,,,,CRM003975,,,,,,,Calr,Harper,Calr Harper,carl.harper@hotmail.co.uk,+44 7294998278,"4 Gareth Lake, Middlesbrough",TS1 9GG,1945-09-09,calr,harper,calrharper,carl.harper@hotmail.co.uk,07294998278,4 gareth lake middlesbrough,TS19GG,1945-09-09,2021-03-06,Mail,Calr,Harper,1945-09-09,carl.harper@hotmail.co.uk,+44 7294998278,"4 Gareth Lake, Middlesbrough",TS1 9GG,,,,,,,,,,,,,,,,,,,,,,,,,,,,,,,,,,,,,
STG004089,CRM,CRM004089,DCL004089,PCL004089,unresolved_singleton,Unresolved,1,1,,,,CRM004089,,,,,,,Charlene,Mitchell,Charlene Mitchell,charlene.mitchell@yahoo.com,+44 7964693311,"7 Annette Terrace, Harrogate",HG1 4MT,1979-05-02,charlene,mitchell,charlenemitchell,charlene.mitchell@yahoo.com,07964693311,7 annette terrace harrogate,HG14MT,1979-05-02,2018-01-10,Email,Charlene,Mitchell,1979-05-02,charlene.mitchell@yahoo.com,+44 7964693311,"7 Annette Terrace, Harrogate",HG1 4MT,,,,,,,,,,,,,,,,,,,,,,,,,,,,,,,,,,,,,
STG004102,CRM,CRM004102,DCL004102,PCL004102,unresolved_singleton,Unresolved,1,1,,,,CRM004102,,,,,,,Martyn,Burke,Martyn Burke,martyn.burke@aol.com,+44 7363416301,"Studio 4, Sandra Court, Carlisle",CA14IX,1979-11-17,martyn,burke,martynburke,martyn.burke@aol.com,07363416301,studio 4 sandra court carlisle,CA14IX,1979-11-17,2022-08-31,Telephone,Martyn,Burke,1979-11-17,martyn.burke@aol.com,+44 7363416301,"Studio 4, Sandra Court, Carlisle",CA14IX,,,,,,,,,,,,,,,,,,,,,,,,,,,,,,,,,,,,,
STG004124,CRM,CRM004124,DCL004124,PCL004124,unresolved_singleton,Unresolved,1,1,,,,CRM004124,,,,,,,Denise,Simpson,Denise Simpson,denise.simpson@hotmail.com,+44 7605455323,"Studio 2, Joan Road, London",N1 3DB,1972-06-02,denise,simpson,denisesimpson,denise.simpson@hotmail.com,07605455323,studio 2 joan road london,N13DB,1972-06-02,2025-08-31,Email,Denise,Simpson,1972-06-02,denise.simpson@hotmail.com,+44 7605455323,"Studio 2, Joan Road, London",N1 3DB,,,,,,,,,,,,,,,,,,,,,,,,,,,,,,,,,,,,,
STG004149,CRM,CRM004149,DCL004149,PCL004149,unresolved_singleton,Unresolved,1,1,,,,CRM004149,,,,,,,L.,Joyce,L. Joyce,louis.joyce@hotmail.com,+44 7046961575,"227 Tracey Springs, Ipswich",IP10OL,1950-07-02,l,joyce,ljoyce,louis.joyce@hotmail.com,07046961575,227 tracey springs ipswich,IP10OL,1950-07-02,2025-06-26,Email,L.,Joyce,1950-07-02,louis.joyce@hotmail.com,+44 7046961575,"227 Tracey Springs, Ipswich",IP10OL,,,,,,,,,,,,,,,,,,,,,,,,,,,,,,,,,,,,,
STG004185,CRM,CRM004185,DCL004185,PCL004185,unresolved_singleton,Unresolved,1,1,,,,CRM004185,,,,,,,James,Griffiths,James Griffiths,JAMES.GRIFFITHS@GMAIL.COM,+44 7657592622,"24 Kathleen Summit, Hull",HU1 3MF,1976-06-07,james,griffiths,jamesgriffiths,james.griffiths@gmail.com,07657592622,24 kathleen summit hull,HU13MF,1976-06-07,2025-03-28,Email,James,Griffiths,1976-06-07,JAMES.GRIFFITHS@GMAIL.COM,+44 7657592622,"24 Kathleen Summit, Hull",HU1 3MF,,,,,,,,,,,,,,,,,,,,,,,,,,,,,,,,,,,,,
STG004240,CRM,CRM004240,DCL004240,PCL004240,unresolved_singleton,Unresolved,1,1,,,,CRM004240,,,,,,,Jack,Atkinson,Jack Atkinson,jack.atkinson@hotmail.com,+44 7023355414,"1 Jennifer Plaza, Cambridge",CB10KY,1973-06-13,jack,atkinson,jackatkinson,jack.atkinson@hotmail.com,07023355414,1 jennifer plaza cambridge,CB10KY,1973-06-13,2025-10-31,Email,Jack,Atkinson,1973-06-13,jack.atkinson@hotmail.com,+44 7023355414,"1 Jennifer Plaza, Cambridge",CB10KY,,,,,,,,,,,,,,,,,,,,,,,,,,,,,,,,,,,,,
STG004337,CRM,CRM004337,DCL004337,PCL004337,unresolved_singleton,Unresolved,1,1,,,,CRM004337,,,,,,,Russell,Hayward,Russell Hayward,russell.hayward@yahoo.com,+44 7815379205,"Flat 58, Diana Crest, Southampton",SO14 4BE,1964-12-17,russell,hayward,russellhayward,russell.hayward@yahoo.com,07815379205,flat 58 diana crest southampton,SO144BE,1964-12-17,2023-12-31,Telephone,Russell,Hayward,1964-12-17,russell.hayward@yahoo.com,+44 7815379205,"Flat 58, Diana Crest, Southampton",SO14 4BE,,,,,,,,,,,,,,,,,,,,,,,,,,,,,,,,,,,,,
STG004342,CRM,CRM004342,DCL004342,PCL004342,unresolved_singleton,Unresolved,1,1,,,,CRM004342,,,,,,,Gregory,Page,Gregory Page,gregory.page@gmail.com,+44 7400349648,"Studio 90, Geraldine Tunnel, Portsmouth",PO1 2OL,1973-09-25,gregory,page,gregorypage,gregory.page@gmail.com,07400349648,studio 90 geraldine tunnel portsmouth,PO12OL,1973-09-25,2023-12-04,Telephone,Gregory,Page,1973-09-25,gregory.page@gmail.com,+44 7400349648,"Studio 90, Geraldine Tunnel, Portsmouth",PO1 2OL,,,,,,,,,,,,,,,,,,,,,,,,,,,,,,,,,,,,,
STG004439,CRM,CRM004439,DCL004439,PCL004439,unresolved_singleton,Unresolved,1,1,,,,CRM004439,,,,,,,Abigail,Graham,Abigail Graham,abigail.graham@hotmail.fr,+44 7554983792,"64 Kate Ranch, Worcester",WR1 9GC,1953-03-24,abigail,graham,abigailgraham,abigail.graham@hotmail.fr,07554983792,64 kate ranch worcester,WR19GC,1953-03-24,2020-04-12,Email,Abigail,Graham,1953-03-24,abigail.graham@hotmail.fr,+44 7554983792,"64 Kate Ranch, Worcester",WR1 9GC,,,,,,,,,,,,,,,,,,,,,,,,,,,,,,,,,,,,,
STG004567,CRM,CRM004567,DCL004567,PCL004567,unresolved_singleton,Unresolved,1,1,,,,CRM004567,,,,,,,J.,Singh,J. Singh,joshua.singh@yahoo.com,+44 7741180781,"72 Mark Trail, Luton",LU1 6HT,1989-08-06,j,singh,jsingh,joshua.singh@yahoo.com,07741180781,72 mark trail luton,LU16HT,1989-08-06,2025-10-09,Mail,J.,Singh,1989-08-06,joshua.singh@yahoo.com,+44 7741180781,"72 Mark Trail, Luton",LU1 6HT,,,,,,,,,,,,,,,,,,,,,,,,,,,,,,,,,,,,,
STG004655,CRM,CRM004655,DCL004655,PCL004655,unresolved_singleton,Unresolved,1,1,,,,CRM004655,,,,,,,Lynne,Stephenson,Lynne Stephenson,,+44 7183465440,"54 Nicola Walk, Gloucester",GL1 2OC,1962-02-13,lynne,stephenson,lynnestephenson,,07183465440,54 nicola walk gloucester,GL12OC,1962-02-13,2023-05-04,Telephone,Lynne,Stephenson,1962-02-13,,+44 7183465440,"54 Nicola Walk, Gloucester",GL1 2OC,,,,,,,,,,,,,,,,,,,,,,,,,,,,,,,,,,,,,
STG004708,CRM,CRM004708,DCL004708,PCL004708,unresolved_singleton,Unresolved,1,1,,,,CRM004708,,,,,,,Laura,Davies,Laura Davies,laura.davies@yahoo.com,,"Studio 65, Frances Fort, Southampton",SO14 6EB,1989-01-18,laura,davies,lauradavies,laura.davies@yahoo.com,,studio 65 frances fort southampton,SO146EB,1989-01-18,2025-06-13,Email,Laura,Davies,1989-01-18,laura.davies@yahoo.com,,"Studio 65, Frances Fort, Southampton",SO14 6EB,,,,,,,,,,,,,,,,,,,,,,,,,,,,,,,,,,,,,
STG004773,CRM,CRM004773,DCL004773,PCL004773,unresolved_singleton,Unresolved,1,1,,,,CRM004773,,,,,,,Anna,Ball,Anna Ball,anna.ball@yahoo.com,+44 7249879179,"53 Davies Road, Stoke-on-Trent",ST1 3OA,1966-01-31,anna,ball,annaball,anna.ball@yahoo.com,07249879179,53 davies road stoke on trent,ST13OA,1966-01-31,2020-03-25,Mail,Anna,Ball,1966-01-31,anna.ball@yahoo.com,+44 7249879179,"53 Davies Road, Stoke-on-Trent",ST1 3OA,,,,,,,,,,,,,,,,,,,,,,,,,,,,,,,,,,,,,
STG004901,CRM,CRM004901,DCL004901,PCL004901,unresolved_singleton,Unresolved,1,1,,,,CRM004901,,,,,USR002722,,Joel,Gordon,Joel Gordon,joel.gordon@gmail.com,+44 7000 626223,"Studio 2, Trevor Plains, Middlesbrough",TS1 0GS,2003-12-01,joel,gordon,joelgordon,joel.gordon@gmail.com,07000626223,studio 2 trevor plains middlesbrough,TS10GS,2003-12-01,2023-11-25,Email,Joel,Gordon,2003-12-01,joel.gordon@gmail.com,+44 7000 626223,"Studio 2, Trevor Plains, Middlesbrough",TS1 0GS,,,,,,,,,,,,,,,,,,,,,,,,,,,,,,,,,,,,,
STG004902,CRM,CRM004902,DCL004902,PCL004902,unresolved_singleton,Unresolved,1,1,,,,CRM004902,,,,,,,Dylan,Lynch,Dylan Lynch,dylan.lynch@hotmail.com,+44 7360207069,"Studio 02J, Brown Club, Dundee",DD1 4EG,1970-06-04,dylan,lynch,dylanlynch,dylan.lynch@hotmail.com,07360207069,studio 02j brown club dundee,DD14EG,1970-06-04,2021-10-06,Email,Dylan,Lynch,1970-06-04,dylan.lynch@hotmail.com,+44 7360207069,"Studio 02J, Brown Club, Dundee",DD1 4EG,,,,,,,,,,,,,,,,,,,,,,,,,,,,,,,,,,,,,
STG004933,CRM,CRM004933,DCL004933,PCL004933,unresolved_singleton,Unresolved,1,1,,,,CRM004933,,,,,,,Jemma,Ward,Jemma Ward,jemma.ward@hotmail.com,+44 7204539383,"Flat 66, Sheila Centers, Harrogate",HG1 2XI,1995-07-07,jemma,ward,jemmaward,jemma.ward@hotmail.com,07204539383,flat 66 sheila centers harrogate,HG12XI,1995-07-07,2019-07-31,Email,Jemma,Ward,1995-07-07,jemma.ward@hotmail.com,+44 7204539383,"Flat 66, Sheila Centers, Harrogate",HG1 2XI,,,,,,,,,,,,,,,,,,,,,,,,,,,,,,,,,,,,,
STG004958,CRM,CRM004958,DCL004958,PCL004958,unresolved_singleton,Unresolved,1,1,,,,CRM004958,,,,,,,Chelsea,Dean,Chelsea Dean,,07111690809,"Studio 84, Jennifer Manor, London",E1 0LC,1991-06-30,chelsea,dean,chelseadean,,07111690809,studio 84 jennifer manor london,E10LC,1991-06-30,2021-11-14,Telephone,Chelsea,Dean,1991-06-30,,07111690809,"Studio 84, Jennifer Manor, London",E1 0LC,,,,,,,,,,,,,,,,,,,,,,,,,,,,,,,,,,,,,
STG005000,CRM,CRM005000,DCL005000,PCL005000,unresolved_singleton,Unresolved,1,1,,,,CRM005000,,,,,,,Melissa,Davis,Melissa Davis,melissa.davis@gmail.com,+44 7360465632,"Studio 8, Allen Spur, London",NW1 1GO,1960-08-07,melissa,davis,melissadavis,melissa.davis@gmail.com,07360465632,studio 8 allen spur london,NW11GO,1960-08-07,2025-05-23,Email,Melissa,Davis,1960-08-07,melissa.davis@gmail.com,+44 7360465632,"Studio 8, Allen Spur, London",NW1 1GO,,,,,,,,,,,,,,,,,,,,,,,,,,,,,,,,,,,,,
STG005008,CRM,CRM005008,DCL005008,PCL005008,unresolved_singleton,Unresolved,1,1,,,,CRM005008,,,,,,,Graham,Rbinson,Graham Rbinson,graham.robinson@hotmail.com,,"Studio 56i, Ward Parkway, Guildford",GU1 9AA,1998-08-13,graham,rbinson,grahamrbinson,graham.robinson@hotmail.com,,studio 56i ward parkway guildford,GU19AA,1998-08-13,2020-08-26,Email,Graham,Rbinson,1998-08-13,graham.robinson@hotmail.com,,"Studio 56i, Ward Parkway, Guildford",GU1 9AA,,,,,,,,,,,,,,,,,,,,,,,,,,,,,,,,,,,,,
STG005168,CRM,CRM005168,DCL005168,PCL005168,unresolved_singleton,Unresolved,1,1,,,,CRM005168,,,,,USR002862,,Alan,Howarth,Alan Howarth,alan.howarth@gmail.com,+44 7227230433,"Flat 81J, Ann Grove, London",N1 2MZ,1971-09-19,alan,howarth,alanhowarth,alan.howarth@gmail.com,07227230433,flat 81j ann grove london,N12MZ,1971-09-19,2025-03-09,Email,Alan,Howarth,1971-09-19,alan.howarth@gmail.com,+44 7227230433,"Flat 81J, Ann Grove, London",N1 2MZ,,,,,,,,,,,,,,,,,,,,,,,,,,,,,,,,,,,,,
STG005169,CRM,CRM005169,DCL005169,PCL005169,unresolved_singleton,Unresolved,1,1,,,,CRM005169,,,,,,,Lorraine,Howarth,Lorraine Howarth,lorraine.howarth@hotmail.com,+44 7309 422102,"99 Campbell Meadows, Guildford",GU1 4PK,1996-06-02,lorraine,howarth,lorrainehowarth,lorraine.howarth@hotmail.com,07309422102,99 campbell meadows guildford,GU14PK,1996-06-02,2025-02-08,Telephone,Lorraine,Howarth,1996-06-02,lorraine.howarth@hotmail.com,+44 7309 422102,"99 Campbell Meadows, Guildford",GU1 4PK,,,,,,,,,,,,,,,,,,,,,,,,,,,,,,,,,,,,,
STG005236,CRM,CRM005236,DCL005236,PCL005236,unresolved_singleton,Unresolved,1,1,,,,CRM005236,,,,,,,Stanley,Austin,Stanley Austin,stanley.austin@hotmail.com,+44 7068691241,"Flat 60K, Jacob Brook, Armagh",BT61 6QJ,2000-11-02,stanley,austin,stanleyaustin,stanley.austin@hotmail.com,07068691241,flat 60k jacob brook armagh,BT616QJ,2000-11-02,2025-02-08,Email,Stanley,Austin,2000-11-02,stanley.austin@hotmail.com,+44 7068691241,"Flat 60K, Jacob Brook, Armagh",BT61 6QJ,,,,,,,,,,,,,,,,,,,,,,,,,,,,,,,,,,,,,
STG005239,CRM,CRM005239,DCL005239,PCL005239,unresolved_singleton,Unresolved,1,1,,,,CRM005239,,,,,,,Jean,Collier,Jean Collier,jean.collier@yahoo.com,+44 7677046508,,PO1 6GB,1960-07-26,jean,collier,jeancollier,jean.collier@yahoo.com,07677046508,,PO16GB,1960-07-26,2020-09-13,Email,Jean,Collier,1960-07-26,jean.collier@yahoo.com,+44 7677046508,,PO1 6GB,,,,,,,,,,,,,,,,,,,,,,,,,,,,,,,,,,,,,
STG005301,CRM,CRM005301,DCL005301,PCL005301,unresolved_singleton,Unresolved,1,1,,,,CRM005301,,,,,,,Douglas,Stephenson,Douglas Stephenson,douglas.stephenson@gmail.com,+44 7997526757,"Studio 10, Brown Light, Brighton",BN1 3TY,1969-12-28,douglas,stephenson,douglasstephenson,douglas.stephenson@gmail.com,07997526757,studio 10 brown light brighton,BN13TY,1969-12-28,2020-02-10,Email,Douglas,Stephenson,1969-12-28,douglas.stephenson@gmail.com,+44 7997526757,"Studio 10, Brown Light, Brighton",BN1 3TY,,,,,,,,,,,,,,,,,,,,,,,,,,,,,,,,,,,,,
STG005315,CRM,CRM005315,DCL005315,PCL005315,unresolved_singleton,Unresolved,1,1,,,,CRM005315,,,,,,,Anthony,Lee,Anthony Lee,anthony.lee@aol.com,+44 7918848968,"Flat 9, Dixon Lock, Manchester",,1975-12-29,anthony,lee,anthonylee,anthony.lee@aol.com,07918848968,flat 9 dixon lock manchester,,1975-12-29,2020-04-01,Email,Anthony,Lee,1975-12-29,anthony.lee@aol.com,+44 7918848968,"Flat 9, Dixon Lock, Manchester",,,,,,,,,,,,,,,,,,,,,,,,,,,,,,,,,,,,,,
STG005346,CRM,CRM005346,DCL005346,PCL005346,unresolved_singleton,Unresolved,1,1,,,,CRM005346,,,,,,,Dean,Jones,Dean Jones,dean.jones@gmail.com,+44 7740471165,"Flat 6, Barker Greens, Nottingham",,2002-11-04,dean,jones,deanjones,dean.jones@gmail.com,07740471165,flat 6 barker greens nottingham,,2002-11-04,2025-01-18,Email,Dean,Jones,2002-11-04,dean.jones@gmail.com,+44 7740471165,"Flat 6, Barker Greens, Nottingham",,,,,,,,,,,,,,,,,,,,,,,,,,,,,,,,,,,,,,
STG005353,CRM,CRM005353,DCL005353,PCL005353,unresolved_singleton,Unresolved,1,1,,,,CRM005353,,,,,,,Gillian,Wood,Gillian Wood,gillian.wood@yahoo.com,,"Flat 8, Laura Knoll, Swansea",SA1 4II,1999-10-10,gillian,wood,gillianwood,gillian.wood@yahoo.com,,flat 8 laura knoll swansea,SA14II,1999-10-10,2025-12-29,Mail,Gillian,Wood,1999-10-10,gillian.wood@yahoo.com,,"Flat 8, Laura Knoll, Swansea",SA1 4II,,,,,,,,,,,,,,,,,,,,,,,,,,,,,,,,,,,,,
STG005369,CRM,CRM005369,DCL005369,PCL005369,unresolved_singleton,Unresolved,1,1,,,,CRM005369,,,,,,,Neil,Sinclair,Neil Sinclair,neil.sinclair@orange.fr,+44 7304716586,"4 Wilson Plains, London",NW1 6TN,1953-01-10,neil,sinclair,neilsinclair,neil.sinclair@orange.fr,07304716586,4 wilson plains london,NW16TN,1953-01-10,2018-09-02,Email,Neil,Sinclair,1953-01-10,neil.sinclair@orange.fr,+44 7304716586,"4 Wilson Plains, London",NW1 6TN,,,,,,,,,,,,,,,,,,,,,,,,,,,,,,,,,,,,,
STG005386,CRM,CRM005386,DCL005386,PCL005386,unresolved_singleton,Unresolved,1,1,,,,CRM005386,,,,,USR002988,,Beth,Hall,Beth Hall,beth.hall@gmail.com,+44 7853991630,"Flat 82, Russell Mountains, Sunderland",SR1 6MF,1976-09-13,beth,hall,bethhall,beth.hall@gmail.com,07853991630,flat 82 russell mountains sunderland,SR16MF,1976-09-13,2025-06-22,Email,Beth,Hall,1976-09-13,beth.hall@gmail.com,+44 7853991630,"Flat 82, Russell Mountains, Sunderland",SR1 6MF,,,,,,,,,,,,,,,,,,,,,,,,,,,,,,,,,,,,,
STG005421,CRM,CRM005421,DCL005421,PCL005421,unresolved_singleton,Unresolved,1,1,,,,CRM005421,,,,,,,Brett,Thompson,Brett Thompson,brett.thompson@gmail.com,+44 7457266344,"5 Thomas Dam, Perth",PH1 3PW,2000-08-06,brett,thompson,brettthompson,brett.thompson@gmail.com,07457266344,5 thomas dam perth,PH13PW,2000-08-06,2019-12-11,Telephone,Brett,Thompson,2000-08-06,brett.thompson@gmail.com,+44 7457266344,"5 Thomas Dam, Perth",PH1 3PW,,,,,,,,,,,,,,,,,,,,,,,,,,,,,,,,,,,,,
STG005428,CRM,CRM005428,DCL005428,PCL005428,unresolved_singleton,Unresolved,1,1,,,,CRM005428,,,,,,,Shaun,Parkinson,Shaun Parkinson,,+44 7845 219674,"7 Jessica Island, Edinburgh",EH1 7QI,1945-09-30,shaun,parkinson,shaunparkinson,,07845219674,7 jessica island edinburgh,EH17QI,1945-09-30,2025-11-25,Telephone,Shaun,Parkinson,1945-09-30,,+44 7845 219674,"7 Jessica Island, Edinburgh",EH1 7QI,,,,,,,,,,,,,,,,,,,,,,,,,,,,,,,,,,,,,
STG005440,CRM,CRM005440,DCL005440,PCL005440,unresolved_singleton,Unresolved,1,1,,,,CRM005440,,,,,USR003012,,Amelia,Collins,Amelia Collins,amelia.collins@gmail.com,+44 7779758850,"95 Palmer Overpass, Portsmouth",PO1 7BU,1958-09-16,amelia,collins,ameliacollins,amelia.collins@gmail.com,07779758850,95 palmer overpass portsmouth,PO17BU,1958-09-16,2019-10-05,Telephone,Amelia,Collins,1958-09-16,amelia.collins@gmail.com,+44 7779758850,"95 Palmer Overpass, Portsmouth",PO1 7BU,,,,,,,,,,,,,,,,,,,,,,,,,,,,,,,,,,,,,
STG005488,CRM,CRM005488,DCL005488,PCL005488,unresolved_singleton,Unresolved,1,1,,,,CRM005488,,,,,,,Emily,Stanley,Emily Stanley,emily.stanley@yahoo.com,,"Flat 12z, Taylor Glen, Blackburn",BB1 0EM,1952-03-05,emily,stanley,emilystanley,emily.stanley@yahoo.com,,flat 12z taylor glen blackburn,BB10EM,1952-03-05,2019-11-24,Email,Emily,Stanley,1952-03-05,emily.stanley@yahoo.com,,"Flat 12z, Taylor Glen, Blackburn",BB1 0EM,,,,,,,,,,,,,,,,,,,,,,,,,,,,,,,,,,,,,
STG005587,CRM,CRM005587,DCL005587,PCL005587,unresolved_singleton,Unresolved,1,1,,,,CRM005587,,,,,,,Melissa,Wright,Melissa Wright,melissa.wright@gmail.com,+44 7579112154,"2 Catherine Light, Portsmouth",PO1 0TY,1959-10-16,melissa,wright,melissawright,melissa.wright@gmail.com,07579112154,2 catherine light portsmouth,PO10TY,1959-10-16,2022-02-28,Email,Melissa,Wright,1959-10-16,melissa.wright@gmail.com,+44 7579112154,"2 Catherine Light, Portsmouth",PO1 0TY,,,,,,,,,,,,,,,,,,,,,,,,,,,,,,,,,,,,,
STG005628,CRM,CRM005628,DCL005628,PCL005628,unresolved_singleton,Unresolved,1,1,,,,CRM005628,,,,,,,Jasmine,Henderson,Jasmine Henderson,jasmine.henderson@hotmail.com,+44 7801487334,"212 Andrea Lock, Swansea",SA1 3FQ,1977-01-30,jasmine,henderson,jasminehenderson,jasmine.henderson@hotmail.com,07801487334,212 andrea lock swansea,SA13FQ,1977-01-30,2025-06-28,Telephone,Jasmine,Henderson,1977-01-30,jasmine.henderson@hotmail.com,+44 7801487334,"212 Andrea Lock, Swansea",SA1 3FQ,,,,,,,,,,,,,,,,,,,,,,,,,,,,,,,,,,,,,
STG005683,CRM,CRM005683,DCL005683,PCL005683,unresolved_singleton,Unresolved,1,1,,,,CRM005683,,,,,,,Duncan,Kelly,Duncan Kelly,duncan.kelly@aol.com,+44 7139 534188,"Studio 7, Daniel Viaduct, Birmingham",B1 2ZE,1987-05-30,duncan,kelly,duncankelly,duncan.kelly@aol.com,07139534188,studio 7 daniel viaduct birmingham,B12ZE,1987-05-30,2025-10-20,Email,Duncan,Kelly,1987-05-30,duncan.kelly@aol.com,+44 7139 534188,"Studio 7, Daniel Viaduct, Birmingham",B1 2ZE,,,,,,,,,,,,,,,,,,,,,,,,,,,,,,,,,,,,,
STG005714,CRM,CRM005714,DCL005714,PCL005714,unresolved_singleton,Unresolved,1,1,,,,CRM005714,,,,,,,Sam,Jones,Sam Jones,sam.jones@yahoo.com,+44 7936200516,"2 Perkins Extensions, Carlisle",CA1 3TC,1951-10-04,sam,jones,samjones,sam.jones@yahoo.com,07936200516,2 perkins extensions carlisle,CA13TC,1951-10-04,2019-12-24,Email,Sam,Jones,1951-10-04,sam.jones@yahoo.com,+44 7936200516,"2 Perkins Extensions, Carlisle",CA1 3TC,,,,,,,,,,,,,,,,,,,,,,,,,,,,,,,,,,,,,
STG005727,CRM,CRM005727,DCL005727,PCL005727,unresolved_singleton,Unresolved,1,1,,,,CRM005727,,,,,,,Kevin,Brookes,Kevin Brookes,kevin.brookes@yahoo.com,+44 7886982788,"240 Stokes Brooks, Preston",PR1 9GK,1978-11-04,kevin,brookes,kevinbrookes,kevin.brookes@yahoo.com,07886982788,240 stokes brooks preston,PR19GK,1978-11-04,2025-05-11,Telephone,Kevin,Brookes,1978-11-04,kevin.brookes@yahoo.com,+44 7886982788,"240 Stokes Brooks, Preston",PR1 9GK,,,,,,,,,,,,,,,,,,,,,,,,,,,,,,,,,,,,,
STG005861,CRM,CRM005861,DCL005861,PCL005861,unresolved_singleton,Unresolved,1,1,,,,CRM005861,,,,,,,Ian,Williams,Ian Williams,ian.williams@yahoo.com,+44 7619942266,"415 Scott Haven, Newport",NP20 4JA,1999-01-18,ian,williams,ianwilliams,ian.williams@yahoo.com,07619942266,415 scott haven newport,NP204JA,1999-01-18,2025-09-13,Email,Ian,Williams,1999-01-18,ian.williams@yahoo.com,+44 7619942266,"415 Scott Haven, Newport",NP20 4JA,,,,,,,,,,,,,,,,,,,,,,,,,,,,,,,,,,,,,
STG005952,CRM,CRM005952,DCL005952,PCL005952,unresolved_singleton,Unresolved,1,1,,,,CRM005952,,,,,,,Gordon,Wilson,Gordon Wilson,gordon.wilson@hotmail.com,+44 7916963209,"56 Karl Meadows, Carlisle",CA1 8MH,1967-05-26,gordon,wilson,gordonwilson,gordon.wilson@hotmail.com,07916963209,56 karl meadows carlisle,CA18MH,1967-05-26,2023-03-02,Telephone,Gordon,Wilson,1967-05-26,gordon.wilson@hotmail.com,+44 7916963209,"56 Karl Meadows, Carlisle",CA1 8MH,,,,,,,,,,,,,,,,,,,,,,,,,,,,,,,,,,,,,
STG005972,CRM,CRM005972,DCL005972,PCL005972,unresolved_singleton,Unresolved,1,1,,,,CRM005972,,,,,,,Hazel,Armstrong,Hazel Armstrong,hazel.armstrong@yahoo.com,+44 7256267110,"Flat 00M, Parker Grove, London",E1 9QQ,1985-11-07,hazel,armstrong,hazelarmstrong,hazel.armstrong@yahoo.com,07256267110,flat 00m parker grove london,E19QQ,1985-11-07,2018-11-11,Email,Hazel,Armstrong,1985-11-07,hazel.armstrong@yahoo.com,+44 7256267110,"Flat 00M, Parker Grove, London",E1 9QQ,,,,,,,,,,,,,,,,,,,,,,,,,,,,,,,,,,,,,
STG006014,CRM,CRM006014,DCL006014,PCL006014,unresolved_singleton,Unresolved,1,1,,,,CRM006014,,,,,,,Roy,Patel,Roy Patel,ROY.PATEL@YAHOO.COM,+44 7123552331,"4 Simpson Harbors, Exeter",EX1 9HX,1957-01-09,roy,patel,roypatel,roy.patel@yahoo.com,07123552331,4 simpson harbors exeter,EX19HX,1957-01-09,2018-12-28,Email,Roy,Patel,1957-01-09,ROY.PATEL@YAHOO.COM,+44 7123552331,"4 Simpson Harbors, Exeter",EX1 9HX,,,,,,,,,,,,,,,,,,,,,,,,,,,,,,,,,,,,,
STG006032,CRM,CRM006032,DCL006032,PCL006032,unresolved_singleton,Unresolved,1,1,,,,CRM006032,,,,,,,Dylan,Talbot,Dylan Talbot,,+44 7922811172,"78 John Freeway, Portsmouth",PO1 1IF,1985-05-09,dylan,talbot,dylantalbot,,07922811172,78 john freeway portsmouth,PO11IF,1985-05-09,2019-03-16,Mail,Dylan,Talbot,1985-05-09,,+44 7922811172,"78 John Freeway, Portsmouth",PO1 1IF,,,,,,,,,,,,,,,,,,,,,,,,,,,,,,,,,,,,,
STG006073,CRM,CRM006073,DCL006073,PCL006073,unresolved_singleton,Unresolved,1,1,,,,CRM006073,,,,,,,Dominic,Powell,Dominic Powell,dominic.powell@hotmail.com,+44 7374525061,"655 Patrick Plain, Durham",DH1 2HI,1950-07-11,dominic,powell,dominicpowell,dominic.powell@hotmail.com,07374525061,655 patrick plain durham,DH12HI,1950-07-11,2025-03-10,Email,Dominic,Powell,1950-07-11,dominic.powell@hotmail.com,+44 7374525061,"655 Patrick Plain, Durham",DH1 2HI,,,,,,,,,,,,,,,,,,,,,,,,,,,,,,,,,,,,,
STG006155,CRM,CRM006155,DCL006155,PCL006155,unresolved_singleton,Unresolved,1,1,,,,CRM006155,,,,,,,Katy,Benson,Katy Benson,katy.benson@hotmail.com,+44 7318514314,"Flat 6, Francesca Overpass, Leicester",LE1 9KR,2001-05-27,katy,benson,katybenson,katy.benson@hotmail.com,07318514314,flat 6 francesca overpass leicester,LE19KR,2001-05-27,2025-02-13,Email,Katy,Benson,2001-05-27,katy.benson@hotmail.com,+44 7318514314,"Flat 6, Francesca Overpass, Leicester",LE1 9KR,,,,,,,,,,,,,,,,,,,,,,,,,,,,,,,,,,,,,
STG006194,CRM,CRM006194,DCL006194,PCL006194,unresolved_singleton,Unresolved,1,1,,,,CRM006194,,,,,USR003411,,Denis,Reeves,Denis Reeves,dennis.reeves@gmail.com,+44 7185100307,"Studio 44F, Leigh Lane, Edinburgh",EH1 7WD,2006-08-14,denis,reeves,denisreeves,dennis.reeves@gmail.com,07185100307,studio 44f leigh lane edinburgh,EH17WD,2006-08-14,2025-06-30,Email,Denis,Reeves,2006-08-14,dennis.reeves@gmail.com,+44 7185100307,"Studio 44F, Leigh Lane, Edinburgh",EH1 7WD,,,,,,,,,,,,,,,,,,,,,,,,,,,,,,,,,,,,,
STG006251,CRM,CRM006251,DCL006251,PCL006251,unresolved_singleton,Unresolved,1,1,,,,CRM006251,,,,,,,Beverley,Bowen,Beverley Bowen,beverley.bowen@yahoo.com,+44 7801156574,"96 Hollie Hills, Liverpool",L1 5WJ,1966-10-28,beverley,bowen,beverleybowen,beverley.bowen@yahoo.com,07801156574,96 hollie hills liverpool,L15WJ,1966-10-28,2020-03-04,Email,Beverley,Bowen,1966-10-28,beverley.bowen@yahoo.com,+44 7801156574,"96 Hollie Hills, Liverpool",L1 5WJ,,,,,,,,,,,,,,,,,,,,,,,,,,,,,,,,,,,,,
STG006373,CRM,CRM006373,DCL006373,PCL006373,unresolved_singleton,Unresolved,1,1,,,,CRM006373,,,,,,,Matthew,McDonald,Matthew McDonald,matthew.mcdonald@gmail.com,+44 7872006788,"Flat 52, Eileen Plains, London",SE1 5TY,1954-11-17,matthew,mcdonald,matthewmcdonald,matthew.mcdonald@gmail.com,07872006788,flat 52 eileen plains london,SE15TY,1954-11-17,2023-08-05,Telephone,Matthew,McDonald,1954-11-17,matthew.mcdonald@gmail.com,+44 7872006788,"Flat 52, Eileen Plains, London",SE1 5TY,,,,,,,,,,,,,,,,,,,,,,,,,,,,,,,,,,,,,
STG006416,CRM,CRM006416,DCL006416,PCL006416,unresolved_singleton,Unresolved,1,1,,,,CRM006416,,,,,,,Brian,Parsons,Brian Parsons,brian.parsons@aol.com,+44 7129141867,"76 Turner Port, London",NW1 1OD,1998-04-07,brian,parsons,brianparsons,brian.parsons@aol.com,07129141867,76 turner port london,NW11OD,1998-04-07,2022-03-10,Email,Brian,Parsons,1998-04-07,brian.parsons@aol.com,+44 7129141867,"76 Turner Port, London",NW1 1OD,,,,,,,,,,,,,,,,,,,,,,,,,,,,,,,,,,,,,
STG006501,CRM,CRM006501,DCL006501,PCL006501,unresolved_singleton,Unresolved,1,1,,,,CRM006501,,,,,,,Aimee,Kaur,Aimee Kaur,AIMEE.KAUR@HOTMAIL.COM,+44 7296748756,"Studio 77m, Hollie Hills, Leicester",LE1 0MG,2001-04-11,aimee,kaur,aimeekaur,aimee.kaur@hotmail.com,07296748756,studio 77m hollie hills leicester,LE10MG,2001-04-11,2024-03-10,Email,Aimee,Kaur,2001-04-11,AIMEE.KAUR@HOTMAIL.COM,+44 7296748756,"Studio 77m, Hollie Hills, Leicester",LE1 0MG,,,,,,,,,,,,,,,,,,,,,,,,,,,,,,,,,,,,,
STG006505,CRM,CRM006505,DCL006505,PCL006505,unresolved_singleton,Unresolved,1,1,,,,CRM006505,,,,,,,Eileen,Thornton,Eileen Thornton,eileen.thornton@hotmail.com,+44 7608760321,"Flat 66Q, Williams Flats, Glasgow",G1 9OJ,1993-06-24,eileen,thornton,eileenthornton,eileen.thornton@hotmail.com,07608760321,flat 66q williams flats glasgow,G19OJ,1993-06-24,2025-12-12,Mail,Eileen,Thornton,1993-06-24,eileen.thornton@hotmail.com,+44 7608760321,"Flat 66Q, Williams Flats, Glasgow",G1 9OJ,,,,,,,,,,,,,,,,,,,,,,,,,,,,,,,,,,,,,
STG006531,CRM,CRM006531,DCL006531,PCL006531,unresolved_singleton,Unresolved,1,1,,,,CRM006531,,,,,,,Katy,Davies,Katy Davies,katy.davies@gmail.com,07507251105,"Flat 40, Campbell Haven, London",SW1 8NY,2001-03-08,katy,davies,katydavies,katy.davies@gmail.com,07507251105,flat 40 campbell haven london,SW18NY,2001-03-08,2025-07-08,Email,Katy,Davies,2001-03-08,katy.davies@gmail.com,07507251105,"Flat 40, Campbell Haven, London",SW1 8NY,,,,,,,,,,,,,,,,,,,,,,,,,,,,,,,,,,,,,
STG006625,CRM,CRM006625,DCL006625,PCL006625,unresolved_singleton,Unresolved,1,1,,,,CRM006625,,,,,,,Ian,Roberts,Ian Roberts,ian.roberts@gmail.com,07902219038,"979 May Forks, Wolverhampton",WV1 0DV,2001-09-27,ian,roberts,ianroberts,ian.roberts@gmail.com,07902219038,979 may forks wolverhampton,WV10DV,2001-09-27,2025-05-30,Mail,Ian,Roberts,2001-09-27,ian.roberts@gmail.com,07902219038,"979 May Forks, Wolverhampton",WV1 0DV,,,,,,,,,,,,,,,,,,,,,,,,,,,,,,,,,,,,,
STG006645,CRM,CRM006645,DCL006645,PCL006645,unresolved_singleton,Unresolved,1,1,,,,CRM006645,,,,,,,Megan,Jenkisn,Megan Jenkisn,megan.jenkins@gmail.com,07637930694,"93 Lisa Ford, London",N1 0EH,1974-07-18,megan,jenkisn,meganjenkisn,megan.jenkins@gmail.com,07637930694,93 lisa ford london,N10EH,1974-07-18,2025-07-16,Telephone,Megan,Jenkisn,1974-07-18,megan.jenkins@gmail.com,07637930694,"93 Lisa Ford, London",N1 0EH,,,,,,,,,,,,,,,,,,,,,,,,,,,,,,,,,,,,,
STG006657,CRM,CRM006657,DCL006657,PCL006657,unresolved_singleton,Unresolved,1,1,,,,CRM006657,,,,,,,Rebecca,Faulkner,Rebecca Faulkner,rebecca.faulkner@yahoo.com,+44 7640407281,"34 Riley Point, London",W1 9SY,1991-10-20,rebecca,faulkner,rebeccafaulkner,rebecca.faulkner@yahoo.com,07640407281,34 riley point london,W19SY,1991-10-20,2025-04-17,Telephone,Rebecca,Faulkner,1991-10-20,rebecca.faulkner@yahoo.com,+44 7640407281,"34 Riley Point, London",W1 9SY,,,,,,,,,,,,,,,,,,,,,,,,,,,,,,,,,,,,,
STG006671,CRM,CRM006671,DCL006671,PCL006671,unresolved_singleton,Unresolved,1,1,,,,CRM006671,,,,,,,Marilyn,Pearson,Marilyn Pearson,,+44 7968500721,"Flat 47, Middleton Inlet, York",YO1 7VU,1974-12-26,marilyn,pearson,marilynpearson,,07968500721,flat 47 middleton inlet york,YO17VU,1974-12-26,2025-02-04,Telephone,Marilyn,Pearson,1974-12-26,,+44 7968500721,"Flat 47, Middleton Inlet, York",YO1 7VU,,,,,,,,,,,,,,,,,,,,,,,,,,,,,,,,,,,,,
STG006760,CRM,CRM006760,DCL006760,PCL006760,unresolved_singleton,Unresolved,1,1,,,,CRM006760,,,,,USR003724,,Katie,Atkinson,Katie Atkinson,katie.atkinson@yahoo.com,+44 7688 343935,"163 Faulkner Pike, London",N1 5XB,1975-04-03,katie,atkinson,katieatkinson,katie.atkinson@yahoo.com,07688343935,163 faulkner pike london,N15XB,1975-04-03,2019-06-26,Telephone,Katie,Atkinson,1975-04-03,katie.atkinson@yahoo.com,+44 7688 343935,"163 Faulkner Pike, London",N1 5XB,,,,,,,,,,,,,,,,,,,,,,,,,,,,,,,,,,,,,
STG006763,CRM,CRM006763,DCL006763,PCL006763,unresolved_singleton,Unresolved,1,1,,,,CRM006763,,,,,USR003725,,Ian,Mathews,Ian Mathews,ian.matthews@yahoo.com,+44 7873035101,"55 Beverley Mills, Darlington",DL1 0EZ,1963-02-16,ian,mathews,ianmathews,ian.matthews@yahoo.com,07873035101,55 beverley mills darlington,DL10EZ,1963-02-16,2019-12-08,Telephone,Ian,Mathews,1963-02-16,ian.matthews@yahoo.com,+44 7873035101,"55 Beverley Mills, Darlington",DL1 0EZ,,,,,,,,,,,,,,,,,,,,,,,,,,,,,,,,,,,,,
STG006783,CRM,CRM006783,DCL006783,PCL006783,unresolved_singleton,Unresolved,1,1,,,,CRM006783,,,,,,,Marie,Woodward,Marie Woodward,marie.woodward@gmail.com,,"Studio 01, Abigail Station, Manchester",M1 4BJ,1998-06-11,marie,woodward,mariewoodward,marie.woodward@gmail.com,,studio 01 abigail station manchester,M14BJ,1998-06-11,2019-03-08,Email,Marie,Woodward,1998-06-11,marie.woodward@gmail.com,,"Studio 01, Abigail Station, Manchester",M1 4BJ,,,,,,,,,,,,,,,,,,,,,,,,,,,,,,,,,,,,,
STG006804,CRM,CRM006804,DCL006804,PCL006804,unresolved_singleton,Unresolved,1,1,,,,CRM006804,,,,,,,Eric,Gill,Eric Gill,ERIC.GILL@YAHOO.COM,+44 7311217482,"Studio 35f, Ali Way, Blackburn",BB1 7FE,2000-10-17,eric,gill,ericgill,eric.gill@yahoo.com,07311217482,studio 35f ali way blackburn,BB17FE,2000-10-17,2019-07-28,Email,Eric,Gill,2000-10-17,ERIC.GILL@YAHOO.COM,+44 7311217482,"Studio 35f, Ali Way, Blackburn",BB1 7FE,,,,,,,,,,,,,,,,,,,,,,,,,,,,,,,,,,,,,
STG006812,CRM,CRM006812,DCL006812,PCL006812,unresolved_singleton,Unresolved,1,1,,,,CRM006812,,,,,,,Timothy,Campbell,Timothy Campbell,timothy.campbell@yahoo.com,+44 7199813588,"Studio 49I, Nicola Shoal, Oxford",OX1 2YX,1973-04-14,timothy,campbell,timothycampbell,timothy.campbell@yahoo.com,07199813588,studio 49i nicola shoal oxford,OX12YX,1973-04-14,2025-06-17,Email,Timothy,Campbell,1973-04-14,timothy.campbell@yahoo.com,+44 7199813588,"Studio 49I, Nicola Shoal, Oxford",OX1 2YX,,,,,,,,,,,,,,,,,,,,,,,,,,,,,,,,,,,,,
STG006824,CRM,CRM006824,DCL006824,PCL006824,unresolved_singleton,Unresolved,1,1,,,,CRM006824,,,,,USR003760,,Jodie,Bennett,Jodie Bennett,JODIE.BENNETT@HOTMAIL.COM,07059818193,"291 Cameron Parkway, Stoke-on-Trent",ST1 3RH,1961-01-27,jodie,bennett,jodiebennett,jodie.bennett@hotmail.com,07059818193,291 cameron parkway stoke on trent,ST13RH,1961-01-27,2020-02-12,Telephone,Jodie,Bennett,1961-01-27,JODIE.BENNETT@HOTMAIL.COM,07059818193,"291 Cameron Parkway, Stoke-on-Trent",ST1 3RH,,,,,,,,,,,,,,,,,,,,,,,,,,,,,,,,,,,,,
STG006854,CRM,CRM006854,DCL006854,PCL006854,unresolved_singleton,Unresolved,1,1,,,,CRM006854,,,,,USR003782,,Jill,Smith,Jill Smith,jill.smith2@hotmail.com,07363467819,"Flat 57, Perry Brooks, Exeter",EX1 3PM,1984-11-21,jill,smith,jillsmith,jill.smith2@hotmail.com,07363467819,flat 57 perry brooks exeter,EX13PM,1984-11-21,2025-09-20,Email,Jill,Smith,1984-11-21,jill.smith2@hotmail.com,07363467819,"Flat 57, Perry Brooks, Exeter",EX1 3PM,,,,,,,,,,,,,,,,,,,,,,,,,,,,,,,,,,,,,
STG006895,CRM,CRM006895,DCL006895,PCL006895,unresolved_singleton,Unresolved,1,1,,,,CRM006895,,,,,,,Lorraine,Green,Lorraine Green,lorraine.green@hotmail.co.uk,+44 7214351656,"Flat 8, Abigail Cape, Plymouth",PL1 1CX,1987-06-16,lorraine,green,lorrainegreen,lorraine.green@hotmail.co.uk,07214351656,flat 8 abigail cape plymouth,PL11CX,1987-06-16,2025-06-16,Email,Lorraine,Green,1987-06-16,lorraine.green@hotmail.co.uk,+44 7214351656,"Flat 8, Abigail Cape, Plymouth",PL1 1CX,,,,,,,,,,,,,,,,,,,,,,,,,,,,,,,,,,,,,
STG006910,CRM,CRM006910,DCL006910,PCL006910,unresolved_singleton,Unresolved,1,1,,,,CRM006910,,,,,,,A.,Lawson,A. Lawson,alex.lawson@hotmail.com,,"Studio 02, Scott Burgs, York",YO1 2OF,2005-05-09,a,lawson,alawson,alex.lawson@hotmail.com,,studio 02 scott burgs york,YO12OF,2005-05-09,2025-12-31,Mail,A.,Lawson,2005-05-09,alex.lawson@hotmail.com,,"Studio 02, Scott Burgs, York",YO1 2OF,,,,,,,,,,,,,,,,,,,,,,,,,,,,,,,,,,,,,
STG006940,CRM,CRM006940,DCL006940,PCL006940,unresolved_singleton,Unresolved,1,1,,,,CRM006940,,,,,,,Toby,Ingram,Toby Ingram,toby.ingram@hotmail.com,+44 7876004802,"005 Ryan Passage, Dundee",DD1 4HN,1983-10-25,toby,ingram,tobyingram,toby.ingram@hotmail.com,07876004802,005 ryan passage dundee,DD14HN,1983-10-25,2025-02-20,Telephone,Toby,Ingram,1983-10-25,toby.ingram@hotmail.com,+44 7876004802,"005 Ryan Passage, Dundee",DD1 4HN,,,,,,,,,,,,,,,,,,,,,,,,,,,,,,,,,,,,,
STG006974,CRM,CRM006974,DCL006974,PCL006974,unresolved_singleton,Unresolved,1,1,,,,CRM006974,,,,,USR003844,,Lawrence,Bentley,Lawrence Bentley,lawrence.bentley@yahoo.com,+447946122339,"4 Antony Trace, London",SE1 3DU,1998-08-31,lawrence,bentley,lawrencebentley,lawrence.bentley@yahoo.com,07946122339,4 antony trace london,SE13DU,1998-08-31,2025-04-01,Email,Lawrence,Bentley,1998-08-31,lawrence.bentley@yahoo.com,+447946122339,"4 Antony Trace, London",SE1 3DU,,,,,,,,,,,,,,,,,,,,,,,,,,,,,,,,,,,,,
STG007169,CRM,CRM007169,DCL007169,PCL007169,unresolved_singleton,Unresolved,1,1,,,,CRM007169,,,,,,,Kathleen,Begum,Kathleen Begum,kathleen.begum@gmail.com,+44 7731463189,"19 Jake Branch, Reading",RG15IZ,1984-03-03,kathleen,begum,kathleenbegum,kathleen.begum@gmail.com,07731463189,19 jake branch reading,RG15IZ,1984-03-03,2018-12-05,Telephone,Kathleen,Begum,1984-03-03,kathleen.begum@gmail.com,+44 7731463189,"19 Jake Branch, Reading",RG15IZ,,,,,,,,,,,,,,,,,,,,,,,,,,,,,,,,,,,,,
STG007242,CRM,CRM007242,DCL007242,PCL007242,unresolved_singleton,Unresolved,1,1,,,,CRM007242,,,,,,,Natalie,Cartwright,Natalie Cartwright,natalie.cartwright@yahoo.com,+44 7790 521939,"53 Richard Stream, Lincoln",LN1 9GF,1977-11-26,natalie,cartwright,nataliecartwright,natalie.cartwright@yahoo.com,07790521939,53 richard stream lincoln,LN19GF,1977-11-26,2023-06-15,Email,Natalie,Cartwright,1977-11-26,natalie.cartwright@yahoo.com,+44 7790 521939,"53 Richard Stream, Lincoln",LN1 9GF,,,,,,,,,,,,,,,,,,,,,,,,,,,,,,,,,,,,,
STG007313,CRM,CRM007313,DCL007313,PCL007313,unresolved_singleton,Unresolved,1,1,,,,CRM007313,,,,,USR004034,,Joan,Fowler,Joan Fowler,JOAN.FOWLER@GMAIL.COM,+44 7035537740,"3 Davies Mountain, Chester",CH13YB,1944-02-13,joan,fowler,joanfowler,joan.fowler@gmail.com,07035537740,3 davies mountain chester,CH13YB,1944-02-13,2019-12-20,Mail,Joan,Fowler,1944-02-13,JOAN.FOWLER@GMAIL.COM,+44 7035537740,"3 Davies Mountain, Chester",CH13YB,,,,,,,,,,,,,,,,,,,,,,,,,,,,,,,,,,,,,
STG007375,CRM,CRM007375,DCL007375,PCL007375,unresolved_singleton,Unresolved,1,1,,,,CRM007375,,,,,,,Ronald,Knowles,Ronald Knowles,ronald.knowles@gmail.com,+44 7014 763228,"7 Wilkinson Meadows, Glasgow",G1 7KD,1987-10-08,ronald,knowles,ronaldknowles,ronald.knowles@gmail.com,07014763228,7 wilkinson meadows glasgow,G17KD,1987-10-08,2024-06-24,Email,Ronald,Knowles,1987-10-08,ronald.knowles@gmail.com,+44 7014 763228,"7 Wilkinson Meadows, Glasgow",G1 7KD,,,,,,,,,,,,,,,,,,,,,,,,,,,,,,,,,,,,,
STG007498,CRM,CRM007498,DCL007498,PCL007498,unresolved_singleton,Unresolved,1,1,,,,CRM007498,,,,,,,Amber,Kemp,Amber Kemp,amber.kemp@hotmail.com,+44 7888204570,"Studio 01o, Damien Ports, Stoke-on-Trent",ST1 3CI,1977-08-30,amber,kemp,amberkemp,amber.kemp@hotmail.com,07888204570,studio 01o damien ports stoke on trent,ST13CI,1977-08-30,2025-08-25,Email,Amber,Kemp,1977-08-30,amber.kemp@hotmail.com,+44 7888204570,"Studio 01o, Damien Ports, Stoke-on-Trent",ST1 3CI,,,,,,,,,,,,,,,,,,,,,,,,,,,,,,,,,,,,,
STG007501,CRM,CRM007501,DCL007501,PCL007501,unresolved_singleton,Unresolved,1,1,,,,CRM007501,,,,,,,Wayne,Wilson,Wayne Wilson,wayne.wilson@yahoo.com,+44 7031117547,"Flat 26, Wallis Crossing, Shrewsbury",SY1 5QO,1988-10-02,wayne,wilson,waynewilson,wayne.wilson@yahoo.com,07031117547,flat 26 wallis crossing shrewsbury,SY15QO,1988-10-02,2018-09-30,Email,Wayne,Wilson,1988-10-02,wayne.wilson@yahoo.com,+44 7031117547,"Flat 26, Wallis Crossing, Shrewsbury",SY1 5QO,,,,,,,,,,,,,,,,,,,,,,,,,,,,,,,,,,,,,
STG007524,CRM,CRM007524,DCL007524,PCL007524,unresolved_singleton,Unresolved,1,1,,,,CRM007524,,,,,,,E.,Shaw,E. Shaw,EMILY.SHAW@YAHOO.COM,+44 7900318045,"Studio 06s, Lee Junction, London",N1 5JW,1972-12-12,e,shaw,eshaw,emily.shaw@yahoo.com,07900318045,studio 06s lee junction london,N15JW,1972-12-12,2025-10-29,Email,E.,Shaw,1972-12-12,EMILY.SHAW@YAHOO.COM,+44 7900318045,"Studio 06s, Lee Junction, London",N1 5JW,,,,,,,,,,,,,,,,,,,,,,,,,,,,,,,,,,,,,
STG007545,CRM,CRM007545,DCL007545,PCL007545,unresolved_singleton,Unresolved,1,1,,,,CRM007545,,,,,,,Steven,Evans,Steven Evans,,,"01 Brown Forks, Lincoln",LN1 6ZH,1969-07-13,steven,evans,stevenevans,,,01 brown forks lincoln,LN16ZH,1969-07-13,2024-06-06,Mail,Steven,Evans,1969-07-13,,,"01 Brown Forks, Lincoln",LN1 6ZH,,,,,,,,,,,,,,,,,,,,,,,,,,,,,,,,,,,,,
STG007583,CRM,CRM007583,DCL007583,PCL007583,unresolved_singleton,Unresolved,1,1,,,,CRM007583,,,,,,,nAna,Oliver,nAna Oliver,anna.oliver@hotmail.com,+44 7095696983,"Flat 3, Taylor Trafficway, Manchester",M1 2YY,1960-06-07,nana,oliver,nanaoliver,anna.oliver@hotmail.com,07095696983,flat 3 taylor trafficway manchester,M12YY,1960-06-07,2018-12-17,Mail,nAna,Oliver,1960-06-07,anna.oliver@hotmail.com,+44 7095696983,"Flat 3, Taylor Trafficway, Manchester",M1 2YY,,,,,,,,,,,,,,,,,,,,,,,,,,,,,,,,,,,,,
STG007605,CRM,CRM007605,DCL007605,PCL007605,unresolved_singleton,Unresolved,1,1,,,,CRM007605,,,,,,,Maureen,Grant,Maureen Grant,maureen.grant@gmail.com,+44 7420733870,"3 Mary Key, Hull",HU1 2MM,1996-12-22,maureen,grant,maureengrant,maureen.grant@gmail.com,07420733870,3 mary key hull,HU12MM,1996-12-22,2025-02-09,Email,Maureen,Grant,1996-12-22,maureen.grant@gmail.com,+44 7420733870,"3 Mary Key, Hull",HU1 2MM,,,,,,,,,,,,,,,,,,,,,,,,,,,,,,,,,,,,,
STG007613,CRM,CRM007613,DCL007613,PCL007613,unresolved_singleton,Unresolved,1,1,,,,CRM007613,,,,,,,C.,White,C. White,clare.white@hotmail.com,+44 7059362880,"88 Damien Squares, Birmingham",B1 8HY,1975-04-23,c,white,cwhite,clare.white@hotmail.com,07059362880,88 damien squares birmingham,B18HY,1975-04-23,2021-09-28,Email,C.,White,1975-04-23,clare.white@hotmail.com,+44 7059362880,"88 Damien Squares, Birmingham",B1 8HY,,,,,,,,,,,,,,,,,,,,,,,,,,,,,,,,,,,,,
STG007624,CRM,CRM007624,DCL007624,PCL007624,unresolved_singleton,Unresolved,1,1,,,,CRM007624,,,,,,,Oliver,Harris,Oliver Harris,,+44 7573261800,,PE10WG,1993-05-15,oliver,harris,oliverharris,,07573261800,,PE10WG,1993-05-15,2021-12-13,Telephone,Oliver,Harris,1993-05-15,,+44 7573261800,,PE10WG,,,,,,,,,,,,,,,,,,,,,,,,,,,,,,,,,,,,,
STG007654,CRM,CRM007654,DCL007654,PCL007654,unresolved_singleton,Unresolved,1,1,,,,CRM007654,,,,,,,Joan,Lee,Joan Lee,joan.lee@yahoo.com,+44 7002475878,"201 Rhys Mills, Lincoln",LN1 0AV,1948-04-05,joan,lee,joanlee,joan.lee@yahoo.com,07002475878,201 rhys mills lincoln,LN10AV,1948-04-05,2023-03-20,Email,Joan,Lee,1948-04-05,joan.lee@yahoo.com,+44 7002475878,"201 Rhys Mills, Lincoln",LN1 0AV,,,,,,,,,,,,,,,,,,,,,,,,,,,,,,,,,,,,,
STG007685,CRM,CRM007685,DCL007685,PCL007685,unresolved_singleton,Unresolved,1,1,,,,CRM007685,,,,,,,Barry,Hughes,Barry Hughes,barry.hughes@hotmail.com,07205911063,"Studio 21, Lawrence Neck, Sheffield",S1 2XV,1996-02-15,barry,hughes,barryhughes,barry.hughes@hotmail.com,07205911063,studio 21 lawrence neck sheffield,S12XV,1996-02-15,2023-11-30,Email,Barry,Hughes,1996-02-15,barry.hughes@hotmail.com,07205911063,"Studio 21, Lawrence Neck, Sheffield",S1 2XV,,,,,,,,,,,,,,,,,,,,,,,,,,,,,,,,,,,,,
STG007716,CRM,CRM007716,DCL007716,PCL007716,unresolved_singleton,Unresolved,1,1,,,,CRM007716,,,,,,,Leon,Baker,Leon Baker,leon.baker@yahoo.com,,"1 Arthur Meadows, Exeter",EX1 5UX,1967-12-29,leon,baker,leonbaker,leon.baker@yahoo.com,,1 arthur meadows exeter,EX15UX,1967-12-29,2018-04-29,Email,Leon,Baker,1967-12-29,leon.baker@yahoo.com,,"1 Arthur Meadows, Exeter",EX1 5UX,,,,,,,,,,,,,,,,,,,,,,,,,,,,,,,,,,,,,
STG007737,CRM,CRM007737,DCL007737,PCL007737,unresolved_singleton,Unresolved,1,1,,,,CRM007737,,,,,,,Melissa,Gibson,Melissa Gibson,melissa.gibson@yahoo.com,+44 7530041076,"4 Watson Mountain, Stoke-on-Trent",ST11KH,2002-11-26,melissa,gibson,melissagibson,melissa.gibson@yahoo.com,07530041076,4 watson mountain stoke on trent,ST11KH,2002-11-26,2022-05-20,Email,Melissa,Gibson,2002-11-26,melissa.gibson@yahoo.com,+44 7530041076,"4 Watson Mountain, Stoke-on-Trent",ST11KH,,,,,,,,,,,,,,,,,,,,,,,,,,,,,,,,,,,,,
STG008032,ECOMMERCE,TXN000032,DCL007810,PCL007810,unresolved_singleton,Unresolved,1,1,,,,,TXN000032,,,,,,Frances,Ellis,Frances Ellis,francesellis00@hotmail.com,,"395 Diana Summit, Lincoln",LN1 0GU,,frances,ellis,francesellis,francesellis00@hotmail.com,,395 diana summit lincoln,LN10GU,,,,,,,francesellis00@hotmail.com,,,,2025-01-01 03:44:34,True,"395 Diana Summit, Lincoln",LN1 0GU,EVT0016,Punchline Joke Factory,Comedy,2025-04-19,Standing,1,47.85,47.85,Visa,Frances Ellis,4415,Frances,Ellis,,,,,,,,,,,,,,,,,,,,
STG008047,ECOMMERCE,TXN000047,DCL007813,PCL007813,unresolved_singleton,Unresolved,1,1,,,,,TXN000047,,,,,,Clive,Wason,Clive Wason,,,"Studio 05E, Ahmed Divide, Sheffield",S1 0EZ,,clive,wason,clivewason,,,studio 05e ahmed divide sheffield,S10EZ,,,,,,,,,,,2025-01-01 04:38:30,True,"Studio 05E, Ahmed Divide, Sheffield",S1 0EZ,EVT0003,Big Special,Comedy,2025-01-18,Standing,1,61.14,61.14,Visa,Clive Watson,6204,Clive,Wason,,,,,,,,,,,,,,,,,,,,
STG008300,ECOMMERCE,TXN000300,DCL007859,PCL007857,unresolved_singleton,Unresolved,1,1,,,,,TXN000300,,,,,,Scott,West,Scott West,scottwest@icloud.com,+44 7486371957,"47 Austin Squares, Portsmouth",PO1 3KY,,scott,west,scottwest,scottwest@icloud.com,07486371957,47 austin squares portsmouth,PO13KY,,,,,,,scottwest@icloud.com,+44 7486371957,,,2025-01-02 05:41:23,True,"47 Austin Squares, Portsmouth",PO1 3KY,EVT0005,Secret Quest,Family,2025-02-01,Standing,1,64.66,64.66,Mastercard,Scott West,0654,Scott,West,,,,,,,,,,,,,,,,,,,,
STG008310,ECOMMERCE,TXN000310,DCL007860,PCL007858,unresolved_singleton,Unresolved,1,1,,,,,TXN000310,,,,,,Julia,Noble,Julia Noble,,+44 7007576883,"Flat 5, Jackson Inlet, Bristol",BS1 2OJ,,julia,noble,julianoble,,07007576883,flat 5 jackson inlet bristol,BS12OJ,,,,,,,,+44 7007576883,,,2025-01-02 07:02:30,True,"Flat 5, Jackson Inlet, Bristol",BS1 2OJ,EVT0001,Colourful Carnival,Family,2025-01-04,Seated,3,62.22,186.66,Mastercard,Julia Noble,9163,Julia,Noble,,,,,,,,,,,,,,,,,,,,
STG008532,ECOMMERCE,TXN000532,DCL007893,PCL007891,unresolved_singleton,Unresolved,1,1,,,,,TXN000532,,,,,,Debra,Dunn,Debra Dunn,debra.dunn@gmail.com,+44 7405519029,"69 Evans Mountains, London",N1 0YZ,,debra,dunn,debradunn,debra.dunn@gmail.com,07405519029,69 evans mountains london,N10YZ,,,,,,,debra.dunn@gmail.com,+44 7405519029,,,2025-01-03 06:32:09,True,"69 Evans Mountains, London",N1 0YZ,EVT0002,Elite Sports Festival,Sport,2025-01-11,Standing,1,26.41,26.41,Visa,Debra Dunn,1016,Debra,Dunn,,,,,,,,,,,,,,,,,,,,
STG008666,ECOMMERCE,TXN000666,DCL007919,PCL007915,unresolved_singleton,Unresolved,1,1,,,,,TXN000666,,,,,,Alison,Webster,Alison Webster,alison.webster@yahoo.com,+44 7124878826,"Studio 19, Sara Port, Cambridge",CB1 6WV,,alison,webster,alisonwebster,alison.webster@yahoo.com,07124878826,studio 19 sara port cambridge,CB16WV,,,,,,,alison.webster@yahoo.com,+44 7124878826,,,2025-01-03 19:41:11,True,"Studio 19, Sara Port, Cambridge",CB1 6WV,EVT0008,Northern Horizons,Music,2025-02-22,Standing,1,31.35,31.35,Visa,ALISON WEBSTER,1628,Alison,Webster,,,,,,,,,,,,,,,,,,,,
STG008751,ECOMMERCE,TXN000751,DCL007929,PCL007925,unresolved_singleton,Unresolved,1,1,,,,,TXN000751,,,,,,Sharon,Smih,Sharon Smih,sharon.smith@yahoo.com,+44 7572077693,"032 Connor Crest, Derby",DE1 0AB,,sharon,smih,sharonsmih,sharon.smith@yahoo.com,07572077693,032 connor crest derby,DE10AB,,,,,,,sharon.smith@yahoo.com,+44 7572077693,,,2025-01-04 06:56:14,True,"032 Connor Crest, Derby",DE1 0AB,EVT0004,Saturday Circuit,Comedy,2025-01-25,Seated,1,82.17,82.17,Mastercard,Sharon Smith,0256,Sharon,Smih,,,,,,,,,,,,,,,,,,,,
STG008776,ECOMMERCE,TXN000776,DCL007934,PCL007930,unresolved_singleton,Unresolved,1,1,,,,,TXN000776,,,,,,Dale,Haper,Dale Haper,dale.harper81@hotmail.com,,"424 Caroline Isle, York",YO1 7ZN,,dale,haper,dalehaper,dale.harper81@hotmail.com,,424 caroline isle york,YO17ZN,,,,,,,dale.harper81@hotmail.com,,,,2025-01-04 10:43:12,True,"424 Caroline Isle, York",YO1 7ZN,EVT0008,Northern Horizons,Music,2025-02-22,Standing,2,31.35,62.7,Mastercard,Dale Harper,9013,Dale,Haper,,,,,,,,,,,,,,,,,,,,
STG008778,ECOMMERCE,TXN000778,DCL007935,PCL007931,unresolved_singleton,Unresolved,1,1,,,,,TXN000778,,,,,,Ben,Turner,Ben Turner,,+44 7430034522,"2 Green Walk, Stoke-on-Trent",ST1 4VX,,ben,turner,benturner,,07430034522,2 green walk stoke on trent,ST14VX,,,,,,,,+44 7430034522,,,2025-01-04 11:19:39,True,"2 Green Walk, Stoke-on-Trent",ST1 4VX,EVT0003,Big Special,Comedy,2025-01-18,Standing,1,61.14,61.14,Mastercard,Ben Turner,6758,Ben,Turner,,,,,,,,,,,,,,,,,,,,
STG008784,ECOMMERCE,TXN000784,DCL007936,PCL007932,unresolved_singleton,Unresolved,1,1,,,,,TXN000784,,,,,,Kerry,Patel,Kerry Patel,kerry.patel88@gmail.com,+44 7641921074,"Flat 08v, Tina Turnpike, Ipswich",IP1 5PR,,kerry,patel,kerrypatel,kerry.patel88@gmail.com,07641921074,flat 08v tina turnpike ipswich,IP15PR,,,,,,,kerry.patel88@gmail.com,+44 7641921074,,,2025-01-04 11:49:19,True,"Flat 08v, Tina Turnpike, Ipswich",IP1 5PR,EVT0008,Northern Horizons,Music,2025-02-22,Standing,2,31.35,62.7,Mastercard,Kerry Patel,0628,Kerry,Patel,,,,,,,,,,,,,,,,,,,,
STG008998,ECOMMERCE,TXN000998,DCL007966,PCL007962,unresolved_singleton,Unresolved,1,1,,,,,TXN000998,,,,,,Stephanie,Gray,Stephanie Gray,stephanie.gray@gmail.com,+44 7435218810,"Studio 2, Jones Branch, Plymouth",PL1 3RK,,stephanie,gray,stephaniegray,stephanie.gray@gmail.com,07435218810,studio 2 jones branch plymouth,PL13RK,,,,,,,stephanie.gray@gmail.com,+44 7435218810,,,2025-01-05 19:07:18,True,"Studio 2, Jones Branch, Plymouth",PL1 3RK,EVT0020,Colourful Quest,Family,2025-05-17,Standing,2,25.9,51.8,Mastercard,Stephanie Gray,9264,Stephanie,Gray,,,,,,,,,,,,,,,,,,,,
STG009367,ECOMMERCE,TXN001367,DCL008025,PCL008021,unresolved_singleton,Unresolved,1,1,,,,,TXN001367,,,,,,Tom,Akhtar,Tom Akhtar,tom.akhtar@hotmail.com,+44 7237914595,"Flat 00, Lynda Plains, Chelmsford",CM1 0FG,,tom,akhtar,tomakhtar,tom.akhtar@hotmail.com,07237914595,flat 00 lynda plains chelmsford,CM10FG,,,,,,,tom.akhtar@hotmail.com,+44 7237914595,,,2025-01-08 04:50:15,True,"Flat 00, Lynda Plains, Chelmsford",CM1 0FG,EVT0002,Elite Sports Festival,Sport,2025-01-11,Seated,1,42.67,42.67,Mastercard,Tom Akhtar,2237,Tom,Akhtar,,,,,,,,,,,,,,,,,,,,
STG009530,ECOMMERCE,TXN001530,DCL008049,PCL008045,unresolved_singleton,Unresolved,1,1,,,,,TXN001530,,,,,,Antony,Knowles,Antony Knowles,antony.knowles2@gmail.com,+44 7076552957,"3 Brady Forge, Luton",LU1 2AY,,antony,knowles,antonyknowles,antony.knowles2@gmail.com,07076552957,3 brady forge luton,LU12AY,,,,,,,antony.knowles2@gmail.com,+44 7076552957,,,2025-01-09 08:42:30,True,"3 Brady Forge, Luton",LU1 2AY,EVT0033,Crimson Sound,Music,2025-08-16,Standing,2,21.87,43.74,Visa,Antony Knowles,8920,Antony,Knowles,,,,,,,,,,,,,,,,,,,,
STG009625,ECOMMERCE,TXN001625,DCL008062,PCL008058,unresolved_singleton,Unresolved,1,1,,,,,TXN001625,,,,,,oNrman,Mason,oNrman Mason,nmason95@yahoo.com,+44 7109471527,"Flat 88i, Stephanie Ports, Carlisle",CA13YX,,onrman,mason,onrmanmason,nmason95@yahoo.com,07109471527,flat 88i stephanie ports carlisle,CA13YX,,,,,,,nmason95@yahoo.com,+44 7109471527,,,2025-01-10 02:08:31,True,"Flat 88i, Stephanie Ports, Carlisle",CA13YX,EVT0016,Punchline Joke Factory,Comedy,2025-04-19,Standing,1,47.85,47.85,Visa,Norman Mason,4645,oNrman,Mason,,,,,,,,,,,,,,,,,,,,
STG010101,ECOMMERCE,TXN002101,DCL008126,PCL008119,unresolved_singleton,Unresolved,1,1,,,,,TXN002101,,,,,,Hazel,Jones,Hazel Jones,hjones73@hotmail.com,,"6 Caroline Mountains, Bournemouth",BH1 5XD,,hazel,jones,hazeljones,hjones73@hotmail.com,,6 caroline mountains bournemouth,BH15XD,,,,,,,hjones73@hotmail.com,,,,2025-01-14 05:22:52,True,"6 Caroline Mountains, Bournemouth",BH1 5XD,EVT0012,Amazing Carnival,Family,2025-03-22,Standing,1,26.99,26.99,Mastercard,Hazel Jones,4347,Hazel,Jones,,,,,,,,,,,,,,,,,,,,
STG010331,ECOMMERCE,TXN002331,DCL008162,PCL008155,unresolved_singleton,Unresolved,1,1,,,,,TXN002331,,,,,,Beth,Harrison,Beth Harrison,beth.harrison@gmail.com,+44 7564739530,"Studio 52, James Meadows, Glasgow",G11GL,,beth,harrison,bethharrison,beth.harrison@gmail.com,07564739530,studio 52 james meadows glasgow,G11GL,,,,,,,beth.harrison@gmail.com,+44 7564739530,,,2025-01-16 06:05:01,True,"Studio 52, James Meadows, Glasgow",G11GL,EVT0005,Secret Quest,Family,2025-02-01,Seated,1,89.12,89.12,Mastercard,Beth Harrison,0573,Beth,Harrison,,,,,,,,,,,,,,,,,,,,
STG010733,ECOMMERCE,TXN002733,DCL008212,PCL008204,unresolved_singleton,Unresolved,1,1,,,,,TXN002733,,,,,,Clare,Stephenson,Clare Stephenson,clare.stephenson@gmail.com,+44 7744403580,"Studio 09, Smith Radial, Ipswich",IP1 1QE,,clare,stephenson,clarestephenson,clare.stephenson@gmail.com,07744403580,studio 09 smith radial ipswich,IP11QE,,,,,,,clare.stephenson@gmail.com,+44 7744403580,,,2025-01-20 04:31:16,True,"Studio 09, Smith Radial, Ipswich",IP1 1QE,EVT0008,Northern Horizons,Music,2025-02-22,Standing,1,31.35,31.35,Mastercard,Clare Stephenson,5346,Clare,Stephenson,,,,,,,,,,,,,,,,,,,,
STG010741,ECOMMERCE,TXN002741,DCL008213,PCL008205,unresolved_singleton,Unresolved,1,1,,,,,TXN002741,,,,,,Peter,Waters,Peter Waters,,,"526 Callum Points, Sheffield",S1 8SF,,peter,waters,peterwaters,,,526 callum points sheffield,S18SF,,,,,,,,,,,2025-01-20 06:03:25,True,"526 Callum Points, Sheffield",S1 8SF,EVT0043,Secret Workshop,Family,2025-10-25,Standing,2,60.21,120.42,Visa,Peter Waters,8893,Peter,Waters,,,,,,,,,,,,,,,,,,,,
STG010825,ECOMMERCE,TXN002825,DCL008226,PCL008218,unresolved_singleton,Unresolved,1,1,,,,,TXN002825,,,,,,Ze,Jones,Ze Jones,,+44 7279459789,"52 White Mountains, Stoke-on-Trent",ST1 0XH,,ze,jones,zejones,,07279459789,52 white mountains stoke on trent,ST10XH,,,,,,,,+44 7279459789,,,2025-01-21 00:15:57,True,"52 White Mountains, Stoke-on-Trent",ST1 0XH,EVT0007,Curious Discovery,Family,2025-02-15,Seated,1,55.26,55.26,Visa,Zoe Jones,1545,Ze,Jones,,,,,,,,,,,,,,,,,,,,
STG010844,ECOMMERCE,TXN002844,DCL008227,PCL008219,unresolved_singleton,Unresolved,1,1,,,,,TXN002844,,,,,,Lesley,Armstrong,Lesley Armstrong,lesley.armstrong@gmail.com,,"Studio 27I, Zoe Ridges, Lincoln",LN1 6BH,,lesley,armstrong,lesleyarmstrong,lesley.armstrong@gmail.com,,studio 27i zoe ridges lincoln,LN16BH,,,,,,,lesley.armstrong@gmail.com,,,,2025-01-21 05:36:21,True,"Studio 27I, Zoe Ridges, Lincoln",LN1 6BH,EVT0020,Colourful Quest,Family,2025-05-17,Standing,2,25.9,51.8,Visa,L. Armstrong,9102,Lesley,Armstrong,,,,,,,,,,,,,,,,,,,,
STG010850,ECOMMERCE,TXN002850,DCL008228,PCL008220,unresolved_singleton,Unresolved,1,1,,,,,TXN002850,,,,,,Marcus,Thompson,Marcus Thompson,marcusthompson44@outlook.com,+44 7592642812,"Flat 03, Nicholas Spring, Peterborough",PE1 6XP,,marcus,thompson,marcusthompson,marcusthompson44@outlook.com,07592642812,flat 03 nicholas spring peterborough,PE16XP,,,,,,,marcusthompson44@outlook.com,+44 7592642812,,,2025-01-21 06:27:56,True,"Flat 03, Nicholas Spring, Peterborough",PE1 6XP,EVT0034,Unfiltered Night,Comedy,2025-08-23,Seated,1,64.68,64.68,American Express,Marcus Thompson,9094,Marcus,Thompson,,,,,,,,,,,,,,,,,,,,
STG011004,ECOMMERCE,TXN003004,DCL008251,PCL008243,unresolved_singleton,Unresolved,1,1,,,,,TXN003004,,,,,,Arthur,Clrake,Arthur Clrake,arthur.clarke@yahoo.com,,"4 Carl Plains, Blackburn",BB1 8SP,,arthur,clrake,arthurclrake,arthur.clarke@yahoo.com,,4 carl plains blackburn,BB18SP,,,,,,,arthur.clarke@yahoo.com,,,,2025-01-22 19:27:00,True,"4 Carl Plains, Blackburn",BB1 8SP,EVT0015,Late Night Sessions,Comedy,2025-04-12,Seated,1,38.16,38.16,Visa,Arthur Clarke,4654,Arthur,Clrake,,,,,,,,,,,,,,,,,,,,
STG011159,ECOMMERCE,TXN003159,DCL008270,PCL008261,unresolved_singleton,Unresolved,1,1,,,,,TXN003159,,,,,,Paige,Birggs,Paige Birggs,paige.briggs@gmail.com,+44 7853821759,"972 Norris Parkway, London",SW1 3PW,,paige,birggs,paigebirggs,paige.briggs@gmail.com,07853821759,972 norris parkway london,SW13PW,,,,,,,paige.briggs@gmail.com,+44 7853821759,,,2025-01-24 17:20:05,True,"972 Norris Parkway, London",SW1 3PW,EVT0012,Amazing Carnival,Family,2025-03-22,Standing,4,26.99,107.96,Visa,Paige Briggs,5549,Paige,Birggs,,,,,,,,,,,,,,,,,,,,
STG011184,ECOMMERCE,TXN003184,DCL008276,PCL008267,unresolved_singleton,Unresolved,1,1,,,,,TXN003184,,,,,,Mary,Kelly,Mary Kelly,mary.kelly@yahoo.com,+44 7014769968,"86 Begum Isle, Edinburgh",EH1 6SZ,,mary,kelly,marykelly,mary.kelly@yahoo.com,07014769968,86 begum isle edinburgh,EH16SZ,,,,,,,mary.kelly@yahoo.com,+44 7014769968,,,2025-01-25 01:05:21,True,"86 Begum Isle, Edinburgh",EH1 6SZ,EVT0018,Silver Anthems,Music,2025-05-03,Seated,4,45.59,182.36,Visa,Mary Kelly,9180,Mary,Kelly,,,,,,,,,,,,,,,,,,,,
STG011602,ECOMMERCE,TXN003602,DCL008331,PCL008322,unresolved_singleton,Unresolved,1,1,,,,,TXN003602,,,,,,Rosemary,Jones,Rosemary Jones,rosemary.jones@yahoo.com,,"Studio 79, Cox Corner, Wrexham",LL11 2KB,,rosemary,jones,rosemaryjones,rosemary.jones@yahoo.com,,studio 79 cox corner wrexham,LL112KB,,,,,,,rosemary.jones@yahoo.com,,,,2025-01-30 05:21:53,True,"Studio 79, Cox Corner, Wrexham",LL11 2KB,EVT0018,Silver Anthems,Music,2025-05-03,Standing,3,28.06,84.18,Mastercard,Rosemary Jones,7708,Rosemary,Jones,,,,,,,,,,,,,,,,,,,,
STG011615,ECOMMERCE,TXN003615,DCL008334,PCL008325,unresolved_singleton,Unresolved,1,1,,,,,TXN003615,,,,,,Christian,Chamberlain,Christian Chamberlain,christian.chamberlain@hotmail.com,+44 7039702108,"Flat 33B, Lisa Drives, Perth",PH1 2AN,,christian,chamberlain,christianchamberlain,christian.chamberlain@hotmail.com,07039702108,flat 33b lisa drives perth,PH12AN,,,,,,,christian.chamberlain@hotmail.com,+44 7039702108,,,2025-01-30 11:02:28,True,"Flat 33B, Lisa Drives, Perth",PH1 2AN,EVT0036,Neon Signals,Music,2025-09-06,Standing,2,64.58,129.16,Mastercard,Christian Chamberlain,4156,Christian,Chamberlain,,,,,,,,,,,,,,,,,,,,
STG011624,ECOMMERCE,TXN003624,DCL008336,PCL008327,unresolved_singleton,Unresolved,1,1,,,,,TXN003624,,,,,,Hazel,Robinson,Hazel Robinson,hazel.robinson@hotmail.com,+44 7560942419,"Studio 0, Charlie Vista, Bradford",BD1 5IF,,hazel,robinson,hazelrobinson,hazel.robinson@hotmail.com,07560942419,studio 0 charlie vista bradford,BD15IF,,,,,,,hazel.robinson@hotmail.com,+44 7560942419,,,2025-01-30 13:06:56,True,"Studio 0, Charlie Vista, Bradford",BD1 5IF,EVT0005,Secret Quest,Family,2025-02-01,Standing,3,64.66,193.98,Mastercard,Hazel Robinson,7537,Hazel,Robinson,,,,,,,,,,,,,,,,,,,,
STG011647,ECOMMERCE,TXN003647,DCL008338,PCL008329,unresolved_singleton,Unresolved,1,1,,,,,TXN003647,,,,,,Sandra,Richards,Sandra Richards,sandra.richards@gmail.com,+44 7259674095,"901 Angela Plains, Chelmsford",CM1 8WG,,sandra,richards,sandrarichards,sandra.richards@gmail.com,07259674095,901 angela plains chelmsford,CM18WG,,,,,,,sandra.richards@gmail.com,+44 7259674095,,,2025-01-30 18:21:14,True,"901 Angela Plains, Chelmsford",CM1 8WG,EVT0007,Curious Discovery,Family,2025-02-15,Standing,1,38.52,38.52,American Express,Sandra Richards,4779,Sandra,Richards,,,,,,,,,,,,,,,,,,,,
STG011794,ECOMMERCE,TXN003794,DCL008357,PCL008348,unresolved_singleton,Unresolved,1,1,,,,,TXN003794,,,,,,Jade,Harrison,Jade Harrison,jharrison90@gmail.com,+44 7915956789,"912 Cheryl Coves, Bath",BA1 2EW,,jade,harrison,jadeharrison,jharrison90@gmail.com,07915956789,912 cheryl coves bath,BA12EW,,,,,,,jharrison90@gmail.com,+44 7915956789,,,2025-02-01 18:22:19,True,"912 Cheryl Coves, Bath",BA1 2EW,EVT0012,Amazing Carnival,Family,2025-03-22,Standing,2,26.99,53.98,Visa,Jade Harrison,3906,Jade,Harrison,,,,,,,,,,,,,,,,,,,,
STG012059,ECOMMERCE,TXN004059,DCL008389,PCL008378,unresolved_singleton,Unresolved,1,1,,,,,TXN004059,,,,,,Leon,Holmes,Leon Holmes,leon.holmes@yahoo.com,+44 7739021332,"Studio 22B, Gavin Spurs, Edinburgh",EH1 3DA,,leon,holmes,leonholmes,leon.holmes@yahoo.com,07739021332,studio 22b gavin spurs edinburgh,EH13DA,,,,,,,leon.holmes@yahoo.com,+44 7739021332,,,2025-02-04 23:13:41,True,"Studio 22B, Gavin Spurs, Edinburgh",EH1 3DA,EVT0008,Northern Horizons,Music,2025-02-22,Standing,2,31.35,62.7,Visa,Leon Holmes,9670,Leon,Holmes,,,,,,,,,,,,,,,,,,,,
STG012195,ECOMMERCE,TXN004195,DCL008403,PCL008392,unresolved_singleton,Unresolved,1,1,,,,,TXN004195,,,,,,Frank,Brown,Frank Brown,frank.brown@yahoo.com,+44 7763479291,"Studio 15B, O'Neill Mount, London",NW1 4CU,,frank,brown,frankbrown,frank.brown@yahoo.com,07763479291,studio 15b o neill mount london,NW14CU,,,,,,,frank.brown@yahoo.com,+44 7763479291,,,2025-02-06 16:43:50,True,"Studio 15B, O'Neill Mount, London",NW1 4CU,EVT0009,The Hidden Journey,Theatre,2025-03-01,Standing,1,35.62,35.62,Mastercard,Frank Brown,6070,Frank,Brown,,,,,,,,,,,,,,,,,,,,
STG012388,ECOMMERCE,TXN004388,DCL008432,PCL008421,unresolved_singleton,Unresolved,1,1,,,,,TXN004388,,,,,,Anna,O'Brien,Anna O'Brien,,,"Studio 53q, Howard Meadows, Bradford",BD1 8CU,,anna,obrien,annaobrien,,,studio 53q howard meadows bradford,BD18CU,,,,,,,,,,,2025-02-09 07:21:03,True,"Studio 53q, Howard Meadows, Bradford",BD1 8CU,EVT0014,The Last Promise,Theatre,2025-04-05,Standing,1,21.54,21.54,Mastercard,Anna O'Brien,1211,Anna,O'Brien,,,,,,,,,,,,,,,,,,,,
STG012443,ECOMMERCE,TXN004443,DCL008437,PCL008426,unresolved_singleton,Unresolved,1,1,,,,,TXN004443,,,,,,Josh,Fisher,Josh Fisher,joshfisher63@icloud.com,+44 7516905974,"3 Chapman Manors, Worcester",WR1 3DS,,josh,fisher,joshfisher,joshfisher63@icloud.com,07516905974,3 chapman manors worcester,WR13DS,,,,,,,joshfisher63@icloud.com,+44 7516905974,,,2025-02-10 00:14:13,True,"3 Chapman Manors, Worcester",WR1 3DS,EVT0033,Crimson Sound,Music,2025-08-16,Seated,1,40.74,40.74,Visa,Josh Fisher,0255,Josh,Fisher,,,,,,,,,,,,,,,,,,,,
STG012444,ECOMMERCE,TXN004444,DCL008438,PCL008427,unresolved_singleton,Unresolved,1,1,,,,,TXN004444,,,,,,Roger,Mithcell,Roger Mithcell,rmitchell54@outlook.com,+44 7553814899,"99 Michael Loop, Wolverhampton",WV1 8JF,,roger,mithcell,rogermithcell,rmitchell54@outlook.com,07553814899,99 michael loop wolverhampton,WV18JF,,,,,,,rmitchell54@outlook.com,+44 7553814899,,,2025-02-10 00:37:03,True,"99 Michael Loop, Wolverhampton",WV1 8JF,EVT0042,Late Night Comedy Club,Comedy,2025-10-18,Seated,1,43.75,43.75,Visa,Roger Mitchell,7885,Roger,Mithcell,,,,,,,,,,,,,,,,,,,,
STG012752,ECOMMERCE,TXN004752,DCL008483,PCL008469,unresolved_singleton,Unresolved,1,1,,,,,TXN004752,,,,,,Benjamin,Jenkins,Benjamin Jenkins,benjamin.jenkins@gmail.com,+44 7020467132,"Flat 11S, Lynne Forks, Portsmouth",PO1 3QO,,benjamin,jenkins,benjaminjenkins,benjamin.jenkins@gmail.com,07020467132,flat 11s lynne forks portsmouth,PO13QO,,,,,,,benjamin.jenkins@gmail.com,+44 7020467132,,,2025-02-14 03:45:09,True,"Flat 11S, Lynne Forks, Portsmouth",PO1 3QO,EVT0013,Colourful Carnival 2,Family,2025-03-29,Standing,1,58.25,58.25,Mastercard,B. Jenkins,1386,Benjamin,Jenkins,,,,,,,,,,,,,,,,,,,,
STG012771,ECOMMERCE,TXN004771,DCL008488,PCL008473,unresolved_singleton,Unresolved,1,1,,,,,TXN004771,,,,,,Christopher,Burtn,Christopher Burtn,christopher.burton@gmail.com,+44 7526885382,"3 Amy Field, Armagh",BT616WA,,christopher,burtn,christopherburtn,christopher.burton@gmail.com,07526885382,3 amy field armagh,BT616WA,,,,,,,christopher.burton@gmail.com,+44 7526885382,,,2025-02-14 08:48:38,True,"3 Amy Field, Armagh",BT616WA,EVT0007,Curious Discovery,Family,2025-02-15,Standing,1,38.52,38.52,Mastercard,Christopher Burton,3600,Christopher,Burtn,,,,,,,,,,,,,,,,,,,,
STG012959,ECOMMERCE,TXN004959,DCL008511,PCL008496,unresolved_singleton,Unresolved,1,1,,,,,TXN004959,,,,,,Maria,Clemnts,Maria Clemnts,maria.clements@hotmail.com,+44 7620054027,"Studio 11J, Carey Crest, Plymouth",PL1 3DG,,maria,clemnts,mariaclemnts,maria.clements@hotmail.com,07620054027,studio 11j carey crest plymouth,PL13DG,,,,,,,maria.clements@hotmail.com,+44 7620054027,,,2025-02-17 01:45:10,True,"Studio 11J, Carey Crest, Plymouth",PL1 3DG,EVT0020,Colourful Quest,Family,2025-05-17,Standing,3,25.9,77.7,Mastercard,Maria Clements,6220,Maria,Clemnts,,,,,,,,,,,,,,,,,,,,
STG013069,ECOMMERCE,TXN005069,DCL008521,PCL008506,unresolved_singleton,Unresolved,1,1,,,,,TXN005069,,,,,,Amanda,Connor,Amanda Connor,amanda.connor@gmail.com,,"3 Carly Manors, London",N1 3SI,,amanda,connor,amandaconnor,amanda.connor@gmail.com,,3 carly manors london,N13SI,,,,,,,amanda.connor@gmail.com,,,,2025-02-18 12:34:08,True,"3 Carly Manors, London",N1 3SI,EVT0033,Crimson Sound,Music,2025-08-16,Standing,1,21.87,21.87,Visa,Amanda Connor,7180,Amanda,Connor,,,,,,,,,,,,,,,,,,,,
STG013079,ECOMMERCE,TXN005079,DCL008523,PCL008508,unresolved_singleton,Unresolved,1,1,,,,,TXN005079,,,,,,Nicola,Poole,Nicola Poole,nicola.poole@yahoo.com,+44 7218036485,"639 Jessica Loop, Plymouth",PL1 6KG,,nicola,poole,nicolapoole,nicola.poole@yahoo.com,07218036485,639 jessica loop plymouth,PL16KG,,,,,,,nicola.poole@yahoo.com,+44 7218036485,,,2025-02-18 16:18:39,True,"639 Jessica Loop, Plymouth",PL1 6KG,EVT0015,Late Night Sessions,Comedy,2025-04-12,Standing,2,31.7,63.4,Visa,Nicola Poole,1632,Nicola,Poole,,,,,,,,,,,,,,,,,,,,
STG013094,ECOMMERCE,TXN005094,DCL008526,PCL008511,unresolved_singleton,Unresolved,1,1,,,,,TXN005094,,,,,,Marc,Ferguson,Marc Ferguson,mferguson74@icloud.com,,"51 Peters Village, Derry",BT48 6CF,,marc,ferguson,marcferguson,mferguson74@icloud.com,,51 peters village derry,BT486CF,,,,,,,mferguson74@icloud.com,,,,2025-02-18 22:32:47,True,"51 Peters Village, Derry",BT48 6CF,EVT0010,Premier Darts Open,Sport,2025-03-08,Standing,4,54.12,216.48,Mastercard,Marc Ferguson,7454,Marc,Ferguson,,,,,,,,,,,,,,,,,,,,
STG013226,ECOMMERCE,TXN005226,DCL008539,PCL008524,unresolved_singleton,Unresolved,1,1,,,,,TXN005226,,,,,,Joseph,Sheppard,Joseph Sheppard,josephsheppard@yahoo.com,+44 7292704937,"6 Jordan Crescent, Bradford",BD1 1QG,,joseph,sheppard,josephsheppard,josephsheppard@yahoo.com,07292704937,6 jordan crescent bradford,BD11QG,,,,,,,josephsheppard@yahoo.com,+44 7292704937,,,2025-02-21 05:05:49,True,"6 Jordan Crescent, Bradford",BD1 1QG,EVT0008,Northern Horizons,Music,2025-02-22,Standing,1,31.35,31.35,Mastercard,Joseph Sheppard,5881,Joseph,Sheppard,,,,,,,,,,,,,,,,,,,,
STG013306,ECOMMERCE,TXN005306,DCL008549,PCL008534,unresolved_singleton,Unresolved,1,1,,,,,TXN005306,,,,,,Gavin,Doherty,Gavin Doherty,gavin.doherty@hotmail.fr,+44 7544806657,"6 Albert Ridges, Liverpool",L1 3UK,,gavin,doherty,gavindoherty,gavin.doherty@hotmail.fr,07544806657,6 albert ridges liverpool,L13UK,,,,,,,gavin.doherty@hotmail.fr,+44 7544806657,,,2025-02-22 06:40:54,True,"6 Albert Ridges, Liverpool",L1 3UK,EVT0030,Punchline Showcase,Comedy,2025-07-26,Standing,2,41.95,83.9,Mastercard,Gavin Doherty,5666,Gavin,Doherty,,,,,,,,,,,,,,,,,,,,
STG013470,ECOMMERCE,TXN005470,DCL008561,PCL008546,unresolved_singleton,Unresolved,1,1,,,,,TXN005470,,,,,,eTresa,Anderson,eTresa Anderson,teresa.anderson@wanadoo.fr,+44 7302547752,"103 Thomas Spurs, Carlisle",CA1 4RG,,etresa,anderson,etresaanderson,teresa.anderson@wanadoo.fr,07302547752,103 thomas spurs carlisle,CA14RG,,,,,,,teresa.anderson@wanadoo.fr,+44 7302547752,,,2025-02-24 11:26:03,True,"103 Thomas Spurs, Carlisle",CA1 4RG,EVT0014,The Last Promise,Theatre,2025-04-05,Standing,2,21.54,43.08,Mastercard,Teresa Anderson,5605,eTresa,Anderson,,,,,,,,,,,,,,,,,,,,
STG013655,ECOMMERCE,TXN005655,DCL008582,PCL008566,unresolved_singleton,Unresolved,1,1,,,,,TXN005655,,,,,,Roger,Bell,Roger Bell,roger.bell@yahoo.com,+44 7894158584,"66 Matthew Villages, Liverpool",L1 9EC,,roger,bell,rogerbell,roger.bell@yahoo.com,07894158584,66 matthew villages liverpool,L19EC,,,,,,,roger.bell@yahoo.com,+44 7894158584,,,2025-02-27 13:37:04,True,"66 Matthew Villages, Liverpool",L1 9EC,EVT0017,Wonderful Carnival,Family,2025-04-26,Standing,3,28.35,85.05,Visa,Roger Bell,7500,Roger,Bell,,,,,,,,,,,,,,,,,,,,
STG013731,ECOMMERCE,TXN005731,DCL008593,PCL008576,unresolved_singleton,Unresolved,1,1,,,,,TXN005731,,,,,,Vanessa,Green,Vanessa Green,vanessa.green@hotmail.com,+44 7589421390,"Studio 39, Price Parks, Shrewsbury",SY1 6WZ,,vanessa,green,vanessagreen,vanessa.green@hotmail.com,07589421390,studio 39 price parks shrewsbury,SY16WZ,,,,,,,vanessa.green@hotmail.com,+44 7589421390,,,2025-02-28 12:38:20,True,"Studio 39, Price Parks, Shrewsbury",SY1 6WZ,EVT0018,Silver Anthems,Music,2025-05-03,Standing,1,28.06,28.06,Mastercard,Vanessa Green,2886,Vanessa,Green,,,,,,,,,,,,,,,,,,,,
STG013901,ECOMMERCE,TXN005901,DCL008611,PCL008594,unresolved_singleton,Unresolved,1,1,,,,,TXN005901,,,,,,Ronald,Hughes,Ronald Hughes,,+44 7950983238,"Studio 1, Hollie Flats, Northampton",NN1 5GU,,ronald,hughes,ronaldhughes,,07950983238,studio 1 hollie flats northampton,NN15GU,,,,,,,,+44 7950983238,,,2025-03-03 04:18:00,True,"Studio 1, Hollie Flats, Northampton",NN1 5GU,EVT0012,Amazing Carnival,Family,2025-03-22,Standing,1,26.99,26.99,Visa,Ronald Hughes,5493,Ronald,Hughes,,,,,,,,,,,,,,,,,,,,
STG014199,ECOMMERCE,TXN006199,DCL008641,PCL008620,unresolved_singleton,Unresolved,1,1,,,,,TXN006199,,,,,,Sandra,Thomas,Sandra Thomas,sandra.thomas48@icloud.com,,"220 Lewis Cliffs, London",SW1 8PU,,sandra,thomas,sandrathomas,sandra.thomas48@icloud.com,,220 lewis cliffs london,SW18PU,,,,,,,sandra.thomas48@icloud.com,,,,2025-03-07 21:56:45,True,"220 Lewis Cliffs, London",SW1 8PU,EVT0022,Secret Carnival,Family,2025-05-31,Standing,1,24.82,24.82,Visa,Sandra Thomas,5489,Sandra,Thomas,,,,,,,,,,,,,,,,,,,,
STG014253,ECOMMERCE,TXN006253,DCL008645,PCL008624,unresolved_singleton,Unresolved,1,1,,,,,TXN006253,,,,,,Maureen,Brooks,Maureen Brooks,maureen.brooks@yahoo.com,+44 7256317033,"761 Trevor Roads, London",N1 3SJ,,maureen,brooks,maureenbrooks,maureen.brooks@yahoo.com,07256317033,761 trevor roads london,N13SJ,,,,,,,maureen.brooks@yahoo.com,+44 7256317033,,,2025-03-08 19:07:08,True,"761 Trevor Roads, London",N1 3SJ,EVT0012,Amazing Carnival,Family,2025-03-22,Standing,1,26.99,26.99,Mastercard,Maureen Brooks,5928,Maureen,Brooks,,,,,,,,,,,,,,,,,,,,
STG014290,ECOMMERCE,TXN006290,DCL008650,PCL008629,unresolved_singleton,Unresolved,1,1,,,,,TXN006290,,,,,,Brenda,Hudson,Brenda Hudson,brenda.hudson@hotmail.com,+44 7811554118,"Flat 96, Kim Drives, London",SE1 8NH,,brenda,hudson,brendahudson,brenda.hudson@hotmail.com,07811554118,flat 96 kim drives london,SE18NH,,,,,,,brenda.hudson@hotmail.com,+44 7811554118,,,2025-03-09 13:14:33,True,"Flat 96, Kim Drives, London",SE1 8NH,EVT0015,Late Night Sessions,Comedy,2025-04-12,Standing,2,31.7,63.4,Visa,Brenda Hudson,3274,Brenda,Hudson,,,,,,,,,,,,,,,,,,,,
STG014582,ECOMMERCE,TXN006582,DCL008677,PCL008655,unresolved_singleton,Unresolved,1,1,,,,,TXN006582,,,,,,Darren,Roberts,Darren Roberts,darren.roberts@yahoo.com,,"Flat 20, Jacob Way, Shrewsbury",SY1 2OM,,darren,roberts,darrenroberts,darren.roberts@yahoo.com,,flat 20 jacob way shrewsbury,SY12OM,,,,,,,darren.roberts@yahoo.com,,,,2025-03-14 18:45:26,True,"Flat 20, Jacob Way, Shrewsbury",SY1 2OM,EVT0041,Curious Discovery 2,Family,2025-10-11,Standing,1,27.19,27.19,Visa,Darren Roberts,8656,Darren,Roberts,,,,,,,,,,,,,,,,,,,,
STG014634,ECOMMERCE,TXN006634,DCL008683,PCL008660,unresolved_singleton,Unresolved,1,1,,,,,TXN006634,,,,,,Molly,Quinn,Molly Quinn,molly.quinn@gmail.com,,"539 Kirk Square, Chester",CH1 0ZC,,molly,quinn,mollyquinn,molly.quinn@gmail.com,,539 kirk square chester,CH10ZC,,,,,,,molly.quinn@gmail.com,,,,2025-03-15 17:44:11,True,"539 Kirk Square, Chester",CH1 0ZC,EVT0021,Championship Martial Arts,Sport,2025-05-24,Standing,1,68.46,68.46,Mastercard,Molly Quinn,5432,Molly,Quinn,,,,,,,,,,,,,,,,,,,,
STG014663,ECOMMERCE,TXN006663,DCL008685,PCL008662,unresolved_singleton,Unresolved,1,1,,,,,TXN006663,,,,,,Maria,James,Maria James,maria.james@yahoo.com,+44 7698242273,"971 Jackson Corner, Bradford",BD17DC,,maria,james,mariajames,maria.james@yahoo.com,07698242273,971 jackson corner bradford,BD17DC,,,,,,,maria.james@yahoo.com,+44 7698242273,,,2025-03-16 05:14:39,True,"971 Jackson Corner, Bradford",BD17DC,EVT0014,The Last Promise,Theatre,2025-04-05,Seated,1,37.46,37.46,Mastercard,Maria James,6255,Maria,James,,,,,,,,,,,,,,,,,,,,
STG014779,ECOMMERCE,TXN006779,DCL008700,PCL008677,unresolved_singleton,Unresolved,1,1,,,,,TXN006779,,,,,,Pamlea,Thomas,Pamlea Thomas,pamela.thomas@yahoo.com,+44 7789067326,"Studio 6, Tina Plaza, Derby",DE1 6WZ,,pamlea,thomas,pamleathomas,pamela.thomas@yahoo.com,07789067326,studio 6 tina plaza derby,DE16WZ,,,,,,,pamela.thomas@yahoo.com,+44 7789067326,,,2025-03-18 14:25:28,True,"Studio 6, Tina Plaza, Derby",DE1 6WZ,EVT0018,Silver Anthems,Music,2025-05-03,Standing,1,28.06,28.06,Visa,Pamela Thomas,0379,Pamlea,Thomas,,,,,,,,,,,,,,,,,,,,
STG014813,ECOMMERCE,TXN006813,DCL008703,PCL008680,unresolved_singleton,Unresolved,1,1,,,,,TXN006813,,,,,,Tony,Williams,Tony Williams,tony.williams@gmail.com,+44 7648460805,"678 Douglas Tunnel, London",W1 7XC,,tony,williams,tonywilliams,tony.williams@gmail.com,07648460805,678 douglas tunnel london,W17XC,,,,,,,tony.williams@gmail.com,+44 7648460805,,,2025-03-19 10:22:02,True,"678 Douglas Tunnel, London",W1 7XC,EVT0024,Ultimate Sports Festival,Sport,2025-06-14,Seated,2,62.28,124.56,Visa,TONY WILLIAMS,1363,Tony,Williams,,,,,,,,,,,,,,,,,,,,
STG015009,ECOMMERCE,TXN007009,DCL008727,PCL008704,unresolved_singleton,Unresolved,1,1,,,,,TXN007009,,,,,,iTmothy,Edwards,iTmothy Edwards,timothy.edwards@gmail.com,+44 7734692030,"Studio 27W, Sutton Ports, Gloucester",GL1 3AO,,itmothy,edwards,itmothyedwards,timothy.edwards@gmail.com,07734692030,studio 27w sutton ports gloucester,GL13AO,,,,,,,timothy.edwards@gmail.com,+44 7734692030,,,2025-03-22 16:43:52,True,"Studio 27W, Sutton Ports, Gloucester",GL1 3AO,EVT0028,Midnight Sound,Music,2025-07-12,Standing,3,59.14,177.42,Visa,Timothy Edwards,5383,iTmothy,Edwards,,,,,,,,,,,,,,,,,,,,
STG015136,ECOMMERCE,TXN007136,DCL008740,PCL008716,unresolved_singleton,Unresolved,1,1,,,,,TXN007136,,,,,,Raymond,Nicholls,Raymond Nicholls,raymond.nicholls@hotmail.com,+44 7895281091,"Flat 3, Perry Greens, Portsmouth",PO1 7GQ,,raymond,nicholls,raymondnicholls,raymond.nicholls@hotmail.com,07895281091,flat 3 perry greens portsmouth,PO17GQ,,,,,,,raymond.nicholls@hotmail.com,+44 7895281091,,,2025-03-25 09:26:54,True,"Flat 3, Perry Greens, Portsmouth",PO1 7GQ,EVT0013,Colourful Carnival 2,Family,2025-03-29,Standing,1,58.25,58.25,Mastercard,Raymond Nicholls,0231,Raymond,Nicholls,,,,,,,,,,,,,,,,,,,,
STG015272,ECOMMERCE,TXN007272,DCL008754,PCL008729,unresolved_singleton,Unresolved,1,1,,,,,TXN007272,,,,,,Antony,Gordon,Antony Gordon,antony.gordon@hotmail.com,+44 7875592158,"Studio 11, Damien Extension, London",E1 5XW,,antony,gordon,antonygordon,antony.gordon@hotmail.com,07875592158,studio 11 damien extension london,E15XW,,,,,,,antony.gordon@hotmail.com,+44 7875592158,,,2025-03-28 01:26:40,True,"Studio 11, Damien Extension, London",E1 5XW,EVT0013,Colourful Carnival 2,Family,2025-03-29,Standing,1,58.25,58.25,Mastercard,Antony Gordon,3394,Antony,Gordon,,,,,,,,,,,,,,,,,,,,
STG015301,ECOMMERCE,TXN007301,DCL008757,PCL008732,unresolved_singleton,Unresolved,1,1,,,,,TXN007301,,,,,,Ian,Parry,Ian Parry,ian.parry@gmail.com,+44 7000957405,"Flat 15, Ruth Oval, Carlisle",CA1 2GC,,ian,parry,ianparry,ian.parry@gmail.com,07000957405,flat 15 ruth oval carlisle,CA12GC,,,,,,,ian.parry@gmail.com,+44 7000957405,,,2025-03-28 18:03:09,True,"Flat 15, Ruth Oval, Carlisle",CA1 2GC,EVT0031,Ultimate Challenge,Sport,2025-08-02,Seated,4,55.41,221.64,Mastercard,Ian Parry,0905,Ian,Parry,,,,,,,,,,,,,,,,,,,,
STG015397,ECOMMERCE,TXN007397,DCL008773,PCL008748,unresolved_singleton,Unresolved,1,1,,,,,TXN007397,,,,,,Tracey,Hill,Tracey Hill,traceyhill@yahoo.com,+44 7106018202,"0 Martin Bridge, Preston",PR1 6PG,,tracey,hill,traceyhill,traceyhill@yahoo.com,07106018202,0 martin bridge preston,PR16PG,,,,,,,traceyhill@yahoo.com,+44 7106018202,,,2025-03-30 15:07:55,True,"0 Martin Bridge, Preston",PR1 6PG,EVT0025,The Last Portrait,Theatre,2025-06-21,Standing,3,40.79,122.37,Mastercard,Tracey Hill,7772,Tracey,Hill,,,,,,,,,,,,,,,,,,,,
STG015442,ECOMMERCE,TXN007442,DCL008777,PCL008752,unresolved_singleton,Unresolved,1,1,,,,,TXN007442,,,,,,Anne,Smith,Anne Smith,anne.smith@yahoo.com,,"Flat 89, Patrick Path, Oxford",OX19TC,,anne,smith,annesmith,anne.smith@yahoo.com,,flat 89 patrick path oxford,OX19TC,,,,,,,anne.smith@yahoo.com,,,,2025-03-31 17:05:10,True,"Flat 89, Patrick Path, Oxford",OX19TC,EVT0017,Wonderful Carnival,Family,2025-04-26,Standing,1,28.35,28.35,Visa,ANNE SMITH,3456,Anne,Smith,,,,,,,,,,,,,,,,,,,,
STG015533,ECOMMERCE,TXN007533,DCL008785,PCL008760,unresolved_singleton,Unresolved,1,1,,,,,TXN007533,,,,,,Marilyn,Rhodes,Marilyn Rhodes,marilyn.rhodes@gmail.com,,"0 Williams Plains, Bristol",BS1 7NW,,marilyn,rhodes,marilynrhodes,marilyn.rhodes@gmail.com,,0 williams plains bristol,BS17NW,,,,,,,marilyn.rhodes@gmail.com,,,,2025-04-02 18:48:22,True,"0 Williams Plains, Bristol",BS1 7NW,EVT0016,Punchline Joke Factory,Comedy,2025-04-19,Standing,1,47.85,47.85,Visa,Marilyn Rhodes,2803,Marilyn,Rhodes,,,,,,,,,,,,,,,,,,,,
STG015538,ECOMMERCE,TXN007538,DCL008787,PCL008762,unresolved_singleton,Unresolved,1,1,,,,,TXN007538,,,,,,Dale,Parker,Dale Parker,,+44 7171956874,"Studio 79Z, Potter Shores, Bradford",BD1 1PA,,dale,parker,daleparker,,07171956874,studio 79z potter shores bradford,BD11PA,,,,,,,,+44 7171956874,,,2025-04-02 19:52:43,True,"Studio 79Z, Potter Shores, Bradford",BD1 1PA,EVT0033,Crimson Sound,Music,2025-08-16,Standing,1,21.87,21.87,Mastercard,Dale Parker,1875,Dale,Parker,,,,,,,,,,,,,,,,,,,,
STG015620,ECOMMERCE,TXN007620,DCL008797,PCL008772,unresolved_singleton,Unresolved,1,1,,,,,TXN007620,,,,,,Dunca,Harrison,Dunca Harrison,dharrison63@yahoo.com,,"1 Patel Port, Inverness",IV1 8ZE,,dunca,harrison,duncaharrison,dharrison63@yahoo.com,,1 patel port inverness,IV18ZE,,,,,,,dharrison63@yahoo.com,,,,2025-04-04 11:26:49,True,"1 Patel Port, Inverness",IV1 8ZE,EVT0018,Silver Anthems,Music,2025-05-03,Standing,1,28.06,28.06,Visa,Duncan Harrison,8708,Dunca,Harrison,,,,,,,,,,,,,,,,,,,,
STG015752,ECOMMERCE,TXN007752,DCL008815,PCL008789,unresolved_singleton,Unresolved,1,1,,,,,TXN007752,,,,,,Louis,Booth,Louis Booth,louis.booth@yahoo.com,+44 7417577304,"Flat 50, Gareth Dam, Portsmouth",PO12AU,,louis,booth,louisbooth,louis.booth@yahoo.com,07417577304,flat 50 gareth dam portsmouth,PO12AU,,,,,,,louis.booth@yahoo.com,+44 7417577304,,,2025-04-07 12:41:45,True,"Flat 50, Gareth Dam, Portsmouth",PO12AU,EVT0015,Late Night Sessions,Comedy,2025-04-12,Standing,1,31.7,31.7,Visa,Louis Booth,5028,Louis,Booth,,,,,,,,,,,,,,,,,,,,
STG015771,ECOMMERCE,TXN007771,DCL008819,PCL008793,unresolved_singleton,Unresolved,1,1,,,,,TXN007771,,,,,,Amber,Parsons,Amber Parsons,amber.parsons@yahoo.com,+44 7603646655,"03 Willis Estates, Reading",RG1 4GW,,amber,parsons,amberparsons,amber.parsons@yahoo.com,07603646655,03 willis estates reading,RG14GW,,,,,,,amber.parsons@yahoo.com,+44 7603646655,,,2025-04-07 23:20:56,True,"03 Willis Estates, Reading",RG1 4GW,EVT0029,The Golden Letter,Theatre,2025-07-19,Standing,2,48.59,97.18,Mastercard,Amber Parsons,2085,Amber,Parsons,,,,,,,,,,,,,,,,,,,,
STG015905,ECOMMERCE,TXN007905,DCL008831,PCL008805,unresolved_singleton,Unresolved,1,1,,,,,TXN007905,,,,,,Chloe,Pritchard,Chloe Pritchard,chloe.prtichard@gmail.com,+44 7504181323,"Flat 95w, Burke Spur, Norwich",NR1 9KC,,chloe,pritchard,chloepritchard,chloe.prtichard@gmail.com,07504181323,flat 95w burke spur norwich,NR19KC,,,,,,,chloe.prtichard@gmail.com,+44 7504181323,,,2025-04-10 23:23:10,True,"Flat 95w, Burke Spur, Norwich",NR1 9KC,EVT0019,Northern Static,Music,2025-05-10,Standing,2,39.05,78.1,Visa,Chloe Pritchard,1727,Chloe,Pritchard,,,,,,,,,,,,,,,,,,,,
STG015932,ECOMMERCE,TXN007932,DCL008835,PCL008809,unresolved_singleton,Unresolved,1,1,,,,,TXN007932,,,,,,Laura,Lewis,Laura Lewis,laura.lewis@gmail.com,+44 7369637266,"5 Brown Lake, Reading",RG17OA,,laura,lewis,lauralewis,laura.lewis@gmail.com,07369637266,5 brown lake reading,RG17OA,,,,,,,laura.lewis@gmail.com,+44 7369637266,,,2025-04-11 20:16:14,True,"5 Brown Lake, Reading",RG17OA,EVT0015,Late Night Sessions,Comedy,2025-04-12,Seated,2,38.16,76.32,Mastercard,Laura Lewis,3128,Laura,Lewis,,,,,,,,,,,,,,,,,,,,
STG016121,ECOMMERCE,TXN008121,DCL008855,PCL008828,unresolved_singleton,Unresolved,1,1,,,,,TXN008121,,,,,,Jacob,Kelly,Jacob Kelly,jacob.kelly@hotmail.com,+44 7138402798,"059 Josephine Turnpike, Norwich",NR1 8JY,,jacob,kelly,jacobkelly,jacob.kelly@hotmail.com,07138402798,059 josephine turnpike norwich,NR18JY,,,,,,,jacob.kelly@hotmail.com,+44 7138402798,,,2025-04-16 06:22:35,True,"059 Josephine Turnpike, Norwich",NR1 8JY,EVT0018,Silver Anthems,Music,2025-05-03,Seated,3,45.59,136.77,Visa,Jacob Kelly,2588,Jacob,Kelly,,,,,,,,,,,,,,,,,,,,
STG016516,ECOMMERCE,TXN008516,DCL008893,PCL008865,unresolved_singleton,Unresolved,1,1,,,,,TXN008516,,,,,,Samuel,Watkins,Samuel Watkins,samuel.watkins@gmail.com,+44 7365070145,"Studio 1, Stone Fall, Liverpool",L1 9AU,,samuel,watkins,samuelwatkins,samuel.watkins@gmail.com,07365070145,studio 1 stone fall liverpool,L19AU,,,,,,,samuel.watkins@gmail.com,+44 7365070145,,,2025-04-26 01:16:07,True,"Studio 1, Stone Fall, Liverpool",L1 9AU,EVT0019,Northern Static,Music,2025-05-10,Standing,1,39.05,39.05,Visa,Samuel Watkins,2026,Samuel,Watkins,,,,,,,,,,,,,,,,,,,,
STG016534,ECOMMERCE,TXN008534,DCL008896,PCL008868,unresolved_singleton,Unresolved,1,1,,,,,TXN008534,,,,,,Jordan,Bennett,Jordan Bennett,jbennett95@icloud.com,+44 7011032621,"Flat 78, Peter Land, London",SW1 5UP,,jordan,bennett,jordanbennett,jbennett95@icloud.com,07011032621,flat 78 peter land london,SW15UP,,,,,,,jbennett95@icloud.com,+44 7011032621,,,2025-04-26 14:03:55,True,"Flat 78, Peter Land, London",SW1 5UP,EVT0023,The Broken Voyage,Theatre,2025-06-07,Standing,1,48.96,48.96,Visa,Jordan Bennett,8363,Jordan,Bennett,,,,,,,,,,,,,,,,,,,,
STG016615,ECOMMERCE,TXN008615,DCL008900,PCL008872,unresolved_singleton,Unresolved,1,1,,,,,TXN008615,,,,,,Dorothy,Thompson,Dorothy Thompson,dorothy.thompson@gmail.com,+44 7809275116,"87 West Vista, Preston",PR1 3FY,,dorothy,thompson,dorothythompson,dorothy.thompson@gmail.com,07809275116,87 west vista preston,PR13FY,,,,,,,dorothy.thompson@gmail.com,+44 7809275116,,,2025-04-28 15:02:04,True,"87 West Vista, Preston",PR1 3FY,EVT0027,Neon Sound,Music,2025-07-05,Standing,2,37.34,74.68,Mastercard,Dorothy Thompson,6675,Dorothy,Thompson,,,,,,,,,,,,,,,,,,,,
STG016643,ECOMMERCE,TXN008643,DCL008905,PCL008877,unresolved_singleton,Unresolved,1,1,,,,,TXN008643,,,,,,Keith,Jones,Keith Jones,keith.joes3@gmail.com,+44 7873031694,"961 Morris Mountains, Oxford",OX1 8OB,,keith,jones,keithjones,keith.joes3@gmail.com,07873031694,961 morris mountains oxford,OX18OB,,,,,,,keith.joes3@gmail.com,+44 7873031694,,,2025-04-29 06:35:00,True,"961 Morris Mountains, Oxford",OX1 8OB,EVT0030,Punchline Showcase,Comedy,2025-07-26,Seated,1,47.49,47.49,Visa,Keith Jones,0853,Keith,Jones,,,,,,,,,,,,,,,,,,,,
STG016645,ECOMMERCE,TXN008645,DCL008907,PCL008879,unresolved_singleton,Unresolved,1,1,,,,,TXN008645,,,,,,Shane,Mitchell,Shane Mitchell,shane.mitchell@yahoo.fr,+44 7818701827,"88 Wells Grove, Liverpool",L1 8DU,,shane,mitchell,shanemitchell,shane.mitchell@yahoo.fr,07818701827,88 wells grove liverpool,L18DU,,,,,,,shane.mitchell@yahoo.fr,+44 7818701827,,,2025-04-29 07:27:28,True,"88 Wells Grove, Liverpool",L1 8DU,EVT0034,Unfiltered Night,Comedy,2025-08-23,Seated,1,64.68,64.68,Mastercard,Shane Mitchell,6495,Shane,Mitchell,,,,,,,,,,,,,,,,,,,,
STG016743,ECOMMERCE,TXN008743,DCL008917,PCL008889,unresolved_singleton,Unresolved,1,1,,,,,TXN008743,,,,,,Alexandra,Thomson,Alexandra Thomson,alexandrathomson@gmail.com,+44 7092429187,"Flat 99Z, Mohamed Fall, Nottingham",NG1 7WR,,alexandra,thomson,alexandrathomson,alexandrathomson@gmail.com,07092429187,flat 99z mohamed fall nottingham,NG17WR,,,,,,,alexandrathomson@gmail.com,+44 7092429187,,,2025-05-01 17:19:37,True,"Flat 99Z, Mohamed Fall, Nottingham",NG1 7WR,EVT0020,Colourful Quest,Family,2025-05-17,Standing,1,25.9,25.9,Mastercard,Alexandra Thomson,4022,Alexandra,Thomson,,,,,,,,,,,,,,,,,,,,
STG016806,ECOMMERCE,TXN008806,DCL008922,PCL008894,unresolved_singleton,Unresolved,1,1,,,,,TXN008806,,,,,,Vincent,Butler,Vincent Butler,vincent.butler@yahoo.com,+44 7339658198,"330 Hooper Tunnel, Guildford",GU19EI,,vincent,butler,vincentbutler,vincent.butler@yahoo.com,07339658198,330 hooper tunnel guildford,GU19EI,,,,,,,vincent.butler@yahoo.com,+44 7339658198,,,2025-05-03 09:47:14,True,"330 Hooper Tunnel, Guildford",GU19EI,EVT0024,Ultimate Sports Festival,Sport,2025-06-14,Seated,2,62.28,124.56,Visa,Vincent Butler,9292,Vincent,Butler,,,,,,,,,,,,,,,,,,,,
STG016913,ECOMMERCE,TXN008913,DCL008933,PCL008904,unresolved_singleton,Unresolved,1,1,,,,,TXN008913,,,,,,Lynne,Mitchell,Lynne Mitchell,lynne.mitchell@hotmail.com,+44 7750866308,"32 Price Throughway, Inverness",IV1 6VQ,,lynne,mitchell,lynnemitchell,lynne.mitchell@hotmail.com,07750866308,32 price throughway inverness,IV16VQ,,,,,,,lynne.mitchell@hotmail.com,+44 7750866308,,,2025-05-06 03:02:26,True,"32 Price Throughway, Inverness",IV1 6VQ,EVT0021,Championship Martial Arts,Sport,2025-05-24,Standing,1,68.46,68.46,Visa,Lynne Mitchell,1989,Lynne,Mitchell,,,,,,,,,,,,,,,,,,,,
STG017058,ECOMMERCE,TXN009058,DCL008945,PCL008916,unresolved_singleton,Unresolved,1,1,,,,,TXN009058,,,,,,Ben,Armstrong,Ben Armstrong,ben.armstrong@orange.fr,,"Flat 07, Dickinson Valley, London",SE1 6JU,,ben,armstrong,benarmstrong,ben.armstrong@orange.fr,,flat 07 dickinson valley london,SE16JU,,,,,,,ben.armstrong@orange.fr,,,,2025-05-10 09:09:42,True,"Flat 07, Dickinson Valley, London",SE1 6JU,EVT0048,Championship Futsal Cup,Sport,2025-11-29,Standing,2,20.89,41.78,Mastercard,BEN ARMSTRONG,1807,Ben,Armstrong,,,,,,,,,,,,,,,,,,,,
STG017204,ECOMMERCE,TXN009204,DCL008960,PCL008930,unresolved_singleton,Unresolved,1,1,,,,,TXN009204,,,,,,Melissa,Thompson,Melissa Thompson,melissa.thompson@yahoo.com,+44 7398655893,"Studio 01t, Lesley Harbor, Edinburgh",EH1 7PV,,melissa,thompson,melissathompson,melissa.thompson@yahoo.com,07398655893,studio 01t lesley harbor edinburgh,EH17PV,,,,,,,melissa.thompson@yahoo.com,+44 7398655893,,,2025-05-14 14:30:14,True,"Studio 01t, Lesley Harbor, Edinburgh",EH1 7PV,EVT0037,Indoor Challenge,Sport,2025-09-13,Seated,1,60.1,60.1,Mastercard,Melissa Thompson,3278,Melissa,Thompson,,,,,,,,,,,,,,,,,,,,
STG017278,ECOMMERCE,TXN009278,DCL008965,PCL008935,unresolved_singleton,Unresolved,1,1,,,,,TXN009278,,,,,,Margret,Stokes,Margret Stokes,,,"Studio 52J, Kimberley Fall, Exeter",EX1 3QK,,margret,stokes,margretstokes,,,studio 52j kimberley fall exeter,EX13QK,,,,,,,,,,,2025-05-16 16:00:41,True,"Studio 52J, Kimberley Fall, Exeter",EX1 3QK,EVT0034,Unfiltered Night,Comedy,2025-08-23,Standing,1,35.86,35.86,Mastercard,Margaret Stokes,5794,Margret,Stokes,,,,,,,,,,,,,,,,,,,,
STG017345,ECOMMERCE,TXN009345,DCL008972,PCL008942,unresolved_singleton,Unresolved,1,1,,,,,TXN009345,,,,,,Scott,Read,Scott Read,scott.read@yahoo.com,+44 7749492441,"Studio 0, Thomas Mission, Hull",HU1 0HI,,scott,read,scottread,scott.read@yahoo.com,07749492441,studio 0 thomas mission hull,HU10HI,,,,,,,scott.read@yahoo.com,+44 7749492441,,,2025-05-18 23:32:32,True,"Studio 0, Thomas Mission, Hull",HU1 0HI,EVT0033,Crimson Sound,Music,2025-08-16,Standing,1,21.87,21.87,Mastercard,Scott Read,3627,Scott,Read,,,,,,,,,,,,,,,,,,,,
STG017449,ECOMMERCE,TXN009449,DCL008982,PCL008952,unresolved_singleton,Unresolved,1,1,,,,,TXN009449,,,,,,Terry,Lees,Terry Lees,terry.lees@yahoo.com,+44 7152693693,"321 Barton Bypass, Wolverhampton",WV1 7FH,,terry,lees,terrylees,terry.lees@yahoo.com,07152693693,321 barton bypass wolverhampton,WV17FH,,,,,,,terry.lees@yahoo.com,+44 7152693693,,,2025-05-21 18:40:43,True,"321 Barton Bypass, Wolverhampton",WV1 7FH,EVT0048,Championship Futsal Cup,Sport,2025-11-29,Standing,1,20.89,20.89,Visa,Terry Lees,6164,Terry,Lees,,,,,,,,,,,,,,,,,,,,
STG017665,ECOMMERCE,TXN009665,DCL008998,PCL008968,unresolved_singleton,Unresolved,1,1,,,,,TXN009665,,,,,,Alison,Walters,Alison Walters,,+44 7905342167,"Flat 25, Thornton Shoals, Southampton",SO14 5TU,,alison,walters,alisonwalters,,07905342167,flat 25 thornton shoals southampton,SO145TU,,,,,,,,+44 7905342167,,,2025-05-29 19:52:42,True,"Flat 25, Thornton Shoals, Southampton",SO14 5TU,EVT0022,Secret Carnival,Family,2025-05-31,Standing,4,24.82,99.28,Visa,Alison Walters,3150,Alison,Walters,,,,,,,,,,,,,,,,,,,,
STG017683,ECOMMERCE,TXN009683,DCL009002,PCL008972,unresolved_singleton,Unresolved,1,1,,,,,TXN009683,,,,,,Elizabeth,West,Elizabeth West,elizabeth.west@hotmail.com,+44 7386394928,"Flat 28, Aimee Falls, London",NW1 2XH,,elizabeth,west,elizabethwest,elizabeth.west@hotmail.com,07386394928,flat 28 aimee falls london,NW12XH,,,,,,,elizabeth.west@hotmail.com,+44 7386394928,,,2025-05-30 06:39:02,True,"Flat 28, Aimee Falls, London",NW1 2XH,EVT0028,Midnight Sound,Music,2025-07-12,Standing,1,59.14,59.14,Visa,Elizabeth West,3410,Elizabeth,West,,,,,,,,,,,,,,,,,,,,
STG017702,ECOMMERCE,TXN009702,DCL009003,PCL008973,unresolved_singleton,Unresolved,1,1,,,,,TXN009702,,,,,,Eleanor,Ferguson,Eleanor Ferguson,eleanor.ferguson@gmail.com,+44 7864787651,"Studio 21, Gibson Inlet, Carlisle",CA12RP,,eleanor,ferguson,eleanorferguson,eleanor.ferguson@gmail.com,07864787651,studio 21 gibson inlet carlisle,CA12RP,,,,,,,eleanor.ferguson@gmail.com,+44 7864787651,,,2025-05-30 22:13:10,True,"Studio 21, Gibson Inlet, Carlisle",CA12RP,EVT0030,Punchline Showcase,Comedy,2025-07-26,Standing,1,41.95,41.95,Visa,Eleanor Ferguson,0149,Eleanor,Ferguson,,,,,,,,,,,,,,,,,,,,
STG017726,ECOMMERCE,TXN009726,DCL009007,PCL008977,unresolved_singleton,Unresolved,1,1,,,,,TXN009726,,,,,,Jacob,Hunter,Jacob Hunter,jcob.hunter@yahoo.com,+44 7875208458,"08 Paul Route, Nottingham",NG1 2DF,,jacob,hunter,jacobhunter,jcob.hunter@yahoo.com,07875208458,08 paul route nottingham,NG12DF,,,,,,,jcob.hunter@yahoo.com,+44 7875208458,,,2025-05-31 17:57:23,True,"08 Paul Route, Nottingham",NG1 2DF,EVT0048,Championship Futsal Cup,Sport,2025-11-29,Standing,1,20.89,20.89,American Express,Jacob Hunter,8594,Jacob,Hunter,,,,,,,,,,,,,,,,,,,,
STG017973,ECOMMERCE,TXN009973,DCL009030,PCL008999,unresolved_singleton,Unresolved,1,1,,,,,TXN009973,,,,,,Bethany,Webb,Bethany Webb,bethany.webb@gmail.com,+44 7082477126,"Studio 28t, Smith Motorway, Liverpool",L1 5BT,,bethany,webb,bethanywebb,bethany.webb@gmail.com,07082477126,studio 28t smith motorway liverpool,L15BT,,,,,,,bethany.webb@gmail.com,+44 7082477126,,,2025-06-09 14:31:32,True,"Studio 28t, Smith Motorway, Liverpool",L1 5BT,EVT0024,Ultimate Sports Festival,Sport,2025-06-14,Seated,3,62.28,186.84,Visa,Bethany Webb,2367,Bethany,Webb,,,,,,,,,,,,,,,,,,,,
STG018059,ECOMMERCE,TXN010059,DCL009038,PCL009006,unresolved_singleton,Unresolved,1,1,,,,,TXN010059,,,,,,Andrea,Bryan,Andrea Bryan,andrea.bryan@gmail.com,+44 7567282216,"Studio 35, Joyce Roads, Peterborough",PE1 9QG,,andrea,bryan,andreabryan,andrea.bryan@gmail.com,07567282216,studio 35 joyce roads peterborough,PE19QG,,,,,,,andrea.bryan@gmail.com,+44 7567282216,,,2025-06-12 23:30:15,True,"Studio 35, Joyce Roads, Peterborough",PE1 9QG,EVT0030,Punchline Showcase,Comedy,2025-07-26,Standing,1,41.95,41.95,Visa,Andrea B.,0416,Andrea,Bryan,,,,,,,,,,,,,,,,,,,,
STG018101,ECOMMERCE,TXN010101,DCL009045,PCL009013,unresolved_singleton,Unresolved,1,1,,,,,TXN010101,,,,,,Albert,Sims,Albert Sims,albert.sims@hotmail.com,+44 7220685404,"Studio 16, Wall Ridge, Nottingham",NG1 9UI,,albert,sims,albertsims,albert.sims@hotmail.com,07220685404,studio 16 wall ridge nottingham,NG19UI,,,,,,,albert.sims@hotmail.com,+44 7220685404,,,2025-06-14 07:46:20,True,"Studio 16, Wall Ridge, Nottingham",NG1 9UI,EVT0030,Punchline Showcase,Comedy,2025-07-26,Standing,1,41.95,41.95,Visa,Albert Sims,6651,Albert,Sims,,,,,,,,,,,,,,,,,,,,
STG018111,ECOMMERCE,TXN010111,DCL009046,PCL009014,unresolved_singleton,Unresolved,1,1,,,,,TXN010111,,,,,,Ann,Rose,Ann Rose,nn.rose@hotmail.com,+44 7736545338,"Flat 80, Chapman Fork, Chester",CH1 0XB,,ann,rose,annrose,nn.rose@hotmail.com,07736545338,flat 80 chapman fork chester,CH10XB,,,,,,,nn.rose@hotmail.com,+44 7736545338,,,2025-06-14 22:27:00,True,"Flat 80, Chapman Fork, Chester",CH1 0XB,EVT0025,The Last Portrait,Theatre,2025-06-21,Standing,1,40.79,40.79,Visa,Ann Rose,6002,Ann,Rose,,,,,,,,,,,,,,,,,,,,
STG018267,ECOMMERCE,TXN010267,DCL009065,PCL009031,unresolved_singleton,Unresolved,1,1,,,,,TXN010267,,,,,,Naomi,Chambers,Naomi Chambers,naomi.chambers@yahoo.com,+44 7516695966,"5 Bell Expressway, Edinburgh",EH1 9OU,,naomi,chambers,naomichambers,naomi.chambers@yahoo.com,07516695966,5 bell expressway edinburgh,EH19OU,,,,,,,naomi.chambers@yahoo.com,+44 7516695966,,,2025-06-20 02:21:35,True,"5 Bell Expressway, Edinburgh",EH1 9OU,EVT0029,The Golden Letter,Theatre,2025-07-19,Seated,1,65.43,65.43,Mastercard,Naomi Chambers,3884,Naomi,Chambers,,,,,,,,,,,,,,,,,,,,
STG018273,ECOMMERCE,TXN010273,DCL009066,PCL009032,unresolved_singleton,Unresolved,1,1,,,,,TXN010273,,,,,,Hollie,Grene,Hollie Grene,holliegreen@gmail.com,+44 7309798420,"78 Sharp Mission, Worcester",WR1 1DC,,hollie,grene,holliegrene,holliegreen@gmail.com,07309798420,78 sharp mission worcester,WR11DC,,,,,,,holliegreen@gmail.com,+44 7309798420,,,2025-06-20 05:12:19,True,"78 Sharp Mission, Worcester",WR1 1DC,EVT0033,Crimson Sound,Music,2025-08-16,Standing,1,21.87,21.87,Visa,Hollie Green,7955,Hollie,Grene,,,,,,,,,,,,,,,,,,,,
STG018320,ECOMMERCE,TXN010320,DCL009071,PCL009037,unresolved_singleton,Unresolved,1,1,,,,,TXN010320,,,,,,Maurice,Harper,Maurice Harper,maurice.harper@yahoo.com,+44 7640481587,"Flat 64, Wilkins Cove, Northampton",NN1 7AD,,maurice,harper,mauriceharper,maurice.harper@yahoo.com,07640481587,flat 64 wilkins cove northampton,NN17AD,,,,,,,maurice.harper@yahoo.com,+44 7640481587,,,2025-06-21 10:59:12,True,"Flat 64, Wilkins Cove, Northampton",NN1 7AD,EVT0032,Great Kingdom,Family,2025-08-09,Seated,4,80.57,322.28,Visa,Maurice Harper,8616,Maurice,Harper,,,,,,,,,,,,,,,,,,,,
STG018468,ECOMMERCE,TXN010468,DCL009089,PCL009055,unresolved_singleton,Unresolved,1,1,,,,,TXN010468,,,,,,Denise,Leonard,Denise Leonard,denise.leonard48@gmail.com,,"917 Finch Flat, Derry",BT48 6ML,,denise,leonard,deniseleonard,denise.leonard48@gmail.com,,917 finch flat derry,BT486ML,,,,,,,denise.leonard48@gmail.com,,,,2025-06-28 00:33:18,True,"917 Finch Flat, Derry",BT48 6ML,EVT0049,Indoor Sports Festival,Sport,2025-12-06,Standing,1,46.54,46.54,Mastercard,Denise Leonard,6432,Denise,Leonard,,,,,,,,,,,,,,,,,,,,
STG018580,ECOMMERCE,TXN010580,DCL009100,PCL009065,unresolved_singleton,Unresolved,1,1,,,,,TXN010580,,,,,,Liam,James,Liam James,liam.james51@gmail.com,+44 7157786586,"77 Nigel Inlet, Lisburn",BT277FH,,liam,james,liamjames,liam.james51@gmail.com,07157786586,77 nigel inlet lisburn,BT277FH,,,,,,,liam.james51@gmail.com,+44 7157786586,,,2025-07-02 01:17:56,True,"77 Nigel Inlet, Lisburn",BT277FH,EVT0030,Punchline Showcase,Comedy,2025-07-26,Seated,1,47.49,47.49,Visa,Liam James,2936,Liam,James,,,,,,,,,,,,,,,,,,,,
STG018609,ECOMMERCE,TXN010609,DCL009110,PCL009075,unresolved_singleton,Unresolved,1,1,,,,,TXN010609,,,,,,Abdul,Hughes,Abdul Hughes,abdul.hughes58@icloud.com,,"29 Morgan Stream, Newcastle upon Tyne",NE1 6TR,,abdul,hughes,abdulhughes,abdul.hughes58@icloud.com,,29 morgan stream newcastle upon tyne,NE16TR,,,,,,,abdul.hughes58@icloud.com,,,,2025-07-03 02:18:05,True,"29 Morgan Stream, Newcastle upon Tyne",NE1 6TR,EVT0050,Elite Martial Arts,Sport,2025-12-13,Seated,1,54.36,54.36,Visa,Abdul Hughes,3869,Abdul,Hughes,,,,,,,,,,,,,,,,,,,,
STG018618,ECOMMERCE,TXN010618,DCL009112,PCL009077,unresolved_singleton,Unresolved,1,1,,,,,TXN010618,,,,,,Lesley,Patel,Lesley Patel,lesley.patel@hotmail.com,+44 7132030289,"77 Stewart Trail, Chesterfield",S40 2VL,,lesley,patel,lesleypatel,lesley.patel@hotmail.com,07132030289,77 stewart trail chesterfield,S402VL,,,,,,,lesley.patel@hotmail.com,+44 7132030289,,,2025-07-03 10:17:28,True,"77 Stewart Trail, Chesterfield",S40 2VL,EVT0034,Unfiltered Night,Comedy,2025-08-23,Standing,2,35.86,71.72,Visa,Lesley Patel,3109,Lesley,Patel,,,,,,,,,,,,,,,,,,,,
STG018857,ECOMMERCE,TXN010857,DCL009134,PCL009099,unresolved_singleton,Unresolved,1,1,,,,,TXN010857,,,,,,Heather,Harvey,Heather Harvey,heather.harvey@hotmail.com,+44 7960879895,"Flat 80, O'Connor Ridges, Edinburgh",EH1 9SA,,heather,harvey,heatherharvey,heather.harvey@hotmail.com,07960879895,flat 80 o connor ridges edinburgh,EH19SA,,,,,,,heather.harvey@hotmail.com,+44 7960879895,,,2025-07-13 19:18:50,True,"Flat 80, O'Connor Ridges, Edinburgh",EH1 9SA,EVT0035,Comic Circuit,Comedy,2025-08-30,Standing,3,66.8,200.4,Mastercard,Heather Harvey,6988,Heather,Harvey,,,,,,,,,,,,,,,,,,,,
STG018943,ECOMMERCE,TXN010943,DCL009143,PCL009108,unresolved_singleton,Unresolved,1,1,,,,,TXN010943,,,,,,Dennis,Reeves,Dennis Reeves,,,"Studio 44F, Leigh Lane, Edinburgh",EH1 7WD,,dennis,reeves,dennisreeves,,,studio 44f leigh lane edinburgh,EH17WD,,,,,,,,,,,2025-07-17 20:30:36,True,"Studio 44F, Leigh Lane, Edinburgh",EH1 7WD,EVT0035,Comic Circuit,Comedy,2025-08-30,Standing,2,66.8,133.6,Visa,Dennis Reeves,3391,Dennis,Reeves,,,,,,,,,,,,,,,,,,,,
STG019016,ECOMMERCE,TXN011016,DCL009147,PCL009112,unresolved_singleton,Unresolved,1,1,,,,,TXN011016,,,,,,Garry,Sanderson,Garry Sanderson,garry.sanderson@yahoo.com,+44 7168485225,"Flat 89u, Mathew Overpass, London",E1 4AA,,garry,sanderson,garrysanderson,garry.sanderson@yahoo.com,07168485225,flat 89u mathew overpass london,E14AA,,,,,,,garry.sanderson@yahoo.com,+44 7168485225,,,2025-07-20 20:55:18,True,"Flat 89u, Mathew Overpass, London",E1 4AA,EVT0038,Wonderful Quest,Family,2025-09-20,Standing,2,57.34,114.68,Mastercard,Garry Sanderson,2165,Garry,Sanderson,,,,,,,,,,,,,,,,,,,,
STG019153,ECOMMERCE,TXN011153,DCL009159,PCL009124,unresolved_singleton,Unresolved,1,1,,,,,TXN011153,,,,,,mAy,Jones,mAy Jones,amy.jones@yahoo.com,+44 7191054828,"Studio 19I, Carter Light, Guildford",GU1 8SW,,may,jones,mayjones,amy.jones@yahoo.com,07191054828,studio 19i carter light guildford,GU18SW,,,,,,,amy.jones@yahoo.com,+44 7191054828,,,2025-07-27 12:49:38,True,"Studio 19I, Carter Light, Guildford",GU1 8SW,EVT0031,Ultimate Challenge,Sport,2025-08-02,Standing,1,47.7,47.7,Visa,Amy Jones,6485,mAy,Jones,,,,,,,,,,,,,,,,,,,,
STG019218,ECOMMERCE,TXN011218,DCL009165,PCL009130,unresolved_singleton,Unresolved,1,1,,,,,TXN011218,,,,,,Helen,Jones,Helen Jones,helenjones98@yahoo.com,,"Studio 0, Clayton Roads, Stoke-on-Trent",ST12YM,,helen,jones,helenjones,helenjones98@yahoo.com,,studio 0 clayton roads stoke on trent,ST12YM,,,,,,,helenjones98@yahoo.com,,,,2025-07-30 11:55:39,True,"Studio 0, Clayton Roads, Stoke-on-Trent",ST12YM,EVT0035,Comic Circuit,Comedy,2025-08-30,Standing,1,66.8,66.8,Visa,Helen Jones,6820,Helen,Jones,,,,,,,,,,,,,,,,,,,,
STG019239,ECOMMERCE,TXN011239,DCL009168,PCL009133,unresolved_singleton,Unresolved,1,1,,,,,TXN011239,,,,,,Brenda,Thompson,Brenda Thompson,brenda.hompson@gmail.com,+44 7662820986,"1 Goodwin Locks, Sheffield",S1 7FF,,brenda,thompson,brendathompson,brenda.hompson@gmail.com,07662820986,1 goodwin locks sheffield,S17FF,,,,,,,brenda.hompson@gmail.com,+44 7662820986,,,2025-07-31 23:32:41,True,"1 Goodwin Locks, Sheffield",S1 7FF,EVT0031,Ultimate Challenge,Sport,2025-08-02,Standing,2,47.7,95.4,Visa,Brenda Thompson,6082,Brenda,Thompson,,,,,,,,,,,,,,,,,,,,
STG019349,ECOMMERCE,TXN011349,DCL009183,PCL009148,unresolved_singleton,Unresolved,1,1,,,,,TXN011349,,,,,,Hugh,Hick,Hugh Hick,hhicks72@hotmail.com,,"1 Suzanne Parks, Newport",NP20 8BQ,,hugh,hick,hughhick,hhicks72@hotmail.com,,1 suzanne parks newport,NP208BQ,,,,,,,hhicks72@hotmail.com,,,,2025-08-07 06:29:56,True,"1 Suzanne Parks, Newport",NP20 8BQ,EVT0036,Neon Signals,Music,2025-09-06,Standing,2,64.58,129.16,Mastercard,Hugh Hicks,7196,Hugh,Hick,,,,,,,,,,,,,,,,,,,,
STG019390,ECOMMERCE,TXN011390,DCL009194,PCL009158,unresolved_singleton,Unresolved,1,1,,,,,TXN011390,,,,,,Kayleigh,Powell,Kayleigh Powell,kayleigh.powell@hotmail.com,+44 7985877706,"456 Scott Lake, Exeter",EX1 5PF,,kayleigh,powell,kayleighpowell,kayleigh.powell@hotmail.com,07985877706,456 scott lake exeter,EX15PF,,,,,,,kayleigh.powell@hotmail.com,+44 7985877706,,,2025-08-09 05:06:32,True,"456 Scott Lake, Exeter",EX1 5PF,EVT0043,Secret Workshop,Family,2025-10-25,Standing,1,60.21,60.21,Visa,Kayleigh Powell,5124,Kayleigh,Powell,,,,,,,,,,,,,,,,,,,,
STG019602,ECOMMERCE,TXN011602,DCL009223,PCL009186,unresolved_singleton,Unresolved,1,1,,,,,TXN011602,,,,,,Phillip,Taylor,Phillip Taylor,phillip.taylor@gmail.com,+44 7550001015,"044 Preston Keys, Harrogate",HG1 5AD,,phillip,taylor,philliptaylor,phillip.taylor@gmail.com,07550001015,044 preston keys harrogate,HG15AD,,,,,,,phillip.taylor@gmail.com,+44 7550001015,,,2025-08-21 15:40:16,True,"044 Preston Keys, Harrogate",HG1 5AD,EVT0034,Unfiltered Night,Comedy,2025-08-23,Seated,1,64.68,64.68,Visa,Phillip Taylor,4641,Phillip,Taylor,,,,,,,,,,,,,,,,,,,,
STG019614,ECOMMERCE,TXN011614,DCL009227,PCL009190,unresolved_singleton,Unresolved,1,1,,,,,TXN011614,,,,,,Kenneth,Myers,Kenneth Myers,kennethmyers@gmail.com,+44 7652846055,"473 Robert Trace, Plymouth",PL1 5SZ,,kenneth,myers,kennethmyers,kennethmyers@gmail.com,07652846055,473 robert trace plymouth,PL15SZ,,,,,,,kennethmyers@gmail.com,+44 7652846055,,,2025-08-22 06:25:38,True,"473 Robert Trace, Plymouth",PL1 5SZ,EVT0035,Comic Circuit,Comedy,2025-08-30,Standing,1,66.8,66.8,Visa,Kenneth Myers,5691,Kenneth,Myers,,,,,,,,,,,,,,,,,,,,
STG019628,ECOMMERCE,TXN011628,DCL009229,PCL009192,unresolved_singleton,Unresolved,1,1,,,,,TXN011628,,,,,,eDrek,Simpson,eDrek Simpson,derek.simpson88@gmail.com,,"Flat 6, Kirsty Fords, Glasgow",G1 6LH,,edrek,simpson,edreksimpson,derek.simpson88@gmail.com,,flat 6 kirsty fords glasgow,G16LH,,,,,,,derek.simpson88@gmail.com,,,,2025-08-22 23:44:19,True,"Flat 6, Kirsty Fords, Glasgow",G1 6LH,EVT0036,Neon Signals,Music,2025-09-06,Standing,1,64.58,64.58,Mastercard,Derek Simpson,2660,eDrek,Simpson,,,,,,,,,,,,,,,,,,,,
STG019813,ECOMMERCE,TXN011813,DCL009259,PCL009222,unresolved_singleton,Unresolved,1,1,,,,,TXN011813,,,,,,Aaron,Roberts,Aaron Roberts,aaron.roberts@hotmail.com,,"Studio 9, Burke Plaza, Oxford",OX1 7CK,,aaron,roberts,aaronroberts,aaron.roberts@hotmail.com,,studio 9 burke plaza oxford,OX17CK,,,,,,,aaron.roberts@hotmail.com,,,,2025-09-02 10:01:16,True,"Studio 9, Burke Plaza, Oxford",OX1 7CK,EVT0036,Neon Signals,Music,2025-09-06,Standing,2,64.58,129.16,Visa,Aaron Roberts,6552,Aaron,Roberts,,,,,,,,,,,,,,,,,,,,
STG019847,ECOMMERCE,TXN011847,DCL009264,PCL009227,unresolved_singleton,Unresolved,1,1,,,,,TXN011847,,,,,,Joanna,Green,Joanna Green,joanna.green@hotmail.com,+44 7255755213,"Studio 06, June Hill, Coventry",CV1 9MK,,joanna,green,joannagreen,joanna.green@hotmail.com,07255755213,studio 06 june hill coventry,CV19MK,,,,,,,joanna.green@hotmail.com,+44 7255755213,,,2025-09-04 13:19:36,True,"Studio 06, June Hill, Coventry",CV1 9MK,EVT0036,Neon Signals,Music,2025-09-06,Standing,1,64.58,64.58,Visa,Joanna Green,0106,Joanna,Green,,,,,,,,,,,,,,,,,,,,
STG019936,ECOMMERCE,TXN011936,DCL009275,PCL009238,unresolved_singleton,Unresolved,1,1,,,,,TXN011936,,,,,,Dennis,Reynolds,Dennis Reynolds,dennis.reynolds@yahoo.com,+44 7301785433,"68 Elaine Key, Northampton",NN1 9AC,,dennis,reynolds,dennisreynolds,dennis.reynolds@yahoo.com,07301785433,68 elaine key northampton,NN19AC,,,,,,,dennis.reynolds@yahoo.com,+44 7301785433,,,2025-09-09 15:56:22,True,"68 Elaine Key, Northampton",NN1 9AC,EVT0038,Wonderful Quest,Family,2025-09-20,Standing,2,57.34,114.68,Mastercard,Dennis Reynolds,5225,Dennis,Reynolds,,,,,,,,,,,,,,,,,,,,
STG019992,ECOMMERCE,TXN011992,DCL009285,PCL009248,unresolved_singleton,Unresolved,1,1,,,,,TXN011992,,,,,,Alison,Clarke,Alison Clarke,alison.clarke@gmail.com,+44 7686478218,"Studio 3, Nicole Way, Southampton",SO149LR,,alison,clarke,alisonclarke,alison.clarke@gmail.com,07686478218,studio 3 nicole way southampton,SO149LR,,,,,,,alison.clarke@gmail.com,+44 7686478218,,,2025-09-13 10:24:46,True,"Studio 3, Nicole Way, Southampton",SO149LR,EVT0043,Secret Workshop,Family,2025-10-25,Standing,1,60.21,60.21,Visa,Alison Clarke,2874,Alison,Clarke,,,,,,,,,,,,,,,,,,,,
STG020022,ECOMMERCE,TXN012022,DCL009292,PCL009254,unresolved_singleton,Unresolved,1,1,,,,,TXN012022,,,,,,Samuel,Owen,Samuel Owen,samuel.woen@yahoo.com,,"53 Scott Station, Southampton",SO14 1FR,,samuel,owen,samuelowen,samuel.woen@yahoo.com,,53 scott station southampton,SO141FR,,,,,,,samuel.woen@yahoo.com,,,,2025-09-15 16:11:53,True,"53 Scott Station, Southampton",SO14 1FR,EVT0049,Indoor Sports Festival,Sport,2025-12-06,Standing,1,46.54,46.54,Mastercard,Samuel Owen,4900,Samuel,Owen,,,,,,,,,,,,,,,,,,,,
STG020156,ECOMMERCE,TXN012156,DCL009312,PCL009272,unresolved_singleton,Unresolved,1,1,,,,,TXN012156,,,,,,Sharon,Weston,Sharon Weston,sharon.weston@yahoo.com,+44 7491945926,"0 Russell Greens, Hull",HU1 8IR,,sharon,weston,sharonweston,sharon.weston@yahoo.com,07491945926,0 russell greens hull,HU18IR,,,,,,,sharon.weston@yahoo.com,+44 7491945926,,,2025-09-24 23:49:13,True,"0 Russell Greens, Hull",HU1 8IR,EVT0043,Secret Workshop,Family,2025-10-25,Standing,1,60.21,60.21,Mastercard,Sharon Weston,8868,Sharon,Weston,,,,,,,,,,,,,,,,,,,,
STG020364,ECOMMERCE,TXN012364,DCL009341,PCL009300,unresolved_singleton,Unresolved,1,1,,,,,TXN012364,,,,,,Jennifer,Power,Jennifer Power,jennifer.pwer@gmail.com,,"29 Stewart Street, Inverness",IV1 8AF,,jennifer,power,jenniferpower,jennifer.pwer@gmail.com,,29 stewart street inverness,IV18AF,,,,,,,jennifer.pwer@gmail.com,,,,2025-10-09 17:01:47,True,"29 Stewart Street, Inverness",IV1 8AF,EVT0041,Curious Discovery 2,Family,2025-10-11,Seated,1,32.54,32.54,Visa,Jennifer P.,0616,Jennifer,Power,,,,,,,,,,,,,,,,,,,,
STG020368,ECOMMERCE,TXN012368,DCL009342,PCL009301,unresolved_singleton,Unresolved,1,1,,,,,TXN012368,,,,,,Rebecca,aHrris,Rebecca aHrris,rebecca.harrs@gmail.com,+44 7404138980,"Flat 9, Hopkins Mall, Birmingham",B1 9CI,,rebecca,ahrris,rebeccaahrris,rebecca.harrs@gmail.com,07404138980,flat 9 hopkins mall birmingham,B19CI,,,,,,,rebecca.harrs@gmail.com,+44 7404138980,,,2025-10-09 20:43:23,True,"Flat 9, Hopkins Mall, Birmingham",B1 9CI,EVT0043,Secret Workshop,Family,2025-10-25,Standing,2,60.21,120.42,Mastercard,Rebecca Harris,7654,Rebecca,aHrris,,,,,,,,,,,,,,,,,,,,
STG020375,ECOMMERCE,TXN012375,DCL009343,PCL009302,unresolved_singleton,Unresolved,1,1,,,,,TXN012375,,,,,,Howard,Smith,Howard Smith,howard.smith@hotmail.com,,"Studio 59, Chambers Locks, Reading",RG1 5WN,,howard,smith,howardsmith,howard.smith@hotmail.com,,studio 59 chambers locks reading,RG15WN,,,,,,,howard.smith@hotmail.com,,,,2025-10-10 05:32:43,True,"Studio 59, Chambers Locks, Reading",RG1 5WN,EVT0046,Championship Fight Night,Sport,2025-11-15,Standing,1,51.7,51.7,Mastercard,Howard Smith,7709,Howard,Smith,,,,,,,,,,,,,,,,,,,,
STG020439,ECOMMERCE,TXN012439,DCL009352,PCL009310,unresolved_singleton,Unresolved,1,1,,,,,TXN012439,,,,,,Julia,Whittaker,Julia Whittaker,julia.whittaker@wanadoo.fr,+44 7642200193,"Flat 25W, Bryant Lodge, Brighton",BN1 3PJ,,julia,whittaker,juliawhittaker,julia.whittaker@wanadoo.fr,07642200193,flat 25w bryant lodge brighton,BN13PJ,,,,,,,julia.whittaker@wanadoo.fr,+44 7642200193,,,2025-10-16 13:39:13,True,"Flat 25W, Bryant Lodge, Brighton",BN1 3PJ,EVT0045,Big Sessions,Comedy,2025-11-08,Standing,1,67.78,67.78,American Express,Julia Whittaker,4296,Julia,Whittaker,,,,,,,,,,,,,,,,,,,,
STG020460,ECOMMERCE,TXN012460,DCL009358,PCL009314,unresolved_singleton,Unresolved,1,1,,,,,TXN012460,,,,,,Frances,Phillips,Frances Phillips,frances.phillips@hotmail.com,+44 7864779327,"Studio 29S, Walker Tunnel, Northampton",NN1 3AQ,,frances,phillips,francesphillips,frances.phillips@hotmail.com,07864779327,studio 29s walker tunnel northampton,NN13AQ,,,,,,,frances.phillips@hotmail.com,+44 7864779327,,,2025-10-19 01:04:01,True,"Studio 29S, Walker Tunnel, Northampton",NN1 3AQ,EVT0045,Big Sessions,Comedy,2025-11-08,Seated,1,79.94,79.94,Visa,Frances Phillips,5528,Frances,Phillips,,,,,,,,,,,,,,,,,,,,
STG020496,ECOMMERCE,TXN012496,DCL009368,PCL009324,unresolved_singleton,Unresolved,1,1,,,,,TXN012496,,,,,,Duncan,Chalrton,Duncan Chalrton,duncan.charlton@gmail.com,+44 7015467572,"Flat 84, Oliver Corners, Peterborough",PE1 1UT,,duncan,chalrton,duncanchalrton,duncan.charlton@gmail.com,07015467572,flat 84 oliver corners peterborough,PE11UT,,,,,,,duncan.charlton@gmail.com,+44 7015467572,,,2025-10-22 09:19:22,True,"Flat 84, Oliver Corners, Peterborough",PE1 1UT,EVT0049,Indoor Sports Festival,Sport,2025-12-06,Standing,2,46.54,93.08,Visa,Duncan Charlton,7725,Duncan,Chalrton,,,,,,,,,,,,,,,,,,,,
STG020502,ECOMMERCE,TXN012502,DCL009369,PCL009325,unresolved_singleton,Unresolved,1,1,,,,,TXN012502,,,,,,Shannon,Howard,Shannon Howard,shannon.howard@yahoo.com,+44 7727215675,"388 Nolan Cliffs, Exeter",EX1 4HW,,shannon,howard,shannonhoward,shannon.howard@yahoo.com,07727215675,388 nolan cliffs exeter,EX14HW,,,,,,,shannon.howard@yahoo.com,+44 7727215675,,,2025-10-22 22:24:06,True,"388 Nolan Cliffs, Exeter",EX1 4HW,EVT0043,Secret Workshop,Family,2025-10-25,Standing,1,60.21,60.21,Visa,Shannon Howard,3337,Shannon,Howard,,,,,,,,,,,,,,,,,,,,
STG020519,ECOMMERCE,TXN012519,DCL009375,PCL009331,unresolved_singleton,Unresolved,1,1,,,,,TXN012519,,,,,,Grace,Wilson,Grace Wilson,grace.wilson@hotmail.com,+44 7609662330,"4 Daniels Mill, Blackburn",BB1 6ZH,,grace,wilson,gracewilson,grace.wilson@hotmail.com,07609662330,4 daniels mill blackburn,BB16ZH,,,,,,,grace.wilson@hotmail.com,+44 7609662330,,,2025-10-24 06:42:36,True,"4 Daniels Mill, Blackburn",BB1 6ZH,EVT0048,Championship Futsal Cup,Sport,2025-11-29,Standing,1,20.89,20.89,Visa,Grace Wilson,4028,Grace,Wilson,,,,,,,,,,,,,,,,,,,,
STG020580,ECOMMERCE,TXN012580,DCL009383,PCL009339,unresolved_singleton,Unresolved,1,1,,,,,TXN012580,,,,,,Abdul,Fletcher,Abdul Fletcher,abdul.fletcher07@outlook.com,+44 7137043532,"Flat 73S, Sheila Mill, Reading",RG1 4XJ,,abdul,fletcher,abdulfletcher,abdul.fletcher07@outlook.com,07137043532,flat 73s sheila mill reading,RG14XJ,,,,,,,abdul.fletcher07@outlook.com,+44 7137043532,,,2025-10-29 05:15:02,True,"Flat 73S, Sheila Mill, Reading",RG1 4XJ,EVT0046,Championship Fight Night,Sport,2025-11-15,Standing,1,51.7,51.7,Mastercard,Abdul Fletcher,5108,Abdul,Fletcher,,,,,,,,,,,,,,,,,,,,
STG020672,ECOMMERCE,TXN012672,DCL009403,PCL009359,unresolved_singleton,Unresolved,1,1,,,,,TXN012672,,,,,,Amber,Harvye,Amber Harvye,amber.harvey@gmail.com,+44 7822944992,"Studio 9, Leon Stream, Birmingham",B1 1FA,,amber,harvye,amberharvye,amber.harvey@gmail.com,07822944992,studio 9 leon stream birmingham,B11FA,,,,,,,amber.harvey@gmail.com,+44 7822944992,,,2025-11-05 05:27:21,True,"Studio 9, Leon Stream, Birmingham",B1 1FA,EVT0045,Big Sessions,Comedy,2025-11-08,Standing,2,67.78,135.56,Visa,Amber Harvey,9498,Amber,Harvye,,,,,,,,,,,,,,,,,,,,
STG020712,ECOMMERCE,TXN012712,DCL009410,PCL009366,unresolved_singleton,Unresolved,1,1,,,,,TXN012712,,,,,,Leah,Davies,Leah Davies,ldavies00@hotmail.com,+44 7087694328,"Flat 61a, Garry Forges, Brighton",BN1 5GV,,leah,davies,leahdavies,ldavies00@hotmail.com,07087694328,flat 61a garry forges brighton,BN15GV,,,,,,,ldavies00@hotmail.com,+44 7087694328,,,2025-11-08 03:34:54,True,"Flat 61a, Garry Forges, Brighton",BN1 5GV,EVT0048,Championship Futsal Cup,Sport,2025-11-29,Standing,1,20.89,20.89,Visa,Leah Davies,5177,Leah,Davies,,,,,,,,,,,,,,,,,,,,
STG020738,ECOMMERCE,TXN012738,DCL009413,PCL009369,unresolved_singleton,Unresolved,1,1,,,,,TXN012738,,,,,,Suzanne,Robertson,Suzanne Robertson,suznane.robertson@hotmail.com,+44 7613497974,"Flat 64O, Francis Land, Durham",DH1 4ZC,,suzanne,robertson,suzannerobertson,suznane.robertson@hotmail.com,07613497974,flat 64o francis land durham,DH14ZC,,,,,,,suznane.robertson@hotmail.com,+44 7613497974,,,2025-11-09 22:56:51,True,"Flat 64O, Francis Land, Durham",DH1 4ZC,EVT0051,Summer Festival,Family,2025-12-20,Standing,1,32.39,32.39,Visa,Suzanne Robertson,7763,Suzanne,Robertson,,,,,,,,,,,,,,,,,,,,
STG020796,ECOMMERCE,TXN012796,DCL009426,PCL009382,unresolved_singleton,Unresolved,1,1,,,,,TXN012796,,,,,,Lisa,Clayton,Lisa Clayton,lisa.clayton64@icloud.com,+44 7337061069,"86 Kathleen Ferry, Preston",PR1 4GE,,lisa,clayton,lisaclayton,lisa.clayton64@icloud.com,07337061069,86 kathleen ferry preston,PR14GE,,,,,,,lisa.clayton64@icloud.com,+44 7337061069,,,2025-11-14 18:10:25,True,"86 Kathleen Ferry, Preston",PR1 4GE,EVT0046,Championship Fight Night,Sport,2025-11-15,Standing,1,51.7,51.7,Mastercard,Lisa Clayton,9467,Lisa,Clayton,,,,,,,,,,,,,,,,,,,,
STG020798,ECOMMERCE,TXN012798,DCL009427,PCL009383,unresolved_singleton,Unresolved,1,1,,,,,TXN012798,,,,,,Graeme,Grant,Graeme Grant,graeme.grant@hotmail.com,+44 7685149128,"Studio 8, Ellis Corners, Portsmouth",PO1 2BM,,graeme,grant,graemegrant,graeme.grant@hotmail.com,07685149128,studio 8 ellis corners portsmouth,PO12BM,,,,,,,graeme.grant@hotmail.com,+44 7685149128,,,2025-11-14 21:53:51,True,"Studio 8, Ellis Corners, Portsmouth",PO1 2BM,EVT0050,Elite Martial Arts,Sport,2025-12-13,Standing,1,38.71,38.71,Mastercard,Graeme Grant,2715,Graeme,Grant,,,,,,,,,,,,,,,,,,,,
STG020904,ECOMMERCE,TXN012904,DCL009452,PCL009408,unresolved_singleton,Unresolved,1,1,,,,,TXN012904,,,,,,Alison,Rogers,Alison Rogers,alison.rogers@yahoo.com,+44 7209951878,"568 Brandon Port, Cardiff",CF10 5KO,,alison,rogers,alisonrogers,alison.rogers@yahoo.com,07209951878,568 brandon port cardiff,CF105KO,,,,,,,alison.rogers@yahoo.com,+44 7209951878,,,2025-11-24 07:29:51,True,"568 Brandon Port, Cardiff",CF10 5KO,EVT0048,Championship Futsal Cup,Sport,2025-11-29,Standing,1,20.89,20.89,Visa,Alison Rogers,8622,Alison,Rogers,,,,,,,,,,,,,,,,,,,,
STG020999,ECOMMERCE,TXN012999,DCL009470,PCL009426,unresolved_singleton,Unresolved,1,1,,,,,TXN012999,,,,,,Clare,White,Clare White,clare.white75@outlook.com,,"88 Damien Squares, Birmingham",B1 8HY,,clare,white,clarewhite,clare.white75@outlook.com,,88 damien squares birmingham,B18HY,,,,,,,clare.white75@outlook.com,,,,2025-12-02 02:56:41,True,"88 Damien Squares, Birmingham",B1 8HY,EVT0049,Indoor Sports Festival,Sport,2025-12-06,Standing,3,46.54,139.62,American Express,Clare White,1935,Clare,White,,,,,,,,,,,,,,,,,,,,
STG021038,ECOMMERCE,TXN013038,DCL009478,PCL009434,unresolved_singleton,Unresolved,1,1,,,,,TXN013038,,,,,,Pamela,Mills,Pamela Mills,pamelamills83@hotmail.com,+44 7520149186,"0 O'Neill Motorway, London",N1 0FI,,pamela,mills,pamelamills,pamelamills83@hotmail.com,07520149186,0 o neill motorway london,N10FI,,,,,,,pamelamills83@hotmail.com,+44 7520149186,,,2025-12-04 19:38:29,True,"0 O'Neill Motorway, London",N1 0FI,EVT0051,Summer Festival,Family,2025-12-20,Seated,1,43.31,43.31,Visa,Pamela Mills,5057,Pamela,Mills,,,,,,,,,,,,,,,,,,,,
STG021063,ECOMMERCE,TXN013063,DCL009481,PCL009437,unresolved_singleton,Unresolved,1,1,,,,,TXN013063,,,,,,George,Williams,George Williams,george.williams@gmail.com,+44 7404342996,"Flat 3, Denise Inlet, Liverpool",L10LK,,george,williams,georgewilliams,george.williams@gmail.com,07404342996,flat 3 denise inlet liverpool,L10LK,,,,,,,george.williams@gmail.com,+44 7404342996,,,2025-12-07 14:32:32,True,"Flat 3, Denise Inlet, Liverpool",L10LK,EVT0051,Summer Festival,Family,2025-12-20,Standing,1,32.39,32.39,Visa,George Williams,3234,George,Williams,,,,,,,,,,,,,,,,,,,,
STG021064,ECOMMERCE,TXN013064,DCL009482,PCL009438,unresolved_singleton,Unresolved,1,1,,,,,TXN013064,,,,,,Ryan,Hopkins,Ryan Hopkins,ryan.hopkins@yahoo.com,+44 7518600416,"Studio 62, Payne Valley, London",NW1 2BR,,ryan,hopkins,ryanhopkins,ryan.hopkins@yahoo.com,07518600416,studio 62 payne valley london,NW12BR,,,,,,,ryan.hopkins@yahoo.com,+44 7518600416,,,2025-12-07 16:13:46,True,"Studio 62, Payne Valley, London",NW1 2BR,EVT0051,Summer Festival,Family,2025-12-20,Standing,2,32.39,64.78,Mastercard,Ryan Hopkins,2856,Ryan,Hopkins,,,,,,,,,,,,,,,,,,,,
STG021078,ECOMMERCE,TXN013078,DCL009486,PCL009442,unresolved_singleton,Unresolved,1,1,,,,,TXN013078,,,,,,Karen,Gibson,Karen Gibson,karengibson@hotmail.com,+44 7066872098,"11 Catherine Brooks, Armagh",BT61 7YW,,karen,gibson,karengibson,karengibson@hotmail.com,07066872098,11 catherine brooks armagh,BT617YW,,,,,,,karengibson@hotmail.com,+44 7066872098,,,2025-12-09 13:38:27,True,"11 Catherine Brooks, Armagh",BT61 7YW,EVT0052,Winter Festival,Family,2025-12-27,Standing,1,23.33,23.33,Visa,Karen Gibson,9836,Karen,Gibson,,,,,,,,,,,,,,,,,,,,
STG021117,ECOMMERCE,TXN013117,DCL009500,PCL009456,unresolved_singleton,Unresolved,1,1,,,,,TXN013117,,,,,,Charlie,Robinson,Charlie Robinson,charlie.robinson@gmail.com,+44 7316196331,"Studio 4, Charles Ports, Harrogate",HG1 1IO,,charlie,robinson,charlierobinson,charlie.robinson@gmail.com,07316196331,studio 4 charles ports harrogate,HG11IO,,,,,,,charlie.robinson@gmail.com,+44 7316196331,,,2025-12-12 19:49:14,True,"Studio 4, Charles Ports, Harrogate",HG1 1IO,EVT0050,Elite Martial Arts,Sport,2025-12-13,Standing,1,38.71,38.71,Mastercard,Charlie Robinson,1936,Charlie,Robinson,,,,,,,,,,,,,,,,,,,,
STG021130,ECOMMERCE,TXN013130,DCL009502,PCL009458,unresolved_singleton,Unresolved,1,1,,,,,TXN013130,,,,,,Edward,Williams,Edward Williams,edward.williams@gmail.com,+44 7683794816,"Flat 52l, Evans Green, Bradford",BD19IY,,edward,williams,edwardwilliams,edward.williams@gmail.com,07683794816,flat 52l evans green bradford,BD19IY,,,,,,,edward.williams@gmail.com,+44 7683794816,,,2025-12-14 19:04:30,True,"Flat 52l, Evans Green, Bradford",BD19IY,EVT0051,Summer Festival,Family,2025-12-20,Seated,1,43.31,43.31,Mastercard,Edward Williams,7135,Edward,Williams,,,,,,,,,,,,,,,,,,,,
STG021208,ECOMMERCE,TXN013208,DCL009519,PCL009475,unresolved_singleton,Unresolved,1,1,,,,,TXN013208,,,,,,Alexander,Smith,Alexander Smith,alexander.smith@yahoo.com,+44 7488464394,"02 Smith Locks, Armagh",BT61 7JY,,alexander,smith,alexandersmith,alexander.smith@yahoo.com,07488464394,02 smith locks armagh,BT617JY,,,,,,,alexander.smith@yahoo.com,+44 7488464394,,,2025-12-20 09:07:33,True,"02 Smith Locks, Armagh",BT61 7JY,EVT0052,Winter Festival,Family,2025-12-27,Standing,1,23.33,23.33,Visa,Alexander Smith,4261,Alexander,Smith,,,,,,,,,,,,,,,,,,,,
STG021243,ECOMMERCE,TXN013243,DCL009527,PCL009483,unresolved_singleton,Unresolved,1,1,,,,,TXN013243,,,,,,Gerald,Elliott,Gerald Elliott,,+44 7528525500,"2 Davis Stream, Ipswich",IP1 4EY,,gerald,elliott,geraldelliott,,07528525500,2 davis stream ipswich,IP14EY,,,,,,,,+44 7528525500,,,2025-12-24 09:18:26,True,"2 Davis Stream, Ipswich",IP1 4EY,EVT0052,Winter Festival,Family,2025-12-27,Standing,1,23.33,23.33,Mastercard,Gerald Elliott,4829,Gerald,Elliott,,,,,,,,,,,,,,,,,,,,
STG021286,ECOMMERCE,TXN013286,DCL009540,PCL009496,unresolved_singleton,Unresolved,1,1,,,,,TXN013286,,,,,,Carl,Harris,Carl Harris,carlharris@yahoo.com,+44 7251631094,"Flat 09I, Bates Viaduct, Stoke-on-Trent",ST1 1DK,,carl,harris,carlharris,carlharris@yahoo.com,07251631094,flat 09i bates viaduct stoke on trent,ST11DK,,,,,,,carlharris@yahoo.com,+44 7251631094,,,2025-12-26 13:45:36,True,"Flat 09I, Bates Viaduct, Stoke-on-Trent",ST1 1DK,EVT0052,Winter Festival,Family,2025-12-27,Standing,1,23.33,23.33,Mastercard,Carl Harris,7474,Carl,Harris,,,,,,,,,,,,,,,,,,,,
STG021371,MARKETING,MKT000069,DCL009547,PCL009503,unresolved_singleton,Unresolved,1,1,,,,,,MKT000069,,,,,,,Rosemary_Dixon,rosemary.dixon@gmail.com,,,BN1 6ZE,,,,rosemarydixon,rosemary.dixon@gmail.com,,,BN16ZE,,,,,,,rosemary.dixon@gmail.com,,,BN1 6ZE,,,,,,,,,,,,,,,,,,Rosemary_Dixon,2025-01-04,True,9,0,,,,,,,,,,,,,,,
STG021387,MARKETING,MKT000085,DCL009548,PCL009504,unresolved_singleton,Unresolved,1,1,,,,,,MKT000085,,,,,,,Cliford_Walters,cwalters24@msn.com,,,BT34 0EO,,,,clifordwalters,cwalters24@msn.com,,,BT340EO,,,,,,,cwalters24@msn.com,,,BT34 0EO,,,,,,,,,,,,,,,,,,Cliford_Walters,2025-01-04,True,11,1,,,,,,,,,,,,,,,
STG021443,MARKETING,MKT000141,DCL009550,PCL009506,unresolved_singleton,Unresolved,1,1,,,,,,MKT000141,,,,,,,,natalie.weston@hotmail.fr,,,BN1 8YO,,,,,natalie.weston@hotmail.fr,,,BN18YO,,,,,,,natalie.weston@hotmail.fr,,,BN1 8YO,,,,,,,,,,,,,,,,,,,2025-01-07,True,3,0,,,,,,,,,,,,,,,
STG021462,MARKETING,MKT000160,DCL009551,PCL009507,unresolved_singleton,Unresolved,1,1,,,,,,MKT000160,,,,,,,aMry_Taylor,mary.taylor21@orange.fr,,,CF10 6NJ,,,,amrytaylor,mary.taylor21@orange.fr,,,CF106NJ,,,,,,,mary.taylor21@orange.fr,,,CF10 6NJ,,,,,,,,,,,,,,,,,,aMry_Taylor,2025-01-08,True,4,0,,,,,,,,,,,,,,,
STG021475,MARKETING,MKT000173,DCL009552,PCL009508,unresolved_singleton,Unresolved,1,1,,,,,,MKT000173,,,,,,,,russell.noble@hotmail.com,,,NW1 3GQ,,,,,russell.noble@hotmail.com,,,NW13GQ,,,,,,,russell.noble@hotmail.com,,,NW1 3GQ,,,,,,,,,,,,,,,,,,,2025-01-09,True,5,0,,,,,,,,,,,,,,,
STG021494,MARKETING,MKT000192,DCL009553,PCL009509,unresolved_singleton,Unresolved,1,1,,,,,,MKT000192,,,,,,,Janna_Riley,joannariley20@aol.com,,,PL1,,,,jannariley,joannariley20@aol.com,,,PL1,,,,,,,joannariley20@aol.com,,,PL1,,,,,,,,,,,,,,,,,,Janna_Riley,2025-01-10,True,10,3,,,,,,,,,,,,,,,
STG021524,MARKETING,MKT000222,DCL009555,PCL009511,unresolved_singleton,Unresolved,1,1,,,,,,MKT000222,,,,,,,Dawn_King,dawn.king@hotmail.com,,,BN1 8FF,,,,dawnking,dawn.king@hotmail.com,,,BN18FF,,,,,,,dawn.king@hotmail.com,,,BN1 8FF,,,,,,,,,,,,,,,,,,Dawn_King,2025-01-11,False,8,0,,,,,,,,,,,,,,,
STG021529,MARKETING,MKT000227,DCL009556,PCL009512,unresolved_singleton,Unresolved,1,1,,,,,,MKT000227,,,,,,,Jack_Lambert,jacklambert23@wanadoo.fr,,,SO14 2BP,,,,jacklambert,jacklambert23@wanadoo.fr,,,SO142BP,,,,,,,jacklambert23@wanadoo.fr,,,SO14 2BP,,,,,,,,,,,,,,,,,,Jack_Lambert,2025-01-11,True,5,1,,,,,,,,,,,,,,,
STG021534,MARKETING,MKT000232,DCL009557,PCL009513,unresolved_singleton,Unresolved,1,1,,,,,,MKT000232,,,,,,,,henry.clarke@gmail.com,,,WV1 3ZS,,,,,henry.clarke@gmail.com,,,WV13ZS,,,,,,,henry.clarke@gmail.com,,,WV1 3ZS,,,,,,,,,,,,,,,,,,,2025-01-12,True,4,0,,,,,,,,,,,,,,,
STG021554,MARKETING,MKT000252,DCL009558,PCL009514,unresolved_singleton,Unresolved,1,1,,,,,,MKT000252,,,,,,,,awilson21@hotmail.com,,,SY1 0SW,,,,,awilson21@hotmail.com,,,SY10SW,,,,,,,awilson21@hotmail.com,,,SY1 0SW,,,,,,,,,,,,,,,,,,,2025-01-12,True,5,0,,,,,,,,,,,,,,,
STG021566,MARKETING,MKT000264,DCL009559,PCL009515,unresolved_singleton,Unresolved,1,1,,,,,,MKT000264,,,,,,,Carolyn_Humphries,carolyn.humphries@hotmail.com,,,SY1 2ZG,,,,carolynhumphries,carolyn.humphries@hotmail.com,,,SY12ZG,,,,,,,carolyn.humphries@hotmail.com,,,SY1 2ZG,,,,,,,,,,,,,,,,,,Carolyn_Humphries,2025-01-13,True,0,0,,,,,,,,,,,,,,,
STG021590,MARKETING,MKT000288,DCL009561,PCL009517,unresolved_singleton,Unresolved,1,1,,,,,,MKT000288,,,,,,,Megan_Richardson,mrichardson20@hotmail.fr,,,OX1 6MK,,,,meganrichardson,mrichardson20@hotmail.fr,,,OX16MK,,,,,,,mrichardson20@hotmail.fr,,,OX1 6MK,,,,,,,,,,,,,,,,,,Megan_Richardson,2025-01-14,True,5,0,,,,,,,,,,,,,,,
STG021605,MARKETING,MKT000303,DCL009562,PCL009518,unresolved_singleton,Unresolved,1,1,,,,,,MKT000303,,,,,,,,julie.ross@hotmail.com,,,HU1 1TB,,,,,julie.ross@hotmail.com,,,HU11TB,,,,,,,julie.ross@hotmail.com,,,HU1 1TB,,,,,,,,,,,,,,,,,,,2025-01-15,True,5,1,,,,,,,,,,,,,,,
STG021621,MARKETING,MKT000319,DCL009564,PCL009520,unresolved_singleton,Unresolved,1,1,,,,,,MKT000319,,,,,,,Mary_Turner,mary.turner@gmail.com,,,IV1 1DI,,,,maryturner,mary.turner@gmail.com,,,IV11DI,,,,,,,mary.turner@gmail.com,,,IV1 1DI,,,,,,,,,,,,,,,,,,Mary_Turner,2025-01-15,True,6,0,,,,,,,,,,,,,,,
STG021641,MARKETING,MKT000339,DCL009565,PCL009521,unresolved_singleton,Unresolved,1,1,,,,,,MKT000339,,,,,,,Shannon_Davis,sdavis23@orange.fr,,,EH1,,,,shannondavis,sdavis23@orange.fr,,,EH1,,,,,,,sdavis23@orange.fr,,,EH1,,,,,,,,,,,,,,,,,,Shannon_Davis,2025-01-16,True,4,0,,,,,,,,,,,,,,,
STG021661,MARKETING,MKT000359,DCL009567,PCL009523,unresolved_singleton,Unresolved,1,1,,,,,,MKT000359,,,,,,,David_Fisher,davidfisher24@hotmail.co.uk,,,BB1 5TY,,,,davidfisher,davidfisher24@hotmail.co.uk,,,BB15TY,,,,,,,davidfisher24@hotmail.co.uk,,,BB1 5TY,,,,,,,,,,,,,,,,,,David_Fisher,2025-01-17,True,8,6,,,,,,,,,,,,,,,
STG021669,MARKETING,MKT000367,DCL009568,PCL009524,unresolved_singleton,Unresolved,1,1,,,,,,MKT000367,,,,,,,Graeme_Harrison,graemeharrison21@msn.com,,,B1 5PT,,,,graemeharrison,graemeharrison21@msn.com,,,B15PT,,,,,,,graemeharrison21@msn.com,,,B1 5PT,,,,,,,,,,,,,,,,,,Graeme_Harrison,2025-01-17,True,2,0,,,,,,,,,,,,,,,
STG021671,MARKETING,MKT000369,DCL009569,PCL009525,unresolved_singleton,Unresolved,1,1,,,,,,MKT000369,,,,,,,Susan_McCarthy,smccarthy19@yahoo.com,,,CM1 2LQ,,,,susanmccarthy,smccarthy19@yahoo.com,,,CM12LQ,,,,,,,smccarthy19@yahoo.com,,,CM1 2LQ,,,,,,,,,,,,,,,,,,Susan_McCarthy,2025-01-17,False,3,0,,,,,,,,,,,,,,,
STG021697,MARKETING,MKT000395,DCL009573,PCL009527,unresolved_singleton,Unresolved,1,1,,,,,,MKT000395,,,,,,,Darren_Jones,darren.jones@yahoo.com,,,PL1 0WA,,,,darrenjones,darren.jones@yahoo.com,,,PL10WA,,,,,,,darren.jones@yahoo.com,,,PL1 0WA,,,,,,,,,,,,,,,,,,Darren_Jones,2025-01-18,False,8,1,,,,,,,,,,,,,,,
STG021722,MARKETING,MKT000420,DCL009576,PCL009530,unresolved_singleton,Unresolved,1,1,,,,,,MKT000420,,,,,,,,lesliestone19@hotmail.com,,,HU1 6EY,,,,,lesliestone19@hotmail.com,,,HU16EY,,,,,,,lesliestone19@hotmail.com,,,HU1 6EY,,,,,,,,,,,,,,,,,,,2025-01-20,True,9,2,,,,,,,,,,,,,,,
STG021742,MARKETING,MKT000440,DCL009577,PCL009531,unresolved_singleton,Unresolved,1,1,,,,,,MKT000440,,,,,,,Hollie_Jones,hollie.jones18@wanadoo.fr,,,PL1 9VN,,,,holliejones,hollie.jones18@wanadoo.fr,,,PL19VN,,,,,,,hollie.jones18@wanadoo.fr,,,PL1 9VN,,,,,,,,,,,,,,,,,,Hollie_Jones,2025-01-20,False,6,1,,,,,,,,,,,,,,,
STG021754,MARKETING,MKT000452,DCL009579,PCL009533,unresolved_singleton,Unresolved,1,1,,,,,,MKT000452,,,,,,,,michelle.turner@yahoo.fr,,,PO1 4VY,,,,,michelle.turner@yahoo.fr,,,PO14VY,,,,,,,michelle.turner@yahoo.fr,,,PO1 4VY,,,,,,,,,,,,,,,,,,,2025-01-21,True,2,0,,,,,,,,,,,,,,,
STG021763,MARKETING,MKT000461,DCL009581,PCL009535,unresolved_singleton,Unresolved,1,1,,,,,,MKT000461,,,,,,,Nichola_Jones,nicholas.jones@hotmail.com,,,DD1 8II,,,,nicholajones,nicholas.jones@hotmail.com,,,DD18II,,,,,,,nicholas.jones@hotmail.com,,,DD1 8II,,,,,,,,,,,,,,,,,,Nichola_Jones,2025-01-21,True,10,1,,,,,,,,,,,,,,,
STG021780,MARKETING,MKT000478,DCL009582,PCL009536,unresolved_singleton,Unresolved,1,1,,,,,,MKT000478,,,,,,,Julia_Webb,julia.webb@msn.com,,,PE1 0ZW,,,,juliawebb,julia.webb@msn.com,,,PE10ZW,,,,,,,julia.webb@msn.com,,,PE1 0ZW,,,,,,,,,,,,,,,,,,Julia_Webb,2025-01-22,False,6,1,,,,,,,,,,,,,,,
STG021801,MARKETING,MKT000499,DCL009583,PCL009537,unresolved_singleton,Unresolved,1,1,,,,,,MKT000499,,,,,,,Colni_Lewis,colin.lewis@aol.com,,,HU1 4JV,,,,colnilewis,colin.lewis@aol.com,,,HU14JV,,,,,,,colin.lewis@aol.com,,,HU1 4JV,,,,,,,,,,,,,,,,,,Colni_Lewis,2025-01-23,False,9,3,,,,,,,,,,,,,,,
STG021833,MARKETING,MKT000531,DCL009584,PCL009538,unresolved_singleton,Unresolved,1,1,,,,,,MKT000531,,,,,,,Kyle_Wilson,kyle.wilson@yahoo.com,,,GU1 8FK,,,,kylewilson,kyle.wilson@yahoo.com,,,GU18FK,,,,,,,kyle.wilson@yahoo.com,,,GU1 8FK,,,,,,,,,,,,,,,,,,Kyle_Wilson,2025-01-24,False,4,1,,,,,,,,,,,,,,,
STG021839,MARKETING,MKT000537,DCL009585,PCL009539,unresolved_singleton,Unresolved,1,1,,,,,,MKT000537,,,,,,,Aaron_Harrison,aaron.harrison23@gmail.com,,,S1 7TW,,,,aaronharrison,aaron.harrison23@gmail.com,,,S17TW,,,,,,,aaron.harrison23@gmail.com,,,S1 7TW,,,,,,,,,,,,,,,,,,Aaron_Harrison,2025-01-25,False,4,1,,,,,,,,,,,,,,,
STG021884,MARKETING,MKT000582,DCL009587,PCL009541,unresolved_singleton,Unresolved,1,1,,,,,,MKT000582,,,,,,,,ashleigh.andrews18@orange.fr,,,LS1 6OR,,,,,ashleigh.andrews18@orange.fr,,,LS16OR,,,,,,,ashleigh.andrews18@orange.fr,,,LS1 6OR,,,,,,,,,,,,,,,,,,,2025-01-26,True,8,3,,,,,,,,,,,,,,,
STG021885,MARKETING,MKT000583,DCL009588,PCL009542,unresolved_singleton,Unresolved,1,1,,,,,,MKT000583,,,,,,,Shane_Moore,shanemoore@gmail.com,,,DD1,,,,shanemoore,shanemoore@gmail.com,,,DD1,,,,,,,shanemoore@gmail.com,,,DD1,,,,,,,,,,,,,,,,,,Shane_Moore,2025-01-26,False,3,0,,,,,,,,,,,,,,,
STG021914,MARKETING,MKT000612,DCL009590,PCL009544,unresolved_singleton,Unresolved,1,1,,,,,,MKT000612,,,,,,,,roy.barker20@hotmail.fr,,,AB10 7KT,,,,,roy.barker20@hotmail.fr,,,AB107KT,,,,,,,roy.barker20@hotmail.fr,,,AB10 7KT,,,,,,,,,,,,,,,,,,,2025-01-28,True,5,1,,,,,,,,,,,,,,,
STG021921,MARKETING,MKT000619,DCL009591,PCL009545,unresolved_singleton,Unresolved,1,1,,,,,,MKT000619,,,,,,,Sharon_Bond,sharon.bond@hotmail.com,,,E1 3BW,,,,sharonbond,sharon.bond@hotmail.com,,,E13BW,,,,,,,sharon.bond@hotmail.com,,,E1 3BW,,,,,,,,,,,,,,,,,,Sharon_Bond,2025-01-28,True,3,0,,,,,,,,,,,,,,,
STG021928,MARKETING,MKT000626,DCL009593,PCL009547,unresolved_singleton,Unresolved,1,1,,,,,,MKT000626,,,,,,,Brandon_Bolton,brandon.bolton@yahoo.com,,,L1,,,,brandonbolton,brandon.bolton@yahoo.com,,,L1,,,,,,,brandon.bolton@yahoo.com,,,L1,,,,,,,,,,,,,,,,,,Brandon_Bolton,2025-01-28,True,6,2,,,,,,,,,,,,,,,
STG021952,MARKETING,MKT000650,DCL009596,PCL009549,unresolved_singleton,Unresolved,1,1,,,,,,MKT000650,,,,,,,Mohamed_Armstrong,mohamed.armstrong@yahoo.com,,,CH1,,,,mohamedarmstrong,mohamed.armstrong@yahoo.com,,,CH1,,,,,,,mohamed.armstrong@yahoo.com,,,CH1,,,,,,,,,,,,,,,,,,Mohamed_Armstrong,2025-01-29,False,2,0,,,,,,,,,,,,,,,
STG021961,MARKETING,MKT000659,DCL009598,PCL009551,unresolved_singleton,Unresolved,1,1,,,,,,MKT000659,,,,,,,Malcolm_Hart,malcolm.hart@yahoo.com,,,RG1 4JN,,,,malcolmhart,malcolm.hart@yahoo.com,,,RG14JN,,,,,,,malcolm.hart@yahoo.com,,,RG1 4JN,,,,,,,,,,,,,,,,,,Malcolm_Hart,2025-01-30,True,7,1,,,,,,,,,,,,,,,
STG021963,MARKETING,MKT000661,DCL009599,PCL009552,unresolved_singleton,Unresolved,1,1,,,,,,MKT000661,,,,,,,,antony.knowles2@gmail.com,,,LU1 0UF,,,,,antony.knowles2@gmail.com,,,LU10UF,,,,,,,antony.knowles2@gmail.com,,,LU1 0UF,,,,,,,,,,,,,,,,,,,2025-01-30,True,4,1,,,,,,,,,,,,,,,
STG021964,MARKETING,MKT000662,DCL009600,PCL009553,unresolved_singleton,Unresolved,1,1,,,,,,MKT000662,,,,,,,Marc_Barnes,marcbarnes@wanadoo.fr,,,PR1 5FF,,,,marcbarnes,marcbarnes@wanadoo.fr,,,PR15FF,,,,,,,marcbarnes@wanadoo.fr,,,PR1 5FF,,,,,,,,,,,,,,,,,,Marc_Barnes,2025-01-30,True,3,1,,,,,,,,,,,,,,,
STG021971,MARKETING,MKT000669,DCL009601,PCL009554,unresolved_singleton,Unresolved,1,1,,,,,,MKT000669,,,,,,,,joe.ali@aol.com,,,TS1 5BA,,,,,joe.ali@aol.com,,,TS15BA,,,,,,,joe.ali@aol.com,,,TS1 5BA,,,,,,,,,,,,,,,,,,,2025-01-30,True,6,3,,,,,,,,,,,,,,,
STG021984,MARKETING,MKT000682,DCL009603,PCL009556,unresolved_singleton,Unresolved,1,1,,,,,,MKT000682,,,,,,,Derek_Khan,derek.khan25@gmail.com,,,EH1 4UA,,,,derekkhan,derek.khan25@gmail.com,,,EH14UA,,,,,,,derek.khan25@gmail.com,,,EH1 4UA,,,,,,,,,,,,,,,,,,Derek_Khan,2025-01-31,False,2,0,,,,,,,,,,,,,,,
STG021991,MARKETING,MKT000689,DCL009604,PCL009557,unresolved_singleton,Unresolved,1,1,,,,,,MKT000689,,,,,,,Samuel_Cox,samuel.cox@yahoo.com,,,LN1 0LB,,,,samuelcox,samuel.cox@yahoo.com,,,LN10LB,,,,,,,samuel.cox@yahoo.com,,,LN1 0LB,,,,,,,,,,,,,,,,,,Samuel_Cox,2025-01-31,False,4,1,,,,,,,,,,,,,,,
STG022000,MARKETING,MKT000698,DCL009605,PCL009558,unresolved_singleton,Unresolved,1,1,,,,,,MKT000698,,,,,,,Pmaela_Smith,pamelasmith18@hotmail.fr,,,LN1 7SE,,,,pmaelasmith,pamelasmith18@hotmail.fr,,,LN17SE,,,,,,,pamelasmith18@hotmail.fr,,,LN1 7SE,,,,,,,,,,,,,,,,,,Pmaela_Smith,2025-01-31,True,6,3,,,,,,,,,,,,,,,
STG022001,MARKETING,MKT000699,DCL009606,PCL009559,unresolved_singleton,Unresolved,1,1,,,,,,MKT000699,,,,,,,Deborah_O'Connor,doconnor24@hotmail.fr,,,CA1 4TM,,,,deborahoconnor,doconnor24@hotmail.fr,,,CA14TM,,,,,,,doconnor24@hotmail.fr,,,CA1 4TM,,,,,,,,,,,,,,,,,,Deborah_O'Connor,2025-01-31,False,6,1,,,,,,,,,,,,,,,
STG022024,MARKETING,MKT000722,DCL009608,PCL009561,unresolved_singleton,Unresolved,1,1,,,,,,MKT000722,,,,,,,Jemma_Clark,jemma.clark19@gmail.com,,,AB10 1BX,,,,jemmaclark,jemma.clark19@gmail.com,,,AB101BX,,,,,,,jemma.clark19@gmail.com,,,AB10 1BX,,,,,,,,,,,,,,,,,,Jemma_Clark,2025-02-01,True,2,0,,,,,,,,,,,,,,,
STG022074,MARKETING,MKT000772,DCL009611,PCL009564,unresolved_singleton,Unresolved,1,1,,,,,,MKT000772,,,,,,,,sophie.allen@gmail.com,,,SE1,,,,,sophie.allen@gmail.com,,,SE1,,,,,,,sophie.allen@gmail.com,,,SE1,,,,,,,,,,,,,,,,,,,2025-02-03,True,8,1,,,,,,,,,,,,,,,
STG022107,MARKETING,MKT000805,DCL009613,PCL009566,unresolved_singleton,Unresolved,1,1,,,,,,MKT000805,,,,,,,Clive_Parkr,cliveparker19@yahoo.com,,,OX1 4EO,,,,cliveparkr,cliveparker19@yahoo.com,,,OX14EO,,,,,,,cliveparker19@yahoo.com,,,OX1 4EO,,,,,,,,,,,,,,,,,,Clive_Parkr,2025-02-04,True,10,2,,,,,,,,,,,,,,,
STG022108,MARKETING,MKT000806,DCL009614,PCL009567,unresolved_singleton,Unresolved,1,1,,,,,,MKT000806,,,,,,,Nicole_Smith,nicole.smith@gmail.com,,,RG1 4KP,,,,nicolesmith,nicole.smith@gmail.com,,,RG14KP,,,,,,,nicole.smith@gmail.com,,,RG1 4KP,,,,,,,,,,,,,,,,,,Nicole_Smith,2025-02-04,True,1,0,,,,,,,,,,,,,,,
STG022117,MARKETING,MKT000815,DCL009616,PCL009569,unresolved_singleton,Unresolved,1,1,,,,,,MKT000815,,,,,,,Gerald_Sutton,gerald.sutton@yahoo.com,,,RG1 2GX,,,,geraldsutton,gerald.sutton@yahoo.com,,,RG12GX,,,,,,,gerald.sutton@yahoo.com,,,RG1 2GX,,,,,,,,,,,,,,,,,,Gerald_Sutton,2025-02-05,False,3,0,,,,,,,,,,,,,,,
STG022129,MARKETING,MKT000827,DCL009617,PCL009570,unresolved_singleton,Unresolved,1,1,,,,,,MKT000827,,,,,,,,john.knight@gmail.com,,,EX1 4QJ,,,,,john.knight@gmail.com,,,EX14QJ,,,,,,,john.knight@gmail.com,,,EX1 4QJ,,,,,,,,,,,,,,,,,,,2025-02-05,False,7,1,,,,,,,,,,,,,,,
STG022144,MARKETING,MKT000842,DCL009618,PCL009571,unresolved_singleton,Unresolved,1,1,,,,,,MKT000842,,,,,,,Pauline_Farrell,pfarrell24@hotmail.co.uk,,,E1 0OG,,,,paulinefarrell,pfarrell24@hotmail.co.uk,,,E10OG,,,,,,,pfarrell24@hotmail.co.uk,,,E1 0OG,,,,,,,,,,,,,,,,,,Pauline_Farrell,2025-02-06,True,12,5,,,,,,,,,,,,,,,
STG022146,MARKETING,MKT000844,DCL009619,PCL009572,unresolved_singleton,Unresolved,1,1,,,,,,MKT000844,,,,,,,Athur_Cross,arthur.cross@gmail.com,,,YO1 7GP,,,,athurcross,arthur.cross@gmail.com,,,YO17GP,,,,,,,arthur.cross@gmail.com,,,YO1 7GP,,,,,,,,,,,,,,,,,,Athur_Cross,2025-02-06,True,7,3,,,,,,,,,,,,,,,
STG022148,MARKETING,MKT000846,DCL009620,PCL009573,unresolved_singleton,Unresolved,1,1,,,,,,MKT000846,,,,,,,Naomi_Bull,nbull24@gmail.com,,,NG1,,,,naomibull,nbull24@gmail.com,,,NG1,,,,,,,nbull24@gmail.com,,,NG1,,,,,,,,,,,,,,,,,,Naomi_Bull,2025-02-06,False,2,0,,,,,,,,,,,,,,,
STG022149,MARKETING,MKT000847,DCL009621,PCL009574,unresolved_singleton,Unresolved,1,1,,,,,,MKT000847,,,,,,,Jessica_Thompson,jessica.thompson@aol.com,,,CH1 9SB,,,,jessicathompson,jessica.thompson@aol.com,,,CH19SB,,,,,,,jessica.thompson@aol.com,,,CH1 9SB,,,,,,,,,,,,,,,,,,Jessica_Thompson,2025-02-06,False,3,2,,,,,,,,,,,,,,,
STG022151,MARKETING,MKT000849,DCL009622,PCL009575,unresolved_singleton,Unresolved,1,1,,,,,,MKT000849,,,,,,,,zoe.smith@yahoo.fr,,,S40 9MR,,,,,zoe.smith@yahoo.fr,,,S409MR,,,,,,,zoe.smith@yahoo.fr,,,S40 9MR,,,,,,,,,,,,,,,,,,,2025-02-06,True,12,5,,,,,,,,,,,,,,,
STG022158,MARKETING,MKT000856,DCL009624,PCL009577,unresolved_singleton,Unresolved,1,1,,,,,,MKT000856,,,,,,,hSirley_Harding,shirley.harding@gmail.com,,,LL11 7EJ,,,,hsirleyharding,shirley.harding@gmail.com,,,LL117EJ,,,,,,,shirley.harding@gmail.com,,,LL11 7EJ,,,,,,,,,,,,,,,,,,hSirley_Harding,2025-02-06,True,6,1,,,,,,,,,,,,,,,
STG022230,MARKETING,MKT000928,DCL009627,PCL009579,unresolved_singleton,Unresolved,1,1,,,,,,MKT000928,,,,,,,Lelie_Francis,leslie.francis22@yahoo.fr,,,PO1 7EB,,,,leliefrancis,leslie.francis22@yahoo.fr,,,PO17EB,,,,,,,leslie.francis22@yahoo.fr,,,PO1 7EB,,,,,,,,,,,,,,,,,,Lelie_Francis,2025-02-09,False,10,2,,,,,,,,,,,,,,,
STG022231,MARKETING,MKT000929,DCL009628,PCL009580,unresolved_singleton,Unresolved,1,1,,,,,,MKT000929,,,,,,,Gavin_Armstrong,garmstrong24@msn.com,,,N1 8VB,,,,gavinarmstrong,garmstrong24@msn.com,,,N18VB,,,,,,,garmstrong24@msn.com,,,N1 8VB,,,,,,,,,,,,,,,,,,Gavin_Armstrong,2025-02-09,True,2,1,,,,,,,,,,,,,,,
STG022268,MARKETING,MKT000966,DCL009630,PCL009581,unresolved_singleton,Unresolved,1,1,,,,,,MKT000966,,,,,,,Cheslea_Ellis,cellis18@wanadoo.fr,,,M1 6PE,,,,chesleaellis,cellis18@wanadoo.fr,,,M16PE,,,,,,,cellis18@wanadoo.fr,,,M1 6PE,,,,,,,,,,,,,,,,,,Cheslea_Ellis,2025-02-11,True,5,1,,,,,,,,,,,,,,,
STG022283,MARKETING,MKT000981,DCL009631,PCL009582,unresolved_singleton,Unresolved,1,1,,,,,,MKT000981,,,,,,,,linda.watson24@hotmail.fr,,,SA1,,,,,linda.watson24@hotmail.fr,,,SA1,,,,,,,linda.watson24@hotmail.fr,,,SA1,,,,,,,,,,,,,,,,,,,2025-02-12,True,6,3,,,,,,,,,,,,,,,
STG022315,MARKETING,MKT001013,DCL009634,PCL009585,unresolved_singleton,Unresolved,1,1,,,,,,MKT001013,,,,,,,Brenda_Ward,brendaward@msn.com,,,CA1 1GK,,,,brendaward,brendaward@msn.com,,,CA11GK,,,,,,,brendaward@msn.com,,,CA1 1GK,,,,,,,,,,,,,,,,,,Brenda_Ward,2025-02-14,False,4,0,,,,,,,,,,,,,,,
STG022322,MARKETING,MKT001020,DCL009637,PCL009587,unresolved_singleton,Unresolved,1,1,,,,,,MKT001020,,,,,,,Kathryn_Frost,kathrynfrost@hotmail.co.uk,,,NW1 8NS,,,,kathrynfrost,kathrynfrost@hotmail.co.uk,,,NW18NS,,,,,,,kathrynfrost@hotmail.co.uk,,,NW1 8NS,,,,,,,,,,,,,,,,,,Kathryn_Frost,2025-02-14,True,11,3,,,,,,,,,,,,,,,
STG022351,MARKETING,MKT001049,DCL009639,PCL009589,unresolved_singleton,Unresolved,1,1,,,,,,MKT001049,,,,,,,Lindsey_Oliver,lindseyoliver25@yahoo.com,,,PL1 9MV,,,,lindseyoliver,lindseyoliver25@yahoo.com,,,PL19MV,,,,,,,lindseyoliver25@yahoo.com,,,PL1 9MV,,,,,,,,,,,,,,,,,,Lindsey_Oliver,2025-02-15,True,7,0,,,,,,,,,,,,,,,
STG022375,MARKETING,MKT001073,DCL009641,PCL009591,unresolved_singleton,Unresolved,1,1,,,,,,MKT001073,,,,,,,Chelsea_White,cwhite25@hotmail.com,,,S1,,,,chelseawhite,cwhite25@hotmail.com,,,S1,,,,,,,cwhite25@hotmail.com,,,S1,,,,,,,,,,,,,,,,,,Chelsea_White,2025-02-16,True,2,0,,,,,,,,,,,,,,,
STG022387,MARKETING,MKT001085,DCL009642,PCL009592,unresolved_singleton,Unresolved,1,1,,,,,,MKT001085,,,,,,,,joseph.fox@hotmail.com,,,S40 0JZ,,,,,joseph.fox@hotmail.com,,,S400JZ,,,,,,,joseph.fox@hotmail.com,,,S40 0JZ,,,,,,,,,,,,,,,,,,,2025-02-16,True,0,0,,,,,,,,,,,,,,,
STG022408,MARKETING,MKT001106,DCL009644,PCL009594,unresolved_singleton,Unresolved,1,1,,,,,,MKT001106,,,,,,,Carolyn_Smith,carolyn.smith19@msn.com,,,BH1 2UZ,,,,carolynsmith,carolyn.smith19@msn.com,,,BH12UZ,,,,,,,carolyn.smith19@msn.com,,,BH1 2UZ,,,,,,,,,,,,,,,,,,Carolyn_Smith,2025-02-17,True,3,1,,,,,,,,,,,,,,,
STG022428,MARKETING,MKT001126,DCL009645,PCL009595,unresolved_singleton,Unresolved,1,1,,,,,,MKT001126,,,,,,,,hollie.green@aol.com,,,WR1 1DC,,,,,hollie.green@aol.com,,,WR11DC,,,,,,,hollie.green@aol.com,,,WR1 1DC,,,,,,,,,,,,,,,,,,,2025-02-18,True,12,3,,,,,,,,,,,,,,,
STG022463,MARKETING,MKT001161,DCL009648,PCL009598,unresolved_singleton,Unresolved,1,1,,,,,,MKT001161,,,,,,,,leigh.bell@yahoo.com,,,CM1,,,,,leigh.bell@yahoo.com,,,CM1,,,,,,,leigh.bell@yahoo.com,,,CM1,,,,,,,,,,,,,,,,,,,2025-02-19,False,3,0,,,,,,,,,,,,,,,
STG022474,MARKETING,MKT001172,DCL009649,PCL009599,unresolved_singleton,Unresolved,1,1,,,,,,MKT001172,,,,,,,David_Oliver,davidoliver20@yahoo.com,,,AB10,,,,davidoliver,davidoliver20@yahoo.com,,,AB10,,,,,,,davidoliver20@yahoo.com,,,AB10,,,,,,,,,,,,,,,,,,David_Oliver,2025-02-20,True,3,2,,,,,,,,,,,,,,,
STG022512,MARKETING,MKT001210,DCL009651,PCL009600,unresolved_singleton,Unresolved,1,1,,,,,,MKT001210,,,,,,,Marie_Schofield,marie.schofield@gmail.com,,,SY1 0KW,,,,marieschofield,marie.schofield@gmail.com,,,SY10KW,,,,,,,marie.schofield@gmail.com,,,SY1 0KW,,,,,,,,,,,,,,,,,,Marie_Schofield,2025-02-22,True,4,2,,,,,,,,,,,,,,,
STG022544,MARKETING,MKT001242,DCL009652,PCL009601,unresolved_singleton,Unresolved,1,1,,,,,,MKT001242,,,,,,,Gema_Bailey,gemmabailey@hotmail.com,,,DD1 7AG,,,,gemabailey,gemmabailey@hotmail.com,,,DD17AG,,,,,,,gemmabailey@hotmail.com,,,DD1 7AG,,,,,,,,,,,,,,,,,,Gema_Bailey,2025-02-23,True,7,6,,,,,,,,,,,,,,,
STG022547,MARKETING,MKT001245,DCL009653,PCL009602,unresolved_singleton,Unresolved,1,1,,,,,,MKT001245,,,,,,,Marilyn_Fuller,marilynfuller25@aol.com,,,LL11,,,,marilynfuller,marilynfuller25@aol.com,,,LL11,,,,,,,marilynfuller25@aol.com,,,LL11,,,,,,,,,,,,,,,,,,Marilyn_Fuller,2025-02-23,False,8,0,,,,,,,,,,,,,,,
STG022548,MARKETING,MKT001246,DCL009654,PCL009603,unresolved_singleton,Unresolved,1,1,,,,,,MKT001246,,,,,,,Deborah_Rowe,deborahrowe19@orange.fr,,,IP1 6HU,,,,deborahrowe,deborahrowe19@orange.fr,,,IP16HU,,,,,,,deborahrowe19@orange.fr,,,IP1 6HU,,,,,,,,,,,,,,,,,,Deborah_Rowe,2025-02-23,False,5,1,,,,,,,,,,,,,,,
STG022576,MARKETING,MKT001274,DCL009657,PCL009606,unresolved_singleton,Unresolved,1,1,,,,,,MKT001274,,,,,,,,barry.harris@gmail.com,,,RG1 9WL,,,,,barry.harris@gmail.com,,,RG19WL,,,,,,,barry.harris@gmail.com,,,RG1 9WL,,,,,,,,,,,,,,,,,,,2025-02-25,True,8,2,,,,,,,,,,,,,,,
STG022583,MARKETING,MKT001281,DCL009658,PCL009607,unresolved_singleton,Unresolved,1,1,,,,,,MKT001281,,,,,,,Derek_Swift,derekswift@msn.com,,,BH1,,,,derekswift,derekswift@msn.com,,,BH1,,,,,,,derekswift@msn.com,,,BH1,,,,,,,,,,,,,,,,,,Derek_Swift,2025-02-25,True,8,3,,,,,,,,,,,,,,,
STG022590,MARKETING,MKT001288,DCL009659,PCL009608,unresolved_singleton,Unresolved,1,1,,,,,,MKT001288,,,,,,,Mary_Craig,mary.craig@yahoo.com,,,EH1 5NN,,,,marycraig,mary.craig@yahoo.com,,,EH15NN,,,,,,,mary.craig@yahoo.com,,,EH1 5NN,,,,,,,,,,,,,,,,,,Mary_Craig,2025-02-25,True,3,0,,,,,,,,,,,,,,,
STG022603,MARKETING,MKT001301,DCL009662,PCL009610,unresolved_singleton,Unresolved,1,1,,,,,,MKT001301,,,,,,,Victor_Shaw,victor.shaw@gmail.com,,,CB1 0BN,,,,victorshaw,victor.shaw@gmail.com,,,CB10BN,,,,,,,victor.shaw@gmail.com,,,CB1 0BN,,,,,,,,,,,,,,,,,,Victor_Shaw,2025-02-26,True,6,4,,,,,,,,,,,,,,,
STG022611,MARKETING,MKT001309,DCL009663,PCL009611,unresolved_singleton,Unresolved,1,1,,,,,,MKT001309,,,,,,,,damien.spencer@aol.com,,,HG1,,,,,damien.spencer@aol.com,,,HG1,,,,,,,damien.spencer@aol.com,,,HG1,,,,,,,,,,,,,,,,,,,2025-02-26,True,5,1,,,,,,,,,,,,,,,
STG022627,MARKETING,MKT001325,DCL009664,PCL009612,unresolved_singleton,Unresolved,1,1,,,,,,MKT001325,,,,,,,,carl.holden@hotmail.com,,,N1 2JD,,,,,carl.holden@hotmail.com,,,N12JD,,,,,,,carl.holden@hotmail.com,,,N1 2JD,,,,,,,,,,,,,,,,,,,2025-02-27,True,11,3,,,,,,,,,,,,,,,
STG022638,MARKETING,MKT001336,DCL009666,PCL009614,unresolved_singleton,Unresolved,1,1,,,,,,MKT001336,,,,,,,Kenneth_Thompson,kenneth.thompson@msn.com,,,EH1 0PG,,,,kenneththompson,kenneth.thompson@msn.com,,,EH10PG,,,,,,,kenneth.thompson@msn.com,,,EH1 0PG,,,,,,,,,,,,,,,,,,Kenneth_Thompson,2025-02-27,True,8,3,,,,,,,,,,,,,,,
STG022691,MARKETING,MKT001389,DCL009670,PCL009618,unresolved_singleton,Unresolved,1,1,,,,,,MKT001389,,,,,,,Kathlene_Begum,kathleen.begum@gmail.com,,,RG1 9VU,,,,kathlenebegum,kathleen.begum@gmail.com,,,RG19VU,,,,,,,kathleen.begum@gmail.com,,,RG1 9VU,,,,,,,,,,,,,,,,,,Kathlene_Begum,2025-03-01,True,3,0,,,,,,,,,,,,,,,
STG022715,MARKETING,MKT001413,DCL009672,PCL009620,unresolved_singleton,Unresolved,1,1,,,,,,MKT001413,,,,,,,Patrick_Evans,patrick.evans@yahoo.com,,,W1 0WN,,,,patrickevans,patrick.evans@yahoo.com,,,W10WN,,,,,,,patrick.evans@yahoo.com,,,W1 0WN,,,,,,,,,,,,,,,,,,Patrick_Evans,2025-03-02,True,8,1,,,,,,,,,,,,,,,
STG022717,MARKETING,MKT001415,DCL009673,PCL009621,unresolved_singleton,Unresolved,1,1,,,,,,MKT001415,,,,,,,Andrew_Phillips,andrewphillips22@yahoo.fr,,,SE1 2LP,,,,andrewphillips,andrewphillips22@yahoo.fr,,,SE12LP,,,,,,,andrewphillips22@yahoo.fr,,,SE1 2LP,,,,,,,,,,,,,,,,,,Andrew_Phillips,2025-03-02,False,4,1,,,,,,,,,,,,,,,
STG022743,MARKETING,MKT001441,DCL009675,PCL009623,unresolved_singleton,Unresolved,1,1,,,,,,MKT001441,,,,,,,Marino_Lawrence,marion.lawrence@yahoo.com,,,RG1,,,,marinolawrence,marion.lawrence@yahoo.com,,,RG1,,,,,,,marion.lawrence@yahoo.com,,,RG1,,,,,,,,,,,,,,,,,,Marino_Lawrence,2025-03-03,True,6,2,,,,,,,,,,,,,,,
STG022765,MARKETING,MKT001463,DCL009676,PCL009624,unresolved_singleton,Unresolved,1,1,,,,,,MKT001463,,,,,,,George_Marshall,gmarshall22@aol.com,,,CB1 3YL,,,,georgemarshall,gmarshall22@aol.com,,,CB13YL,,,,,,,gmarshall22@aol.com,,,CB1 3YL,,,,,,,,,,,,,,,,,,George_Marshall,2025-03-04,True,2,1,,,,,,,,,,,,,,,
STG022795,MARKETING,MKT001493,DCL009680,PCL009627,unresolved_singleton,Unresolved,1,1,,,,,,MKT001493,,,,,,,Nicola_Baliey,nicola.bailey@hotmail.com,,,G1 6BN,,,,nicolabaliey,nicola.bailey@hotmail.com,,,G16BN,,,,,,,nicola.bailey@hotmail.com,,,G1 6BN,,,,,,,,,,,,,,,,,,Nicola_Baliey,2025-03-05,False,5,0,,,,,,,,,,,,,,,
STG022813,MARKETING,MKT001511,DCL009681,PCL009628,unresolved_singleton,Unresolved,1,1,,,,,,MKT001511,,,,,,,Jordan_Coates,jordan.coates@aol.com,,,LU1 5OT,,,,jordancoates,jordan.coates@aol.com,,,LU15OT,,,,,,,jordan.coates@aol.com,,,LU1 5OT,,,,,,,,,,,,,,,,,,Jordan_Coates,2025-03-06,True,5,1,,,,,,,,,,,,,,,
STG022822,MARKETING,MKT001520,DCL009682,PCL009629,unresolved_singleton,Unresolved,1,1,,,,,,MKT001520,,,,,,,,patrick.stone@yahoo.com,,,NN1 6GE,,,,,patrick.stone@yahoo.com,,,NN16GE,,,,,,,patrick.stone@yahoo.com,,,NN1 6GE,,,,,,,,,,,,,,,,,,,2025-03-06,True,9,0,,,,,,,,,,,,,,,
STG022823,MARKETING,MKT001521,DCL009683,PCL009630,unresolved_singleton,Unresolved,1,1,,,,,,MKT001521,,,,,,,Joel_O'Connor,joel.oconnor22@aol.com,,,NR1 3MV,,,,joeloconnor,joel.oconnor22@aol.com,,,NR13MV,,,,,,,joel.oconnor22@aol.com,,,NR1 3MV,,,,,,,,,,,,,,,,,,Joel_O'Connor,2025-03-06,False,5,1,,,,,,,,,,,,,,,
STG022847,MARKETING,MKT001545,DCL009686,PCL009633,unresolved_singleton,Unresolved,1,1,,,,,,MKT001545,,,,,,,Joanne_Lewis,joanne.lewis@gmail.com,,,PL1 7XE,,,,joannelewis,joanne.lewis@gmail.com,,,PL17XE,,,,,,,joanne.lewis@gmail.com,,,PL1 7XE,,,,,,,,,,,,,,,,,,Joanne_Lewis,2025-03-07,True,3,0,,,,,,,,,,,,,,,
STG022908,MARKETING,MKT001606,DCL009691,PCL009638,unresolved_singleton,Unresolved,1,1,,,,,,MKT001606,,,,,,,Brian_Ahmed,brianahmed@orange.fr,,,SW1 4XT,,,,brianahmed,brianahmed@orange.fr,,,SW14XT,,,,,,,brianahmed@orange.fr,,,SW1 4XT,,,,,,,,,,,,,,,,,,Brian_Ahmed,2025-03-10,True,10,3,,,,,,,,,,,,,,,
STG022937,MARKETING,MKT001635,DCL009694,PCL009641,unresolved_singleton,Unresolved,1,1,,,,,,MKT001635,,,,,,,,charlie.byrne@gmail.com,,,BB1,,,,,charlie.byrne@gmail.com,,,BB1,,,,,,,charlie.byrne@gmail.com,,,BB1,,,,,,,,,,,,,,,,,,,2025-03-11,False,4,1,,,,,,,,,,,,,,,
STG022940,MARKETING,MKT001638,DCL009695,PCL009642,unresolved_singleton,Unresolved,1,1,,,,,,MKT001638,,,,,,,,kim.hudson@gmail.com,,,CB1 2TN,,,,,kim.hudson@gmail.com,,,CB12TN,,,,,,,kim.hudson@gmail.com,,,CB1 2TN,,,,,,,,,,,,,,,,,,,2025-03-11,True,3,0,,,,,,,,,,,,,,,
STG022943,MARKETING,MKT001641,DCL009696,PCL009643,unresolved_singleton,Unresolved,1,1,,,,,,MKT001641,,,,,,,,tom.chambers@hotmail.com,,,BB1 3QF,,,,,tom.chambers@hotmail.com,,,BB13QF,,,,,,,tom.chambers@hotmail.com,,,BB1 3QF,,,,,,,,,,,,,,,,,,,2025-03-11,True,3,0,,,,,,,,,,,,,,,
STG022969,MARKETING,MKT001667,DCL009697,PCL009644,unresolved_singleton,Unresolved,1,1,,,,,,MKT001667,,,,,,,,shane.obrien21@yahoo.fr,,,SW1 7ZJ,,,,,shane.obrien21@yahoo.fr,,,SW17ZJ,,,,,,,shane.obrien21@yahoo.fr,,,SW1 7ZJ,,,,,,,,,,,,,,,,,,,2025-03-13,True,6,1,,,,,,,,,,,,,,,
STG022973,MARKETING,MKT001671,DCL009698,PCL009645,unresolved_singleton,Unresolved,1,1,,,,,,MKT001671,,,,,,,Gerald_Wall,gerald.wall@hotmail.com,,,W1,,,,geraldwall,gerald.wall@hotmail.com,,,W1,,,,,,,gerald.wall@hotmail.com,,,W1,,,,,,,,,,,,,,,,,,Gerald_Wall,2025-03-13,False,4,1,,,,,,,,,,,,,,,
STG022983,MARKETING,MKT001681,DCL009699,PCL009646,unresolved_singleton,Unresolved,1,1,,,,,,MKT001681,,,,,,,Tina_Young,tina.young@yahoo.com,,,SO14 9VC,,,,tinayoung,tina.young@yahoo.com,,,SO149VC,,,,,,,tina.young@yahoo.com,,,SO14 9VC,,,,,,,,,,,,,,,,,,Tina_Young,2025-03-14,True,6,2,,,,,,,,,,,,,,,
STG023000,MARKETING,MKT001698,DCL009700,PCL009647,unresolved_singleton,Unresolved,1,1,,,,,,MKT001698,,,,,,,,dylan.lynch@hotmail.com,,,DD1 6TP,,,,,dylan.lynch@hotmail.com,,,DD16TP,,,,,,,dylan.lynch@hotmail.com,,,DD1 6TP,,,,,,,,,,,,,,,,,,,2025-03-14,False,9,0,,,,,,,,,,,,,,,
STG023004,MARKETING,MKT001702,DCL009701,PCL009648,unresolved_singleton,Unresolved,1,1,,,,,,MKT001702,,,,,,,Helen_Harrison,helenharrison21@gmail.com,,,M1 6RF,,,,helenharrison,helenharrison21@gmail.com,,,M16RF,,,,,,,helenharrison21@gmail.com,,,M1 6RF,,,,,,,,,,,,,,,,,,Helen_Harrison,2025-03-14,True,6,1,,,,,,,,,,,,,,,
STG023016,MARKETING,MKT001714,DCL009702,PCL009649,unresolved_singleton,Unresolved,1,1,,,,,,MKT001714,,,,,,,Craig_Olvier,craig.oliver@yahoo.com,,,BN1 3VP,,,,craigolvier,craig.oliver@yahoo.com,,,BN13VP,,,,,,,craig.oliver@yahoo.com,,,BN1 3VP,,,,,,,,,,,,,,,,,,Craig_Olvier,2025-03-15,False,10,1,,,,,,,,,,,,,,,
STG023026,MARKETING,MKT001724,DCL009703,PCL009650,unresolved_singleton,Unresolved,1,1,,,,,,MKT001724,,,,,,,Denis_Ahmed,dahmed19@hotmail.co.uk,,,M1 2JW,,,,denisahmed,dahmed19@hotmail.co.uk,,,M12JW,,,,,,,dahmed19@hotmail.co.uk,,,M1 2JW,,,,,,,,,,,,,,,,,,Denis_Ahmed,2025-03-15,True,2,0,,,,,,,,,,,,,,,
STG023031,MARKETING,MKT001729,DCL009704,PCL009651,unresolved_singleton,Unresolved,1,1,,,,,,MKT001729,,,,,,,Bradley_Reed,bradley.reed@msn.com,,,GL1 3WB,,,,bradleyreed,bradley.reed@msn.com,,,GL13WB,,,,,,,bradley.reed@msn.com,,,GL1 3WB,,,,,,,,,,,,,,,,,,Bradley_Reed,2025-03-15,True,9,1,,,,,,,,,,,,,,,
STG023047,MARKETING,MKT001745,DCL009707,PCL009654,unresolved_singleton,Unresolved,1,1,,,,,,MKT001745,,,,,,,Helen_Kirk,helen.kirk23@wanadoo.fr,,,SW1,,,,helenkirk,helen.kirk23@wanadoo.fr,,,SW1,,,,,,,helen.kirk23@wanadoo.fr,,,SW1,,,,,,,,,,,,,,,,,,Helen_Kirk,2025-03-15,True,4,3,,,,,,,,,,,,,,,
STG023096,MARKETING,MKT001794,DCL009709,PCL009656,unresolved_singleton,Unresolved,1,1,,,,,,MKT001794,,,,,,,Wendy_mSith,wsmith22@wanadoo.fr,,,NP20 0XI,,,,wendymsith,wsmith22@wanadoo.fr,,,NP200XI,,,,,,,wsmith22@wanadoo.fr,,,NP20 0XI,,,,,,,,,,,,,,,,,,Wendy_mSith,2025-03-17,True,13,5,,,,,,,,,,,,,,,
STG023114,MARKETING,MKT001812,DCL009711,PCL009658,unresolved_singleton,Unresolved,1,1,,,,,,MKT001812,,,,,,,Thomas_Clarke,thomas.clarke@gmail.com,,,PE1 7NV,,,,thomasclarke,thomas.clarke@gmail.com,,,PE17NV,,,,,,,thomas.clarke@gmail.com,,,PE1 7NV,,,,,,,,,,,,,,,,,,Thomas_Clarke,2025-03-18,True,6,0,,,,,,,,,,,,,,,
STG023118,MARKETING,MKT001816,DCL009712,PCL009659,unresolved_singleton,Unresolved,1,1,,,,,,MKT001816,,,,,,,,vanessa.burgess@yahoo.com,,,LL11 7YU,,,,,vanessa.burgess@yahoo.com,,,LL117YU,,,,,,,vanessa.burgess@yahoo.com,,,LL11 7YU,,,,,,,,,,,,,,,,,,,2025-03-18,True,3,1,,,,,,,,,,,,,,,
STG023122,MARKETING,MKT001820,DCL009713,PCL009660,unresolved_singleton,Unresolved,1,1,,,,,,MKT001820,,,,,,,Malcolm_Parker,malcolmparker@hotmail.co.uk,,,BB1,,,,malcolmparker,malcolmparker@hotmail.co.uk,,,BB1,,,,,,,malcolmparker@hotmail.co.uk,,,BB1,,,,,,,,,,,,,,,,,,Malcolm_Parker,2025-03-18,True,5,1,,,,,,,,,,,,,,,
STG023126,MARKETING,MKT001824,DCL009714,PCL009661,unresolved_singleton,Unresolved,1,1,,,,,,MKT001824,,,,,,,Valerie_Wheeler,valeriewheeler25@aol.com,,,NR1 8SX,,,,valeriewheeler,valeriewheeler25@aol.com,,,NR18SX,,,,,,,valeriewheeler25@aol.com,,,NR1 8SX,,,,,,,,,,,,,,,,,,Valerie_Wheeler,2025-03-18,True,2,0,,,,,,,,,,,,,,,
STG023130,MARKETING,MKT001828,DCL009715,PCL009662,unresolved_singleton,Unresolved,1,1,,,,,,MKT001828,,,,,,,,iainwarner19@msn.com,,,CH1 3DF,,,,,iainwarner19@msn.com,,,CH13DF,,,,,,,iainwarner19@msn.com,,,CH1 3DF,,,,,,,,,,,,,,,,,,,2025-03-18,True,3,0,,,,,,,,,,,,,,,
STG023146,MARKETING,MKT001844,DCL009717,PCL009664,unresolved_singleton,Unresolved,1,1,,,,,,MKT001844,,,,,,,,timothyfuller22@hotmail.com,,,PE1,,,,,timothyfuller22@hotmail.com,,,PE1,,,,,,,timothyfuller22@hotmail.com,,,PE1,,,,,,,,,,,,,,,,,,,2025-03-19,True,7,1,,,,,,,,,,,,,,,
STG023183,MARKETING,MKT001881,DCL009719,PCL009665,unresolved_singleton,Unresolved,1,1,,,,,,MKT001881,,,,,,,Derek_Hartley,derek.hartley@gmail.com,,,CA1 6FB,,,,derekhartley,derek.hartley@gmail.com,,,CA16FB,,,,,,,derek.hartley@gmail.com,,,CA1 6FB,,,,,,,,,,,,,,,,,,Derek_Hartley,2025-03-21,True,4,1,,,,,,,,,,,,,,,
STG023197,MARKETING,MKT001895,DCL009720,PCL009666,unresolved_singleton,Unresolved,1,1,,,,,,MKT001895,,,,,,,,alison.nelson@aol.com,,,PO1 7WD,,,,,alison.nelson@aol.com,,,PO17WD,,,,,,,alison.nelson@aol.com,,,PO1 7WD,,,,,,,,,,,,,,,,,,,2025-03-21,True,8,0,,,,,,,,,,,,,,,
STG023220,MARKETING,MKT001918,DCL009723,PCL009669,unresolved_singleton,Unresolved,1,1,,,,,,MKT001918,,,,,,,Samantha_Cook,samanthacook23@yahoo.com,,,SE1 9FM,,,,samanthacook,samanthacook23@yahoo.com,,,SE19FM,,,,,,,samanthacook23@yahoo.com,,,SE1 9FM,,,,,,,,,,,,,,,,,,Samantha_Cook,2025-03-22,True,5,3,,,,,,,,,,,,,,,
STG023273,MARKETING,MKT001971,DCL009725,PCL009670,unresolved_singleton,Unresolved,1,1,,,,,,MKT001971,,,,,,,Dean_Moss,dean.moss@gmail.com,,,DD1 4TX,,,,deanmoss,dean.moss@gmail.com,,,DD14TX,,,,,,,dean.moss@gmail.com,,,DD1 4TX,,,,,,,,,,,,,,,,,,Dean_Moss,2025-03-24,True,2,0,,,,,,,,,,,,,,,
STG023294,MARKETING,MKT001992,DCL009727,PCL009672,unresolved_singleton,Unresolved,1,1,,,,,,MKT001992,,,,,,,,colin.barber@gmail.com,,,SY1,,,,,colin.barber@gmail.com,,,SY1,,,,,,,colin.barber@gmail.com,,,SY1,,,,,,,,,,,,,,,,,,,2025-03-24,False,7,1,,,,,,,,,,,,,,,
STG023304,MARKETING,MKT002002,DCL009729,PCL009674,unresolved_singleton,Unresolved,1,1,,,,,,MKT002002,,,,,,,,mstanley20@hotmail.com,,,PR1 7WD,,,,,mstanley20@hotmail.com,,,PR17WD,,,,,,,mstanley20@hotmail.com,,,PR1 7WD,,,,,,,,,,,,,,,,,,,2025-03-25,True,6,0,,,,,,,,,,,,,,,
STG023313,MARKETING,MKT002011,DCL009730,PCL009675,unresolved_singleton,Unresolved,1,1,,,,,,MKT002011,,,,,,,Carl_Stevens,cstevens23@yahoo.fr,,,PE1 4OF,,,,carlstevens,cstevens23@yahoo.fr,,,PE14OF,,,,,,,cstevens23@yahoo.fr,,,PE1 4OF,,,,,,,,,,,,,,,,,,Carl_Stevens,2025-03-25,False,7,1,,,,,,,,,,,,,,,
STG023353,MARKETING,MKT002051,DCL009731,PCL009676,unresolved_singleton,Unresolved,1,1,,,,,,MKT002051,,,,,,,Joanne_Johnson,joanne.johnson@hotmail.com,,,CA1,,,,joannejohnson,joanne.johnson@hotmail.com,,,CA1,,,,,,,joanne.johnson@hotmail.com,,,CA1,,,,,,,,,,,,,,,,,,Joanne_Johnson,2025-03-26,True,2,0,,,,,,,,,,,,,,,
STG023360,MARKETING,MKT002058,DCL009732,PCL009677,unresolved_singleton,Unresolved,1,1,,,,,,MKT002058,,,,,,,Kelly_Higgins,kelly.higgins25@yahoo.com,,,L1 4IM,,,,kellyhiggins,kelly.higgins25@yahoo.com,,,L14IM,,,,,,,kelly.higgins25@yahoo.com,,,L1 4IM,,,,,,,,,,,,,,,,,,Kelly_Higgins,2025-03-27,False,2,0,,,,,,,,,,,,,,,
STG023393,MARKETING,MKT002091,DCL009733,PCL009678,unresolved_singleton,Unresolved,1,1,,,,,,MKT002091,,,,,,,Ruth_Green,ruth.green@yahoo.com,,,IV1 9RJ,,,,ruthgreen,ruth.green@yahoo.com,,,IV19RJ,,,,,,,ruth.green@yahoo.com,,,IV1 9RJ,,,,,,,,,,,,,,,,,,Ruth_Green,2025-03-28,True,8,0,,,,,,,,,,,,,,,
STG023413,MARKETING,MKT002111,DCL009735,PCL009680,unresolved_singleton,Unresolved,1,1,,,,,,MKT002111,,,,,,,Gregory_hWittaker,gregory.whittaker@yahoo.com,,,BT1 5KN,,,,gregoryhwittaker,gregory.whittaker@yahoo.com,,,BT15KN,,,,,,,gregory.whittaker@yahoo.com,,,BT1 5KN,,,,,,,,,,,,,,,,,,Gregory_hWittaker,2025-03-29,True,2,0,,,,,,,,,,,,,,,
STG023428,MARKETING,MKT002126,DCL009736,PCL009681,unresolved_singleton,Unresolved,1,1,,,,,,MKT002126,,,,,,,Christian_Barker,christian.barker19@aol.com,,,BT27 5OS,,,,christianbarker,christian.barker19@aol.com,,,BT275OS,,,,,,,christian.barker19@aol.com,,,BT27 5OS,,,,,,,,,,,,,,,,,,Christian_Barker,2025-03-29,False,5,2,,,,,,,,,,,,,,,
STG023429,MARKETING,MKT002127,DCL009737,PCL009682,unresolved_singleton,Unresolved,1,1,,,,,,MKT002127,,,,,,,Irnee_Connolly,ireneconnolly@orange.fr,,,DD1 5YC,,,,irneeconnolly,ireneconnolly@orange.fr,,,DD15YC,,,,,,,ireneconnolly@orange.fr,,,DD1 5YC,,,,,,,,,,,,,,,,,,Irnee_Connolly,2025-03-29,True,7,1,,,,,,,,,,,,,,,
STG023519,MARKETING,MKT002217,DCL009739,PCL009684,unresolved_singleton,Unresolved,1,1,,,,,,MKT002217,,,,,,,Sandra_Preston,sandra.preston@gmail.com,,,CF10 0RX,,,,sandrapreston,sandra.preston@gmail.com,,,CF100RX,,,,,,,sandra.preston@gmail.com,,,CF10 0RX,,,,,,,,,,,,,,,,,,Sandra_Preston,2025-04-02,False,4,0,,,,,,,,,,,,,,,
STG023546,MARKETING,MKT002244,DCL009741,PCL009686,unresolved_singleton,Unresolved,1,1,,,,,,MKT002244,,,,,,,Rachel_Haes,rachelhayes20@msn.com,,,NW1 7CZ,,,,rachelhaes,rachelhayes20@msn.com,,,NW17CZ,,,,,,,rachelhayes20@msn.com,,,NW1 7CZ,,,,,,,,,,,,,,,,,,Rachel_Haes,2025-04-03,True,5,0,,,,,,,,,,,,,,,
STG023572,MARKETING,MKT002270,DCL009742,PCL009687,unresolved_singleton,Unresolved,1,1,,,,,,MKT002270,,,,,,,Jennifer_Jones,jennifer.jones@hotmail.com,,,EH1 7CA,,,,jenniferjones,jennifer.jones@hotmail.com,,,EH17CA,,,,,,,jennifer.jones@hotmail.com,,,EH1 7CA,,,,,,,,,,,,,,,,,,Jennifer_Jones,2025-04-04,True,8,2,,,,,,,,,,,,,,,
STG023576,MARKETING,MKT002274,DCL009743,PCL009688,unresolved_singleton,Unresolved,1,1,,,,,,MKT002274,,,,,,,Dean_Smith,dean.smith@gmail.com,,,CM1 5EF,,,,deansmith,dean.smith@gmail.com,,,CM15EF,,,,,,,dean.smith@gmail.com,,,CM1 5EF,,,,,,,,,,,,,,,,,,Dean_Smith,2025-04-04,False,3,0,,,,,,,,,,,,,,,
STG023594,MARKETING,MKT002292,DCL009745,PCL009690,unresolved_singleton,Unresolved,1,1,,,,,,MKT002292,,,,,,,Jordan_Roberts,jordan.roberts@gmail.com,,,S40 5LY,,,,jordanroberts,jordan.roberts@gmail.com,,,S405LY,,,,,,,jordan.roberts@gmail.com,,,S40 5LY,,,,,,,,,,,,,,,,,,Jordan_Roberts,2025-04-04,False,2,1,,,,,,,,,,,,,,,
STG023604,MARKETING,MKT002302,DCL009746,PCL009691,unresolved_singleton,Unresolved,1,1,,,,,,MKT002302,,,,,,,Elaien_Humphreys,elainehumphreys22@hotmail.com,,,RG1 7RI,,,,elaienhumphreys,elainehumphreys22@hotmail.com,,,RG17RI,,,,,,,elainehumphreys22@hotmail.com,,,RG1 7RI,,,,,,,,,,,,,,,,,,Elaien_Humphreys,2025-04-05,False,5,1,,,,,,,,,,,,,,,
STG023637,MARKETING,MKT002335,DCL009749,PCL009693,unresolved_singleton,Unresolved,1,1,,,,,,MKT002335,,,,,,,Charles_Hudson,charles.hudson@aol.com,,,LL57 9DV,,,,charleshudson,charles.hudson@aol.com,,,LL579DV,,,,,,,charles.hudson@aol.com,,,LL57 9DV,,,,,,,,,,,,,,,,,,Charles_Hudson,2025-04-06,True,9,0,,,,,,,,,,,,,,,
STG023658,MARKETING,MKT002356,DCL009750,PCL009694,unresolved_singleton,Unresolved,1,1,,,,,,MKT002356,,,,,,,Chelsea_White,cwhite18@msn.com,,,W1 2KT,,,,chelseawhite,cwhite18@msn.com,,,W12KT,,,,,,,cwhite18@msn.com,,,W1 2KT,,,,,,,,,,,,,,,,,,Chelsea_White,2025-04-07,True,7,1,,,,,,,,,,,,,,,
STG023672,MARKETING,MKT002370,DCL009752,PCL009696,unresolved_singleton,Unresolved,1,1,,,,,,MKT002370,,,,,,,Marilyn_Barton,mbarton19@yahoo.com,,,EX1 4HZ,,,,marilynbarton,mbarton19@yahoo.com,,,EX14HZ,,,,,,,mbarton19@yahoo.com,,,EX1 4HZ,,,,,,,,,,,,,,,,,,Marilyn_Barton,2025-04-07,True,15,7,,,,,,,,,,,,,,,
STG023691,MARKETING,MKT002389,DCL009753,PCL009697,unresolved_singleton,Unresolved,1,1,,,,,,MKT002389,,,,,,,Gail_Williams,gailwilliams22@yahoo.fr,,,BH1 9OY,,,,gailwilliams,gailwilliams22@yahoo.fr,,,BH19OY,,,,,,,gailwilliams22@yahoo.fr,,,BH1 9OY,,,,,,,,,,,,,,,,,,Gail_Williams,2025-04-08,True,4,1,,,,,,,,,,,,,,,
STG023698,MARKETING,MKT002396,DCL009754,PCL009698,unresolved_singleton,Unresolved,1,1,,,,,,MKT002396,,,,,,,Kahtryn_Allen,kathryn.allen20@yahoo.fr,,,EH1 6FP,,,,kahtrynallen,kathryn.allen20@yahoo.fr,,,EH16FP,,,,,,,kathryn.allen20@yahoo.fr,,,EH1 6FP,,,,,,,,,,,,,,,,,,Kahtryn_Allen,2025-04-08,True,18,5,,,,,,,,,,,,,,,
STG023700,MARKETING,MKT002398,DCL009755,PCL009699,unresolved_singleton,Unresolved,1,1,,,,,,MKT002398,,,,,,,Lewis_Baker,lewis.baker25@hotmail.fr,,,LL11 7UP,,,,lewisbaker,lewis.baker25@hotmail.fr,,,LL117UP,,,,,,,lewis.baker25@hotmail.fr,,,LL11 7UP,,,,,,,,,,,,,,,,,,Lewis_Baker,2025-04-08,True,4,0,,,,,,,,,,,,,,,
STG023713,MARKETING,MKT002411,DCL009756,PCL009700,unresolved_singleton,Unresolved,1,1,,,,,,MKT002411,,,,,,,Jacqueline_hCapman,jacqueline.chapman@yahoo.com,,,WV1 6IS,,,,jacquelinehcapman,jacqueline.chapman@yahoo.com,,,WV16IS,,,,,,,jacqueline.chapman@yahoo.com,,,WV1 6IS,,,,,,,,,,,,,,,,,,Jacqueline_hCapman,2025-04-08,True,7,2,,,,,,,,,,,,,,,
STG023721,MARKETING,MKT002419,DCL009757,PCL009701,unresolved_singleton,Unresolved,1,1,,,,,,MKT002419,,,,,,,Dle_Kelly,dale.kelly@yahoo.com,,,E1,,,,dlekelly,dale.kelly@yahoo.com,,,E1,,,,,,,dale.kelly@yahoo.com,,,E1,,,,,,,,,,,,,,,,,,Dle_Kelly,2025-04-09,True,6,1,,,,,,,,,,,,,,,
STG023723,MARKETING,MKT002421,DCL009758,PCL009702,unresolved_singleton,Unresolved,1,1,,,,,,MKT002421,,,,,,,Alice_Pugh,alicepugh@yahoo.fr,,,BA1 1WO,,,,alicepugh,alicepugh@yahoo.fr,,,BA11WO,,,,,,,alicepugh@yahoo.fr,,,BA1 1WO,,,,,,,,,,,,,,,,,,Alice_Pugh,2025-04-09,False,3,0,,,,,,,,,,,,,,,
STG023731,MARKETING,MKT002429,DCL009760,PCL009704,unresolved_singleton,Unresolved,1,1,,,,,,MKT002429,,,,,,,,paulwatson@orange.fr,,,B1 9OG,,,,,paulwatson@orange.fr,,,B19OG,,,,,,,paulwatson@orange.fr,,,B1 9OG,,,,,,,,,,,,,,,,,,,2025-04-09,True,8,0,,,,,,,,,,,,,,,
STG023753,MARKETING,MKT002451,DCL009761,PCL009705,unresolved_singleton,Unresolved,1,1,,,,,,MKT002451,,,,,,,Alan_Holmes,alan.holmes@yahoo.com,,,NN1 5VI,,,,alanholmes,alan.holmes@yahoo.com,,,NN15VI,,,,,,,alan.holmes@yahoo.com,,,NN1 5VI,,,,,,,,,,,,,,,,,,Alan_Holmes,2025-04-10,True,4,2,,,,,,,,,,,,,,,
STG023754,MARKETING,MKT002452,DCL009762,PCL009706,unresolved_singleton,Unresolved,1,1,,,,,,MKT002452,,,,,,,Irene_Martin,irenemartin@hotmail.co.uk,,,WR1 8XV,,,,irenemartin,irenemartin@hotmail.co.uk,,,WR18XV,,,,,,,irenemartin@hotmail.co.uk,,,WR1 8XV,,,,,,,,,,,,,,,,,,Irene_Martin,2025-04-10,False,8,3,,,,,,,,,,,,,,,
STG023843,MARKETING,MKT002541,DCL009766,PCL009710,unresolved_singleton,Unresolved,1,1,,,,,,MKT002541,,,,,,,Dylan_Hunt,dylanhunt@yahoo.fr,,,CM1 5FM,,,,dylanhunt,dylanhunt@yahoo.fr,,,CM15FM,,,,,,,dylanhunt@yahoo.fr,,,CM1 5FM,,,,,,,,,,,,,,,,,,Dylan_Hunt,2025-04-12,True,7,0,,,,,,,,,,,,,,,
STG023857,MARKETING,MKT002555,DCL009767,PCL009711,unresolved_singleton,Unresolved,1,1,,,,,,MKT002555,,,,,,,,oliviadavidson@yahoo.fr,,,WV1 6OX,,,,,oliviadavidson@yahoo.fr,,,WV16OX,,,,,,,oliviadavidson@yahoo.fr,,,WV1 6OX,,,,,,,,,,,,,,,,,,,2025-04-13,False,6,0,,,,,,,,,,,,,,,
STG023858,MARKETING,MKT002556,DCL009768,PCL009712,unresolved_singleton,Unresolved,1,1,,,,,,MKT002556,,,,,,,Lydia_Stevenson,lydiastevenson@msn.com,,,CM1,,,,lydiastevenson,lydiastevenson@msn.com,,,CM1,,,,,,,lydiastevenson@msn.com,,,CM1,,,,,,,,,,,,,,,,,,Lydia_Stevenson,2025-04-13,True,3,0,,,,,,,,,,,,,,,
STG023874,MARKETING,MKT002572,DCL009769,PCL009713,unresolved_singleton,Unresolved,1,1,,,,,,MKT002572,,,,,,,Leonard_Robers,leonardroberts22@hotmail.co.uk,,,PO1 3HW,,,,leonardrobers,leonardroberts22@hotmail.co.uk,,,PO13HW,,,,,,,leonardroberts22@hotmail.co.uk,,,PO1 3HW,,,,,,,,,,,,,,,,,,Leonard_Robers,2025-04-14,True,7,1,,,,,,,,,,,,,,,
STG023888,MARKETING,MKT002586,DCL009771,PCL009715,unresolved_singleton,Unresolved,1,1,,,,,,MKT002586,,,,,,,Chelsea_aKy,chelseakay2@orange.fr,,,SE1 0RW,,,,chelseaaky,chelseakay2@orange.fr,,,SE10RW,,,,,,,chelseakay2@orange.fr,,,SE1 0RW,,,,,,,,,,,,,,,,,,Chelsea_aKy,2025-04-14,False,3,1,,,,,,,,,,,,,,,
STG023897,MARKETING,MKT002595,DCL009772,PCL009716,unresolved_singleton,Unresolved,1,1,,,,,,MKT002595,,,,,,,Janet_Griffn,janetgriffin@yahoo.com,,,IP1 2LN,,,,janetgriffn,janetgriffin@yahoo.com,,,IP12LN,,,,,,,janetgriffin@yahoo.com,,,IP1 2LN,,,,,,,,,,,,,,,,,,Janet_Griffn,2025-04-15,False,9,4,,,,,,,,,,,,,,,
STG023907,MARKETING,MKT002605,DCL009773,PCL009717,unresolved_singleton,Unresolved,1,1,,,,,,MKT002605,,,,,,,,carlymills@hotmail.fr,,,YO1 3TP,,,,,carlymills@hotmail.fr,,,YO13TP,,,,,,,carlymills@hotmail.fr,,,YO1 3TP,,,,,,,,,,,,,,,,,,,2025-04-15,True,6,3,,,,,,,,,,,,,,,
STG023910,MARKETING,MKT002608,DCL009774,PCL009718,unresolved_singleton,Unresolved,1,1,,,,,,MKT002608,,,,,,,Phillip_Archer,philliparcher@msn.com,,,NW1 0YN,,,,philliparcher,philliparcher@msn.com,,,NW10YN,,,,,,,philliparcher@msn.com,,,NW1 0YN,,,,,,,,,,,,,,,,,,Phillip_Archer,2025-04-15,True,4,0,,,,,,,,,,,,,,,
STG023915,MARKETING,MKT002613,DCL009775,PCL009719,unresolved_singleton,Unresolved,1,1,,,,,,MKT002613,,,,,,,rank_Lane,frank.lane19@hotmail.com,,,B1 8CQ,,,,ranklane,frank.lane19@hotmail.com,,,B18CQ,,,,,,,frank.lane19@hotmail.com,,,B1 8CQ,,,,,,,,,,,,,,,,,,rank_Lane,2025-04-15,False,5,2,,,,,,,,,,,,,,,
STG023917,MARKETING,MKT002615,DCL009776,PCL009720,unresolved_singleton,Unresolved,1,1,,,,,,MKT002615,,,,,,,Harry_aHll,harry.hall@msn.com,,,HU1 4BX,,,,harryahll,harry.hall@msn.com,,,HU14BX,,,,,,,harry.hall@msn.com,,,HU1 4BX,,,,,,,,,,,,,,,,,,Harry_aHll,2025-04-15,True,13,6,,,,,,,,,,,,,,,
STG023921,MARKETING,MKT002619,DCL009777,PCL009721,unresolved_singleton,Unresolved,1,1,,,,,,MKT002619,,,,,,,Sophie_Mitchell,sophie.mitchell19@yahoo.fr,,,EH1 0IE,,,,sophiemitchell,sophie.mitchell19@yahoo.fr,,,EH10IE,,,,,,,sophie.mitchell19@yahoo.fr,,,EH1 0IE,,,,,,,,,,,,,,,,,,Sophie_Mitchell,2025-04-16,True,13,5,,,,,,,,,,,,,,,
STG023923,MARKETING,MKT002621,DCL009778,PCL009722,unresolved_singleton,Unresolved,1,1,,,,,,MKT002621,,,,,,,Gregory_Spncer,gregoryspencer@hotmail.co.uk,,,L1 1NB,,,,gregoryspncer,gregoryspencer@hotmail.co.uk,,,L11NB,,,,,,,gregoryspencer@hotmail.co.uk,,,L1 1NB,,,,,,,,,,,,,,,,,,Gregory_Spncer,2025-04-16,True,7,1,,,,,,,,,,,,,,,
STG023951,MARKETING,MKT002649,DCL009780,PCL009724,unresolved_singleton,Unresolved,1,1,,,,,,MKT002649,,,,,,,,stephen.bates@gmail.com,,,RG1 9WL,,,,,stephen.bates@gmail.com,,,RG19WL,,,,,,,stephen.bates@gmail.com,,,RG1 9WL,,,,,,,,,,,,,,,,,,,2025-04-17,True,7,2,,,,,,,,,,,,,,,
STG023956,MARKETING,MKT002654,DCL009781,PCL009725,unresolved_singleton,Unresolved,1,1,,,,,,MKT002654,,,,,,,Lorraine_Payne,lorrainepayne@msn.com,,,PE1 0ZJ,,,,lorrainepayne,lorrainepayne@msn.com,,,PE10ZJ,,,,,,,lorrainepayne@msn.com,,,PE1 0ZJ,,,,,,,,,,,,,,,,,,Lorraine_Payne,2025-04-17,False,1,0,,,,,,,,,,,,,,,
STG024012,MARKETING,MKT002710,DCL009783,PCL009727,unresolved_singleton,Unresolved,1,1,,,,,,MKT002710,,,,,,,Marc_Smith,marc.smith@hotmail.com,,,HU1 3YT,,,,marcsmith,marc.smith@hotmail.com,,,HU13YT,,,,,,,marc.smith@hotmail.com,,,HU1 3YT,,,,,,,,,,,,,,,,,,Marc_Smith,2025-04-19,True,2,0,,,,,,,,,,,,,,,
STG024060,MARKETING,MKT002758,DCL009784,PCL009728,unresolved_singleton,Unresolved,1,1,,,,,,MKT002758,,,,,,,Stanley_Dawson,stanleydawson@hotmail.com,,,NW1 2SV,,,,stanleydawson,stanleydawson@hotmail.com,,,NW12SV,,,,,,,stanleydawson@hotmail.com,,,NW1 2SV,,,,,,,,,,,,,,,,,,Stanley_Dawson,2025-04-20,False,9,0,,,,,,,,,,,,,,,
STG024069,MARKETING,MKT002767,DCL009785,PCL009729,unresolved_singleton,Unresolved,1,1,,,,,,MKT002767,,,,,,,Darren_Phillips,darren.phillips@hotmail.com,,,LL57 0LS,,,,darrenphillips,darren.phillips@hotmail.com,,,LL570LS,,,,,,,darren.phillips@hotmail.com,,,LL57 0LS,,,,,,,,,,,,,,,,,,Darren_Phillips,2025-04-20,False,6,1,,,,,,,,,,,,,,,
STG024073,MARKETING,MKT002771,DCL009786,PCL009730,unresolved_singleton,Unresolved,1,1,,,,,,MKT002771,,,,,,,Sian_Cunningham,sian.cunningham23@gmail.com,,,NW1,,,,siancunningham,sian.cunningham23@gmail.com,,,NW1,,,,,,,sian.cunningham23@gmail.com,,,NW1,,,,,,,,,,,,,,,,,,Sian_Cunningham,2025-04-21,False,7,2,,,,,,,,,,,,,,,
STG024095,MARKETING,MKT002793,DCL009788,PCL009732,unresolved_singleton,Unresolved,1,1,,,,,,MKT002793,,,,,,,Linda_Johnson,lindajohnson18@orange.fr,,,CA1 5VN,,,,lindajohnson,lindajohnson18@orange.fr,,,CA15VN,,,,,,,lindajohnson18@orange.fr,,,CA1 5VN,,,,,,,,,,,,,,,,,,Linda_Johnson,2025-04-21,False,7,2,,,,,,,,,,,,,,,
STG024171,MARKETING,MKT002869,DCL009791,PCL009735,unresolved_singleton,Unresolved,1,1,,,,,,MKT002869,,,,,,,Adam_Geren,adamgreen20@aol.com,,,IP1 1SB,,,,adamgeren,adamgreen20@aol.com,,,IP11SB,,,,,,,adamgreen20@aol.com,,,IP1 1SB,,,,,,,,,,,,,,,,,,Adam_Geren,2025-04-25,False,6,1,,,,,,,,,,,,,,,
STG024178,MARKETING,MKT002876,DCL009792,PCL009736,unresolved_singleton,Unresolved,1,1,,,,,,MKT002876,,,,,,,Kelly_Mos,kellymoss@hotmail.co.uk,,,TS1 3EO,,,,kellymos,kellymoss@hotmail.co.uk,,,TS13EO,,,,,,,kellymoss@hotmail.co.uk,,,TS1 3EO,,,,,,,,,,,,,,,,,,Kelly_Mos,2025-04-25,False,10,7,,,,,,,,,,,,,,,
STG024191,MARKETING,MKT002889,DCL009793,PCL009737,unresolved_singleton,Unresolved,1,1,,,,,,MKT002889,,,,,,,Sam_yan,samryan22@msn.com,,,LE1 9IV,,,,samyan,samryan22@msn.com,,,LE19IV,,,,,,,samryan22@msn.com,,,LE1 9IV,,,,,,,,,,,,,,,,,,Sam_yan,2025-04-25,False,7,0,,,,,,,,,,,,,,,
STG024214,MARKETING,MKT002912,DCL009794,PCL009738,unresolved_singleton,Unresolved,1,1,,,,,,MKT002912,,,,,,,Denise_Jonh,denise.john@yahoo.com,,,NP20 8BL,,,,denisejonh,denise.john@yahoo.com,,,NP208BL,,,,,,,denise.john@yahoo.com,,,NP20 8BL,,,,,,,,,,,,,,,,,,Denise_Jonh,2025-04-26,True,9,1,,,,,,,,,,,,,,,
STG024217,MARKETING,MKT002915,DCL009795,PCL009739,unresolved_singleton,Unresolved,1,1,,,,,,MKT002915,,,,,,,Joyce_Evans,joyce.evans@msn.com,,,WR1 1PH,,,,joyceevans,joyce.evans@msn.com,,,WR11PH,,,,,,,joyce.evans@msn.com,,,WR1 1PH,,,,,,,,,,,,,,,,,,Joyce_Evans,2025-04-26,True,4,1,,,,,,,,,,,,,,,
STG024267,MARKETING,MKT002965,DCL009797,PCL009741,unresolved_singleton,Unresolved,1,1,,,,,,MKT002965,,,,,,,,julia.odonnell@gmail.com,,,PE1 3RS,,,,,julia.odonnell@gmail.com,,,PE13RS,,,,,,,julia.odonnell@gmail.com,,,PE1 3RS,,,,,,,,,,,,,,,,,,,2025-04-29,True,9,4,,,,,,,,,,,,,,,
STG024321,MARKETING,MKT003019,DCL009798,PCL009742,unresolved_singleton,Unresolved,1,1,,,,,,MKT003019,,,,,,,aJnice_Fowler,janice.fowler@hotmail.com,,,OX1 1XY,,,,ajnicefowler,janice.fowler@hotmail.com,,,OX11XY,,,,,,,janice.fowler@hotmail.com,,,OX1 1XY,,,,,,,,,,,,,,,,,,aJnice_Fowler,2025-05-01,True,9,2,,,,,,,,,,,,,,,
STG024328,MARKETING,MKT003026,DCL009799,PCL009743,unresolved_singleton,Unresolved,1,1,,,,,,MKT003026,,,,,,,Peter_Moore,peter.moore@hotmail.com,,,BT48 4MU,,,,petermoore,peter.moore@hotmail.com,,,BT484MU,,,,,,,peter.moore@hotmail.com,,,BT48 4MU,,,,,,,,,,,,,,,,,,Peter_Moore,2025-05-01,True,4,0,,,,,,,,,,,,,,,
STG024374,MARKETING,MKT003072,DCL009801,PCL009745,unresolved_singleton,Unresolved,1,1,,,,,,MKT003072,,,,,,,David_Morrison,david.morrison@gmail.com,,,OX1 3VC,,,,davidmorrison,david.morrison@gmail.com,,,OX13VC,,,,,,,david.morrison@gmail.com,,,OX1 3VC,,,,,,,,,,,,,,,,,,David_Morrison,2025-05-02,True,6,0,,,,,,,,,,,,,,,
STG024375,MARKETING,MKT003073,DCL009802,PCL009746,unresolved_singleton,Unresolved,1,1,,,,,,MKT003073,,,,,,,Grcae_Long,grace.long@aol.com,,,M1,,,,grcaelong,grace.long@aol.com,,,M1,,,,,,,grace.long@aol.com,,,M1,,,,,,,,,,,,,,,,,,Grcae_Long,2025-05-02,True,10,3,,,,,,,,,,,,,,,
STG024385,MARKETING,MKT003083,DCL009803,PCL009747,unresolved_singleton,Unresolved,1,1,,,,,,MKT003083,,,,,,,Christopher_King,christopherking@hotmail.fr,,,LE1 7KB,,,,christopherking,christopherking@hotmail.fr,,,LE17KB,,,,,,,christopherking@hotmail.fr,,,LE1 7KB,,,,,,,,,,,,,,,,,,Christopher_King,2025-05-03,True,12,4,,,,,,,,,,,,,,,
STG024392,MARKETING,MKT003090,DCL009804,PCL009748,unresolved_singleton,Unresolved,1,1,,,,,,MKT003090,,,,,,,Robin_Parsnos,robin.parsons22@wanadoo.fr,,,E1 7BG,,,,robinparsnos,robin.parsons22@wanadoo.fr,,,E17BG,,,,,,,robin.parsons22@wanadoo.fr,,,E1 7BG,,,,,,,,,,,,,,,,,,Robin_Parsnos,2025-05-03,True,2,0,,,,,,,,,,,,,,,
STG024425,MARKETING,MKT003123,DCL009807,PCL009751,unresolved_singleton,Unresolved,1,1,,,,,,MKT003123,,,,,,,Jeremy_Green,jeremy.green@gmail.com,,,CV1 7EF,,,,jeremygreen,jeremy.green@gmail.com,,,CV17EF,,,,,,,jeremy.green@gmail.com,,,CV1 7EF,,,,,,,,,,,,,,,,,,Jeremy_Green,2025-05-04,False,5,0,,,,,,,,,,,,,,,
STG024485,MARKETING,MKT003183,DCL009810,PCL009753,unresolved_singleton,Unresolved,1,1,,,,,,MKT003183,,,,,,,Frederick_Geren,frederickgreen20@hotmail.co.uk,,,OX1 9RA,,,,frederickgeren,frederickgreen20@hotmail.co.uk,,,OX19RA,,,,,,,frederickgreen20@hotmail.co.uk,,,OX1 9RA,,,,,,,,,,,,,,,,,,Frederick_Geren,2025-05-06,True,12,2,,,,,,,,,,,,,,,
STG024496,MARKETING,MKT003194,DCL009812,PCL009755,unresolved_singleton,Unresolved,1,1,,,,,,MKT003194,,,,,,,,sian.jackson@hotmail.com,,,NE1 8EG,,,,,sian.jackson@hotmail.com,,,NE18EG,,,,,,,sian.jackson@hotmail.com,,,NE1 8EG,,,,,,,,,,,,,,,,,,,2025-05-07,False,3,1,,,,,,,,,,,,,,,
STG024529,MARKETING,MKT003227,DCL009814,PCL009757,unresolved_singleton,Unresolved,1,1,,,,,,MKT003227,,,,,,,,howard.roberts18@hotmail.fr,,,N1 4ZH,,,,,howard.roberts18@hotmail.fr,,,N14ZH,,,,,,,howard.roberts18@hotmail.fr,,,N1 4ZH,,,,,,,,,,,,,,,,,,,2025-05-08,True,5,1,,,,,,,,,,,,,,,
STG024544,MARKETING,MKT003242,DCL009815,PCL009758,unresolved_singleton,Unresolved,1,1,,,,,,MKT003242,,,,,,,Douglas_Bates,douglasbates@wanadoo.fr,,,PO1 3DB,,,,douglasbates,douglasbates@wanadoo.fr,,,PO13DB,,,,,,,douglasbates@wanadoo.fr,,,PO1 3DB,,,,,,,,,,,,,,,,,,Douglas_Bates,2025-05-09,False,10,5,,,,,,,,,,,,,,,
STG024547,MARKETING,MKT003245,DCL009816,PCL009759,unresolved_singleton,Unresolved,1,1,,,,,,MKT003245,,,,,,,Ellie_Webster,ellie.webster@gmail.com,,,E1 8KU,,,,elliewebster,ellie.webster@gmail.com,,,E18KU,,,,,,,ellie.webster@gmail.com,,,E1 8KU,,,,,,,,,,,,,,,,,,Ellie_Webster,2025-05-09,True,4,1,,,,,,,,,,,,,,,
STG024561,MARKETING,MKT003259,DCL009818,PCL009761,unresolved_singleton,Unresolved,1,1,,,,,,MKT003259,,,,,,,,luke.craig@gmail.com,,,CA1 7BO,,,,,luke.craig@gmail.com,,,CA17BO,,,,,,,luke.craig@gmail.com,,,CA1 7BO,,,,,,,,,,,,,,,,,,,2025-05-09,True,5,0,,,,,,,,,,,,,,,
STG024563,MARKETING,MKT003261,DCL009819,PCL009762,unresolved_singleton,Unresolved,1,1,,,,,,MKT003261,,,,,,,Gordon_Ward,gordon.ward@yahoo.com,,,E1 2OA,,,,gordonward,gordon.ward@yahoo.com,,,E12OA,,,,,,,gordon.ward@yahoo.com,,,E1 2OA,,,,,,,,,,,,,,,,,,Gordon_Ward,2025-05-09,False,4,0,,,,,,,,,,,,,,,
STG024565,MARKETING,MKT003263,DCL009820,PCL009763,unresolved_singleton,Unresolved,1,1,,,,,,MKT003263,,,,,,,,marc.smith@hotmail.com,,,HU1 9TL,,,,,marc.smith@hotmail.com,,,HU19TL,,,,,,,marc.smith@hotmail.com,,,HU1 9TL,,,,,,,,,,,,,,,,,,,2025-05-09,True,5,1,,,,,,,,,,,,,,,
STG024611,MARKETING,MKT003309,DCL009821,PCL009764,unresolved_singleton,Unresolved,1,1,,,,,,MKT003309,,,,,,,Kati_Dean,katie.dean19@gmail.com,,,GU1 0YY,,,,katidean,katie.dean19@gmail.com,,,GU10YY,,,,,,,katie.dean19@gmail.com,,,GU1 0YY,,,,,,,,,,,,,,,,,,Kati_Dean,2025-05-11,True,4,0,,,,,,,,,,,,,,,
STG024659,MARKETING,MKT003357,DCL009822,PCL009765,unresolved_singleton,Unresolved,1,1,,,,,,MKT003357,,,,,,,Emily_James,emily.james@gmail.com,,,LE1 5ZL,,,,emilyjames,emily.james@gmail.com,,,LE15ZL,,,,,,,emily.james@gmail.com,,,LE1 5ZL,,,,,,,,,,,,,,,,,,Emily_James,2025-05-13,False,4,1,,,,,,,,,,,,,,,
STG024718,MARKETING,MKT003416,DCL009825,PCL009767,unresolved_singleton,Unresolved,1,1,,,,,,MKT003416,,,,,,,Albert_Black,albert.black@gmail.com,,,PL1 7TH,,,,albertblack,albert.black@gmail.com,,,PL17TH,,,,,,,albert.black@gmail.com,,,PL1 7TH,,,,,,,,,,,,,,,,,,Albert_Black,2025-05-15,False,6,1,,,,,,,,,,,,,,,
STG024725,MARKETING,MKT003423,DCL009827,PCL009768,unresolved_singleton,Unresolved,1,1,,,,,,MKT003423,,,,,,,Wayne_Reynolds,wayne.reynolds@hotmail.com,,,PR1 9CL,,,,waynereynolds,wayne.reynolds@hotmail.com,,,PR19CL,,,,,,,wayne.reynolds@hotmail.com,,,PR1 9CL,,,,,,,,,,,,,,,,,,Wayne_Reynolds,2025-05-15,False,5,0,,,,,,,,,,,,,,,
STG024732,MARKETING,MKT003430,DCL009828,PCL009769,unresolved_singleton,Unresolved,1,1,,,,,,MKT003430,,,,,,,John_Wison,john.wilson2@gmail.com,,,BN1 0JF,,,,johnwison,john.wilson2@gmail.com,,,BN10JF,,,,,,,john.wilson2@gmail.com,,,BN1 0JF,,,,,,,,,,,,,,,,,,John_Wison,2025-05-16,True,4,0,,,,,,,,,,,,,,,
STG024734,MARKETING,MKT003432,DCL009829,PCL009770,unresolved_singleton,Unresolved,1,1,,,,,,MKT003432,,,,,,,Sharon_Brookes,sharon.brookes18@yahoo.fr,,,CH1 1IP,,,,sharonbrookes,sharon.brookes18@yahoo.fr,,,CH11IP,,,,,,,sharon.brookes18@yahoo.fr,,,CH1 1IP,,,,,,,,,,,,,,,,,,Sharon_Brookes,2025-05-16,False,7,3,,,,,,,,,,,,,,,
STG024736,MARKETING,MKT003434,DCL009830,PCL009771,unresolved_singleton,Unresolved,1,1,,,,,,MKT003434,,,,,,,Oliver_Griffiths,olivergriffiths@gmail.com,,,BS1 2ZW,,,,olivergriffiths,olivergriffiths@gmail.com,,,BS12ZW,,,,,,,olivergriffiths@gmail.com,,,BS1 2ZW,,,,,,,,,,,,,,,,,,Oliver_Griffiths,2025-05-16,True,5,1,,,,,,,,,,,,,,,
STG024771,MARKETING,MKT003469,DCL009832,PCL009772,unresolved_singleton,Unresolved,1,1,,,,,,MKT003469,,,,,,,,dlawson23@wanadoo.fr,,,CV1 8NN,,,,,dlawson23@wanadoo.fr,,,CV18NN,,,,,,,dlawson23@wanadoo.fr,,,CV1 8NN,,,,,,,,,,,,,,,,,,,2025-05-17,True,5,1,,,,,,,,,,,,,,,
STG024808,MARKETING,MKT003506,DCL009833,PCL009773,unresolved_singleton,Unresolved,1,1,,,,,,MKT003506,,,,,,,,robert.clayton@gmail.com,,,CM1 5VB,,,,,robert.clayton@gmail.com,,,CM15VB,,,,,,,robert.clayton@gmail.com,,,CM1 5VB,,,,,,,,,,,,,,,,,,,2025-05-18,True,6,1,,,,,,,,,,,,,,,
STG024858,MARKETING,MKT003556,DCL009835,PCL009775,unresolved_singleton,Unresolved,1,1,,,,,,MKT003556,,,,,,,,cameron.roberts@gmail.com,,,SR1 2JD,,,,,cameron.roberts@gmail.com,,,SR12JD,,,,,,,cameron.roberts@gmail.com,,,SR1 2JD,,,,,,,,,,,,,,,,,,,2025-05-20,True,4,1,,,,,,,,,,,,,,,
STG024867,MARKETING,MKT003565,DCL009836,PCL009776,unresolved_singleton,Unresolved,1,1,,,,,,MKT003565,,,,,,,Mohammad_Doyle,mdoyle18@orange.fr,,,DL1 5BC,,,,mohammaddoyle,mdoyle18@orange.fr,,,DL15BC,,,,,,,mdoyle18@orange.fr,,,DL1 5BC,,,,,,,,,,,,,,,,,,Mohammad_Doyle,2025-05-21,True,2,0,,,,,,,,,,,,,,,
STG024874,MARKETING,MKT003572,DCL009837,PCL009777,unresolved_singleton,Unresolved,1,1,,,,,,MKT003572,,,,,,,Francesca_Clarke,francesca.clarke19@msn.com,,,AB10 8UT,,,,francescaclarke,francesca.clarke19@msn.com,,,AB108UT,,,,,,,francesca.clarke19@msn.com,,,AB10 8UT,,,,,,,,,,,,,,,,,,Francesca_Clarke,2025-05-21,False,1,0,,,,,,,,,,,,,,,
STG024880,MARKETING,MKT003578,DCL009838,PCL009778,unresolved_singleton,Unresolved,1,1,,,,,,MKT003578,,,,,,,Declan_Skinner,dskinner24@hotmail.fr,,,WV1 0IS,,,,declanskinner,dskinner24@hotmail.fr,,,WV10IS,,,,,,,dskinner24@hotmail.fr,,,WV1 0IS,,,,,,,,,,,,,,,,,,Declan_Skinner,2025-05-21,True,6,2,,,,,,,,,,,,,,,
STG024911,MARKETING,MKT003609,DCL009839,PCL009779,unresolved_singleton,Unresolved,1,1,,,,,,MKT003609,,,,,,,,eileensimpson18@yahoo.fr,,,CA1 4IH,,,,,eileensimpson18@yahoo.fr,,,CA14IH,,,,,,,eileensimpson18@yahoo.fr,,,CA1 4IH,,,,,,,,,,,,,,,,,,,2025-05-22,True,3,0,,,,,,,,,,,,,,,
STG024933,MARKETING,MKT003631,DCL009840,PCL009780,unresolved_singleton,Unresolved,1,1,,,,,,MKT003631,,,,,,,Marion_Field,marion.field19@hotmail.co.uk,,,LS1 0FF,,,,marionfield,marion.field19@hotmail.co.uk,,,LS10FF,,,,,,,marion.field19@hotmail.co.uk,,,LS1 0FF,,,,,,,,,,,,,,,,,,Marion_Field,2025-05-23,True,8,4,,,,,,,,,,,,,,,
STG024943,MARKETING,MKT003641,DCL009841,PCL009781,unresolved_singleton,Unresolved,1,1,,,,,,MKT003641,,,,,,,,mmurphy21@yahoo.com,,,IP1 7BM,,,,,mmurphy21@yahoo.com,,,IP17BM,,,,,,,mmurphy21@yahoo.com,,,IP1 7BM,,,,,,,,,,,,,,,,,,,2025-05-23,True,7,0,,,,,,,,,,,,,,,
STG025002,MARKETING,MKT003700,DCL009844,PCL009783,unresolved_singleton,Unresolved,1,1,,,,,,MKT003700,,,,,,,,rthompson18@yahoo.fr,,,NE1 8CG,,,,,rthompson18@yahoo.fr,,,NE18CG,,,,,,,rthompson18@yahoo.fr,,,NE1 8CG,,,,,,,,,,,,,,,,,,,2025-05-25,False,4,1,,,,,,,,,,,,,,,
STG025008,MARKETING,MKT003706,DCL009845,PCL009784,unresolved_singleton,Unresolved,1,1,,,,,,MKT003706,,,,,,,Bethany_Turner,bturner20@hotmail.com,,,BT34 4PJ,,,,bethanyturner,bturner20@hotmail.com,,,BT344PJ,,,,,,,bturner20@hotmail.com,,,BT34 4PJ,,,,,,,,,,,,,,,,,,Bethany_Turner,2025-05-25,True,16,8,,,,,,,,,,,,,,,
STG025012,MARKETING,MKT003710,DCL009846,PCL009785,unresolved_singleton,Unresolved,1,1,,,,,,MKT003710,,,,,,,Darren_Kemp,dkemp21@orange.fr,,,PE1 9TU,,,,darrenkemp,dkemp21@orange.fr,,,PE19TU,,,,,,,dkemp21@orange.fr,,,PE1 9TU,,,,,,,,,,,,,,,,,,Darren_Kemp,2025-05-25,True,2,0,,,,,,,,,,,,,,,
STG025019,MARKETING,MKT003717,DCL009847,PCL009786,unresolved_singleton,Unresolved,1,1,,,,,,MKT003717,,,,,,,Harry_Rogers,harryrogers25@msn.com,,,OX1,,,,harryrogers,harryrogers25@msn.com,,,OX1,,,,,,,harryrogers25@msn.com,,,OX1,,,,,,,,,,,,,,,,,,Harry_Rogers,2025-05-25,False,2,0,,,,,,,,,,,,,,,
STG025027,MARKETING,MKT003725,DCL009848,PCL009787,unresolved_singleton,Unresolved,1,1,,,,,,MKT003725,,,,,,,Mxa_Atkinson,max.atkinson@gmail.com,,,BN1 0RA,,,,mxaatkinson,max.atkinson@gmail.com,,,BN10RA,,,,,,,max.atkinson@gmail.com,,,BN1 0RA,,,,,,,,,,,,,,,,,,Mxa_Atkinson,2025-05-26,False,7,4,,,,,,,,,,,,,,,
STG025052,MARKETING,MKT003750,DCL009849,PCL009788,unresolved_singleton,Unresolved,1,1,,,,,,MKT003750,,,,,,,Lucy_White,lucywhite@msn.com,,,SY23,,,,lucywhite,lucywhite@msn.com,,,SY23,,,,,,,lucywhite@msn.com,,,SY23,,,,,,,,,,,,,,,,,,Lucy_White,2025-05-27,False,11,3,,,,,,,,,,,,,,,
STG025064,MARKETING,MKT003762,DCL009850,PCL009789,unresolved_singleton,Unresolved,1,1,,,,,,MKT003762,,,,,,,,adam.fry@hotmail.com,,,BH1 4WK,,,,,adam.fry@hotmail.com,,,BH14WK,,,,,,,adam.fry@hotmail.com,,,BH1 4WK,,,,,,,,,,,,,,,,,,,2025-05-27,True,8,1,,,,,,,,,,,,,,,
STG025069,MARKETING,MKT003767,DCL009852,PCL009790,unresolved_singleton,Unresolved,1,1,,,,,,MKT003767,,,,,,,Alexandra_Berry,alexandra.berry24@wanadoo.fr,,,WV1,,,,alexandraberry,alexandra.berry24@wanadoo.fr,,,WV1,,,,,,,alexandra.berry24@wanadoo.fr,,,WV1,,,,,,,,,,,,,,,,,,Alexandra_Berry,2025-05-27,True,7,3,,,,,,,,,,,,,,,
STG025094,MARKETING,MKT003792,DCL009854,PCL009792,unresolved_singleton,Unresolved,1,1,,,,,,MKT003792,,,,,,,Dawn_Harrison,dawnharrison@yahoo.fr,,,E1 6AC,,,,dawnharrison,dawnharrison@yahoo.fr,,,E16AC,,,,,,,dawnharrison@yahoo.fr,,,E1 6AC,,,,,,,,,,,,,,,,,,Dawn_Harrison,2025-05-28,True,2,2,,,,,,,,,,,,,,,
STG025109,MARKETING,MKT003807,DCL009855,PCL009793,unresolved_singleton,Unresolved,1,1,,,,,,MKT003807,,,,,,,Maurice_Rogers,maurice.rogers@hotmail.com,,,IV1 5TO,,,,mauricerogers,maurice.rogers@hotmail.com,,,IV15TO,,,,,,,maurice.rogers@hotmail.com,,,IV1 5TO,,,,,,,,,,,,,,,,,,Maurice_Rogers,2025-05-28,True,3,1,,,,,,,,,,,,,,,
STG025124,MARKETING,MKT003822,DCL009856,PCL009794,unresolved_singleton,Unresolved,1,1,,,,,,MKT003822,,,,,,,Maurice_Hunter,maurice.hunter24@msn.com,,,SE1 1MG,,,,mauricehunter,maurice.hunter24@msn.com,,,SE11MG,,,,,,,maurice.hunter24@msn.com,,,SE1 1MG,,,,,,,,,,,,,,,,,,Maurice_Hunter,2025-05-29,False,3,0,,,,,,,,,,,,,,,
STG025132,MARKETING,MKT003830,DCL009857,PCL009795,unresolved_singleton,Unresolved,1,1,,,,,,MKT003830,,,,,,,Michael_Smih,msmith19@yahoo.com,,,LS1 7ZW,,,,michaelsmih,msmith19@yahoo.com,,,LS17ZW,,,,,,,msmith19@yahoo.com,,,LS1 7ZW,,,,,,,,,,,,,,,,,,Michael_Smih,2025-05-29,False,8,5,,,,,,,,,,,,,,,
STG025139,MARKETING,MKT003837,DCL009858,PCL009796,unresolved_singleton,Unresolved,1,1,,,,,,MKT003837,,,,,,,,rossjohnson@hotmail.com,,,BH1 9GV,,,,,rossjohnson@hotmail.com,,,BH19GV,,,,,,,rossjohnson@hotmail.com,,,BH1 9GV,,,,,,,,,,,,,,,,,,,2025-05-30,True,5,0,,,,,,,,,,,,,,,
STG025149,MARKETING,MKT003847,DCL009859,PCL009797,unresolved_singleton,Unresolved,1,1,,,,,,MKT003847,,,,,,,Amanda_Carr,amanda.carr@gmail.com,,,DD1 4MA,,,,amandacarr,amanda.carr@gmail.com,,,DD14MA,,,,,,,amanda.carr@gmail.com,,,DD1 4MA,,,,,,,,,,,,,,,,,,Amanda_Carr,2025-05-30,True,4,1,,,,,,,,,,,,,,,
STG025155,MARKETING,MKT003853,DCL009860,PCL009798,unresolved_singleton,Unresolved,1,1,,,,,,MKT003853,,,,,,,,nicola.lowe@yahoo.com,,,OX1,,,,,nicola.lowe@yahoo.com,,,OX1,,,,,,,nicola.lowe@yahoo.com,,,OX1,,,,,,,,,,,,,,,,,,,2025-05-30,True,6,0,,,,,,,,,,,,,,,
STG025209,MARKETING,MKT003907,DCL009861,PCL009799,unresolved_singleton,Unresolved,1,1,,,,,,MKT003907,,,,,,,,craig.elliott@hotmail.com,,,PO1,,,,,craig.elliott@hotmail.com,,,PO1,,,,,,,craig.elliott@hotmail.com,,,PO1,,,,,,,,,,,,,,,,,,,2025-06-01,True,3,0,,,,,,,,,,,,,,,
STG025210,MARKETING,MKT003908,DCL009862,PCL009800,unresolved_singleton,Unresolved,1,1,,,,,,MKT003908,,,,,,,Charlotte_Green,charlottegreen18@hotmail.fr,,,DE1 1XT,,,,charlottegreen,charlottegreen18@hotmail.fr,,,DE11XT,,,,,,,charlottegreen18@hotmail.fr,,,DE1 1XT,,,,,,,,,,,,,,,,,,Charlotte_Green,2025-06-01,True,8,4,,,,,,,,,,,,,,,
STG025212,MARKETING,MKT003910,DCL009863,PCL009801,unresolved_singleton,Unresolved,1,1,,,,,,MKT003910,,,,,,,Marai_Collier,maria.collier@gmail.com,,,LN1,,,,maraicollier,maria.collier@gmail.com,,,LN1,,,,,,,maria.collier@gmail.com,,,LN1,,,,,,,,,,,,,,,,,,Marai_Collier,2025-06-02,False,0,0,,,,,,,,,,,,,,,
STG025222,MARKETING,MKT003920,DCL009864,PCL009802,unresolved_singleton,Unresolved,1,1,,,,,,MKT003920,,,,,,,Clare_White,clare.white@hotmail.com,,,B1,,,,clarewhite,clare.white@hotmail.com,,,B1,,,,,,,clare.white@hotmail.com,,,B1,,,,,,,,,,,,,,,,,,Clare_White,2025-06-02,False,6,2,,,,,,,,,,,,,,,
STG025227,MARKETING,MKT003925,DCL009865,PCL009803,unresolved_singleton,Unresolved,1,1,,,,,,MKT003925,,,,,,,Michael_Sullivan,michael.sullivan24@yahoo.com,,,SO14,,,,michaelsullivan,michael.sullivan24@yahoo.com,,,SO14,,,,,,,michael.sullivan24@yahoo.com,,,SO14,,,,,,,,,,,,,,,,,,Michael_Sullivan,2025-06-02,False,6,0,,,,,,,,,,,,,,,
STG025237,MARKETING,MKT003935,DCL009866,PCL009804,unresolved_singleton,Unresolved,1,1,,,,,,MKT003935,,,,,,,achael_Long,rachael.long@hotmail.com,,,EX1 9LX,,,,achaellong,rachael.long@hotmail.com,,,EX19LX,,,,,,,rachael.long@hotmail.com,,,EX1 9LX,,,,,,,,,,,,,,,,,,achael_Long,2025-06-02,True,8,2,,,,,,,,,,,,,,,
STG025238,MARKETING,MKT003936,DCL009867,PCL009805,unresolved_singleton,Unresolved,1,1,,,,,,MKT003936,,,,,,,Frank_West,frank.west25@hotmail.fr,,,DD1 2FC,,,,frankwest,frank.west25@hotmail.fr,,,DD12FC,,,,,,,frank.west25@hotmail.fr,,,DD1 2FC,,,,,,,,,,,,,,,,,,Frank_West,2025-06-02,False,4,0,,,,,,,,,,,,,,,
STG025249,MARKETING,MKT003947,DCL009868,PCL009806,unresolved_singleton,Unresolved,1,1,,,,,,MKT003947,,,,,,,Iain_Anderson,iain.anderson@hotmail.com,,,BN1 7TV,,,,iainanderson,iain.anderson@hotmail.com,,,BN17TV,,,,,,,iain.anderson@hotmail.com,,,BN1 7TV,,,,,,,,,,,,,,,,,,Iain_Anderson,2025-06-03,True,1,0,,,,,,,,,,,,,,,
STG025254,MARKETING,MKT003952,DCL009869,PCL009807,unresolved_singleton,Unresolved,1,1,,,,,,MKT003952,,,,,,,Jdoie_Wong,jodie.wong@hotmail.co.uk,,,PL1,,,,jdoiewong,jodie.wong@hotmail.co.uk,,,PL1,,,,,,,jodie.wong@hotmail.co.uk,,,PL1,,,,,,,,,,,,,,,,,,Jdoie_Wong,2025-06-03,True,8,5,,,,,,,,,,,,,,,
STG025304,MARKETING,MKT004002,DCL009871,PCL009809,unresolved_singleton,Unresolved,1,1,,,,,,MKT004002,,,,,,,Bethan_Williams,bethan.williams23@wanadoo.fr,,,OX1 3IQ,,,,bethanwilliams,bethan.williams23@wanadoo.fr,,,OX13IQ,,,,,,,bethan.williams23@wanadoo.fr,,,OX1 3IQ,,,,,,,,,,,,,,,,,,Bethan_Williams,2025-06-04,True,6,1,,,,,,,,,,,,,,,
STG025307,MARKETING,MKT004005,DCL009872,PCL009810,unresolved_singleton,Unresolved,1,1,,,,,,MKT004005,,,,,,,Ian_Matthews,ianmatthews19@yahoo.fr,,,DL1 0EZ,,,,ianmatthews,ianmatthews19@yahoo.fr,,,DL10EZ,,,,,,,ianmatthews19@yahoo.fr,,,DL1 0EZ,,,,,,,,,,,,,,,,,,Ian_Matthews,2025-06-04,False,4,2,,,,,,,,,,,,,,,
STG025309,MARKETING,MKT004007,DCL009873,PCL009811,unresolved_singleton,Unresolved,1,1,,,,,,MKT004007,,,,,,,,naomi.holmes23@msn.com,,,SA1 2SZ,,,,,naomi.holmes23@msn.com,,,SA12SZ,,,,,,,naomi.holmes23@msn.com,,,SA1 2SZ,,,,,,,,,,,,,,,,,,,2025-06-05,True,4,0,,,,,,,,,,,,,,,
STG025320,MARKETING,MKT004018,DCL009874,PCL009812,unresolved_singleton,Unresolved,1,1,,,,,,MKT004018,,,,,,,Kate_Andrews,kate.andrews@gmail.com,,,SE1 9RR,,,,kateandrews,kate.andrews@gmail.com,,,SE19RR,,,,,,,kate.andrews@gmail.com,,,SE1 9RR,,,,,,,,,,,,,,,,,,Kate_Andrews,2025-06-05,False,3,0,,,,,,,,,,,,,,,
STG025332,MARKETING,MKT004030,DCL009875,PCL009813,unresolved_singleton,Unresolved,1,1,,,,,,MKT004030,,,,,,,Amber_Jonse,amber.jones2@gmail.com,,,L1,,,,amberjonse,amber.jones2@gmail.com,,,L1,,,,,,,amber.jones2@gmail.com,,,L1,,,,,,,,,,,,,,,,,,Amber_Jonse,2025-06-05,False,4,0,,,,,,,,,,,,,,,
STG025365,MARKETING,MKT004063,DCL009878,PCL009816,unresolved_singleton,Unresolved,1,1,,,,,,MKT004063,,,,,,,Elizabeth_Sanders,elizabeth.sanders@wanadoo.fr,,,RG1 4PS,,,,elizabethsanders,elizabeth.sanders@wanadoo.fr,,,RG14PS,,,,,,,elizabeth.sanders@wanadoo.fr,,,RG1 4PS,,,,,,,,,,,,,,,,,,Elizabeth_Sanders,2025-06-06,True,16,2,,,,,,,,,,,,,,,
STG025366,MARKETING,MKT004064,DCL009879,PCL009817,unresolved_singleton,Unresolved,1,1,,,,,,MKT004064,,,,,,,Arthur_Collins,arthur.collins@yahoo.com,,,LU1 0ER,,,,arthurcollins,arthur.collins@yahoo.com,,,LU10ER,,,,,,,arthur.collins@yahoo.com,,,LU1 0ER,,,,,,,,,,,,,,,,,,Arthur_Collins,2025-06-06,False,5,0,,,,,,,,,,,,,,,
STG025374,MARKETING,MKT004072,DCL009880,PCL009818,unresolved_singleton,Unresolved,1,1,,,,,,MKT004072,,,,,,,Oliver_Harris,oliver.harris@hotmail.com,,,PE1 8VM,,,,oliverharris,oliver.harris@hotmail.com,,,PE18VM,,,,,,,oliver.harris@hotmail.com,,,PE1 8VM,,,,,,,,,,,,,,,,,,Oliver_Harris,2025-06-07,True,6,2,,,,,,,,,,,,,,,
STG025375,MARKETING,MKT004073,DCL009881,PCL009819,unresolved_singleton,Unresolved,1,1,,,,,,MKT004073,,,,,,,,graham.edwards@hotmail.com,,,BD1 0GT,,,,,graham.edwards@hotmail.com,,,BD10GT,,,,,,,graham.edwards@hotmail.com,,,BD1 0GT,,,,,,,,,,,,,,,,,,,2025-06-07,False,3,0,,,,,,,,,,,,,,,
STG025381,MARKETING,MKT004079,DCL009882,PCL009820,unresolved_singleton,Unresolved,1,1,,,,,,MKT004079,,,,,,,Louise_Mason,louise.mason24@orange.fr,,,AB10 3ZX,,,,louisemason,louise.mason24@orange.fr,,,AB103ZX,,,,,,,louise.mason24@orange.fr,,,AB10 3ZX,,,,,,,,,,,,,,,,,,Louise_Mason,2025-06-07,True,3,2,,,,,,,,,,,,,,,
STG025395,MARKETING,MKT004093,DCL009885,PCL009823,unresolved_singleton,Unresolved,1,1,,,,,,MKT004093,,,,,,,Matthew_Hughes,matthew.hughes@wanadoo.fr,,,PL1 0RM,,,,matthewhughes,matthew.hughes@wanadoo.fr,,,PL10RM,,,,,,,matthew.hughes@wanadoo.fr,,,PL1 0RM,,,,,,,,,,,,,,,,,,Matthew_Hughes,2025-06-08,True,5,1,,,,,,,,,,,,,,,
STG025402,MARKETING,MKT004100,DCL009886,PCL009824,unresolved_singleton,Unresolved,1,1,,,,,,MKT004100,,,,,,,Eileen_Patel,eileen.patel@hotmail.com,,,NR1 9BG,,,,eileenpatel,eileen.patel@hotmail.com,,,NR19BG,,,,,,,eileen.patel@hotmail.com,,,NR1 9BG,,,,,,,,,,,,,,,,,,Eileen_Patel,2025-06-08,False,4,0,,,,,,,,,,,,,,,
STG025411,MARKETING,MKT004109,DCL009889,PCL009827,unresolved_singleton,Unresolved,1,1,,,,,,MKT004109,,,,,,,,garrynicholls@hotmail.fr,,,DH1 7LW,,,,,garrynicholls@hotmail.fr,,,DH17LW,,,,,,,garrynicholls@hotmail.fr,,,DH1 7LW,,,,,,,,,,,,,,,,,,,2025-06-08,True,3,0,,,,,,,,,,,,,,,
STG025428,MARKETING,MKT004126,DCL009891,PCL009829,unresolved_singleton,Unresolved,1,1,,,,,,MKT004126,,,,,,,,grace.roberts@yahoo.com,,,PR1 5YN,,,,,grace.roberts@yahoo.com,,,PR15YN,,,,,,,grace.roberts@yahoo.com,,,PR1 5YN,,,,,,,,,,,,,,,,,,,2025-06-09,False,3,0,,,,,,,,,,,,,,,
STG025435,MARKETING,MKT004133,DCL009892,PCL009830,unresolved_singleton,Unresolved,1,1,,,,,,MKT004133,,,,,,,Alice_Chapman,alice.chapman@yahoo.com,,,RG1 8HU,,,,alicechapman,alice.chapman@yahoo.com,,,RG18HU,,,,,,,alice.chapman@yahoo.com,,,RG1 8HU,,,,,,,,,,,,,,,,,,Alice_Chapman,2025-06-09,True,4,0,,,,,,,,,,,,,,,
STG025467,MARKETING,MKT004165,DCL009893,PCL009831,unresolved_singleton,Unresolved,1,1,,,,,,MKT004165,,,,,,,Claire_Smith,claire.smith19@hotmail.co.uk,,,W1,,,,clairesmith,claire.smith19@hotmail.co.uk,,,W1,,,,,,,claire.smith19@hotmail.co.uk,,,W1,,,,,,,,,,,,,,,,,,Claire_Smith,2025-06-10,True,5,0,,,,,,,,,,,,,,,
STG025477,MARKETING,MKT004175,DCL009894,PCL009832,unresolved_singleton,Unresolved,1,1,,,,,,MKT004175,,,,,,,,kieran.butler@hotmail.com,,,IP1 9TE,,,,,kieran.butler@hotmail.com,,,IP19TE,,,,,,,kieran.butler@hotmail.com,,,IP1 9TE,,,,,,,,,,,,,,,,,,,2025-06-11,True,5,1,,,,,,,,,,,,,,,
STG025490,MARKETING,MKT004188,DCL009895,PCL009833,unresolved_singleton,Unresolved,1,1,,,,,,MKT004188,,,,,,,James_Williams,james.williams@yahoo.com,,,HG1 8PU,,,,jameswilliams,james.williams@yahoo.com,,,HG18PU,,,,,,,james.williams@yahoo.com,,,HG1 8PU,,,,,,,,,,,,,,,,,,James_Williams,2025-06-11,False,3,1,,,,,,,,,,,,,,,
STG025518,MARKETING,MKT004216,DCL009898,PCL009836,unresolved_singleton,Unresolved,1,1,,,,,,MKT004216,,,,,,,Sylvia_Smith,sylvia.smith2@hotmail.com,,,SW1 5VL,,,,sylviasmith,sylvia.smith2@hotmail.com,,,SW15VL,,,,,,,sylvia.smith2@hotmail.com,,,SW1 5VL,,,,,,,,,,,,,,,,,,Sylvia_Smith,2025-06-12,True,3,0,,,,,,,,,,,,,,,
STG025558,MARKETING,MKT004256,DCL009900,PCL009838,unresolved_singleton,Unresolved,1,1,,,,,,MKT004256,,,,,,,Jodie_Marshall,jodie.marshall20@aol.com,,,BB1 6MT,,,,jodiemarshall,jodie.marshall20@aol.com,,,BB16MT,,,,,,,jodie.marshall20@aol.com,,,BB1 6MT,,,,,,,,,,,,,,,,,,Jodie_Marshall,2025-06-13,True,4,1,,,,,,,,,,,,,,,
STG025560,MARKETING,MKT004258,DCL009901,PCL009839,unresolved_singleton,Unresolved,1,1,,,,,,MKT004258,,,,,,,Mitchell_Cooper,mitchell.cooper@hotmail.com,,,BD1 6YE,,,,mitchellcooper,mitchell.cooper@hotmail.com,,,BD16YE,,,,,,,mitchell.cooper@hotmail.com,,,BD1 6YE,,,,,,,,,,,,,,,,,,Mitchell_Cooper,2025-06-13,True,9,5,,,,,,,,,,,,,,,
STG025570,MARKETING,MKT004268,DCL009902,PCL009840,unresolved_singleton,Unresolved,1,1,,,,,,MKT004268,,,,,,,John_Lee,johnlee@yahoo.com,,,PE1 1VO,,,,johnlee,johnlee@yahoo.com,,,PE11VO,,,,,,,johnlee@yahoo.com,,,PE1 1VO,,,,,,,,,,,,,,,,,,John_Lee,2025-06-14,True,8,1,,,,,,,,,,,,,,,
STG025574,MARKETING,MKT004272,DCL009903,PCL009841,unresolved_singleton,Unresolved,1,1,,,,,,MKT004272,,,,,,,Kenneth_Morgan,kenneth.morgan@yahoo.com,,,ST1 4AO,,,,kennethmorgan,kenneth.morgan@yahoo.com,,,ST14AO,,,,,,,kenneth.morgan@yahoo.com,,,ST1 4AO,,,,,,,,,,,,,,,,,,Kenneth_Morgan,2025-06-14,True,12,5,,,,,,,,,,,,,,,
STG025576,MARKETING,MKT004274,DCL009904,PCL009842,unresolved_singleton,Unresolved,1,1,,,,,,MKT004274,,,,,,,Daniel_Allen,danielallen@wanadoo.fr,,,HG1 3HK,,,,danielallen,danielallen@wanadoo.fr,,,HG13HK,,,,,,,danielallen@wanadoo.fr,,,HG1 3HK,,,,,,,,,,,,,,,,,,Daniel_Allen,2025-06-14,False,5,1,,,,,,,,,,,,,,,
STG025615,MARKETING,MKT004313,DCL009905,PCL009843,unresolved_singleton,Unresolved,1,1,,,,,,MKT004313,,,,,,,Hannah_Lloyd,hannah.lloyd@gmail.com,,,CA1 9WN,,,,hannahlloyd,hannah.lloyd@gmail.com,,,CA19WN,,,,,,,hannah.lloyd@gmail.com,,,CA1 9WN,,,,,,,,,,,,,,,,,,Hannah_Lloyd,2025-06-15,True,3,0,,,,,,,,,,,,,,,
STG025639,MARKETING,MKT004337,DCL009906,PCL009844,unresolved_singleton,Unresolved,1,1,,,,,,MKT004337,,,,,,,Debra_Price,debraprice24@hotmail.com,,,E1 7JM,,,,debraprice,debraprice24@hotmail.com,,,E17JM,,,,,,,debraprice24@hotmail.com,,,E1 7JM,,,,,,,,,,,,,,,,,,Debra_Price,2025-06-16,False,11,1,,,,,,,,,,,,,,,
STG025655,MARKETING,MKT004353,DCL009908,PCL009845,unresolved_singleton,Unresolved,1,1,,,,,,MKT004353,,,,,,,Alice_Singh,alicesingh252@hotmail.co.uk,,,BT48 7EH,,,,alicesingh,alicesingh252@hotmail.co.uk,,,BT487EH,,,,,,,alicesingh252@hotmail.co.uk,,,BT48 7EH,,,,,,,,,,,,,,,,,,Alice_Singh,2025-06-17,True,1,0,,,,,,,,,,,,,,,
STG025663,MARKETING,MKT004361,DCL009909,PCL009846,unresolved_singleton,Unresolved,1,1,,,,,,MKT004361,,,,,,,Gillian_Bradley,gillian.bradley19@hotmail.co.uk,,,OX1,,,,gillianbradley,gillian.bradley19@hotmail.co.uk,,,OX1,,,,,,,gillian.bradley19@hotmail.co.uk,,,OX1,,,,,,,,,,,,,,,,,,Gillian_Bradley,2025-06-17,True,4,2,,,,,,,,,,,,,,,
STG025708,MARKETING,MKT004406,DCL009910,PCL009847,unresolved_singleton,Unresolved,1,1,,,,,,MKT004406,,,,,,,Lynda_Willis,lwillis20@yahoo.fr,,,W1 1UX,,,,lyndawillis,lwillis20@yahoo.fr,,,W11UX,,,,,,,lwillis20@yahoo.fr,,,W1 1UX,,,,,,,,,,,,,,,,,,Lynda_Willis,2025-06-19,True,6,0,,,,,,,,,,,,,,,
STG025767,MARKETING,MKT004465,DCL009912,PCL009849,unresolved_singleton,Unresolved,1,1,,,,,,MKT004465,,,,,,,Annette_Jones,annettejones@yahoo.fr,,,G1 7JE,,,,annettejones,annettejones@yahoo.fr,,,G17JE,,,,,,,annettejones@yahoo.fr,,,G1 7JE,,,,,,,,,,,,,,,,,,Annette_Jones,2025-06-21,True,13,6,,,,,,,,,,,,,,,
STG025774,MARKETING,MKT004472,DCL009913,PCL009850,unresolved_singleton,Unresolved,1,1,,,,,,MKT004472,,,,,,,Marie_Brooks,mariebrooks@orange.fr,,,W1 3UF,,,,mariebrooks,mariebrooks@orange.fr,,,W13UF,,,,,,,mariebrooks@orange.fr,,,W1 3UF,,,,,,,,,,,,,,,,,,Marie_Brooks,2025-06-21,True,3,1,,,,,,,,,,,,,,,
STG025775,MARKETING,MKT004473,DCL009914,PCL009851,unresolved_singleton,Unresolved,1,1,,,,,,MKT004473,,,,,,,Carolyn_Watts,carolyn.watts@hotmail.com,,,LL11 1RW,,,,carolynwatts,carolyn.watts@hotmail.com,,,LL111RW,,,,,,,carolyn.watts@hotmail.com,,,LL11 1RW,,,,,,,,,,,,,,,,,,Carolyn_Watts,2025-06-21,True,7,2,,,,,,,,,,,,,,,
STG025777,MARKETING,MKT004475,DCL009915,PCL009852,unresolved_singleton,Unresolved,1,1,,,,,,MKT004475,,,,,,,,lorrainenolan@msn.com,,,PR1 1SE,,,,,lorrainenolan@msn.com,,,PR11SE,,,,,,,lorrainenolan@msn.com,,,PR1 1SE,,,,,,,,,,,,,,,,,,,2025-06-21,False,2,0,,,,,,,,,,,,,,,
STG025782,MARKETING,MKT004480,DCL009916,PCL009853,unresolved_singleton,Unresolved,1,1,,,,,,MKT004480,,,,,,,Jayne_Brown,jayne.brown@yahoo.com,,,M1 1UT,,,,jaynebrown,jayne.brown@yahoo.com,,,M11UT,,,,,,,jayne.brown@yahoo.com,,,M1 1UT,,,,,,,,,,,,,,,,,,Jayne_Brown,2025-06-21,True,1,0,,,,,,,,,,,,,,,
STG025792,MARKETING,MKT004490,DCL009917,PCL009854,unresolved_singleton,Unresolved,1,1,,,,,,MKT004490,,,,,,,Alice_Williams,alice.williams@yahoo.fr,,,N1 0XB,,,,alicewilliams,alice.williams@yahoo.fr,,,N10XB,,,,,,,alice.williams@yahoo.fr,,,N1 0XB,,,,,,,,,,,,,,,,,,Alice_Williams,2025-06-21,True,6,0,,,,,,,,,,,,,,,
STG025794,MARKETING,MKT004492,DCL009918,PCL009855,unresolved_singleton,Unresolved,1,1,,,,,,MKT004492,,,,,,,Sara_Hussain,sara.hussain@gmail.com,,,B1 3RI,,,,sarahussain,sara.hussain@gmail.com,,,B13RI,,,,,,,sara.hussain@gmail.com,,,B1 3RI,,,,,,,,,,,,,,,,,,Sara_Hussain,2025-06-22,True,2,0,,,,,,,,,,,,,,,
STG025818,MARKETING,MKT004516,DCL009919,PCL009856,unresolved_singleton,Unresolved,1,1,,,,,,MKT004516,,,,,,,Gil_Moore,gail.moore@hotmail.com,,,CF10 3ES,,,,gilmoore,gail.moore@hotmail.com,,,CF103ES,,,,,,,gail.moore@hotmail.com,,,CF10 3ES,,,,,,,,,,,,,,,,,,Gil_Moore,2025-06-22,True,13,6,,,,,,,,,,,,,,,
STG025856,MARKETING,MKT004554,DCL009922,PCL009859,unresolved_singleton,Unresolved,1,1,,,,,,MKT004554,,,,,,,Simon_Evnas,simonevans22@orange.fr,,,BS1 7QW,,,,simonevnas,simonevans22@orange.fr,,,BS17QW,,,,,,,simonevans22@orange.fr,,,BS1 7QW,,,,,,,,,,,,,,,,,,Simon_Evnas,2025-06-24,True,8,2,,,,,,,,,,,,,,,
STG025859,MARKETING,MKT004557,DCL009923,PCL009860,unresolved_singleton,Unresolved,1,1,,,,,,MKT004557,,,,,,,,stanley.pratt@hotmail.fr,,,L1 4IV,,,,,stanley.pratt@hotmail.fr,,,L14IV,,,,,,,stanley.pratt@hotmail.fr,,,L1 4IV,,,,,,,,,,,,,,,,,,,2025-06-24,True,8,1,,,,,,,,,,,,,,,
STG025890,MARKETING,MKT004588,DCL009924,PCL009861,unresolved_singleton,Unresolved,1,1,,,,,,MKT004588,,,,,,,Carole_Ali,caroleali20@yahoo.fr,,,LS1 0BW,,,,caroleali,caroleali20@yahoo.fr,,,LS10BW,,,,,,,caroleali20@yahoo.fr,,,LS1 0BW,,,,,,,,,,,,,,,,,,Carole_Ali,2025-06-25,True,5,0,,,,,,,,,,,,,,,
STG025917,MARKETING,MKT004615,DCL009926,PCL009863,unresolved_singleton,Unresolved,1,1,,,,,,MKT004615,,,,,,,Adam_Dale,adale24@wanadoo.fr,,,L1 4IS,,,,adamdale,adale24@wanadoo.fr,,,L14IS,,,,,,,adale24@wanadoo.fr,,,L1 4IS,,,,,,,,,,,,,,,,,,Adam_Dale,2025-06-26,True,8,0,,,,,,,,,,,,,,,
STG025920,MARKETING,MKT004618,DCL009927,PCL009864,unresolved_singleton,Unresolved,1,1,,,,,,MKT004618,,,,,,,,natasha.pugh@hotmail.com,,,W1,,,,,natasha.pugh@hotmail.com,,,W1,,,,,,,natasha.pugh@hotmail.com,,,W1,,,,,,,,,,,,,,,,,,,2025-06-26,False,7,0,,,,,,,,,,,,,,,
STG025935,MARKETING,MKT004633,DCL009928,PCL009865,unresolved_singleton,Unresolved,1,1,,,,,,MKT004633,,,,,,,Eileen_Hammodn,eileen.hammond@hotmail.com,,,E1 4PK,,,,eileenhammodn,eileen.hammond@hotmail.com,,,E14PK,,,,,,,eileen.hammond@hotmail.com,,,E1 4PK,,,,,,,,,,,,,,,,,,Eileen_Hammodn,2025-06-26,False,5,0,,,,,,,,,,,,,,,
STG025984,MARKETING,MKT004682,DCL009929,PCL009866,unresolved_singleton,Unresolved,1,1,,,,,,MKT004682,,,,,,,Tracey_Hill,tracey.hill@hotmail.com,,,PR1 1BH,,,,traceyhill,tracey.hill@hotmail.com,,,PR11BH,,,,,,,tracey.hill@hotmail.com,,,PR1 1BH,,,,,,,,,,,,,,,,,,Tracey_Hill,2025-06-28,True,7,0,,,,,,,,,,,,,,,
STG025997,MARKETING,MKT004695,DCL009930,PCL009867,unresolved_singleton,Unresolved,1,1,,,,,,MKT004695,,,,,,,Garry_Bond,garry.bond20@orange.fr,,,SR1 0HW,,,,garrybond,garry.bond20@orange.fr,,,SR10HW,,,,,,,garry.bond20@orange.fr,,,SR1 0HW,,,,,,,,,,,,,,,,,,Garry_Bond,2025-06-28,True,5,1,,,,,,,,,,,,,,,
STG026003,MARKETING,MKT004701,DCL009931,PCL009868,unresolved_singleton,Unresolved,1,1,,,,,,MKT004701,,,,,,,Rhys_Cooper,rhys.cooper@hotmail.com,,,SY23 8TL,,,,rhyscooper,rhys.cooper@hotmail.com,,,SY238TL,,,,,,,rhys.cooper@hotmail.com,,,SY23 8TL,,,,,,,,,,,,,,,,,,Rhys_Cooper,2025-06-29,False,5,2,,,,,,,,,,,,,,,
STG026005,MARKETING,MKT004703,DCL009932,PCL009869,unresolved_singleton,Unresolved,1,1,,,,,,MKT004703,,,,,,,Jasmine_Young,jasmine.young24@gmail.com,,,BN1 7BD,,,,jasmineyoung,jasmine.young24@gmail.com,,,BN17BD,,,,,,,jasmine.young24@gmail.com,,,BN1 7BD,,,,,,,,,,,,,,,,,,Jasmine_Young,2025-06-29,False,4,1,,,,,,,,,,,,,,,
STG026008,MARKETING,MKT004706,DCL009933,PCL009870,unresolved_singleton,Unresolved,1,1,,,,,,MKT004706,,,,,,,,kelly.higgins@gmail.com,,,L1 3LB,,,,,kelly.higgins@gmail.com,,,L13LB,,,,,,,kelly.higgins@gmail.com,,,L1 3LB,,,,,,,,,,,,,,,,,,,2025-06-29,False,3,0,,,,,,,,,,,,,,,
STG026011,MARKETING,MKT004709,DCL009934,PCL009871,unresolved_singleton,Unresolved,1,1,,,,,,MKT004709,,,,,,,Liam_Kaur,lkaur22@hotmail.co.uk,,,LN1 2EG,,,,liamkaur,lkaur22@hotmail.co.uk,,,LN12EG,,,,,,,lkaur22@hotmail.co.uk,,,LN1 2EG,,,,,,,,,,,,,,,,,,Liam_Kaur,2025-06-29,False,8,1,,,,,,,,,,,,,,,
STG026029,MARKETING,MKT004727,DCL009936,PCL009873,unresolved_singleton,Unresolved,1,1,,,,,,MKT004727,,,,,,,,shannon.mitchell@yahoo.com,,,TS1 2FV,,,,,shannon.mitchell@yahoo.com,,,TS12FV,,,,,,,shannon.mitchell@yahoo.com,,,TS1 2FV,,,,,,,,,,,,,,,,,,,2025-06-29,True,6,2,,,,,,,,,,,,,,,
STG026038,MARKETING,MKT004736,DCL009937,PCL009874,unresolved_singleton,Unresolved,1,1,,,,,,MKT004736,,,,,,,aBrry_Dean,barry.dean@hotmail.com,,,LE1 4WD,,,,abrrydean,barry.dean@hotmail.com,,,LE14WD,,,,,,,barry.dean@hotmail.com,,,LE1 4WD,,,,,,,,,,,,,,,,,,aBrry_Dean,2025-06-30,True,13,3,,,,,,,,,,,,,,,
STG026058,MARKETING,MKT004756,DCL009938,PCL009875,unresolved_singleton,Unresolved,1,1,,,,,,MKT004756,,,,,,,Jenna_Richards,jenna.richards@yahoo.com,,,PO1 1SZ,,,,jennarichards,jenna.richards@yahoo.com,,,PO11SZ,,,,,,,jenna.richards@yahoo.com,,,PO1 1SZ,,,,,,,,,,,,,,,,,,Jenna_Richards,2025-07-01,False,5,2,,,,,,,,,,,,,,,
STG026061,MARKETING,MKT004759,DCL009939,PCL009876,unresolved_singleton,Unresolved,1,1,,,,,,MKT004759,,,,,,,Louise_Davey,ldavey18@hotmail.fr,,,LU1 7VO,,,,louisedavey,ldavey18@hotmail.fr,,,LU17VO,,,,,,,ldavey18@hotmail.fr,,,LU1 7VO,,,,,,,,,,,,,,,,,,Louise_Davey,2025-07-01,True,4,1,,,,,,,,,,,,,,,
STG026082,MARKETING,MKT004780,DCL009940,PCL009877,unresolved_singleton,Unresolved,1,1,,,,,,MKT004780,,,,,,,Elaine_Campebll,elainecampbell23@msn.com,,,BN1,,,,elainecampebll,elainecampbell23@msn.com,,,BN1,,,,,,,elainecampbell23@msn.com,,,BN1,,,,,,,,,,,,,,,,,,Elaine_Campebll,2025-07-01,True,7,0,,,,,,,,,,,,,,,
STG026105,MARKETING,MKT004803,DCL009941,PCL009878,unresolved_singleton,Unresolved,1,1,,,,,,MKT004803,,,,,,,Chloe_Hill,chloe.hill@msn.com,,,PH1,,,,chloehill,chloe.hill@msn.com,,,PH1,,,,,,,chloe.hill@msn.com,,,PH1,,,,,,,,,,,,,,,,,,Chloe_Hill,2025-07-02,False,2,0,,,,,,,,,,,,,,,
STG026108,MARKETING,MKT004806,DCL009942,PCL009879,unresolved_singleton,Unresolved,1,1,,,,,,MKT004806,,,,,,,Tom_Johnson,tom.johnson@hotmail.com,,,M1 5UR,,,,tomjohnson,tom.johnson@hotmail.com,,,M15UR,,,,,,,tom.johnson@hotmail.com,,,M1 5UR,,,,,,,,,,,,,,,,,,Tom_Johnson,2025-07-02,False,1,0,,,,,,,,,,,,,,,
STG026123,MARKETING,MKT004821,DCL009944,PCL009881,unresolved_singleton,Unresolved,1,1,,,,,,MKT004821,,,,,,,Jennfer_Reed,jreed19@msn.com,,,RG1 9YV,,,,jennferreed,jreed19@msn.com,,,RG19YV,,,,,,,jreed19@msn.com,,,RG1 9YV,,,,,,,,,,,,,,,,,,Jennfer_Reed,2025-07-03,True,8,3,,,,,,,,,,,,,,,
STG026124,MARKETING,MKT004822,DCL009945,PCL009882,unresolved_singleton,Unresolved,1,1,,,,,,MKT004822,,,,,,,,george.walker@hotmail.co.uk,,,SW1 4RI,,,,,george.walker@hotmail.co.uk,,,SW14RI,,,,,,,george.walker@hotmail.co.uk,,,SW1 4RI,,,,,,,,,,,,,,,,,,,2025-07-03,True,5,1,,,,,,,,,,,,,,,
STG026134,MARKETING,MKT004832,DCL009947,PCL009884,unresolved_singleton,Unresolved,1,1,,,,,,MKT004832,,,,,,,Paige_Akhtar,paige.akhtar@yahoo.com,,,M1 2QJ,,,,paigeakhtar,paige.akhtar@yahoo.com,,,M12QJ,,,,,,,paige.akhtar@yahoo.com,,,M1 2QJ,,,,,,,,,,,,,,,,,,Paige_Akhtar,2025-07-03,True,2,0,,,,,,,,,,,,,,,
STG026147,MARKETING,MKT004845,DCL009949,PCL009886,unresolved_singleton,Unresolved,1,1,,,,,,MKT004845,,,,,,,Nicola_Poole,npoole24@gmail.com,,,PL1 6RP,,,,nicolapoole,npoole24@gmail.com,,,PL16RP,,,,,,,npoole24@gmail.com,,,PL1 6RP,,,,,,,,,,,,,,,,,,Nicola_Poole,2025-07-04,True,4,0,,,,,,,,,,,,,,,
STG026165,MARKETING,MKT004863,DCL009951,PCL009888,unresolved_singleton,Unresolved,1,1,,,,,,MKT004863,,,,,,,Thomas_Wood,twood20@yahoo.fr,,,BA1 3GE,,,,thomaswood,twood20@yahoo.fr,,,BA13GE,,,,,,,twood20@yahoo.fr,,,BA1 3GE,,,,,,,,,,,,,,,,,,Thomas_Wood,2025-07-04,True,10,2,,,,,,,,,,,,,,,
STG026191,MARKETING,MKT004889,DCL009953,PCL009889,unresolved_singleton,Unresolved,1,1,,,,,,MKT004889,,,,,,,Marcus_Thompson,marcus.thompson@gmail.com,,,PE1,,,,marcusthompson,marcus.thompson@gmail.com,,,PE1,,,,,,,marcus.thompson@gmail.com,,,PE1,,,,,,,,,,,,,,,,,,Marcus_Thompson,2025-07-05,True,8,2,,,,,,,,,,,,,,,
STG026194,MARKETING,MKT004892,DCL009954,PCL009890,unresolved_singleton,Unresolved,1,1,,,,,,MKT004892,,,,,,,Leigh_Jones,leigh.jones@gmail.com,,,PR1 8UD,,,,leighjones,leigh.jones@gmail.com,,,PR18UD,,,,,,,leigh.jones@gmail.com,,,PR1 8UD,,,,,,,,,,,,,,,,,,Leigh_Jones,2025-07-05,True,6,1,,,,,,,,,,,,,,,
STG026209,MARKETING,MKT004907,DCL009955,PCL009891,unresolved_singleton,Unresolved,1,1,,,,,,MKT004907,,,,,,,Guy_Clark,guyclark@yahoo.fr,,,CA1 7AO,,,,guyclark,guyclark@yahoo.fr,,,CA17AO,,,,,,,guyclark@yahoo.fr,,,CA1 7AO,,,,,,,,,,,,,,,,,,Guy_Clark,2025-07-06,True,2,0,,,,,,,,,,,,,,,
STG026224,MARKETING,MKT004922,DCL009956,PCL009892,unresolved_singleton,Unresolved,1,1,,,,,,MKT004922,,,,,,,Clare_Johnson,clare.johnson@yahoo.com,,,CV1 1SM,,,,clarejohnson,clare.johnson@yahoo.com,,,CV11SM,,,,,,,clare.johnson@yahoo.com,,,CV1 1SM,,,,,,,,,,,,,,,,,,Clare_Johnson,2025-07-06,True,5,0,,,,,,,,,,,,,,,
STG026242,MARKETING,MKT004940,DCL009957,PCL009893,unresolved_singleton,Unresolved,1,1,,,,,,MKT004940,,,,,,,Dlae_Parker,dale.parker@yahoo.com,,,BD1 1PA,,,,dlaeparker,dale.parker@yahoo.com,,,BD11PA,,,,,,,dale.parker@yahoo.com,,,BD1 1PA,,,,,,,,,,,,,,,,,,Dlae_Parker,2025-07-07,False,1,0,,,,,,,,,,,,,,,
STG026251,MARKETING,MKT004949,DCL009958,PCL009894,unresolved_singleton,Unresolved,1,1,,,,,,MKT004949,,,,,,,Arthur_Simpson,arthur.simpson19@gmail.com,,,M1 7OX,,,,arthursimpson,arthur.simpson19@gmail.com,,,M17OX,,,,,,,arthur.simpson19@gmail.com,,,M1 7OX,,,,,,,,,,,,,,,,,,Arthur_Simpson,2025-07-07,True,7,1,,,,,,,,,,,,,,,
STG026257,MARKETING,MKT004955,DCL009959,PCL009895,unresolved_singleton,Unresolved,1,1,,,,,,MKT004955,,,,,,,Bethan_Ross,bethan.ross@hotmail.com,,,NW1 4QG,,,,bethanross,bethan.ross@hotmail.com,,,NW14QG,,,,,,,bethan.ross@hotmail.com,,,NW1 4QG,,,,,,,,,,,,,,,,,,Bethan_Ross,2025-07-07,False,7,2,,,,,,,,,,,,,,,
STG026307,MARKETING,MKT005005,DCL009962,PCL009898,unresolved_singleton,Unresolved,1,1,,,,,,MKT005005,,,,,,,Molly_Collins,mollycollins@yahoo.fr,,,LU1 5OS,,,,mollycollins,mollycollins@yahoo.fr,,,LU15OS,,,,,,,mollycollins@yahoo.fr,,,LU1 5OS,,,,,,,,,,,,,,,,,,Molly_Collins,2025-07-09,False,5,1,,,,,,,,,,,,,,,
STG026316,MARKETING,MKT005014,DCL009963,PCL009899,unresolved_singleton,Unresolved,1,1,,,,,,MKT005014,,,,,,,Dmaian_Harrison,damian.harrison@hotmail.com,,,W1 0PO,,,,dmaianharrison,damian.harrison@hotmail.com,,,W10PO,,,,,,,damian.harrison@hotmail.com,,,W1 0PO,,,,,,,,,,,,,,,,,,Dmaian_Harrison,2025-07-10,True,9,3,,,,,,,,,,,,,,,
STG026349,MARKETING,MKT005047,DCL009965,PCL009901,unresolved_singleton,Unresolved,1,1,,,,,,MKT005047,,,,,,,Mark_Hayward,mark.hayward@yahoo.com,,,BT1 9OE,,,,markhayward,mark.hayward@yahoo.com,,,BT19OE,,,,,,,mark.hayward@yahoo.com,,,BT1 9OE,,,,,,,,,,,,,,,,,,Mark_Hayward,2025-07-10,False,1,1,,,,,,,,,,,,,,,
STG026384,MARKETING,MKT005082,DCL009967,PCL009903,unresolved_singleton,Unresolved,1,1,,,,,,MKT005082,,,,,,,Macrus_Day,marcus.day@yahoo.com,,,DL1,,,,macrusday,marcus.day@yahoo.com,,,DL1,,,,,,,marcus.day@yahoo.com,,,DL1,,,,,,,,,,,,,,,,,,Macrus_Day,2025-07-12,True,2,1,,,,,,,,,,,,,,,
STG026387,MARKETING,MKT005085,DCL009968,PCL009904,unresolved_singleton,Unresolved,1,1,,,,,,MKT005085,,,,,,,Shirey_Davies,shirleydavies@aol.com,,,WR1 3AC,,,,shireydavies,shirleydavies@aol.com,,,WR13AC,,,,,,,shirleydavies@aol.com,,,WR1 3AC,,,,,,,,,,,,,,,,,,Shirey_Davies,2025-07-12,True,1,0,,,,,,,,,,,,,,,
STG026389,MARKETING,MKT005087,DCL009969,PCL009905,unresolved_singleton,Unresolved,1,1,,,,,,MKT005087,,,,,,,,francesca.clarke2@yahoo.com,,,AB10,,,,,francesca.clarke2@yahoo.com,,,AB10,,,,,,,francesca.clarke2@yahoo.com,,,AB10,,,,,,,,,,,,,,,,,,,2025-07-12,True,5,0,,,,,,,,,,,,,,,
STG026390,MARKETING,MKT005088,DCL009970,PCL009906,unresolved_singleton,Unresolved,1,1,,,,,,MKT005088,,,,,,,,mandy.houghton@yahoo.com,,,SE1 0XP,,,,,mandy.houghton@yahoo.com,,,SE10XP,,,,,,,mandy.houghton@yahoo.com,,,SE1 0XP,,,,,,,,,,,,,,,,,,,2025-07-12,True,2,0,,,,,,,,,,,,,,,
STG026396,MARKETING,MKT005094,DCL009971,PCL009907,unresolved_singleton,Unresolved,1,1,,,,,,MKT005094,,,,,,,,leon.allen18@hotmail.fr,,,SW1 4QG,,,,,leon.allen18@hotmail.fr,,,SW14QG,,,,,,,leon.allen18@hotmail.fr,,,SW1 4QG,,,,,,,,,,,,,,,,,,,2025-07-12,True,7,2,,,,,,,,,,,,,,,
STG026399,MARKETING,MKT005097,DCL009972,PCL009908,unresolved_singleton,Unresolved,1,1,,,,,,MKT005097,,,,,,,,patricia.jones@gmail.com,,,BT48 0FO,,,,,patricia.jones@gmail.com,,,BT480FO,,,,,,,patricia.jones@gmail.com,,,BT48 0FO,,,,,,,,,,,,,,,,,,,2025-07-12,True,0,0,,,,,,,,,,,,,,,
STG026414,MARKETING,MKT005112,DCL009973,PCL009909,unresolved_singleton,Unresolved,1,1,,,,,,MKT005112,,,,,,,Guy_Jones,gjones19@aol.com,,,CA1 8DH,,,,guyjones,gjones19@aol.com,,,CA18DH,,,,,,,gjones19@aol.com,,,CA1 8DH,,,,,,,,,,,,,,,,,,Guy_Jones,2025-07-12,True,8,1,,,,,,,,,,,,,,,
STG026467,MARKETING,MKT005165,DCL009976,PCL009912,unresolved_singleton,Unresolved,1,1,,,,,,MKT005165,,,,,,,Joseph_Briggs,joseph.briggs@yahoo.com,,,RG1 4XY,,,,josephbriggs,joseph.briggs@yahoo.com,,,RG14XY,,,,,,,joseph.briggs@yahoo.com,,,RG1 4XY,,,,,,,,,,,,,,,,,,Joseph_Briggs,2025-07-14,True,6,0,,,,,,,,,,,,,,,
STG026474,MARKETING,MKT005172,DCL009977,PCL009913,unresolved_singleton,Unresolved,1,1,,,,,,MKT005172,,,,,,,Ruth_Robinson,ruthrobinson22@wanadoo.fr,,,EH1 1OW,,,,ruthrobinson,ruthrobinson22@wanadoo.fr,,,EH11OW,,,,,,,ruthrobinson22@wanadoo.fr,,,EH1 1OW,,,,,,,,,,,,,,,,,,Ruth_Robinson,2025-07-14,True,8,3,,,,,,,,,,,,,,,
STG026476,MARKETING,MKT005174,DCL009978,PCL009914,unresolved_singleton,Unresolved,1,1,,,,,,MKT005174,,,,,,,rEic_Robson,eric.robson@yahoo.com,,,E1 7SE,,,,reicrobson,eric.robson@yahoo.com,,,E17SE,,,,,,,eric.robson@yahoo.com,,,E1 7SE,,,,,,,,,,,,,,,,,,rEic_Robson,2025-07-14,True,12,2,,,,,,,,,,,,,,,
STG026553,MARKETING,MKT005251,DCL009980,PCL009916,unresolved_singleton,Unresolved,1,1,,,,,,MKT005251,,,,,,,lOiver_Miller,oliver.miller@hotmail.com,,,BA1 5TO,,,,loivermiller,oliver.miller@hotmail.com,,,BA15TO,,,,,,,oliver.miller@hotmail.com,,,BA1 5TO,,,,,,,,,,,,,,,,,,lOiver_Miller,2025-07-17,True,5,3,,,,,,,,,,,,,,,
STG026563,MARKETING,MKT005261,DCL009982,PCL009918,unresolved_singleton,Unresolved,1,1,,,,,,MKT005261,,,,,,,Georina_Adams,georgina.adams@aol.com,,,NW1 1HE,,,,georinaadams,georgina.adams@aol.com,,,NW11HE,,,,,,,georgina.adams@aol.com,,,NW1 1HE,,,,,,,,,,,,,,,,,,Georina_Adams,2025-07-17,False,1,0,,,,,,,,,,,,,,,
STG026578,MARKETING,MKT005276,DCL009983,PCL009919,unresolved_singleton,Unresolved,1,1,,,,,,MKT005276,,,,,,,Samantha_Clarke,samantha.clarke@aol.com,,,B1 2CI,,,,samanthaclarke,samantha.clarke@aol.com,,,B12CI,,,,,,,samantha.clarke@aol.com,,,B1 2CI,,,,,,,,,,,,,,,,,,Samantha_Clarke,2025-07-18,False,2,0,,,,,,,,,,,,,,,
STG026583,MARKETING,MKT005281,DCL009984,PCL009920,unresolved_singleton,Unresolved,1,1,,,,,,MKT005281,,,,,,,Geoffrey_Godfrey,geoffrey.godfrey@yahoo.com,,,ST1 5UH,,,,geoffreygodfrey,geoffrey.godfrey@yahoo.com,,,ST15UH,,,,,,,geoffrey.godfrey@yahoo.com,,,ST1 5UH,,,,,,,,,,,,,,,,,,Geoffrey_Godfrey,2025-07-18,True,0,0,,,,,,,,,,,,,,,
STG026585,MARKETING,MKT005283,DCL009985,PCL009921,unresolved_singleton,Unresolved,1,1,,,,,,MKT005283,,,,,,,Jill_Moore,jill.moore21@orange.fr,,,B1 4XR,,,,jillmoore,jill.moore21@orange.fr,,,B14XR,,,,,,,jill.moore21@orange.fr,,,B1 4XR,,,,,,,,,,,,,,,,,,Jill_Moore,2025-07-18,False,6,2,,,,,,,,,,,,,,,
STG026615,MARKETING,MKT005313,DCL009988,PCL009924,unresolved_singleton,Unresolved,1,1,,,,,,MKT005313,,,,,,,Natasha_Morley,natasha.morley@gmail.com,,,PO1 7OT,,,,natashamorley,natasha.morley@gmail.com,,,PO17OT,,,,,,,natasha.morley@gmail.com,,,PO1 7OT,,,,,,,,,,,,,,,,,,Natasha_Morley,2025-07-19,False,12,6,,,,,,,,,,,,,,,
STG026625,MARKETING,MKT005323,DCL009990,PCL009925,unresolved_singleton,Unresolved,1,1,,,,,,MKT005323,,,,,,,Vctor_Fox,victor.fox@hotmail.co.uk,,,HU1,,,,vctorfox,victor.fox@hotmail.co.uk,,,HU1,,,,,,,victor.fox@hotmail.co.uk,,,HU1,,,,,,,,,,,,,,,,,,Vctor_Fox,2025-07-19,True,6,1,,,,,,,,,,,,,,,
STG026656,MARKETING,MKT005354,DCL009992,PCL009927,unresolved_singleton,Unresolved,1,1,,,,,,MKT005354,,,,,,,Denise_Rowe,deniserowe@hotmail.fr,,,DD1 4NC,,,,deniserowe,deniserowe@hotmail.fr,,,DD14NC,,,,,,,deniserowe@hotmail.fr,,,DD1 4NC,,,,,,,,,,,,,,,,,,Denise_Rowe,2025-07-20,True,6,3,,,,,,,,,,,,,,,
STG026662,MARKETING,MKT005360,DCL009993,PCL009928,unresolved_singleton,Unresolved,1,1,,,,,,MKT005360,,,,,,,Josh_Fisher,josh.fisher@hotmail.com,,,WR1 6HO,,,,joshfisher,josh.fisher@hotmail.com,,,WR16HO,,,,,,,josh.fisher@hotmail.com,,,WR1 6HO,,,,,,,,,,,,,,,,,,Josh_Fisher,2025-07-20,False,1,0,,,,,,,,,,,,,,,
STG026681,MARKETING,MKT005379,DCL009995,PCL009929,unresolved_singleton,Unresolved,1,1,,,,,,MKT005379,,,,,,,,rita.dawson@yahoo.com,,,DL1,,,,,rita.dawson@yahoo.com,,,DL1,,,,,,,rita.dawson@yahoo.com,,,DL1,,,,,,,,,,,,,,,,,,,2025-07-20,True,6,3,,,,,,,,,,,,,,,
STG026695,MARKETING,MKT005393,DCL009996,PCL009930,unresolved_singleton,Unresolved,1,1,,,,,,MKT005393,,,,,,,,andreadonnelly23@gmail.com,,,CV1 3IA,,,,,andreadonnelly23@gmail.com,,,CV13IA,,,,,,,andreadonnelly23@gmail.com,,,CV1 3IA,,,,,,,,,,,,,,,,,,,2025-07-21,True,2,0,,,,,,,,,,,,,,,
STG026715,MARKETING,MKT005413,DCL009998,PCL009932,unresolved_singleton,Unresolved,1,1,,,,,,MKT005413,,,,,,,,paulbirch24@wanadoo.fr,,,DD1 6QM,,,,,paulbirch24@wanadoo.fr,,,DD16QM,,,,,,,paulbirch24@wanadoo.fr,,,DD1 6QM,,,,,,,,,,,,,,,,,,,2025-07-21,True,12,4,,,,,,,,,,,,,,,
STG026737,MARKETING,MKT005435,DCL010000,PCL009934,unresolved_singleton,Unresolved,1,1,,,,,,MKT005435,,,,,,,Ryan_Eavns,ryan.evans@gmail.com,,,PR1,,,,ryaneavns,ryan.evans@gmail.com,,,PR1,,,,,,,ryan.evans@gmail.com,,,PR1,,,,,,,,,,,,,,,,,,Ryan_Eavns,2025-07-22,False,5,2,,,,,,,,,,,,,,,
STG026743,MARKETING,MKT005441,DCL010001,PCL009935,unresolved_singleton,Unresolved,1,1,,,,,,MKT005441,,,,,,,Gregory_Murphy,gregory.murphy@yahoo.com,,,IP1 5WW,,,,gregorymurphy,gregory.murphy@yahoo.com,,,IP15WW,,,,,,,gregory.murphy@yahoo.com,,,IP1 5WW,,,,,,,,,,,,,,,,,,Gregory_Murphy,2025-07-22,False,3,0,,,,,,,,,,,,,,,
STG026750,MARKETING,MKT005448,DCL010002,PCL009936,unresolved_singleton,Unresolved,1,1,,,,,,MKT005448,,,,,,,Jeremy_Tuckr,jeremy.tucker@hotmail.com,,,HG1 0YK,,,,jeremytuckr,jeremy.tucker@hotmail.com,,,HG10YK,,,,,,,jeremy.tucker@hotmail.com,,,HG1 0YK,,,,,,,,,,,,,,,,,,Jeremy_Tuckr,2025-07-23,True,12,1,,,,,,,,,,,,,,,
STG026759,MARKETING,MKT005457,DCL010003,PCL009937,unresolved_singleton,Unresolved,1,1,,,,,,MKT005457,,,,,,,,shane.hughes@gmail.com,,,DE1 9WE,,,,,shane.hughes@gmail.com,,,DE19WE,,,,,,,shane.hughes@gmail.com,,,DE1 9WE,,,,,,,,,,,,,,,,,,,2025-07-23,True,3,1,,,,,,,,,,,,,,,
STG026771,MARKETING,MKT005469,DCL010005,PCL009939,unresolved_singleton,Unresolved,1,1,,,,,,MKT005469,,,,,,,,catherine.barker@hotmail.com,,,M1,,,,,catherine.barker@hotmail.com,,,M1,,,,,,,catherine.barker@hotmail.com,,,M1,,,,,,,,,,,,,,,,,,,2025-07-23,True,8,3,,,,,,,,,,,,,,,
STG026776,MARKETING,MKT005474,DCL010006,PCL009940,unresolved_singleton,Unresolved,1,1,,,,,,MKT005474,,,,,,,Colin_Roberts,colin.roberts@hotmail.com,,,NN1 9NH,,,,colinroberts,colin.roberts@hotmail.com,,,NN19NH,,,,,,,colin.roberts@hotmail.com,,,NN1 9NH,,,,,,,,,,,,,,,,,,Colin_Roberts,2025-07-23,True,5,0,,,,,,,,,,,,,,,
STG026797,MARKETING,MKT005495,DCL010007,PCL009941,unresolved_singleton,Unresolved,1,1,,,,,,MKT005495,,,,,,,Amber_Armstrong,amberarmstrong@aol.com,,,HU1,,,,amberarmstrong,amberarmstrong@aol.com,,,HU1,,,,,,,amberarmstrong@aol.com,,,HU1,,,,,,,,,,,,,,,,,,Amber_Armstrong,2025-07-24,False,2,0,,,,,,,,,,,,,,,
STG026802,MARKETING,MKT005500,DCL010008,PCL009942,unresolved_singleton,Unresolved,1,1,,,,,,MKT005500,,,,,,,Andrew_Patterson,andrew.patterson@gmail.com,,,BT61 5EU,,,,andrewpatterson,andrew.patterson@gmail.com,,,BT615EU,,,,,,,andrew.patterson@gmail.com,,,BT61 5EU,,,,,,,,,,,,,,,,,,Andrew_Patterson,2025-07-24,True,7,0,,,,,,,,,,,,,,,
STG026812,MARKETING,MKT005510,DCL010009,PCL009943,unresolved_singleton,Unresolved,1,1,,,,,,MKT005510,,,,,,,,ryan.reid@hotmail.com,,,W1 8XP,,,,,ryan.reid@hotmail.com,,,W18XP,,,,,,,ryan.reid@hotmail.com,,,W1 8XP,,,,,,,,,,,,,,,,,,,2025-07-24,True,9,1,,,,,,,,,,,,,,,
STG026839,MARKETING,MKT005537,DCL010010,PCL009944,unresolved_singleton,Unresolved,1,1,,,,,,MKT005537,,,,,,,Gordon_Sanderson,gordon.sanderson@hotmail.com,,,PL1 4ZS,,,,gordonsanderson,gordon.sanderson@hotmail.com,,,PL14ZS,,,,,,,gordon.sanderson@hotmail.com,,,PL1 4ZS,,,,,,,,,,,,,,,,,,Gordon_Sanderson,2025-07-25,True,7,1,,,,,,,,,,,,,,,
STG026871,MARKETING,MKT005569,DCL010012,PCL009946,unresolved_singleton,Unresolved,1,1,,,,,,MKT005569,,,,,,,Diana_Reid,diana.reid@yahoo.com,,,HU1 6AC,,,,dianareid,diana.reid@yahoo.com,,,HU16AC,,,,,,,diana.reid@yahoo.com,,,HU1 6AC,,,,,,,,,,,,,,,,,,Diana_Reid,2025-07-27,False,1,0,,,,,,,,,,,,,,,
STG026879,MARKETING,MKT005577,DCL010013,PCL009947,unresolved_singleton,Unresolved,1,1,,,,,,MKT005577,,,,,,,,rachelpatel21@orange.fr,,,CV1 6QI,,,,,rachelpatel21@orange.fr,,,CV16QI,,,,,,,rachelpatel21@orange.fr,,,CV1 6QI,,,,,,,,,,,,,,,,,,,2025-07-27,False,7,0,,,,,,,,,,,,,,,
STG026882,MARKETING,MKT005580,DCL010014,PCL009948,unresolved_singleton,Unresolved,1,1,,,,,,MKT005580,,,,,,,Melisa_Patel,melissa.patel@hotmail.com,,,SE1 5TK,,,,melisapatel,melissa.patel@hotmail.com,,,SE15TK,,,,,,,melissa.patel@hotmail.com,,,SE1 5TK,,,,,,,,,,,,,,,,,,Melisa_Patel,2025-07-27,False,3,0,,,,,,,,,,,,,,,
STG026885,MARKETING,MKT005583,DCL010015,PCL009949,unresolved_singleton,Unresolved,1,1,,,,,,MKT005583,,,,,,,Norman_Evans,norman.evans2@yahoo.com,,,CM1 4PV,,,,normanevans,norman.evans2@yahoo.com,,,CM14PV,,,,,,,norman.evans2@yahoo.com,,,CM1 4PV,,,,,,,,,,,,,,,,,,Norman_Evans,2025-07-27,True,6,0,,,,,,,,,,,,,,,
STG026891,MARKETING,MKT005589,DCL010016,PCL009950,unresolved_singleton,Unresolved,1,1,,,,,,MKT005589,,,,,,,Katy_Smit,katy.smith24@wanadoo.fr,,,BS1 5LC,,,,katysmit,katy.smith24@wanadoo.fr,,,BS15LC,,,,,,,katy.smith24@wanadoo.fr,,,BS1 5LC,,,,,,,,,,,,,,,,,,Katy_Smit,2025-07-27,False,10,2,,,,,,,,,,,,,,,
STG026914,MARKETING,MKT005612,DCL010017,PCL009951,unresolved_singleton,Unresolved,1,1,,,,,,MKT005612,,,,,,,Kathleen_Clarke,kclarke22@yahoo.fr,,,OX1,,,,kathleenclarke,kclarke22@yahoo.fr,,,OX1,,,,,,,kclarke22@yahoo.fr,,,OX1,,,,,,,,,,,,,,,,,,Kathleen_Clarke,2025-07-28,False,5,2,,,,,,,,,,,,,,,
STG026956,MARKETING,MKT005654,DCL010019,PCL009952,unresolved_singleton,Unresolved,1,1,,,,,,MKT005654,,,,,,,Owen_Williams,owen.williams22@yahoo.fr,,,BA1,,,,owenwilliams,owen.williams22@yahoo.fr,,,BA1,,,,,,,owen.williams22@yahoo.fr,,,BA1,,,,,,,,,,,,,,,,,,Owen_Williams,2025-07-29,True,8,3,,,,,,,,,,,,,,,
STG026963,MARKETING,MKT005661,DCL010020,PCL009953,unresolved_singleton,Unresolved,1,1,,,,,,MKT005661,,,,,,,Reece_Akhtar,reeceakhtar@hotmail.co.uk,,,ST1 9FY,,,,reeceakhtar,reeceakhtar@hotmail.co.uk,,,ST19FY,,,,,,,reeceakhtar@hotmail.co.uk,,,ST1 9FY,,,,,,,,,,,,,,,,,,Reece_Akhtar,2025-07-30,False,8,3,,,,,,,,,,,,,,,
STG026990,MARKETING,MKT005688,DCL010022,PCL009955,unresolved_singleton,Unresolved,1,1,,,,,,MKT005688,,,,,,,Keith_Ball,keithball@orange.fr,,,OX1,,,,keithball,keithball@orange.fr,,,OX1,,,,,,,keithball@orange.fr,,,OX1,,,,,,,,,,,,,,,,,,Keith_Ball,2025-07-31,False,8,4,,,,,,,,,,,,,,,
STG027032,MARKETING,MKT005730,DCL010023,PCL009956,unresolved_singleton,Unresolved,1,1,,,,,,MKT005730,,,,,,,Eric_Dawson,ericdawson19@orange.fr,,,WR1 6WO,,,,ericdawson,ericdawson19@orange.fr,,,WR16WO,,,,,,,ericdawson19@orange.fr,,,WR1 6WO,,,,,,,,,,,,,,,,,,Eric_Dawson,2025-08-01,True,7,0,,,,,,,,,,,,,,,
STG027057,MARKETING,MKT005755,DCL010024,PCL009957,unresolved_singleton,Unresolved,1,1,,,,,,MKT005755,,,,,,,Mohamed_Evans,mohamed.evans25@hotmail.com,,,YO1 5ED,,,,mohamedevans,mohamed.evans25@hotmail.com,,,YO15ED,,,,,,,mohamed.evans25@hotmail.com,,,YO1 5ED,,,,,,,,,,,,,,,,,,Mohamed_Evans,2025-08-02,True,1,0,,,,,,,,,,,,,,,
STG027061,MARKETING,MKT005759,DCL010025,PCL009958,unresolved_singleton,Unresolved,1,1,,,,,,MKT005759,,,,,,,,abigail.burns@gmail.com,,,BT27,,,,,abigail.burns@gmail.com,,,BT27,,,,,,,abigail.burns@gmail.com,,,BT27,,,,,,,,,,,,,,,,,,,2025-08-02,False,5,0,,,,,,,,,,,,,,,
STG027073,MARKETING,MKT005771,DCL010026,PCL009959,unresolved_singleton,Unresolved,1,1,,,,,,MKT005771,,,,,,,Olivre_White,oliver.white@gmail.com,,,LE1 4TT,,,,olivrewhite,oliver.white@gmail.com,,,LE14TT,,,,,,,oliver.white@gmail.com,,,LE1 4TT,,,,,,,,,,,,,,,,,,Olivre_White,2025-08-02,True,8,3,,,,,,,,,,,,,,,
STG027098,MARKETING,MKT005796,DCL010027,PCL009960,unresolved_singleton,Unresolved,1,1,,,,,,MKT005796,,,,,,,Raymond_Robinson,raymond.robinson@hotmail.com,,,CA1 0LG,,,,raymondrobinson,raymond.robinson@hotmail.com,,,CA10LG,,,,,,,raymond.robinson@hotmail.com,,,CA1 0LG,,,,,,,,,,,,,,,,,,Raymond_Robinson,2025-08-03,True,4,1,,,,,,,,,,,,,,,
STG027115,MARKETING,MKT005813,DCL010028,PCL009961,unresolved_singleton,Unresolved,1,1,,,,,,MKT005813,,,,,,,Shannon_Smith,shannonsmith@orange.fr,,,SO14,,,,shannonsmith,shannonsmith@orange.fr,,,SO14,,,,,,,shannonsmith@orange.fr,,,SO14,,,,,,,,,,,,,,,,,,Shannon_Smith,2025-08-04,False,3,1,,,,,,,,,,,,,,,
STG027143,MARKETING,MKT005841,DCL010031,PCL009963,unresolved_singleton,Unresolved,1,1,,,,,,MKT005841,,,,,,,Rebecca_Faulkner,rfaulkner25@wanadoo.fr,,,W1 0AU,,,,rebeccafaulkner,rfaulkner25@wanadoo.fr,,,W10AU,,,,,,,rfaulkner25@wanadoo.fr,,,W1 0AU,,,,,,,,,,,,,,,,,,Rebecca_Faulkner,2025-08-04,True,3,0,,,,,,,,,,,,,,,
STG027152,MARKETING,MKT005850,DCL010032,PCL009964,unresolved_singleton,Unresolved,1,1,,,,,,MKT005850,,,,,,,Antony_Knowles,antonyknowles23@hotmail.com,,,LU1 0UF,,,,antonyknowles,antonyknowles23@hotmail.com,,,LU10UF,,,,,,,antonyknowles23@hotmail.com,,,LU1 0UF,,,,,,,,,,,,,,,,,,Antony_Knowles,2025-08-05,True,3,0,,,,,,,,,,,,,,,
STG027166,MARKETING,MKT005864,DCL010033,PCL009965,unresolved_singleton,Unresolved,1,1,,,,,,MKT005864,,,,,,,Glen_Wells,glenwells25@wanadoo.fr,,,DD1 5YU,,,,glenwells,glenwells25@wanadoo.fr,,,DD15YU,,,,,,,glenwells25@wanadoo.fr,,,DD1 5YU,,,,,,,,,,,,,,,,,,Glen_Wells,2025-08-05,False,8,0,,,,,,,,,,,,,,,
STG027180,MARKETING,MKT005878,DCL010034,PCL009966,unresolved_singleton,Unresolved,1,1,,,,,,MKT005878,,,,,,,Maira_Lewis,maria.lewis@hotmail.com,,,E1 1JP,,,,mairalewis,maria.lewis@hotmail.com,,,E11JP,,,,,,,maria.lewis@hotmail.com,,,E1 1JP,,,,,,,,,,,,,,,,,,Maira_Lewis,2025-08-06,True,13,6,,,,,,,,,,,,,,,
STG027198,MARKETING,MKT005896,DCL010035,PCL009967,unresolved_singleton,Unresolved,1,1,,,,,,MKT005896,,,,,,,,dylan.thomas@gmail.com,,,BH1 7FO,,,,,dylan.thomas@gmail.com,,,BH17FO,,,,,,,dylan.thomas@gmail.com,,,BH1 7FO,,,,,,,,,,,,,,,,,,,2025-08-06,True,5,1,,,,,,,,,,,,,,,
STG027203,MARKETING,MKT005901,DCL010036,PCL009968,unresolved_singleton,Unresolved,1,1,,,,,,MKT005901,,,,,,,,matthew.coleman@yahoo.com,,,LL11,,,,,matthew.coleman@yahoo.com,,,LL11,,,,,,,matthew.coleman@yahoo.com,,,LL11,,,,,,,,,,,,,,,,,,,2025-08-07,False,4,0,,,,,,,,,,,,,,,
STG027208,MARKETING,MKT005906,DCL010037,PCL009969,unresolved_singleton,Unresolved,1,1,,,,,,MKT005906,,,,,,,Ellot_Wilson,elliot.wilson25@hotmail.co.uk,,,N1 2HE,,,,ellotwilson,elliot.wilson25@hotmail.co.uk,,,N12HE,,,,,,,elliot.wilson25@hotmail.co.uk,,,N1 2HE,,,,,,,,,,,,,,,,,,Ellot_Wilson,2025-08-07,True,2,0,,,,,,,,,,,,,,,
STG027209,MARKETING,MKT005907,DCL010038,PCL009970,unresolved_singleton,Unresolved,1,1,,,,,,MKT005907,,,,,,,James_Jackson,james.jackson@yahoo.com,,,W1 9MP,,,,jamesjackson,james.jackson@yahoo.com,,,W19MP,,,,,,,james.jackson@yahoo.com,,,W1 9MP,,,,,,,,,,,,,,,,,,James_Jackson,2025-08-07,False,0,0,,,,,,,,,,,,,,,
STG027210,MARKETING,MKT005908,DCL010039,PCL009971,unresolved_singleton,Unresolved,1,1,,,,,,MKT005908,,,,,,,,karen.james@hotmail.com,,,E1 7XM,,,,,karen.james@hotmail.com,,,E17XM,,,,,,,karen.james@hotmail.com,,,E1 7XM,,,,,,,,,,,,,,,,,,,2025-08-07,True,9,2,,,,,,,,,,,,,,,
STG027220,MARKETING,MKT005918,DCL010040,PCL009972,unresolved_singleton,Unresolved,1,1,,,,,,MKT005918,,,,,,,Jessiac_Mellor,jmellor20@msn.com,,,LU1 0UX,,,,jessiacmellor,jmellor20@msn.com,,,LU10UX,,,,,,,jmellor20@msn.com,,,LU1 0UX,,,,,,,,,,,,,,,,,,Jessiac_Mellor,2025-08-07,False,8,1,,,,,,,,,,,,,,,
STG027222,MARKETING,MKT005920,DCL010041,PCL009973,unresolved_singleton,Unresolved,1,1,,,,,,MKT005920,,,,,,,Stewart_Cooper,stewart.cooper25@yahoo.com,,,GL1,,,,stewartcooper,stewart.cooper25@yahoo.com,,,GL1,,,,,,,stewart.cooper25@yahoo.com,,,GL1,,,,,,,,,,,,,,,,,,Stewart_Cooper,2025-08-07,True,3,1,,,,,,,,,,,,,,,
STG027232,MARKETING,MKT005930,DCL010042,PCL009974,unresolved_singleton,Unresolved,1,1,,,,,,MKT005930,,,,,,,Samuel_Giles,samuel.giles@yahoo.com,,,NW1 8JV,,,,samuelgiles,samuel.giles@yahoo.com,,,NW18JV,,,,,,,samuel.giles@yahoo.com,,,NW1 8JV,,,,,,,,,,,,,,,,,,Samuel_Giles,2025-08-08,True,2,0,,,,,,,,,,,,,,,
STG027270,MARKETING,MKT005968,DCL010043,PCL009975,unresolved_singleton,Unresolved,1,1,,,,,,MKT005968,,,,,,,Chelsea_Mos,chelsea.moss@yahoo.com,,,L1 1MV,,,,chelseamos,chelsea.moss@yahoo.com,,,L11MV,,,,,,,chelsea.moss@yahoo.com,,,L1 1MV,,,,,,,,,,,,,,,,,,Chelsea_Mos,2025-08-09,False,0,0,,,,,,,,,,,,,,,
STG027277,MARKETING,MKT005975,DCL010044,PCL009976,unresolved_singleton,Unresolved,1,1,,,,,,MKT005975,,,,,,,Lorraine_Smih,lorraine.smith2@hotmail.com,,,L1 3AR,,,,lorrainesmih,lorraine.smith2@hotmail.com,,,L13AR,,,,,,,lorraine.smith2@hotmail.com,,,L1 3AR,,,,,,,,,,,,,,,,,,Lorraine_Smih,2025-08-09,True,1,0,,,,,,,,,,,,,,,
STG027287,MARKETING,MKT005985,DCL010046,PCL009978,unresolved_singleton,Unresolved,1,1,,,,,,MKT005985,,,,,,,Timothy_Edwards,timothy.edwards25@yahoo.fr,,,GL1 3AO,,,,timothyedwards,timothy.edwards25@yahoo.fr,,,GL13AO,,,,,,,timothy.edwards25@yahoo.fr,,,GL1 3AO,,,,,,,,,,,,,,,,,,Timothy_Edwards,2025-08-09,False,5,0,,,,,,,,,,,,,,,
STG027292,MARKETING,MKT005990,DCL010048,PCL009980,unresolved_singleton,Unresolved,1,1,,,,,,MKT005990,,,,,,,,katherine.mahmood@hotmail.fr,,,S1,,,,,katherine.mahmood@hotmail.fr,,,S1,,,,,,,katherine.mahmood@hotmail.fr,,,S1,,,,,,,,,,,,,,,,,,,2025-08-09,False,4,1,,,,,,,,,,,,,,,
STG027296,MARKETING,MKT005994,DCL010049,PCL009981,unresolved_singleton,Unresolved,1,1,,,,,,MKT005994,,,,,,,,dwallis22@wanadoo.fr,,,SW1 2DX,,,,,dwallis22@wanadoo.fr,,,SW12DX,,,,,,,dwallis22@wanadoo.fr,,,SW1 2DX,,,,,,,,,,,,,,,,,,,2025-08-09,True,11,3,,,,,,,,,,,,,,,
STG027315,MARKETING,MKT006013,DCL010051,PCL009983,unresolved_singleton,Unresolved,1,1,,,,,,MKT006013,,,,,,,Roy_Taylor,roy.taylor@yahoo.com,,,BA1 4YI,,,,roytaylor,roy.taylor@yahoo.com,,,BA14YI,,,,,,,roy.taylor@yahoo.com,,,BA1 4YI,,,,,,,,,,,,,,,,,,Roy_Taylor,2025-08-10,False,7,0,,,,,,,,,,,,,,,
STG027318,MARKETING,MKT006016,DCL010052,PCL009984,unresolved_singleton,Unresolved,1,1,,,,,,MKT006016,,,,,,,Paige_Spencer,paige.spencer25@yahoo.com,,,TS1,,,,paigespencer,paige.spencer25@yahoo.com,,,TS1,,,,,,,paige.spencer25@yahoo.com,,,TS1,,,,,,,,,,,,,,,,,,Paige_Spencer,2025-08-10,True,2,0,,,,,,,,,,,,,,,
STG027332,MARKETING,MKT006030,DCL010054,PCL009986,unresolved_singleton,Unresolved,1,1,,,,,,MKT006030,,,,,,,Rachel_Dvies,rachel.davies@gmail.com,,,NW1,,,,racheldvies,rachel.davies@gmail.com,,,NW1,,,,,,,rachel.davies@gmail.com,,,NW1,,,,,,,,,,,,,,,,,,Rachel_Dvies,2025-08-11,True,3,2,,,,,,,,,,,,,,,
STG027340,MARKETING,MKT006038,DCL010055,PCL009987,unresolved_singleton,Unresolved,1,1,,,,,,MKT006038,,,,,,,Josephine_Harris,josephineharris19@wanadoo.fr,,,E1 0QD,,,,josephineharris,josephineharris19@wanadoo.fr,,,E10QD,,,,,,,josephineharris19@wanadoo.fr,,,E1 0QD,,,,,,,,,,,,,,,,,,Josephine_Harris,2025-08-11,True,8,2,,,,,,,,,,,,,,,
STG027343,MARKETING,MKT006041,DCL010056,PCL009988,unresolved_singleton,Unresolved,1,1,,,,,,MKT006041,,,,,,,,jean.collier@yahoo.com,,,PO1 4QG,,,,,jean.collier@yahoo.com,,,PO14QG,,,,,,,jean.collier@yahoo.com,,,PO1 4QG,,,,,,,,,,,,,,,,,,,2025-08-11,True,1,0,,,,,,,,,,,,,,,
STG027350,MARKETING,MKT006048,DCL010057,PCL009989,unresolved_singleton,Unresolved,1,1,,,,,,MKT006048,,,,,,,Paige_Spencer,paige.spencer2@gmail.com,,,TS1 0UV,,,,paigespencer,paige.spencer2@gmail.com,,,TS10UV,,,,,,,paige.spencer2@gmail.com,,,TS1 0UV,,,,,,,,,,,,,,,,,,Paige_Spencer,2025-08-11,True,5,0,,,,,,,,,,,,,,,
STG027413,MARKETING,MKT006111,DCL010061,PCL009993,unresolved_singleton,Unresolved,1,1,,,,,,MKT006111,,,,,,,Sean_Kay,sean.kay20@msn.com,,,LL11 7KY,,,,seankay,sean.kay20@msn.com,,,LL117KY,,,,,,,sean.kay20@msn.com,,,LL11 7KY,,,,,,,,,,,,,,,,,,Sean_Kay,2025-08-14,True,6,2,,,,,,,,,,,,,,,
STG027419,MARKETING,MKT006117,DCL010062,PCL009994,unresolved_singleton,Unresolved,1,1,,,,,,MKT006117,,,,,,,Abie_Holmes,abbie.holmes19@yahoo.com,,,YO1 8CF,,,,abieholmes,abbie.holmes19@yahoo.com,,,YO18CF,,,,,,,abbie.holmes19@yahoo.com,,,YO1 8CF,,,,,,,,,,,,,,,,,,Abie_Holmes,2025-08-14,False,5,1,,,,,,,,,,,,,,,
STG027432,MARKETING,MKT006130,DCL010064,PCL009996,unresolved_singleton,Unresolved,1,1,,,,,,MKT006130,,,,,,,,norman.bradley@hotmail.com,,,NW1,,,,,norman.bradley@hotmail.com,,,NW1,,,,,,,norman.bradley@hotmail.com,,,NW1,,,,,,,,,,,,,,,,,,,2025-08-14,True,5,1,,,,,,,,,,,,,,,
STG027441,MARKETING,MKT006139,DCL010065,PCL009997,unresolved_singleton,Unresolved,1,1,,,,,,MKT006139,,,,,,,Anne_Reynolds,anne.reynolds19@wanadoo.fr,,,BA1,,,,annereynolds,anne.reynolds19@wanadoo.fr,,,BA1,,,,,,,anne.reynolds19@wanadoo.fr,,,BA1,,,,,,,,,,,,,,,,,,Anne_Reynolds,2025-08-15,True,8,1,,,,,,,,,,,,,,,
STG027443,MARKETING,MKT006141,DCL010066,PCL009998,unresolved_singleton,Unresolved,1,1,,,,,,MKT006141,,,,,,,,laura.turnbull@hotmail.com,,,WR1 8IG,,,,,laura.turnbull@hotmail.com,,,WR18IG,,,,,,,laura.turnbull@hotmail.com,,,WR1 8IG,,,,,,,,,,,,,,,,,,,2025-08-15,False,7,1,,,,,,,,,,,,,,,
STG027452,MARKETING,MKT006150,DCL010067,PCL009999,unresolved_singleton,Unresolved,1,1,,,,,,MKT006150,,,,,,,David_Marshall,david.marshall20@orange.fr,,,S40 5ER,,,,davidmarshall,david.marshall20@orange.fr,,,S405ER,,,,,,,david.marshall20@orange.fr,,,S40 5ER,,,,,,,,,,,,,,,,,,David_Marshall,2025-08-15,True,10,3,,,,,,,,,,,,,,,
STG027453,MARKETING,MKT006151,DCL010068,PCL010000,unresolved_singleton,Unresolved,1,1,,,,,,MKT006151,,,,,,,Daniel_Clarke,dclarke19@hotmail.fr,,,EH1 6GR,,,,danielclarke,dclarke19@hotmail.fr,,,EH16GR,,,,,,,dclarke19@hotmail.fr,,,EH1 6GR,,,,,,,,,,,,,,,,,,Daniel_Clarke,2025-08-15,True,8,1,,,,,,,,,,,,,,,
STG027458,MARKETING,MKT006156,DCL010069,PCL010001,unresolved_singleton,Unresolved,1,1,,,,,,MKT006156,,,,,,,Holly_Pope,holly.pope19@wanadoo.fr,,,HG1,,,,hollypope,holly.pope19@wanadoo.fr,,,HG1,,,,,,,holly.pope19@wanadoo.fr,,,HG1,,,,,,,,,,,,,,,,,,Holly_Pope,2025-08-15,True,6,1,,,,,,,,,,,,,,,
STG027485,MARKETING,MKT006183,DCL010070,PCL010002,unresolved_singleton,Unresolved,1,1,,,,,,MKT006183,,,,,,,Melissa_Begum,melissa.begum@gmail.com,,,PE1,,,,melissabegum,melissa.begum@gmail.com,,,PE1,,,,,,,melissa.begum@gmail.com,,,PE1,,,,,,,,,,,,,,,,,,Melissa_Begum,2025-08-16,True,3,0,,,,,,,,,,,,,,,
STG027497,MARKETING,MKT006195,DCL010071,PCL010003,unresolved_singleton,Unresolved,1,1,,,,,,MKT006195,,,,,,,Katy_Stkes,katystokes23@yahoo.fr,,,PE1 1QL,,,,katystkes,katystokes23@yahoo.fr,,,PE11QL,,,,,,,katystokes23@yahoo.fr,,,PE1 1QL,,,,,,,,,,,,,,,,,,Katy_Stkes,2025-08-16,True,7,3,,,,,,,,,,,,,,,
STG027505,MARKETING,MKT006203,DCL010072,PCL010004,unresolved_singleton,Unresolved,1,1,,,,,,MKT006203,,,,,,,Stacey_Bidr,staceybird@yahoo.fr,,,WV1 7EZ,,,,staceybidr,staceybird@yahoo.fr,,,WV17EZ,,,,,,,staceybird@yahoo.fr,,,WV1 7EZ,,,,,,,,,,,,,,,,,,Stacey_Bidr,2025-08-16,True,9,3,,,,,,,,,,,,,,,
STG027524,MARKETING,MKT006222,DCL010073,PCL010005,unresolved_singleton,Unresolved,1,1,,,,,,MKT006222,,,,,,,Kirsty_Marshall,kirsty.marshall@hotmail.com,,,M1 5YL,,,,kirstymarshall,kirsty.marshall@hotmail.com,,,M15YL,,,,,,,kirsty.marshall@hotmail.com,,,M1 5YL,,,,,,,,,,,,,,,,,,Kirsty_Marshall,2025-08-17,True,4,0,,,,,,,,,,,,,,,
STG027526,MARKETING,MKT006224,DCL010074,PCL010006,unresolved_singleton,Unresolved,1,1,,,,,,MKT006224,,,,,,,Debra_Williams,debra.williams23@yahoo.fr,,,L1 1YT,,,,debrawilliams,debra.williams23@yahoo.fr,,,L11YT,,,,,,,debra.williams23@yahoo.fr,,,L1 1YT,,,,,,,,,,,,,,,,,,Debra_Williams,2025-08-17,True,3,0,,,,,,,,,,,,,,,
STG027527,MARKETING,MKT006225,DCL010075,PCL010007,unresolved_singleton,Unresolved,1,1,,,,,,MKT006225,,,,,,,Tna_Hawkins,tina.hawkins25@yahoo.fr,,,N1 0BK,,,,tnahawkins,tina.hawkins25@yahoo.fr,,,N10BK,,,,,,,tina.hawkins25@yahoo.fr,,,N1 0BK,,,,,,,,,,,,,,,,,,Tna_Hawkins,2025-08-17,True,5,1,,,,,,,,,,,,,,,
STG027562,MARKETING,MKT006260,DCL010078,PCL010009,unresolved_singleton,Unresolved,1,1,,,,,,MKT006260,,,,,,,Luke_Allen,luke.allen@gmail.com,,,NN1,,,,lukeallen,luke.allen@gmail.com,,,NN1,,,,,,,luke.allen@gmail.com,,,NN1,,,,,,,,,,,,,,,,,,Luke_Allen,2025-08-18,False,4,1,,,,,,,,,,,,,,,
STG027567,MARKETING,MKT006265,DCL010079,PCL010010,unresolved_singleton,Unresolved,1,1,,,,,,MKT006265,,,,,,,Leis_Garner,lewisgarner25@orange.fr,,,SO14 3CY,,,,leisgarner,lewisgarner25@orange.fr,,,SO143CY,,,,,,,lewisgarner25@orange.fr,,,SO14 3CY,,,,,,,,,,,,,,,,,,Leis_Garner,2025-08-18,True,2,1,,,,,,,,,,,,,,,
STG027622,MARKETING,MKT006320,DCL010083,PCL010014,unresolved_singleton,Unresolved,1,1,,,,,,MKT006320,,,,,,,Pauline_Sith,pauline.smith@wanadoo.fr,,,BN1,,,,paulinesith,pauline.smith@wanadoo.fr,,,BN1,,,,,,,pauline.smith@wanadoo.fr,,,BN1,,,,,,,,,,,,,,,,,,Pauline_Sith,2025-08-20,True,10,2,,,,,,,,,,,,,,,
STG027631,MARKETING,MKT006329,DCL010084,PCL010015,unresolved_singleton,Unresolved,1,1,,,,,,MKT006329,,,,,,,Alison_Burton,alisonburton24@hotmail.com,,,LL57 3ZA,,,,alisonburton,alisonburton24@hotmail.com,,,LL573ZA,,,,,,,alisonburton24@hotmail.com,,,LL57 3ZA,,,,,,,,,,,,,,,,,,Alison_Burton,2025-08-20,True,9,4,,,,,,,,,,,,,,,
STG027664,MARKETING,MKT006362,DCL010085,PCL010016,unresolved_singleton,Unresolved,1,1,,,,,,MKT006362,,,,,,,Daielle_Sharpe,daniellesharpe212@hotmail.com,,,BT27,,,,daiellesharpe,daniellesharpe212@hotmail.com,,,BT27,,,,,,,daniellesharpe212@hotmail.com,,,BT27,,,,,,,,,,,,,,,,,,Daielle_Sharpe,2025-08-21,True,11,3,,,,,,,,,,,,,,,
STG027671,MARKETING,MKT006369,DCL010086,PCL010017,unresolved_singleton,Unresolved,1,1,,,,,,MKT006369,,,,,,,Abigail_Miller,abigail.miller@hotmail.com,,,NP20 3LC,,,,abigailmiller,abigail.miller@hotmail.com,,,NP203LC,,,,,,,abigail.miller@hotmail.com,,,NP20 3LC,,,,,,,,,,,,,,,,,,Abigail_Miller,2025-08-21,True,3,0,,,,,,,,,,,,,,,
STG027678,MARKETING,MKT006376,DCL010087,PCL010018,unresolved_singleton,Unresolved,1,1,,,,,,MKT006376,,,,,,,,lee.smith@yahoo.com,,,SY1 9MW,,,,,lee.smith@yahoo.com,,,SY19MW,,,,,,,lee.smith@yahoo.com,,,SY1 9MW,,,,,,,,,,,,,,,,,,,2025-08-21,False,15,3,,,,,,,,,,,,,,,
STG027682,MARKETING,MKT006380,DCL010088,PCL010019,unresolved_singleton,Unresolved,1,1,,,,,,MKT006380,,,,,,,Joanne_Storey,jstorey25@aol.com,,,HU1,,,,joannestorey,jstorey25@aol.com,,,HU1,,,,,,,jstorey25@aol.com,,,HU1,,,,,,,,,,,,,,,,,,Joanne_Storey,2025-08-22,False,3,0,,,,,,,,,,,,,,,
STG027688,MARKETING,MKT006386,DCL010089,PCL010020,unresolved_singleton,Unresolved,1,1,,,,,,MKT006386,,,,,,,,derek.barber@hotmail.com,,,W1 0GT,,,,,derek.barber@hotmail.com,,,W10GT,,,,,,,derek.barber@hotmail.com,,,W1 0GT,,,,,,,,,,,,,,,,,,,2025-08-22,True,2,0,,,,,,,,,,,,,,,
STG027707,MARKETING,MKT006405,DCL010090,PCL010021,unresolved_singleton,Unresolved,1,1,,,,,,MKT006405,,,,,,,,naomi.simpson21@orange.fr,,,PO1 0CF,,,,,naomi.simpson21@orange.fr,,,PO10CF,,,,,,,naomi.simpson21@orange.fr,,,PO1 0CF,,,,,,,,,,,,,,,,,,,2025-08-22,True,7,1,,,,,,,,,,,,,,,
STG027720,MARKETING,MKT006418,DCL010091,PCL010022,unresolved_singleton,Unresolved,1,1,,,,,,MKT006418,,,,,,,Chelsea_Frost,chelsea.frost20@msn.com,,,AB10,,,,chelseafrost,chelsea.frost20@msn.com,,,AB10,,,,,,,chelsea.frost20@msn.com,,,AB10,,,,,,,,,,,,,,,,,,Chelsea_Frost,2025-08-23,True,8,3,,,,,,,,,,,,,,,
STG027780,MARKETING,MKT006478,DCL010093,PCL010024,unresolved_singleton,Unresolved,1,1,,,,,,MKT006478,,,,,,,Denis_Wright,deniswright@hotmail.fr,,,NW1 7JP,,,,deniswright,deniswright@hotmail.fr,,,NW17JP,,,,,,,deniswright@hotmail.fr,,,NW1 7JP,,,,,,,,,,,,,,,,,,Denis_Wright,2025-08-24,True,6,1,,,,,,,,,,,,,,,
STG027787,MARKETING,MKT006485,DCL010094,PCL010025,unresolved_singleton,Unresolved,1,1,,,,,,MKT006485,,,,,,,Jane_Singh,jane.singh@yahoo.com,,,IP1 2UZ,,,,janesingh,jane.singh@yahoo.com,,,IP12UZ,,,,,,,jane.singh@yahoo.com,,,IP1 2UZ,,,,,,,,,,,,,,,,,,Jane_Singh,2025-08-25,False,8,0,,,,,,,,,,,,,,,
STG027810,MARKETING,MKT006508,DCL010096,PCL010027,unresolved_singleton,Unresolved,1,1,,,,,,MKT006508,,,,,,,Jacob_Hunter,jacob.hunter@yahoo.com,,,NG1 1NH,,,,jacobhunter,jacob.hunter@yahoo.com,,,NG11NH,,,,,,,jacob.hunter@yahoo.com,,,NG1 1NH,,,,,,,,,,,,,,,,,,Jacob_Hunter,2025-08-26,False,3,0,,,,,,,,,,,,,,,
STG027811,MARKETING,MKT006509,DCL010097,PCL010028,unresolved_singleton,Unresolved,1,1,,,,,,MKT006509,,,,,,,Garry_Beson,gbenson24@aol.com,,,IV1 0AG,,,,garrybeson,gbenson24@aol.com,,,IV10AG,,,,,,,gbenson24@aol.com,,,IV1 0AG,,,,,,,,,,,,,,,,,,Garry_Beson,2025-08-26,True,3,0,,,,,,,,,,,,,,,
STG027820,MARKETING,MKT006518,DCL010098,PCL010029,unresolved_singleton,Unresolved,1,1,,,,,,MKT006518,,,,,,,,lisabrown23@hotmail.fr,,,NW1 9SI,,,,,lisabrown23@hotmail.fr,,,NW19SI,,,,,,,lisabrown23@hotmail.fr,,,NW1 9SI,,,,,,,,,,,,,,,,,,,2025-08-26,True,4,1,,,,,,,,,,,,,,,
STG027822,MARKETING,MKT006520,DCL010099,PCL010030,unresolved_singleton,Unresolved,1,1,,,,,,MKT006520,,,,,,,Grace_Barnett,gracebarnett18@yahoo.fr,,,NW1,,,,gracebarnett,gracebarnett18@yahoo.fr,,,NW1,,,,,,,gracebarnett18@yahoo.fr,,,NW1,,,,,,,,,,,,,,,,,,Grace_Barnett,2025-08-26,True,5,1,,,,,,,,,,,,,,,
STG027836,MARKETING,MKT006534,DCL010100,PCL010031,unresolved_singleton,Unresolved,1,1,,,,,,MKT006534,,,,,,,Tom_Marshall,tommarshall20@hotmail.co.uk,,,HU1 4AX,,,,tommarshall,tommarshall20@hotmail.co.uk,,,HU14AX,,,,,,,tommarshall20@hotmail.co.uk,,,HU1 4AX,,,,,,,,,,,,,,,,,,Tom_Marshall,2025-08-26,True,6,3,,,,,,,,,,,,,,,
STG027863,MARKETING,MKT006561,DCL010102,PCL010033,unresolved_singleton,Unresolved,1,1,,,,,,MKT006561,,,,,,,Declan_Rahmn,declan.rahman@gmail.com,,,SO14 4XD,,,,declanrahmn,declan.rahman@gmail.com,,,SO144XD,,,,,,,declan.rahman@gmail.com,,,SO14 4XD,,,,,,,,,,,,,,,,,,Declan_Rahmn,2025-08-27,False,4,0,,,,,,,,,,,,,,,
STG027868,MARKETING,MKT006566,DCL010103,PCL010034,unresolved_singleton,Unresolved,1,1,,,,,,MKT006566,,,,,,,Marian_Randall,marianrandall21@gmail.com,,,BS1 7WP,,,,marianrandall,marianrandall21@gmail.com,,,BS17WP,,,,,,,marianrandall21@gmail.com,,,BS1 7WP,,,,,,,,,,,,,,,,,,Marian_Randall,2025-08-27,False,5,1,,,,,,,,,,,,,,,
STG027870,MARKETING,MKT006568,DCL010104,PCL010035,unresolved_singleton,Unresolved,1,1,,,,,,MKT006568,,,,,,,Stephen_Thomas,stephenthomas@msn.com,,,DL1 9UL,,,,stephenthomas,stephenthomas@msn.com,,,DL19UL,,,,,,,stephenthomas@msn.com,,,DL1 9UL,,,,,,,,,,,,,,,,,,Stephen_Thomas,2025-08-27,False,10,2,,,,,,,,,,,,,,,
STG027874,MARKETING,MKT006572,DCL010105,PCL010036,unresolved_singleton,Unresolved,1,1,,,,,,MKT006572,,,,,,,Lawrence_Brown,lawrencebrown18@yahoo.fr,,,CB1 7SQ,,,,lawrencebrown,lawrencebrown18@yahoo.fr,,,CB17SQ,,,,,,,lawrencebrown18@yahoo.fr,,,CB1 7SQ,,,,,,,,,,,,,,,,,,Lawrence_Brown,2025-08-28,True,6,0,,,,,,,,,,,,,,,
STG027875,MARKETING,MKT006573,DCL010106,PCL010037,unresolved_singleton,Unresolved,1,1,,,,,,MKT006573,,,,,,,,robin.sanderson@hotmail.com,,,SY1 4NH,,,,,robin.sanderson@hotmail.com,,,SY14NH,,,,,,,robin.sanderson@hotmail.com,,,SY1 4NH,,,,,,,,,,,,,,,,,,,2025-08-28,False,4,0,,,,,,,,,,,,,,,
STG027900,MARKETING,MKT006598,DCL010107,PCL010038,unresolved_singleton,Unresolved,1,1,,,,,,MKT006598,,,,,,,,lucy.fraser@hotmail.com,,,LN1 8PN,,,,,lucy.fraser@hotmail.com,,,LN18PN,,,,,,,lucy.fraser@hotmail.com,,,LN1 8PN,,,,,,,,,,,,,,,,,,,2025-08-29,False,3,0,,,,,,,,,,,,,,,
STG027909,MARKETING,MKT006607,DCL010108,PCL010039,unresolved_singleton,Unresolved,1,1,,,,,,MKT006607,,,,,,,Rachael_Taylor,rachael.taylor@yahoo.com,,,PR1 9NK,,,,rachaeltaylor,rachael.taylor@yahoo.com,,,PR19NK,,,,,,,rachael.taylor@yahoo.com,,,PR1 9NK,,,,,,,,,,,,,,,,,,Rachael_Taylor,2025-08-29,True,2,0,,,,,,,,,,,,,,,
STG027932,MARKETING,MKT006630,DCL010109,PCL010040,unresolved_singleton,Unresolved,1,1,,,,,,MKT006630,,,,,,,Abigail_Walker,abigail.walker@gmail.com,,,BT48 6CD,,,,abigailwalker,abigail.walker@gmail.com,,,BT486CD,,,,,,,abigail.walker@gmail.com,,,BT48 6CD,,,,,,,,,,,,,,,,,,Abigail_Walker,2025-08-29,True,7,0,,,,,,,,,,,,,,,
STG027938,MARKETING,MKT006636,DCL010110,PCL010041,unresolved_singleton,Unresolved,1,1,,,,,,MKT006636,,,,,,,Jenna_Knight,jennaknight@aol.com,,,E1 1XT,,,,jennaknight,jennaknight@aol.com,,,E11XT,,,,,,,jennaknight@aol.com,,,E1 1XT,,,,,,,,,,,,,,,,,,Jenna_Knight,2025-08-30,True,13,5,,,,,,,,,,,,,,,
STG027965,MARKETING,MKT006663,DCL010113,PCL010043,unresolved_singleton,Unresolved,1,1,,,,,,MKT006663,,,,,,,,stephen.hussain@wanadoo.fr,,,DE1 2WK,,,,,stephen.hussain@wanadoo.fr,,,DE12WK,,,,,,,stephen.hussain@wanadoo.fr,,,DE1 2WK,,,,,,,,,,,,,,,,,,,2025-08-30,True,2,2,,,,,,,,,,,,,,,
STG027999,MARKETING,MKT006697,DCL010116,PCL010046,unresolved_singleton,Unresolved,1,1,,,,,,MKT006697,,,,,,,ruce_Roberts,bruceroberts@hotmail.co.uk,,,N1 5XF,,,,ruceroberts,bruceroberts@hotmail.co.uk,,,N15XF,,,,,,,bruceroberts@hotmail.co.uk,,,N1 5XF,,,,,,,,,,,,,,,,,,ruce_Roberts,2025-08-31,False,2,0,,,,,,,,,,,,,,,
STG028009,MARKETING,MKT006707,DCL010117,PCL010047,unresolved_singleton,Unresolved,1,1,,,,,,MKT006707,,,,,,,Jodie_Coatse,jodie.coates@hotmail.com,,,DE1 0WJ,,,,jodiecoatse,jodie.coates@hotmail.com,,,DE10WJ,,,,,,,jodie.coates@hotmail.com,,,DE1 0WJ,,,,,,,,,,,,,,,,,,Jodie_Coatse,2025-08-31,True,3,1,,,,,,,,,,,,,,,
STG028078,MARKETING,MKT006776,DCL010118,PCL010048,unresolved_singleton,Unresolved,1,1,,,,,,MKT006776,,,,,,,David_Jackson,djackson23@yahoo.fr,,,SE1 7YI,,,,davidjackson,djackson23@yahoo.fr,,,SE17YI,,,,,,,djackson23@yahoo.fr,,,SE1 7YI,,,,,,,,,,,,,,,,,,David_Jackson,2025-09-02,False,6,1,,,,,,,,,,,,,,,
STG028083,MARKETING,MKT006781,DCL010119,PCL010049,unresolved_singleton,Unresolved,1,1,,,,,,MKT006781,,,,,,,,ann.ross@yahoo.com,,,M1 8LY,,,,,ann.ross@yahoo.com,,,M18LY,,,,,,,ann.ross@yahoo.com,,,M1 8LY,,,,,,,,,,,,,,,,,,,2025-09-02,True,7,0,,,,,,,,,,,,,,,
STG028094,MARKETING,MKT006792,DCL010120,PCL010050,unresolved_singleton,Unresolved,1,1,,,,,,MKT006792,,,,,,,Joanna_Bray,jbray22@wanadoo.fr,,,L1 7TB,,,,joannabray,jbray22@wanadoo.fr,,,L17TB,,,,,,,jbray22@wanadoo.fr,,,L1 7TB,,,,,,,,,,,,,,,,,,Joanna_Bray,2025-09-03,True,4,2,,,,,,,,,,,,,,,
STG028135,MARKETING,MKT006833,DCL010123,PCL010052,unresolved_singleton,Unresolved,1,1,,,,,,MKT006833,,,,,,,Patricia_Barker,patriciabarker@hotmail.co.uk,,,BN1 6IF,,,,patriciabarker,patriciabarker@hotmail.co.uk,,,BN16IF,,,,,,,patriciabarker@hotmail.co.uk,,,BN1 6IF,,,,,,,,,,,,,,,,,,Patricia_Barker,2025-09-04,True,7,3,,,,,,,,,,,,,,,
STG028147,MARKETING,MKT006845,DCL010124,PCL010053,unresolved_singleton,Unresolved,1,1,,,,,,MKT006845,,,,,,,Holly_Black,holly.black@yahoo.fr,,,YO1 6PR,,,,hollyblack,holly.black@yahoo.fr,,,YO16PR,,,,,,,holly.black@yahoo.fr,,,YO1 6PR,,,,,,,,,,,,,,,,,,Holly_Black,2025-09-05,False,2,2,,,,,,,,,,,,,,,
STG028154,MARKETING,MKT006852,DCL010125,PCL010054,unresolved_singleton,Unresolved,1,1,,,,,,MKT006852,,,,,,,Marcus_Mason,marcus.mason@hotmail.com,,,E1 5UM,,,,marcusmason,marcus.mason@hotmail.com,,,E15UM,,,,,,,marcus.mason@hotmail.com,,,E1 5UM,,,,,,,,,,,,,,,,,,Marcus_Mason,2025-09-05,True,5,3,,,,,,,,,,,,,,,
STG028198,MARKETING,MKT006896,DCL010126,PCL010055,unresolved_singleton,Unresolved,1,1,,,,,,MKT006896,,,,,,,,brett.ryan@gmail.com,,,M1 5PS,,,,,brett.ryan@gmail.com,,,M15PS,,,,,,,brett.ryan@gmail.com,,,M1 5PS,,,,,,,,,,,,,,,,,,,2025-09-06,False,5,1,,,,,,,,,,,,,,,
STG028202,MARKETING,MKT006900,DCL010127,PCL010056,unresolved_singleton,Unresolved,1,1,,,,,,MKT006900,,,,,,,,gavinparker@orange.fr,,,NW1 3EG,,,,,gavinparker@orange.fr,,,NW13EG,,,,,,,gavinparker@orange.fr,,,NW1 3EG,,,,,,,,,,,,,,,,,,,2025-09-06,True,11,5,,,,,,,,,,,,,,,
STG028217,MARKETING,MKT006915,DCL010129,PCL010058,unresolved_singleton,Unresolved,1,1,,,,,,MKT006915,,,,,,,Clive_Goddard,cgoddard24@wanadoo.fr,,,WV1 3ZK,,,,clivegoddard,cgoddard24@wanadoo.fr,,,WV13ZK,,,,,,,cgoddard24@wanadoo.fr,,,WV1 3ZK,,,,,,,,,,,,,,,,,,Clive_Goddard,2025-09-07,True,1,0,,,,,,,,,,,,,,,
STG028220,MARKETING,MKT006918,DCL010130,PCL010059,unresolved_singleton,Unresolved,1,1,,,,,,MKT006918,,,,,,,,bryan.burns@aol.com,,,SY1,,,,,bryan.burns@aol.com,,,SY1,,,,,,,bryan.burns@aol.com,,,SY1,,,,,,,,,,,,,,,,,,,2025-09-07,True,9,6,,,,,,,,,,,,,,,
STG028249,MARKETING,MKT006947,DCL010131,PCL010060,unresolved_singleton,Unresolved,1,1,,,,,,MKT006947,,,,,,,Liam_James,liam.james@yahoo.com,,,BT27 5TL,,,,liamjames,liam.james@yahoo.com,,,BT275TL,,,,,,,liam.james@yahoo.com,,,BT27 5TL,,,,,,,,,,,,,,,,,,Liam_James,2025-09-08,False,2,0,,,,,,,,,,,,,,,
STG028251,MARKETING,MKT006949,DCL010132,PCL010061,unresolved_singleton,Unresolved,1,1,,,,,,MKT006949,,,,,,,Antony_Gordon,agordon25@hotmail.co.uk,,,E1 9XP,,,,antonygordon,agordon25@hotmail.co.uk,,,E19XP,,,,,,,agordon25@hotmail.co.uk,,,E1 9XP,,,,,,,,,,,,,,,,,,Antony_Gordon,2025-09-08,True,4,0,,,,,,,,,,,,,,,
STG028285,MARKETING,MKT006983,DCL010133,PCL010062,unresolved_singleton,Unresolved,1,1,,,,,,MKT006983,,,,,,,Hilary_Stevens,hilary.stevens23@hotmail.fr,,,NN1 6TY,,,,hilarystevens,hilary.stevens23@hotmail.fr,,,NN16TY,,,,,,,hilary.stevens23@hotmail.fr,,,NN1 6TY,,,,,,,,,,,,,,,,,,Hilary_Stevens,2025-09-09,True,11,3,,,,,,,,,,,,,,,
STG028303,MARKETING,MKT007001,DCL010134,PCL010063,unresolved_singleton,Unresolved,1,1,,,,,,MKT007001,,,,,,,Cameron_Humphreys,chumphreys20@hotmail.fr,,,EH1 4NI,,,,cameronhumphreys,chumphreys20@hotmail.fr,,,EH14NI,,,,,,,chumphreys20@hotmail.fr,,,EH1 4NI,,,,,,,,,,,,,,,,,,Cameron_Humphreys,2025-09-10,True,4,2,,,,,,,,,,,,,,,
STG028314,MARKETING,MKT007012,DCL010136,PCL010064,unresolved_singleton,Unresolved,1,1,,,,,,MKT007012,,,,,,,,stewart.brown@gmail.com,,,NN1 4SU,,,,,stewart.brown@gmail.com,,,NN14SU,,,,,,,stewart.brown@gmail.com,,,NN1 4SU,,,,,,,,,,,,,,,,,,,2025-09-10,True,2,0,,,,,,,,,,,,,,,
STG028355,MARKETING,MKT007053,DCL010137,PCL010065,unresolved_singleton,Unresolved,1,1,,,,,,MKT007053,,,,,,,Davdi_Walsh,davidwalsh@aol.com,,,SR1 2SA,,,,davdiwalsh,davidwalsh@aol.com,,,SR12SA,,,,,,,davidwalsh@aol.com,,,SR1 2SA,,,,,,,,,,,,,,,,,,Davdi_Walsh,2025-09-11,True,2,0,,,,,,,,,,,,,,,
STG028358,MARKETING,MKT007056,DCL010138,PCL010066,unresolved_singleton,Unresolved,1,1,,,,,,MKT007056,,,,,,,Julia_Bolton,julia.bolton21@msn.com,,,PE1 7RD,,,,juliabolton,julia.bolton21@msn.com,,,PE17RD,,,,,,,julia.bolton21@msn.com,,,PE1 7RD,,,,,,,,,,,,,,,,,,Julia_Bolton,2025-09-11,True,4,0,,,,,,,,,,,,,,,
STG028382,MARKETING,MKT007080,DCL010139,PCL010067,unresolved_singleton,Unresolved,1,1,,,,,,MKT007080,,,,,,,Sara_Humphries,sara.humphries@hotmail.com,,,GL1 4KQ,,,,sarahumphries,sara.humphries@hotmail.com,,,GL14KQ,,,,,,,sara.humphries@hotmail.com,,,GL1 4KQ,,,,,,,,,,,,,,,,,,Sara_Humphries,2025-09-12,False,5,1,,,,,,,,,,,,,,,
STG028400,MARKETING,MKT007098,DCL010142,PCL010070,unresolved_singleton,Unresolved,1,1,,,,,,MKT007098,,,,,,,Beth_Ellis,bethellis@hotmail.co.uk,,,WR1 9KR,,,,bethellis,bethellis@hotmail.co.uk,,,WR19KR,,,,,,,bethellis@hotmail.co.uk,,,WR1 9KR,,,,,,,,,,,,,,,,,,Beth_Ellis,2025-09-13,False,12,1,,,,,,,,,,,,,,,
STG028402,MARKETING,MKT007100,DCL010143,PCL010071,unresolved_singleton,Unresolved,1,1,,,,,,MKT007100,,,,,,,Gail_Hargreaves,gail.hargreaves@gmail.com,,,SE1 9YY,,,,gailhargreaves,gail.hargreaves@gmail.com,,,SE19YY,,,,,,,gail.hargreaves@gmail.com,,,SE1 9YY,,,,,,,,,,,,,,,,,,Gail_Hargreaves,2025-09-13,True,0,0,,,,,,,,,,,,,,,
STG028404,MARKETING,MKT007102,DCL010144,PCL010072,unresolved_singleton,Unresolved,1,1,,,,,,MKT007102,,,,,,,iLam_Wright,liamwright@aol.com,,,AB10 1LC,,,,ilamwright,liamwright@aol.com,,,AB101LC,,,,,,,liamwright@aol.com,,,AB10 1LC,,,,,,,,,,,,,,,,,,iLam_Wright,2025-09-13,True,7,1,,,,,,,,,,,,,,,
STG028415,MARKETING,MKT007113,DCL010145,PCL010073,unresolved_singleton,Unresolved,1,1,,,,,,MKT007113,,,,,,,Ben_Gardiner,ben.gardiner@hotmail.com,,,CA1 1NG,,,,bengardiner,ben.gardiner@hotmail.com,,,CA11NG,,,,,,,ben.gardiner@hotmail.com,,,CA1 1NG,,,,,,,,,,,,,,,,,,Ben_Gardiner,2025-09-14,True,4,1,,,,,,,,,,,,,,,
STG028419,MARKETING,MKT007117,DCL010147,PCL010074,unresolved_singleton,Unresolved,1,1,,,,,,MKT007117,,,,,,,,lynda.west@gmail.com,,,S1 2GT,,,,,lynda.west@gmail.com,,,S12GT,,,,,,,lynda.west@gmail.com,,,S1 2GT,,,,,,,,,,,,,,,,,,,2025-09-14,True,7,2,,,,,,,,,,,,,,,
STG028425,MARKETING,MKT007123,DCL010148,PCL010075,unresolved_singleton,Unresolved,1,1,,,,,,MKT007123,,,,,,,Bethan_Perry,bethan.perry@yahoo.com,,,GU1 4AS,,,,bethanperry,bethan.perry@yahoo.com,,,GU14AS,,,,,,,bethan.perry@yahoo.com,,,GU1 4AS,,,,,,,,,,,,,,,,,,Bethan_Perry,2025-09-14,False,1,1,,,,,,,,,,,,,,,
STG028446,MARKETING,MKT007144,DCL010149,PCL010076,unresolved_singleton,Unresolved,1,1,,,,,,MKT007144,,,,,,,Anthony_Shaw,anthonyshaw25@orange.fr,,,AB10 8SP,,,,anthonyshaw,anthonyshaw25@orange.fr,,,AB108SP,,,,,,,anthonyshaw25@orange.fr,,,AB10 8SP,,,,,,,,,,,,,,,,,,Anthony_Shaw,2025-09-15,False,2,1,,,,,,,,,,,,,,,
STG028468,MARKETING,MKT007166,DCL010150,PCL010077,unresolved_singleton,Unresolved,1,1,,,,,,MKT007166,,,,,,,Laura_Turnbull,lturnbull20@hotmail.co.uk,,,WR1 8IG,,,,lauraturnbull,lturnbull20@hotmail.co.uk,,,WR18IG,,,,,,,lturnbull20@hotmail.co.uk,,,WR1 8IG,,,,,,,,,,,,,,,,,,Laura_Turnbull,2025-09-15,True,4,2,,,,,,,,,,,,,,,
STG028513,MARKETING,MKT007211,DCL010152,PCL010079,unresolved_singleton,Unresolved,1,1,,,,,,MKT007211,,,,,,,Lucy_Pearce,lucy.pearce@hotmail.com,,,LL57 5RT,,,,lucypearce,lucy.pearce@hotmail.com,,,LL575RT,,,,,,,lucy.pearce@hotmail.com,,,LL57 5RT,,,,,,,,,,,,,,,,,,Lucy_Pearce,2025-09-16,False,4,1,,,,,,,,,,,,,,,
STG028549,MARKETING,MKT007247,DCL010153,PCL010080,unresolved_singleton,Unresolved,1,1,,,,,,MKT007247,,,,,,,Leanne_Morley,leanne.morley@hotmail.com,,,M1,,,,leannemorley,leanne.morley@hotmail.com,,,M1,,,,,,,leanne.morley@hotmail.com,,,M1,,,,,,,,,,,,,,,,,,Leanne_Morley,2025-09-17,False,7,3,,,,,,,,,,,,,,,
STG028621,MARKETING,MKT007319,DCL010154,PCL010081,unresolved_singleton,Unresolved,1,1,,,,,,MKT007319,,,,,,,Megan_Jenkins,megan.jenkins@gmail.com,,,N1 0GW,,,,meganjenkins,megan.jenkins@gmail.com,,,N10GW,,,,,,,megan.jenkins@gmail.com,,,N1 0GW,,,,,,,,,,,,,,,,,,Megan_Jenkins,2025-09-20,True,2,0,,,,,,,,,,,,,,,
STG028637,MARKETING,MKT007335,DCL010155,PCL010082,unresolved_singleton,Unresolved,1,1,,,,,,MKT007335,,,,,,,Rosemary_Saunders,rosemary.saunders@gmail.com,,,NG1 0QF,,,,rosemarysaunders,rosemary.saunders@gmail.com,,,NG10QF,,,,,,,rosemary.saunders@gmail.com,,,NG1 0QF,,,,,,,,,,,,,,,,,,Rosemary_Saunders,2025-09-20,True,1,0,,,,,,,,,,,,,,,
STG028651,MARKETING,MKT007349,DCL010156,PCL010083,unresolved_singleton,Unresolved,1,1,,,,,,MKT007349,,,,,,,,josephinewilliams@yahoo.fr,,,NP20 5HA,,,,,josephinewilliams@yahoo.fr,,,NP205HA,,,,,,,josephinewilliams@yahoo.fr,,,NP20 5HA,,,,,,,,,,,,,,,,,,,2025-09-21,False,2,1,,,,,,,,,,,,,,,
STG028653,MARKETING,MKT007351,DCL010157,PCL010084,unresolved_singleton,Unresolved,1,1,,,,,,MKT007351,,,,,,,Tina_Booth,tina.booth@hotmail.com,,,BN1 4GO,,,,tinabooth,tina.booth@hotmail.com,,,BN14GO,,,,,,,tina.booth@hotmail.com,,,BN1 4GO,,,,,,,,,,,,,,,,,,Tina_Booth,2025-09-21,False,4,0,,,,,,,,,,,,,,,
STG028669,MARKETING,MKT007367,DCL010158,PCL010085,unresolved_singleton,Unresolved,1,1,,,,,,MKT007367,,,,,,,Christopher_Peacock,christopherpeacock19@hotmail.fr,,,SY1 5YP,,,,christopherpeacock,christopherpeacock19@hotmail.fr,,,SY15YP,,,,,,,christopherpeacock19@hotmail.fr,,,SY1 5YP,,,,,,,,,,,,,,,,,,Christopher_Peacock,2025-09-21,True,8,0,,,,,,,,,,,,,,,
STG028684,MARKETING,MKT007382,DCL010159,PCL010086,unresolved_singleton,Unresolved,1,1,,,,,,MKT007382,,,,,,,Lauren_Jones,laurenjones@yahoo.fr,,,WV1 0SD,,,,laurenjones,laurenjones@yahoo.fr,,,WV10SD,,,,,,,laurenjones@yahoo.fr,,,WV1 0SD,,,,,,,,,,,,,,,,,,Lauren_Jones,2025-09-21,True,1,0,,,,,,,,,,,,,,,
STG028724,MARKETING,MKT007422,DCL010160,PCL010087,unresolved_singleton,Unresolved,1,1,,,,,,MKT007422,,,,,,,Lynne_urns,lynne.burns@aol.com,,,ST1 3IN,,,,lynneurns,lynne.burns@aol.com,,,ST13IN,,,,,,,lynne.burns@aol.com,,,ST1 3IN,,,,,,,,,,,,,,,,,,Lynne_urns,2025-09-23,False,4,1,,,,,,,,,,,,,,,
STG028734,MARKETING,MKT007432,DCL010161,PCL010088,unresolved_singleton,Unresolved,1,1,,,,,,MKT007432,,,,,,,Judith_Taylor,judithtaylor25@gmail.com,,,NR1 4UK,,,,judithtaylor,judithtaylor25@gmail.com,,,NR14UK,,,,,,,judithtaylor25@gmail.com,,,NR1 4UK,,,,,,,,,,,,,,,,,,Judith_Taylor,2025-09-23,True,8,1,,,,,,,,,,,,,,,
STG028737,MARKETING,MKT007435,DCL010162,PCL010089,unresolved_singleton,Unresolved,1,1,,,,,,MKT007435,,,,,,,Gemma_Wesbter,gemma.webster@yahoo.com,,,IP1 3PU,,,,gemmawesbter,gemma.webster@yahoo.com,,,IP13PU,,,,,,,gemma.webster@yahoo.com,,,IP1 3PU,,,,,,,,,,,,,,,,,,Gemma_Wesbter,2025-09-23,True,5,0,,,,,,,,,,,,,,,
STG028753,MARKETING,MKT007451,DCL010164,PCL010091,unresolved_singleton,Unresolved,1,1,,,,,,MKT007451,,,,,,,Donald_Dobson,donalddobson24@orange.fr,,,L1 8QU,,,,donalddobson,donalddobson24@orange.fr,,,L18QU,,,,,,,donalddobson24@orange.fr,,,L1 8QU,,,,,,,,,,,,,,,,,,Donald_Dobson,2025-09-24,False,4,1,,,,,,,,,,,,,,,
STG028822,MARKETING,MKT007520,DCL010165,PCL010092,unresolved_singleton,Unresolved,1,1,,,,,,MKT007520,,,,,,,Natasha_Brown,natasha.brown23@orange.fr,,,GU1 9JE,,,,natashabrown,natasha.brown23@orange.fr,,,GU19JE,,,,,,,natasha.brown23@orange.fr,,,GU1 9JE,,,,,,,,,,,,,,,,,,Natasha_Brown,2025-09-25,False,3,1,,,,,,,,,,,,,,,
STG028825,MARKETING,MKT007523,DCL010166,PCL010093,unresolved_singleton,Unresolved,1,1,,,,,,MKT007523,,,,,,,Peter_Hudsno,phudson25@yahoo.com,,,PR1 5IL,,,,peterhudsno,phudson25@yahoo.com,,,PR15IL,,,,,,,phudson25@yahoo.com,,,PR1 5IL,,,,,,,,,,,,,,,,,,Peter_Hudsno,2025-09-25,True,6,2,,,,,,,,,,,,,,,
STG028828,MARKETING,MKT007526,DCL010167,PCL010094,unresolved_singleton,Unresolved,1,1,,,,,,MKT007526,,,,,,,Maurice_Baldwin,maurice.baldwin@gmail.com,,,OX1 4GD,,,,mauricebaldwin,maurice.baldwin@gmail.com,,,OX14GD,,,,,,,maurice.baldwin@gmail.com,,,OX1 4GD,,,,,,,,,,,,,,,,,,Maurice_Baldwin,2025-09-25,True,4,0,,,,,,,,,,,,,,,
STG028837,MARKETING,MKT007535,DCL010169,PCL010095,unresolved_singleton,Unresolved,1,1,,,,,,MKT007535,,,,,,,Damien_O'Sullivan,damien.osullivan@yahoo.com,,,NG1 9BI,,,,damienosullivan,damien.osullivan@yahoo.com,,,NG19BI,,,,,,,damien.osullivan@yahoo.com,,,NG1 9BI,,,,,,,,,,,,,,,,,,Damien_O'Sullivan,2025-09-26,True,4,1,,,,,,,,,,,,,,,
STG028849,MARKETING,MKT007547,DCL010170,PCL010096,unresolved_singleton,Unresolved,1,1,,,,,,MKT007547,,,,,,,Norman_Cameron,ncameron25@yahoo.com,,,BN1,,,,normancameron,ncameron25@yahoo.com,,,BN1,,,,,,,ncameron25@yahoo.com,,,BN1,,,,,,,,,,,,,,,,,,Norman_Cameron,2025-09-26,True,3,0,,,,,,,,,,,,,,,
STG028892,MARKETING,MKT007590,DCL010171,PCL010097,unresolved_singleton,Unresolved,1,1,,,,,,MKT007590,,,,,,,Joyce_Green,joycegreen@aol.com,,,LU1 3JA,,,,joycegreen,joycegreen@aol.com,,,LU13JA,,,,,,,joycegreen@aol.com,,,LU1 3JA,,,,,,,,,,,,,,,,,,Joyce_Green,2025-09-27,False,10,0,,,,,,,,,,,,,,,
STG028905,MARKETING,MKT007603,DCL010172,PCL010098,unresolved_singleton,Unresolved,1,1,,,,,,MKT007603,,,,,,,Roger_Parker,rogerparker@orange.fr,,,PE1 6XN,,,,rogerparker,rogerparker@orange.fr,,,PE16XN,,,,,,,rogerparker@orange.fr,,,PE1 6XN,,,,,,,,,,,,,,,,,,Roger_Parker,2025-09-28,False,1,1,,,,,,,,,,,,,,,
STG028949,MARKETING,MKT007647,DCL010175,PCL010101,unresolved_singleton,Unresolved,1,1,,,,,,MKT007647,,,,,,,,daniel.lewis@gmail.com,,,GU1 1CG,,,,,daniel.lewis@gmail.com,,,GU11CG,,,,,,,daniel.lewis@gmail.com,,,GU1 1CG,,,,,,,,,,,,,,,,,,,2025-09-29,False,4,3,,,,,,,,,,,,,,,
STG028957,MARKETING,MKT007655,DCL010176,PCL010102,unresolved_singleton,Unresolved,1,1,,,,,,MKT007655,,,,,,,,aaron.brady@orange.fr,,,GU1 5KP,,,,,aaron.brady@orange.fr,,,GU15KP,,,,,,,aaron.brady@orange.fr,,,GU1 5KP,,,,,,,,,,,,,,,,,,,2025-09-29,True,8,3,,,,,,,,,,,,,,,
STG028993,MARKETING,MKT007691,DCL010177,PCL010103,unresolved_singleton,Unresolved,1,1,,,,,,MKT007691,,,,,,,Justin_May,justin.may22@yahoo.com,,,PO1 7IN,,,,justinmay,justin.may22@yahoo.com,,,PO17IN,,,,,,,justin.may22@yahoo.com,,,PO1 7IN,,,,,,,,,,,,,,,,,,Justin_May,2025-09-30,True,6,0,,,,,,,,,,,,,,,
STG029034,MARKETING,MKT007732,DCL010178,PCL010104,unresolved_singleton,Unresolved,1,1,,,,,,MKT007732,,,,,,,Jean_Brown,jeanbrown25@yahoo.com,,,SW1,,,,jeanbrown,jeanbrown25@yahoo.com,,,SW1,,,,,,,jeanbrown25@yahoo.com,,,SW1,,,,,,,,,,,,,,,,,,Jean_Brown,2025-10-01,True,7,2,,,,,,,,,,,,,,,
STG029039,MARKETING,MKT007737,DCL010179,PCL010105,unresolved_singleton,Unresolved,1,1,,,,,,MKT007737,,,,,,,,paige.wood@yahoo.com,,,W1 7OP,,,,,paige.wood@yahoo.com,,,W17OP,,,,,,,paige.wood@yahoo.com,,,W1 7OP,,,,,,,,,,,,,,,,,,,2025-10-01,False,3,0,,,,,,,,,,,,,,,
STG029041,MARKETING,MKT007739,DCL010180,PCL010106,unresolved_singleton,Unresolved,1,1,,,,,,MKT007739,,,,,,,yRan_Brooks,ryan.brooks25@gmail.com,,,YO1 1FR,,,,yranbrooks,ryan.brooks25@gmail.com,,,YO11FR,,,,,,,ryan.brooks25@gmail.com,,,YO1 1FR,,,,,,,,,,,,,,,,,,yRan_Brooks,2025-10-01,True,3,0,,,,,,,,,,,,,,,
STG029058,MARKETING,MKT007756,DCL010181,PCL010107,unresolved_singleton,Unresolved,1,1,,,,,,MKT007756,,,,,,,Leah_King,leah.king25@orange.fr,,,NW1,,,,leahking,leah.king25@orange.fr,,,NW1,,,,,,,leah.king25@orange.fr,,,NW1,,,,,,,,,,,,,,,,,,Leah_King,2025-10-02,True,4,0,,,,,,,,,,,,,,,
STG029059,MARKETING,MKT007757,DCL010182,PCL010108,unresolved_singleton,Unresolved,1,1,,,,,,MKT007757,,,,,,,Maurice_Russell,maurice.russell@aol.com,,,LL11 8ZI,,,,mauricerussell,maurice.russell@aol.com,,,LL118ZI,,,,,,,maurice.russell@aol.com,,,LL11 8ZI,,,,,,,,,,,,,,,,,,Maurice_Russell,2025-10-02,True,9,4,,,,,,,,,,,,,,,
STG029062,MARKETING,MKT007760,DCL010184,PCL010110,unresolved_singleton,Unresolved,1,1,,,,,,MKT007760,,,,,,,uSzanne_Roberts,sroberts22@hotmail.co.uk,,,DD1 8OT,,,,uszanneroberts,sroberts22@hotmail.co.uk,,,DD18OT,,,,,,,sroberts22@hotmail.co.uk,,,DD1 8OT,,,,,,,,,,,,,,,,,,uSzanne_Roberts,2025-10-02,True,3,1,,,,,,,,,,,,,,,
STG029116,MARKETING,MKT007814,DCL010186,PCL010112,unresolved_singleton,Unresolved,1,1,,,,,,MKT007814,,,,,,,Carl_Edwards,carl.edwards@yahoo.com,,,BT34 7NV,,,,carledwards,carl.edwards@yahoo.com,,,BT347NV,,,,,,,carl.edwards@yahoo.com,,,BT34 7NV,,,,,,,,,,,,,,,,,,Carl_Edwards,2025-10-03,False,8,3,,,,,,,,,,,,,,,
STG029128,MARKETING,MKT007826,DCL010187,PCL010113,unresolved_singleton,Unresolved,1,1,,,,,,MKT007826,,,,,,,Fiona_Gregory,fionagregory20@hotmail.com,,,DD1 7EU,,,,fionagregory,fionagregory20@hotmail.com,,,DD17EU,,,,,,,fionagregory20@hotmail.com,,,DD1 7EU,,,,,,,,,,,,,,,,,,Fiona_Gregory,2025-10-04,False,7,1,,,,,,,,,,,,,,,
STG029155,MARKETING,MKT007853,DCL010188,PCL010114,unresolved_singleton,Unresolved,1,1,,,,,,MKT007853,,,,,,,Amanda_Lewis,amanda.lewis25@msn.com,,,CA1 2MY,,,,amandalewis,amanda.lewis25@msn.com,,,CA12MY,,,,,,,amanda.lewis25@msn.com,,,CA1 2MY,,,,,,,,,,,,,,,,,,Amanda_Lewis,2025-10-04,False,6,1,,,,,,,,,,,,,,,
STG029171,MARKETING,MKT007869,DCL010189,PCL010115,unresolved_singleton,Unresolved,1,1,,,,,,MKT007869,,,,,,,Jennifer_Rowe,jennifer.rowe@yahoo.com,,,BH1 1XG,,,,jenniferrowe,jennifer.rowe@yahoo.com,,,BH11XG,,,,,,,jennifer.rowe@yahoo.com,,,BH1 1XG,,,,,,,,,,,,,,,,,,Jennifer_Rowe,2025-10-05,False,2,0,,,,,,,,,,,,,,,
STG029172,MARKETING,MKT007870,DCL010190,PCL010116,unresolved_singleton,Unresolved,1,1,,,,,,MKT007870,,,,,,,Jreemy_Kennedy,jeremy.kennedy24@yahoo.fr,,,M1 8MF,,,,jreemykennedy,jeremy.kennedy24@yahoo.fr,,,M18MF,,,,,,,jeremy.kennedy24@yahoo.fr,,,M1 8MF,,,,,,,,,,,,,,,,,,Jreemy_Kennedy,2025-10-05,False,6,3,,,,,,,,,,,,,,,
STG029194,MARKETING,MKT007892,DCL010192,PCL010118,unresolved_singleton,Unresolved,1,1,,,,,,MKT007892,,,,,,,Ann_Roe,ann.rose@hotmail.com,,,CH1 0XB,,,,annroe,ann.rose@hotmail.com,,,CH10XB,,,,,,,ann.rose@hotmail.com,,,CH1 0XB,,,,,,,,,,,,,,,,,,Ann_Roe,2025-10-05,True,3,0,,,,,,,,,,,,,,,
STG029274,MARKETING,MKT007972,DCL010196,PCL010122,unresolved_singleton,Unresolved,1,1,,,,,,MKT007972,,,,,,,Natalie_Smith,natalie.smith@hotmail.com,,,IP1 6KI,,,,nataliesmith,natalie.smith@hotmail.com,,,IP16KI,,,,,,,natalie.smith@hotmail.com,,,IP1 6KI,,,,,,,,,,,,,,,,,,Natalie_Smith,2025-10-07,True,3,0,,,,,,,,,,,,,,,
STG029277,MARKETING,MKT007975,DCL010197,PCL010123,unresolved_singleton,Unresolved,1,1,,,,,,MKT007975,,,,,,,Jordan_Perry,jordan.perry@hotmail.com,,,CM1 8YT,,,,jordanperry,jordan.perry@hotmail.com,,,CM18YT,,,,,,,jordan.perry@hotmail.com,,,CM1 8YT,,,,,,,,,,,,,,,,,,Jordan_Perry,2025-10-07,False,7,1,,,,,,,,,,,,,,,
STG029295,MARKETING,MKT007993,DCL010199,PCL010124,unresolved_singleton,Unresolved,1,1,,,,,,MKT007993,,,,,,,,jduffy25@aol.com,,,IV1 4KO,,,,,jduffy25@aol.com,,,IV14KO,,,,,,,jduffy25@aol.com,,,IV1 4KO,,,,,,,,,,,,,,,,,,,2025-10-08,True,0,0,,,,,,,,,,,,,,,
STG029316,MARKETING,MKT008014,DCL010200,PCL010125,unresolved_singleton,Unresolved,1,1,,,,,,MKT008014,,,,,,,Liam_Brown,liam.brown@gmail.com,,,BT27 0EV,,,,liambrown,liam.brown@gmail.com,,,BT270EV,,,,,,,liam.brown@gmail.com,,,BT27 0EV,,,,,,,,,,,,,,,,,,Liam_Brown,2025-10-08,True,1,0,,,,,,,,,,,,,,,
STG029344,MARKETING,MKT008042,DCL010201,PCL010126,unresolved_singleton,Unresolved,1,1,,,,,,MKT008042,,,,,,,,kerry.wilson@gmail.com,,,IP1 6ST,,,,,kerry.wilson@gmail.com,,,IP16ST,,,,,,,kerry.wilson@gmail.com,,,IP1 6ST,,,,,,,,,,,,,,,,,,,2025-10-09,False,6,1,,,,,,,,,,,,,,,
STG029349,MARKETING,MKT008047,DCL010202,PCL010127,unresolved_singleton,Unresolved,1,1,,,,,,MKT008047,,,,,,,,stewart.brown@gmail.com,,,NN1 5YL,,,,,stewart.brown@gmail.com,,,NN15YL,,,,,,,stewart.brown@gmail.com,,,NN1 5YL,,,,,,,,,,,,,,,,,,,2025-10-09,True,3,0,,,,,,,,,,,,,,,
STG029393,MARKETING,MKT008091,DCL010203,PCL010128,unresolved_singleton,Unresolved,1,1,,,,,,MKT008091,,,,,,,Heather_Shah,heather.shah@orange.fr,,,NG1 1JO,,,,heathershah,heather.shah@orange.fr,,,NG11JO,,,,,,,heather.shah@orange.fr,,,NG1 1JO,,,,,,,,,,,,,,,,,,Heather_Shah,2025-10-11,False,6,3,,,,,,,,,,,,,,,
STG029433,MARKETING,MKT008131,DCL010205,PCL010130,unresolved_singleton,Unresolved,1,1,,,,,,MKT008131,,,,,,,Alan_Cartwright,alan.cartwright@gmail.com,,,E1 0VV,,,,alancartwright,alan.cartwright@gmail.com,,,E10VV,,,,,,,alan.cartwright@gmail.com,,,E1 0VV,,,,,,,,,,,,,,,,,,Alan_Cartwright,2025-10-12,False,0,0,,,,,,,,,,,,,,,
STG029435,MARKETING,MKT008133,DCL010206,PCL010131,unresolved_singleton,Unresolved,1,1,,,,,,MKT008133,,,,,,,,tracy.williams@orange.fr,,,M1 8VL,,,,,tracy.williams@orange.fr,,,M18VL,,,,,,,tracy.williams@orange.fr,,,M1 8VL,,,,,,,,,,,,,,,,,,,2025-10-12,False,3,0,,,,,,,,,,,,,,,
STG029447,MARKETING,MKT008145,DCL010207,PCL010132,unresolved_singleton,Unresolved,1,1,,,,,,MKT008145,,,,,,,,lydia.marshall@yahoo.com,,,PE1,,,,,lydia.marshall@yahoo.com,,,PE1,,,,,,,lydia.marshall@yahoo.com,,,PE1,,,,,,,,,,,,,,,,,,,2025-10-12,False,6,1,,,,,,,,,,,,,,,
STG029449,MARKETING,MKT008147,DCL010208,PCL010133,unresolved_singleton,Unresolved,1,1,,,,,,MKT008147,,,,,,,Josephine_Roberts,josephine.roberts@gmail.com,,,E1 9KQ,,,,josephineroberts,josephine.roberts@gmail.com,,,E19KQ,,,,,,,josephine.roberts@gmail.com,,,E1 9KQ,,,,,,,,,,,,,,,,,,Josephine_Roberts,2025-10-12,True,7,0,,,,,,,,,,,,,,,
STG029460,MARKETING,MKT008158,DCL010209,PCL010134,unresolved_singleton,Unresolved,1,1,,,,,,MKT008158,,,,,,,,gordon.gregory25@yahoo.com,,,EX1 5OC,,,,,gordon.gregory25@yahoo.com,,,EX15OC,,,,,,,gordon.gregory25@yahoo.com,,,EX1 5OC,,,,,,,,,,,,,,,,,,,2025-10-13,False,2,0,,,,,,,,,,,,,,,
STG029475,MARKETING,MKT008173,DCL010210,PCL010135,unresolved_singleton,Unresolved,1,1,,,,,,MKT008173,,,,,,,,josephine.jones2@hotmail.com,,,B1 3SW,,,,,josephine.jones2@hotmail.com,,,B13SW,,,,,,,josephine.jones2@hotmail.com,,,B1 3SW,,,,,,,,,,,,,,,,,,,2025-10-13,False,5,0,,,,,,,,,,,,,,,
STG029477,MARKETING,MKT008175,DCL010211,PCL010136,unresolved_singleton,Unresolved,1,1,,,,,,MKT008175,,,,,,,,josephine.quinn@aol.com,,,CB1,,,,,josephine.quinn@aol.com,,,CB1,,,,,,,josephine.quinn@aol.com,,,CB1,,,,,,,,,,,,,,,,,,,2025-10-13,True,5,1,,,,,,,,,,,,,,,
STG029501,MARKETING,MKT008199,DCL010212,PCL010137,unresolved_singleton,Unresolved,1,1,,,,,,MKT008199,,,,,,,,lauren.norton@yahoo.com,,,PL1 3QE,,,,,lauren.norton@yahoo.com,,,PL13QE,,,,,,,lauren.norton@yahoo.com,,,PL1 3QE,,,,,,,,,,,,,,,,,,,2025-10-14,False,13,5,,,,,,,,,,,,,,,
STG029510,MARKETING,MKT008208,DCL010214,PCL010139,unresolved_singleton,Unresolved,1,1,,,,,,MKT008208,,,,,,,Leslie_Howard,leslie.howard@yahoo.com,,,PR1 5RU,,,,lesliehoward,leslie.howard@yahoo.com,,,PR15RU,,,,,,,leslie.howard@yahoo.com,,,PR1 5RU,,,,,,,,,,,,,,,,,,Leslie_Howard,2025-10-14,True,2,0,,,,,,,,,,,,,,,
STG029512,MARKETING,MKT008210,DCL010215,PCL010140,unresolved_singleton,Unresolved,1,1,,,,,,MKT008210,,,,,,,,aali24@yahoo.com,,,N1 2ZH,,,,,aali24@yahoo.com,,,N12ZH,,,,,,,aali24@yahoo.com,,,N1 2ZH,,,,,,,,,,,,,,,,,,,2025-10-14,False,8,5,,,,,,,,,,,,,,,
STG029524,MARKETING,MKT008222,DCL010217,PCL010141,unresolved_singleton,Unresolved,1,1,,,,,,MKT008222,,,,,,,,antonyforster@hotmail.co.uk,,,LS1 0DH,,,,,antonyforster@hotmail.co.uk,,,LS10DH,,,,,,,antonyforster@hotmail.co.uk,,,LS1 0DH,,,,,,,,,,,,,,,,,,,2025-10-14,True,0,0,,,,,,,,,,,,,,,
STG029539,MARKETING,MKT008237,DCL010218,PCL010142,unresolved_singleton,Unresolved,1,1,,,,,,MKT008237,,,,,,,Hugh_Ward,hward25@hotmail.co.uk,,,BA1,,,,hughward,hward25@hotmail.co.uk,,,BA1,,,,,,,hward25@hotmail.co.uk,,,BA1,,,,,,,,,,,,,,,,,,Hugh_Ward,2025-10-15,False,9,1,,,,,,,,,,,,,,,
STG029550,MARKETING,MKT008248,DCL010220,PCL010144,unresolved_singleton,Unresolved,1,1,,,,,,MKT008248,,,,,,,Emma_Bentley,emma.bentley@aol.com,,,BN1 3CL,,,,emmabentley,emma.bentley@aol.com,,,BN13CL,,,,,,,emma.bentley@aol.com,,,BN1 3CL,,,,,,,,,,,,,,,,,,Emma_Bentley,2025-10-15,False,12,6,,,,,,,,,,,,,,,
STG029569,MARKETING,MKT008267,DCL010221,PCL010145,unresolved_singleton,Unresolved,1,1,,,,,,MKT008267,,,,,,,Alison_Bell,alison.bell@hotmail.com,,,NW1 7OI,,,,alisonbell,alison.bell@hotmail.com,,,NW17OI,,,,,,,alison.bell@hotmail.com,,,NW1 7OI,,,,,,,,,,,,,,,,,,Alison_Bell,2025-10-15,False,5,1,,,,,,,,,,,,,,,
STG029588,MARKETING,MKT008286,DCL010222,PCL010146,unresolved_singleton,Unresolved,1,1,,,,,,MKT008286,,,,,,,Stuart_Walker,stuart.walker25@wanadoo.fr,,,BS1 5WL,,,,stuartwalker,stuart.walker25@wanadoo.fr,,,BS15WL,,,,,,,stuart.walker25@wanadoo.fr,,,BS1 5WL,,,,,,,,,,,,,,,,,,Stuart_Walker,2025-10-16,True,3,0,,,,,,,,,,,,,,,
STG029603,MARKETING,MKT008301,DCL010223,PCL010147,unresolved_singleton,Unresolved,1,1,,,,,,MKT008301,,,,,,,Phillpi_Evans,phillip.evans@yahoo.com,,,BD1 4YZ,,,,phillpievans,phillip.evans@yahoo.com,,,BD14YZ,,,,,,,phillip.evans@yahoo.com,,,BD1 4YZ,,,,,,,,,,,,,,,,,,Phillpi_Evans,2025-10-16,True,3,1,,,,,,,,,,,,,,,
STG029607,MARKETING,MKT008305,DCL010224,PCL010148,unresolved_singleton,Unresolved,1,1,,,,,,MKT008305,,,,,,,Katy_Macdonald,katymacdonald25@orange.fr,,,BN1 5VN,,,,katymacdonald,katymacdonald25@orange.fr,,,BN15VN,,,,,,,katymacdonald25@orange.fr,,,BN1 5VN,,,,,,,,,,,,,,,,,,Katy_Macdonald,2025-10-16,True,8,0,,,,,,,,,,,,,,,
STG029608,MARKETING,MKT008306,DCL010225,PCL010149,unresolved_singleton,Unresolved,1,1,,,,,,MKT008306,,,,,,,Georgina_Adams,gadams25@yahoo.com,,,NW1 1HE,,,,georginaadams,gadams25@yahoo.com,,,NW11HE,,,,,,,gadams25@yahoo.com,,,NW1 1HE,,,,,,,,,,,,,,,,,,Georgina_Adams,2025-10-16,False,4,1,,,,,,,,,,,,,,,
STG029610,MARKETING,MKT008308,DCL010226,PCL010150,unresolved_singleton,Unresolved,1,1,,,,,,MKT008308,,,,,,,,brett.mitchell@hotmail.com,,,TS1,,,,,brett.mitchell@hotmail.com,,,TS1,,,,,,,brett.mitchell@hotmail.com,,,TS1,,,,,,,,,,,,,,,,,,,2025-10-16,False,7,0,,,,,,,,,,,,,,,
STG029659,MARKETING,MKT008357,DCL010227,PCL010151,unresolved_singleton,Unresolved,1,1,,,,,,MKT008357,,,,,,,Jessica_Finch,jessica.finch@yahoo.com,,,ST1 9IY,,,,jessicafinch,jessica.finch@yahoo.com,,,ST19IY,,,,,,,jessica.finch@yahoo.com,,,ST1 9IY,,,,,,,,,,,,,,,,,,Jessica_Finch,2025-10-18,True,5,1,,,,,,,,,,,,,,,
STG029661,MARKETING,MKT008359,DCL010228,PCL010152,unresolved_singleton,Unresolved,1,1,,,,,,MKT008359,,,,,,,Jordan_Kaur,jordan.kaur@yahoo.com,,,CV1 7NX,,,,jordankaur,jordan.kaur@yahoo.com,,,CV17NX,,,,,,,jordan.kaur@yahoo.com,,,CV1 7NX,,,,,,,,,,,,,,,,,,Jordan_Kaur,2025-10-18,True,6,1,,,,,,,,,,,,,,,
STG029673,MARKETING,MKT008371,DCL010229,PCL010153,unresolved_singleton,Unresolved,1,1,,,,,,MKT008371,,,,,,,Maureen_Brow,maureenbrown24@yahoo.fr,,,LS1,,,,maureenbrow,maureenbrown24@yahoo.fr,,,LS1,,,,,,,maureenbrown24@yahoo.fr,,,LS1,,,,,,,,,,,,,,,,,,Maureen_Brow,2025-10-18,False,8,1,,,,,,,,,,,,,,,
STG029687,MARKETING,MKT008385,DCL010230,PCL010154,unresolved_singleton,Unresolved,1,1,,,,,,MKT008385,,,,,,,,gillian.cunningham25@yahoo.fr,,,N1 3JJ,,,,,gillian.cunningham25@yahoo.fr,,,N13JJ,,,,,,,gillian.cunningham25@yahoo.fr,,,N1 3JJ,,,,,,,,,,,,,,,,,,,2025-10-19,True,2,0,,,,,,,,,,,,,,,
STG029711,MARKETING,MKT008409,DCL010231,PCL010155,unresolved_singleton,Unresolved,1,1,,,,,,MKT008409,,,,,,,,leon.baker@hotmail.com,,,BH1 0PI,,,,,leon.baker@hotmail.com,,,BH10PI,,,,,,,leon.baker@hotmail.com,,,BH1 0PI,,,,,,,,,,,,,,,,,,,2025-10-19,False,10,3,,,,,,,,,,,,,,,
STG029712,MARKETING,MKT008410,DCL010232,PCL010156,unresolved_singleton,Unresolved,1,1,,,,,,MKT008410,,,,,,,,douglas.brown@hotmail.com,,,LL11 8IB,,,,,douglas.brown@hotmail.com,,,LL118IB,,,,,,,douglas.brown@hotmail.com,,,LL11 8IB,,,,,,,,,,,,,,,,,,,2025-10-19,True,1,0,,,,,,,,,,,,,,,
STG029743,MARKETING,MKT008441,DCL010235,PCL010159,unresolved_singleton,Unresolved,1,1,,,,,,MKT008441,,,,,,,Mohammed_Patel,mohammed.patel23@yahoo.com,,,SY23 7NH,,,,mohammedpatel,mohammed.patel23@yahoo.com,,,SY237NH,,,,,,,mohammed.patel23@yahoo.com,,,SY23 7NH,,,,,,,,,,,,,,,,,,Mohammed_Patel,2025-10-20,True,6,3,,,,,,,,,,,,,,,
STG029754,MARKETING,MKT008452,DCL010236,PCL010160,unresolved_singleton,Unresolved,1,1,,,,,,MKT008452,,,,,,,Carole_Richardson,carole.richardson20@orange.fr,,,PR1 1TS,,,,carolerichardson,carole.richardson20@orange.fr,,,PR11TS,,,,,,,carole.richardson20@orange.fr,,,PR1 1TS,,,,,,,,,,,,,,,,,,Carole_Richardson,2025-10-20,True,8,2,,,,,,,,,,,,,,,
STG029792,MARKETING,MKT008490,DCL010239,PCL010163,unresolved_singleton,Unresolved,1,1,,,,,,MKT008490,,,,,,,Lisa_Clayton,lisa.clayton@gmail.com,,,PR1 9NR,,,,lisaclayton,lisa.clayton@gmail.com,,,PR19NR,,,,,,,lisa.clayton@gmail.com,,,PR1 9NR,,,,,,,,,,,,,,,,,,Lisa_Clayton,2025-10-21,True,3,1,,,,,,,,,,,,,,,
STG029803,MARKETING,MKT008501,DCL010240,PCL010164,unresolved_singleton,Unresolved,1,1,,,,,,MKT008501,,,,,,,Emily_Ellis,emily.ellis@gmail.com,,,SO14 0PW,,,,emilyellis,emily.ellis@gmail.com,,,SO140PW,,,,,,,emily.ellis@gmail.com,,,SO14 0PW,,,,,,,,,,,,,,,,,,Emily_Ellis,2025-10-22,True,3,1,,,,,,,,,,,,,,,
STG029807,MARKETING,MKT008505,DCL010241,PCL010165,unresolved_singleton,Unresolved,1,1,,,,,,MKT008505,,,,,,,Janice_Boyle,janice.boyle19@aol.com,,,SO14 0WQ,,,,janiceboyle,janice.boyle19@aol.com,,,SO140WQ,,,,,,,janice.boyle19@aol.com,,,SO14 0WQ,,,,,,,,,,,,,,,,,,Janice_Boyle,2025-10-22,True,3,1,,,,,,,,,,,,,,,
STG029836,MARKETING,MKT008534,DCL010242,PCL010166,unresolved_singleton,Unresolved,1,1,,,,,,MKT008534,,,,,,,Ricky_Price,rickyprice18@orange.fr,,,NW1,,,,rickyprice,rickyprice18@orange.fr,,,NW1,,,,,,,rickyprice18@orange.fr,,,NW1,,,,,,,,,,,,,,,,,,Ricky_Price,2025-10-22,False,8,1,,,,,,,,,,,,,,,
STG029878,MARKETING,MKT008576,DCL010244,PCL010168,unresolved_singleton,Unresolved,1,1,,,,,,MKT008576,,,,,,,Jodie_Smith,jodie.smith@hotmail.com,,,SO14 5SG,,,,jodiesmith,jodie.smith@hotmail.com,,,SO145SG,,,,,,,jodie.smith@hotmail.com,,,SO14 5SG,,,,,,,,,,,,,,,,,,Jodie_Smith,2025-10-23,False,2,0,,,,,,,,,,,,,,,
STG029885,MARKETING,MKT008583,DCL010245,PCL010169,unresolved_singleton,Unresolved,1,1,,,,,,MKT008583,,,,,,,Georgia_Brown,georgia.brown@hotmail.com,,,WV1,,,,georgiabrown,georgia.brown@hotmail.com,,,WV1,,,,,,,georgia.brown@hotmail.com,,,WV1,,,,,,,,,,,,,,,,,,Georgia_Brown,2025-10-23,False,3,1,,,,,,,,,,,,,,,
STG029896,MARKETING,MKT008594,DCL010247,PCL010170,unresolved_singleton,Unresolved,1,1,,,,,,MKT008594,,,,,,,Shannon_French,shannon.french@gmail.com,,,SR1 1GJ,,,,shannonfrench,shannon.french@gmail.com,,,SR11GJ,,,,,,,shannon.french@gmail.com,,,SR1 1GJ,,,,,,,,,,,,,,,,,,Shannon_French,2025-10-24,True,2,1,,,,,,,,,,,,,,,
STG029905,MARKETING,MKT008603,DCL010248,PCL010171,unresolved_singleton,Unresolved,1,1,,,,,,MKT008603,,,,,,,Abdul_Hughes,abdul.hughes@aol.com,,,NE1,,,,abdulhughes,abdul.hughes@aol.com,,,NE1,,,,,,,abdul.hughes@aol.com,,,NE1,,,,,,,,,,,,,,,,,,Abdul_Hughes,2025-10-24,False,6,2,,,,,,,,,,,,,,,
STG029928,MARKETING,MKT008626,DCL010249,PCL010172,unresolved_singleton,Unresolved,1,1,,,,,,MKT008626,,,,,,,Danielle_Davies,danielle.davies@hotmail.com,,,PO1 1UG,,,,danielledavies,danielle.davies@hotmail.com,,,PO11UG,,,,,,,danielle.davies@hotmail.com,,,PO1 1UG,,,,,,,,,,,,,,,,,,Danielle_Davies,2025-10-25,False,6,3,,,,,,,,,,,,,,,
STG029929,MARKETING,MKT008627,DCL010250,PCL010173,unresolved_singleton,Unresolved,1,1,,,,,,MKT008627,,,,,,,,ian.parry@gmail.com,,,CA1,,,,,ian.parry@gmail.com,,,CA1,,,,,,,ian.parry@gmail.com,,,CA1,,,,,,,,,,,,,,,,,,,2025-10-25,True,5,2,,,,,,,,,,,,,,,
STG029936,MARKETING,MKT008634,DCL010251,PCL010174,unresolved_singleton,Unresolved,1,1,,,,,,MKT008634,,,,,,,Lewis_Lewis,lewis.lewis@yahoo.com,,,BT27,,,,lewislewis,lewis.lewis@yahoo.com,,,BT27,,,,,,,lewis.lewis@yahoo.com,,,BT27,,,,,,,,,,,,,,,,,,Lewis_Lewis,2025-10-25,True,5,1,,,,,,,,,,,,,,,
STG029951,MARKETING,MKT008649,DCL010252,PCL010175,unresolved_singleton,Unresolved,1,1,,,,,,MKT008649,,,,,,,Ricky_O'Sullivan,rickyosullivan25@msn.com,,,WR1,,,,rickyosullivan,rickyosullivan25@msn.com,,,WR1,,,,,,,rickyosullivan25@msn.com,,,WR1,,,,,,,,,,,,,,,,,,Ricky_O'Sullivan,2025-10-25,False,5,0,,,,,,,,,,,,,,,
STG029973,MARKETING,MKT008671,DCL010253,PCL010176,unresolved_singleton,Unresolved,1,1,,,,,,MKT008671,,,,,,,,melanie.harris@hotmail.com,,,PH1,,,,,melanie.harris@hotmail.com,,,PH1,,,,,,,melanie.harris@hotmail.com,,,PH1,,,,,,,,,,,,,,,,,,,2025-10-26,False,2,0,,,,,,,,,,,,,,,
STG030012,MARKETING,MKT008710,DCL010255,PCL010178,unresolved_singleton,Unresolved,1,1,,,,,,MKT008710,,,,,,,Sara_James,sara.james@msn.com,,,HG1,,,,sarajames,sara.james@msn.com,,,HG1,,,,,,,sara.james@msn.com,,,HG1,,,,,,,,,,,,,,,,,,Sara_James,2025-10-27,True,5,2,,,,,,,,,,,,,,,
STG030027,MARKETING,MKT008725,DCL010256,PCL010179,unresolved_singleton,Unresolved,1,1,,,,,,MKT008725,,,,,,,eBth_Robinson,bethrobinson@aol.com,,,ST1 6KI,,,,ebthrobinson,bethrobinson@aol.com,,,ST16KI,,,,,,,bethrobinson@aol.com,,,ST1 6KI,,,,,,,,,,,,,,,,,,eBth_Robinson,2025-10-27,True,10,2,,,,,,,,,,,,,,,
STG030029,MARKETING,MKT008727,DCL010257,PCL010180,unresolved_singleton,Unresolved,1,1,,,,,,MKT008727,,,,,,,Aslheigh_Jones,ashleigh.jones@aol.com,,,DE1,,,,aslheighjones,ashleigh.jones@aol.com,,,DE1,,,,,,,ashleigh.jones@aol.com,,,DE1,,,,,,,,,,,,,,,,,,Aslheigh_Jones,2025-10-27,False,3,0,,,,,,,,,,,,,,,
STG030038,MARKETING,MKT008736,DCL010258,PCL010181,unresolved_singleton,Unresolved,1,1,,,,,,MKT008736,,,,,,,Albert_Kennedy,albert.kennedy@gmail.com,,,BB1 9HC,,,,albertkennedy,albert.kennedy@gmail.com,,,BB19HC,,,,,,,albert.kennedy@gmail.com,,,BB1 9HC,,,,,,,,,,,,,,,,,,Albert_Kennedy,2025-10-27,True,3,0,,,,,,,,,,,,,,,
STG030041,MARKETING,MKT008739,DCL010259,PCL010182,unresolved_singleton,Unresolved,1,1,,,,,,MKT008739,,,,,,,Joan_Bell,joan.bell@yahoo.com,,,BS1 0YU,,,,joanbell,joan.bell@yahoo.com,,,BS10YU,,,,,,,joan.bell@yahoo.com,,,BS1 0YU,,,,,,,,,,,,,,,,,,Joan_Bell,2025-10-27,True,1,0,,,,,,,,,,,,,,,
STG030058,MARKETING,MKT008756,DCL010260,PCL010183,unresolved_singleton,Unresolved,1,1,,,,,,MKT008756,,,,,,,Jemma_Jones,jemma.jones@yahoo.fr,,,SE1 1EB,,,,jemmajones,jemma.jones@yahoo.fr,,,SE11EB,,,,,,,jemma.jones@yahoo.fr,,,SE1 1EB,,,,,,,,,,,,,,,,,,Jemma_Jones,2025-10-28,True,6,1,,,,,,,,,,,,,,,
STG030067,MARKETING,MKT008765,DCL010261,PCL010184,unresolved_singleton,Unresolved,1,1,,,,,,MKT008765,,,,,,,Oliver_Williams,oliver.williams@aol.com,,,GU1 6WX,,,,oliverwilliams,oliver.williams@aol.com,,,GU16WX,,,,,,,oliver.williams@aol.com,,,GU1 6WX,,,,,,,,,,,,,,,,,,Oliver_Williams,2025-10-28,False,2,0,,,,,,,,,,,,,,,
STG030073,MARKETING,MKT008771,DCL010262,PCL010185,unresolved_singleton,Unresolved,1,1,,,,,,MKT008771,,,,,,,,rpowell25@wanadoo.fr,,,ST1 7GT,,,,,rpowell25@wanadoo.fr,,,ST17GT,,,,,,,rpowell25@wanadoo.fr,,,ST1 7GT,,,,,,,,,,,,,,,,,,,2025-10-28,False,5,2,,,,,,,,,,,,,,,
STG030101,MARKETING,MKT008799,DCL010263,PCL010186,unresolved_singleton,Unresolved,1,1,,,,,,MKT008799,,,,,,,Charlotte_Jackson,charlotte.jackson@hotmail.com,,,CF10 7PI,,,,charlottejackson,charlotte.jackson@hotmail.com,,,CF107PI,,,,,,,charlotte.jackson@hotmail.com,,,CF10 7PI,,,,,,,,,,,,,,,,,,Charlotte_Jackson,2025-10-29,True,1,0,,,,,,,,,,,,,,,
STG030105,MARKETING,MKT008803,DCL010264,PCL010187,unresolved_singleton,Unresolved,1,1,,,,,,MKT008803,,,,,,,,richard.griffiths@yahoo.com,,,LE1,,,,,richard.griffiths@yahoo.com,,,LE1,,,,,,,richard.griffiths@yahoo.com,,,LE1,,,,,,,,,,,,,,,,,,,2025-10-29,False,3,0,,,,,,,,,,,,,,,
STG030142,MARKETING,MKT008840,DCL010267,PCL010189,unresolved_singleton,Unresolved,1,1,,,,,,MKT008840,,,,,,,Bernard_Jackson,bernardjackson@yahoo.fr,,,E1 0EI,,,,bernardjackson,bernardjackson@yahoo.fr,,,E10EI,,,,,,,bernardjackson@yahoo.fr,,,E1 0EI,,,,,,,,,,,,,,,,,,Bernard_Jackson,2025-10-30,False,3,0,,,,,,,,,,,,,,,
STG030144,MARKETING,MKT008842,DCL010268,PCL010190,unresolved_singleton,Unresolved,1,1,,,,,,MKT008842,,,,,,,Jay_Smith,jay.smith@gmail.com,,,M1 7EX,,,,jaysmith,jay.smith@gmail.com,,,M17EX,,,,,,,jay.smith@gmail.com,,,M1 7EX,,,,,,,,,,,,,,,,,,Jay_Smith,2025-10-30,False,2,0,,,,,,,,,,,,,,,
STG030196,MARKETING,MKT008894,DCL010270,PCL010192,unresolved_singleton,Unresolved,1,1,,,,,,MKT008894,,,,,,,,dorothy.palmer@yahoo.com,,,LU1 4KO,,,,,dorothy.palmer@yahoo.com,,,LU14KO,,,,,,,dorothy.palmer@yahoo.com,,,LU1 4KO,,,,,,,,,,,,,,,,,,,2025-10-31,True,5,1,,,,,,,,,,,,,,,
STG030206,MARKETING,MKT008904,DCL010271,PCL010193,unresolved_singleton,Unresolved,1,1,,,,,,MKT008904,,,,,,,Kyle_Davey,kyle.davey19@yahoo.fr,,,GU1 3AL,,,,kyledavey,kyle.davey19@yahoo.fr,,,GU13AL,,,,,,,kyle.davey19@yahoo.fr,,,GU1 3AL,,,,,,,,,,,,,,,,,,Kyle_Davey,2025-10-31,True,7,0,,,,,,,,,,,,,,,
STG030254,MARKETING,MKT008952,DCL010272,PCL010194,unresolved_singleton,Unresolved,1,1,,,,,,MKT008952,,,,,,,Matthew_Green,matthew.green@yahoo.com,,,PH1 7FX,,,,matthewgreen,matthew.green@yahoo.com,,,PH17FX,,,,,,,matthew.green@yahoo.com,,,PH1 7FX,,,,,,,,,,,,,,,,,,Matthew_Green,2025-11-01,False,7,0,,,,,,,,,,,,,,,
STG030255,MARKETING,MKT008953,DCL010273,PCL010195,unresolved_singleton,Unresolved,1,1,,,,,,MKT008953,,,,,,,,bethanward24@hotmail.com,,,BS1 8JD,,,,,bethanward24@hotmail.com,,,BS18JD,,,,,,,bethanward24@hotmail.com,,,BS1 8JD,,,,,,,,,,,,,,,,,,,2025-11-01,True,3,0,,,,,,,,,,,,,,,
STG030273,MARKETING,MKT008971,DCL010274,PCL010196,unresolved_singleton,Unresolved,1,1,,,,,,MKT008971,,,,,,,Judith_Wilkisnon,judith.wilkinson@yahoo.com,,,L1,,,,judithwilkisnon,judith.wilkinson@yahoo.com,,,L1,,,,,,,judith.wilkinson@yahoo.com,,,L1,,,,,,,,,,,,,,,,,,Judith_Wilkisnon,2025-11-02,True,2,0,,,,,,,,,,,,,,,
STG030294,MARKETING,MKT008992,DCL010275,PCL010197,unresolved_singleton,Unresolved,1,1,,,,,,MKT008992,,,,,,,Delcan_Thomas,declanthomas@aol.com,,,OX1 5ZV,,,,delcanthomas,declanthomas@aol.com,,,OX15ZV,,,,,,,declanthomas@aol.com,,,OX1 5ZV,,,,,,,,,,,,,,,,,,Delcan_Thomas,2025-11-02,True,4,1,,,,,,,,,,,,,,,
STG030333,MARKETING,MKT009031,DCL010277,PCL010199,unresolved_singleton,Unresolved,1,1,,,,,,MKT009031,,,,,,,Angela_Wood,angela.wood@yahoo.com,,,GU1 4KR,,,,angelawood,angela.wood@yahoo.com,,,GU14KR,,,,,,,angela.wood@yahoo.com,,,GU1 4KR,,,,,,,,,,,,,,,,,,Angela_Wood,2025-11-03,False,6,1,,,,,,,,,,,,,,,
STG030336,MARKETING,MKT009034,DCL010278,PCL010200,unresolved_singleton,Unresolved,1,1,,,,,,MKT009034,,,,,,,Donald_Marshall,donald.marshall@gmail.com,,,S1 7BU,,,,donaldmarshall,donald.marshall@gmail.com,,,S17BU,,,,,,,donald.marshall@gmail.com,,,S1 7BU,,,,,,,,,,,,,,,,,,Donald_Marshall,2025-11-03,True,2,1,,,,,,,,,,,,,,,
STG030337,MARKETING,MKT009035,DCL010279,PCL010201,unresolved_singleton,Unresolved,1,1,,,,,,MKT009035,,,,,,,Hilary_Graham,hilary.graham@yahoo.fr,,,TS1 3GE,,,,hilarygraham,hilary.graham@yahoo.fr,,,TS13GE,,,,,,,hilary.graham@yahoo.fr,,,TS1 3GE,,,,,,,,,,,,,,,,,,Hilary_Graham,2025-11-03,False,1,0,,,,,,,,,,,,,,,
STG030347,MARKETING,MKT009045,DCL010280,PCL010202,unresolved_singleton,Unresolved,1,1,,,,,,MKT009045,,,,,,,Stephen_Richards,stephenrichards@yahoo.fr,,,LN1 2MO,,,,stephenrichards,stephenrichards@yahoo.fr,,,LN12MO,,,,,,,stephenrichards@yahoo.fr,,,LN1 2MO,,,,,,,,,,,,,,,,,,Stephen_Richards,2025-11-03,False,8,1,,,,,,,,,,,,,,,
STG030350,MARKETING,MKT009048,DCL010281,PCL010203,unresolved_singleton,Unresolved,1,1,,,,,,MKT009048,,,,,,,Sophie_Hartley,sophie.hartley2@hotmail.com,,,PL1 6SC,,,,sophiehartley,sophie.hartley2@hotmail.com,,,PL16SC,,,,,,,sophie.hartley2@hotmail.com,,,PL1 6SC,,,,,,,,,,,,,,,,,,Sophie_Hartley,2025-11-04,False,5,0,,,,,,,,,,,,,,,
STG030367,MARKETING,MKT009065,DCL010282,PCL010204,unresolved_singleton,Unresolved,1,1,,,,,,MKT009065,,,,,,,,june.greenwood@gmail.com,,,SY23,,,,,june.greenwood@gmail.com,,,SY23,,,,,,,june.greenwood@gmail.com,,,SY23,,,,,,,,,,,,,,,,,,,2025-11-04,True,2,0,,,,,,,,,,,,,,,
STG030372,MARKETING,MKT009070,DCL010283,PCL010205,unresolved_singleton,Unresolved,1,1,,,,,,MKT009070,,,,,,,,abdul.mclean@hotmail.com,,,CH1,,,,,abdul.mclean@hotmail.com,,,CH1,,,,,,,abdul.mclean@hotmail.com,,,CH1,,,,,,,,,,,,,,,,,,,2025-11-04,True,11,3,,,,,,,,,,,,,,,
STG030382,MARKETING,MKT009080,DCL010284,PCL010206,unresolved_singleton,Unresolved,1,1,,,,,,MKT009080,,,,,,,llan_Graham,allangraham25@msn.com,,,BA1 6ZQ,,,,llangraham,allangraham25@msn.com,,,BA16ZQ,,,,,,,allangraham25@msn.com,,,BA1 6ZQ,,,,,,,,,,,,,,,,,,llan_Graham,2025-11-04,True,5,1,,,,,,,,,,,,,,,
STG030390,MARKETING,MKT009088,DCL010285,PCL010207,unresolved_singleton,Unresolved,1,1,,,,,,MKT009088,,,,,,,,catherine.joyce@yahoo.com,,,PO1 8CV,,,,,catherine.joyce@yahoo.com,,,PO18CV,,,,,,,catherine.joyce@yahoo.com,,,PO1 8CV,,,,,,,,,,,,,,,,,,,2025-11-04,True,15,6,,,,,,,,,,,,,,,
STG030410,MARKETING,MKT009108,DCL010286,PCL010208,unresolved_singleton,Unresolved,1,1,,,,,,MKT009108,,,,,,,Tracy_eRed,tracyreed21@orange.fr,,,YO1 2EC,,,,tracyered,tracyreed21@orange.fr,,,YO12EC,,,,,,,tracyreed21@orange.fr,,,YO1 2EC,,,,,,,,,,,,,,,,,,Tracy_eRed,2025-11-05,False,8,2,,,,,,,,,,,,,,,
STG030431,MARKETING,MKT009129,DCL010287,PCL010209,unresolved_singleton,Unresolved,1,1,,,,,,MKT009129,,,,,,,Lynda_Trner,lyndaturner24@hotmail.com,,,WR1 9HZ,,,,lyndatrner,lyndaturner24@hotmail.com,,,WR19HZ,,,,,,,lyndaturner24@hotmail.com,,,WR1 9HZ,,,,,,,,,,,,,,,,,,Lynda_Trner,2025-11-05,True,3,1,,,,,,,,,,,,,,,
STG030442,MARKETING,MKT009140,DCL010289,PCL010210,unresolved_singleton,Unresolved,1,1,,,,,,MKT009140,,,,,,,Henry_Williams,hwilliams24@yahoo.com,,,NW1 0LB,,,,henrywilliams,hwilliams24@yahoo.com,,,NW10LB,,,,,,,hwilliams24@yahoo.com,,,NW1 0LB,,,,,,,,,,,,,,,,,,Henry_Williams,2025-11-05,True,4,1,,,,,,,,,,,,,,,
STG030459,MARKETING,MKT009157,DCL010290,PCL010211,unresolved_singleton,Unresolved,1,1,,,,,,MKT009157,,,,,,,Leonard_Davies,leonarddavies@msn.com,,,SA1,,,,leonarddavies,leonarddavies@msn.com,,,SA1,,,,,,,leonarddavies@msn.com,,,SA1,,,,,,,,,,,,,,,,,,Leonard_Davies,2025-11-06,True,6,1,,,,,,,,,,,,,,,
STG030477,MARKETING,MKT009175,DCL010292,PCL010213,unresolved_singleton,Unresolved,1,1,,,,,,MKT009175,,,,,,,Dorothy_Rhodes,dorothy.rhodes25@hotmail.co.uk,,,CB1 4XH,,,,dorothyrhodes,dorothy.rhodes25@hotmail.co.uk,,,CB14XH,,,,,,,dorothy.rhodes25@hotmail.co.uk,,,CB1 4XH,,,,,,,,,,,,,,,,,,Dorothy_Rhodes,2025-11-06,True,1,0,,,,,,,,,,,,,,,
STG030487,MARKETING,MKT009185,DCL010293,PCL010214,unresolved_singleton,Unresolved,1,1,,,,,,MKT009185,,,,,,,Malcolm_Bennett,malcolm.bennett@gmail.com,,,BT1 9CS,,,,malcolmbennett,malcolm.bennett@gmail.com,,,BT19CS,,,,,,,malcolm.bennett@gmail.com,,,BT1 9CS,,,,,,,,,,,,,,,,,,Malcolm_Bennett,2025-11-07,True,5,1,,,,,,,,,,,,,,,
STG030517,MARKETING,MKT009215,DCL010294,PCL010215,unresolved_singleton,Unresolved,1,1,,,,,,MKT009215,,,,,,,Abigail_Bray,abigail.bray@yahoo.com,,,CH1 6DU,,,,abigailbray,abigail.bray@yahoo.com,,,CH16DU,,,,,,,abigail.bray@yahoo.com,,,CH1 6DU,,,,,,,,,,,,,,,,,,Abigail_Bray,2025-11-07,True,5,1,,,,,,,,,,,,,,,
STG030533,MARKETING,MKT009231,DCL010296,PCL010217,unresolved_singleton,Unresolved,1,1,,,,,,MKT009231,,,,,,,,carl.carter25@hotmail.co.uk,,,SO14 2LC,,,,,carl.carter25@hotmail.co.uk,,,SO142LC,,,,,,,carl.carter25@hotmail.co.uk,,,SO14 2LC,,,,,,,,,,,,,,,,,,,2025-11-08,True,8,3,,,,,,,,,,,,,,,
STG030545,MARKETING,MKT009243,DCL010297,PCL010218,unresolved_singleton,Unresolved,1,1,,,,,,MKT009243,,,,,,,Kathryn_Ward,kathrynward@hotmail.fr,,,N1 9NB,,,,kathrynward,kathrynward@hotmail.fr,,,N19NB,,,,,,,kathrynward@hotmail.fr,,,N1 9NB,,,,,,,,,,,,,,,,,,Kathryn_Ward,2025-11-08,True,12,2,,,,,,,,,,,,,,,
STG030547,MARKETING,MKT009245,DCL010298,PCL010219,unresolved_singleton,Unresolved,1,1,,,,,,MKT009245,,,,,,,Martin_mSith,martin.smith18@msn.com,,,NG1 4WW,,,,martinmsith,martin.smith18@msn.com,,,NG14WW,,,,,,,martin.smith18@msn.com,,,NG1 4WW,,,,,,,,,,,,,,,,,,Martin_mSith,2025-11-08,True,2,0,,,,,,,,,,,,,,,
STG030560,MARKETING,MKT009258,DCL010299,PCL010220,unresolved_singleton,Unresolved,1,1,,,,,,MKT009258,,,,,,,Howard_Griffiths,hgriffiths22@hotmail.com,,,HG1 7OD,,,,howardgriffiths,hgriffiths22@hotmail.com,,,HG17OD,,,,,,,hgriffiths22@hotmail.com,,,HG1 7OD,,,,,,,,,,,,,,,,,,Howard_Griffiths,2025-11-08,False,5,1,,,,,,,,,,,,,,,
STG030589,MARKETING,MKT009287,DCL010300,PCL010221,unresolved_singleton,Unresolved,1,1,,,,,,MKT009287,,,,,,,Natasha_Brennan,natashabrennan25@msn.com,,,SO14 6TU,,,,natashabrennan,natashabrennan25@msn.com,,,SO146TU,,,,,,,natashabrennan25@msn.com,,,SO14 6TU,,,,,,,,,,,,,,,,,,Natasha_Brennan,2025-11-09,True,2,1,,,,,,,,,,,,,,,
STG030597,MARKETING,MKT009295,DCL010302,PCL010222,unresolved_singleton,Unresolved,1,1,,,,,,MKT009295,,,,,,,Mohammed_Weston,mohammed.weston@hotmail.com,,,G1 0GA,,,,mohammedweston,mohammed.weston@hotmail.com,,,G10GA,,,,,,,mohammed.weston@hotmail.com,,,G1 0GA,,,,,,,,,,,,,,,,,,Mohammed_Weston,2025-11-09,False,7,1,,,,,,,,,,,,,,,
STG030613,MARKETING,MKT009311,DCL010303,PCL010223,unresolved_singleton,Unresolved,1,1,,,,,,MKT009311,,,,,,,,roy.davis@gmail.com,,,NG1 7VE,,,,,roy.davis@gmail.com,,,NG17VE,,,,,,,roy.davis@gmail.com,,,NG1 7VE,,,,,,,,,,,,,,,,,,,2025-11-10,True,1,0,,,,,,,,,,,,,,,
STG030630,MARKETING,MKT009328,DCL010305,PCL010225,unresolved_singleton,Unresolved,1,1,,,,,,MKT009328,,,,,,,Bethan_Jones,bethanjones@wanadoo.fr,,,BH1,,,,bethanjones,bethanjones@wanadoo.fr,,,BH1,,,,,,,bethanjones@wanadoo.fr,,,BH1,,,,,,,,,,,,,,,,,,Bethan_Jones,2025-11-10,True,2,0,,,,,,,,,,,,,,,
STG030676,MARKETING,MKT009374,DCL010308,PCL010228,unresolved_singleton,Unresolved,1,1,,,,,,MKT009374,,,,,,,Jake_Sinclair,jsinclair25@hotmail.fr,,,LU1 4GR,,,,jakesinclair,jsinclair25@hotmail.fr,,,LU14GR,,,,,,,jsinclair25@hotmail.fr,,,LU1 4GR,,,,,,,,,,,,,,,,,,Jake_Sinclair,2025-11-11,False,2,1,,,,,,,,,,,,,,,
STG030678,MARKETING,MKT009376,DCL010309,PCL010229,unresolved_singleton,Unresolved,1,1,,,,,,MKT009376,,,,,,,Rachael_Jenkins,rachael.jenkins@hotmail.com,,,HU1 4TN,,,,rachaeljenkins,rachael.jenkins@hotmail.com,,,HU14TN,,,,,,,rachael.jenkins@hotmail.com,,,HU1 4TN,,,,,,,,,,,,,,,,,,Rachael_Jenkins,2025-11-11,True,1,1,,,,,,,,,,,,,,,
STG030715,MARKETING,MKT009413,DCL010310,PCL010230,unresolved_singleton,Unresolved,1,1,,,,,,MKT009413,,,,,,,,lauren.rhodes19@yahoo.com,,,LE1 5MA,,,,,lauren.rhodes19@yahoo.com,,,LE15MA,,,,,,,lauren.rhodes19@yahoo.com,,,LE1 5MA,,,,,,,,,,,,,,,,,,,2025-11-12,True,4,1,,,,,,,,,,,,,,,
STG030776,MARKETING,MKT009474,DCL010312,PCL010232,unresolved_singleton,Unresolved,1,1,,,,,,MKT009474,,,,,,,Charlotte_Wilson,charlottewilson21@orange.fr,,,SR1 9KO,,,,charlottewilson,charlottewilson21@orange.fr,,,SR19KO,,,,,,,charlottewilson21@orange.fr,,,SR1 9KO,,,,,,,,,,,,,,,,,,Charlotte_Wilson,2025-11-14,False,3,1,,,,,,,,,,,,,,,
STG030793,MARKETING,MKT009491,DCL010314,PCL010233,unresolved_singleton,Unresolved,1,1,,,,,,MKT009491,,,,,,,Pamela_ills,pamelamills@yahoo.fr,,,N1 0FI,,,,pamelaills,pamelamills@yahoo.fr,,,N10FI,,,,,,,pamelamills@yahoo.fr,,,N1 0FI,,,,,,,,,,,,,,,,,,Pamela_ills,2025-11-14,False,3,0,,,,,,,,,,,,,,,
STG030798,MARKETING,MKT009496,DCL010315,PCL010234,unresolved_singleton,Unresolved,1,1,,,,,,MKT009496,,,,,,,Karl_Douglas,karldouglas@hotmail.com,,,OX1,,,,karldouglas,karldouglas@hotmail.com,,,OX1,,,,,,,karldouglas@hotmail.com,,,OX1,,,,,,,,,,,,,,,,,,Karl_Douglas,2025-11-14,True,7,1,,,,,,,,,,,,,,,
STG030804,MARKETING,MKT009502,DCL010316,PCL010235,unresolved_singleton,Unresolved,1,1,,,,,,MKT009502,,,,,,,Amy_Jones,amy.jones24@msn.com,,,GU1 8SW,,,,amyjones,amy.jones24@msn.com,,,GU18SW,,,,,,,amy.jones24@msn.com,,,GU1 8SW,,,,,,,,,,,,,,,,,,Amy_Jones,2025-11-14,True,9,1,,,,,,,,,,,,,,,
STG030816,MARKETING,MKT009514,DCL010319,PCL010238,unresolved_singleton,Unresolved,1,1,,,,,,MKT009514,,,,,,,,terence.morris@hotmail.com,,,BA1 7YN,,,,,terence.morris@hotmail.com,,,BA17YN,,,,,,,terence.morris@hotmail.com,,,BA1 7YN,,,,,,,,,,,,,,,,,,,2025-11-14,True,4,2,,,,,,,,,,,,,,,
STG030823,MARKETING,MKT009521,DCL010321,PCL010239,unresolved_singleton,Unresolved,1,1,,,,,,MKT009521,,,,,,,Makr_Thompson,mark.thompson@yahoo.com,,,IV1 8YD,,,,makrthompson,mark.thompson@yahoo.com,,,IV18YD,,,,,,,mark.thompson@yahoo.com,,,IV1 8YD,,,,,,,,,,,,,,,,,,Makr_Thompson,2025-11-15,True,8,1,,,,,,,,,,,,,,,
STG030856,MARKETING,MKT009554,DCL010322,PCL010240,unresolved_singleton,Unresolved,1,1,,,,,,MKT009554,,,,,,,Leonard_Hayward,leonard.hayward@gmail.com,,,BB1 6EP,,,,leonardhayward,leonard.hayward@gmail.com,,,BB16EP,,,,,,,leonard.hayward@gmail.com,,,BB1 6EP,,,,,,,,,,,,,,,,,,Leonard_Hayward,2025-11-16,False,3,0,,,,,,,,,,,,,,,
STG030884,MARKETING,MKT009582,DCL010323,PCL010241,unresolved_singleton,Unresolved,1,1,,,,,,MKT009582,,,,,,,Wend_Williams,wendy.williams@yahoo.com,,,TS1 9LA,,,,wendwilliams,wendy.williams@yahoo.com,,,TS19LA,,,,,,,wendy.williams@yahoo.com,,,TS1 9LA,,,,,,,,,,,,,,,,,,Wend_Williams,2025-11-16,True,12,4,,,,,,,,,,,,,,,
STG030896,MARKETING,MKT009594,DCL010324,PCL010242,unresolved_singleton,Unresolved,1,1,,,,,,MKT009594,,,,,,,Victoria_Wood,vwood24@hotmail.fr,,,WR1 9YU,,,,victoriawood,vwood24@hotmail.fr,,,WR19YU,,,,,,,vwood24@hotmail.fr,,,WR1 9YU,,,,,,,,,,,,,,,,,,Victoria_Wood,2025-11-17,True,8,3,,,,,,,,,,,,,,,
STG030907,MARKETING,MKT009605,DCL010325,PCL010243,unresolved_singleton,Unresolved,1,1,,,,,,MKT009605,,,,,,,Alexander_Saunders,alexandersaunders@gmail.com,,,BT1 5IX,,,,alexandersaunders,alexandersaunders@gmail.com,,,BT15IX,,,,,,,alexandersaunders@gmail.com,,,BT1 5IX,,,,,,,,,,,,,,,,,,Alexander_Saunders,2025-11-17,False,6,1,,,,,,,,,,,,,,,
STG030914,MARKETING,MKT009612,DCL010326,PCL010244,unresolved_singleton,Unresolved,1,1,,,,,,MKT009612,,,,,,,Henr_Thorpe,henry.thorpe20@gmail.com,,,BT61 8MM,,,,henrthorpe,henry.thorpe20@gmail.com,,,BT618MM,,,,,,,henry.thorpe20@gmail.com,,,BT61 8MM,,,,,,,,,,,,,,,,,,Henr_Thorpe,2025-11-17,False,6,1,,,,,,,,,,,,,,,
STG030920,MARKETING,MKT009618,DCL010327,PCL010245,unresolved_singleton,Unresolved,1,1,,,,,,MKT009618,,,,,,,Cheryl_Morgan,cherylmorgan25@hotmail.fr,,,YO1 7AZ,,,,cherylmorgan,cherylmorgan25@hotmail.fr,,,YO17AZ,,,,,,,cherylmorgan25@hotmail.fr,,,YO1 7AZ,,,,,,,,,,,,,,,,,,Cheryl_Morgan,2025-11-17,False,2,0,,,,,,,,,,,,,,,
STG030921,MARKETING,MKT009619,DCL010328,PCL010246,unresolved_singleton,Unresolved,1,1,,,,,,MKT009619,,,,,,,,sharon.lane18@orange.fr,,,IP1 1YN,,,,,sharon.lane18@orange.fr,,,IP11YN,,,,,,,sharon.lane18@orange.fr,,,IP1 1YN,,,,,,,,,,,,,,,,,,,2025-11-17,True,9,2,,,,,,,,,,,,,,,
STG030927,MARKETING,MKT009625,DCL010329,PCL010247,unresolved_singleton,Unresolved,1,1,,,,,,MKT009625,,,,,,,Ellie_Brown,ellie.brown@gmail.com,,,BT1 7QV,,,,elliebrown,ellie.brown@gmail.com,,,BT17QV,,,,,,,ellie.brown@gmail.com,,,BT1 7QV,,,,,,,,,,,,,,,,,,Ellie_Brown,2025-11-17,False,4,1,,,,,,,,,,,,,,,
STG030928,MARKETING,MKT009626,DCL010330,PCL010248,unresolved_singleton,Unresolved,1,1,,,,,,MKT009626,,,,,,,Bethan_Davis,bethan.davis@yahoo.com,,,PE1 9FI,,,,bethandavis,bethan.davis@yahoo.com,,,PE19FI,,,,,,,bethan.davis@yahoo.com,,,PE1 9FI,,,,,,,,,,,,,,,,,,Bethan_Davis,2025-11-17,True,5,0,,,,,,,,,,,,,,,
STG030979,MARKETING,MKT009677,DCL010334,PCL010252,unresolved_singleton,Unresolved,1,1,,,,,,MKT009677,,,,,,,Josephine_Powell,josephine.powell@yahoo.com,,,WR1 8DL,,,,josephinepowell,josephine.powell@yahoo.com,,,WR18DL,,,,,,,josephine.powell@yahoo.com,,,WR1 8DL,,,,,,,,,,,,,,,,,,Josephine_Powell,2025-11-19,False,1,0,,,,,,,,,,,,,,,
STG030983,MARKETING,MKT009681,DCL010335,PCL010253,unresolved_singleton,Unresolved,1,1,,,,,,MKT009681,,,,,,,Victoria_Hall,victoriahall@yahoo.fr,,,IV1 5ST,,,,victoriahall,victoriahall@yahoo.fr,,,IV15ST,,,,,,,victoriahall@yahoo.fr,,,IV1 5ST,,,,,,,,,,,,,,,,,,Victoria_Hall,2025-11-19,True,2,0,,,,,,,,,,,,,,,
STG031019,MARKETING,MKT009717,DCL010336,PCL010254,unresolved_singleton,Unresolved,1,1,,,,,,MKT009717,,,,,,,Damien_Harris,damien.harris@gmail.com,,,BB1 2UG,,,,damienharris,damien.harris@gmail.com,,,BB12UG,,,,,,,damien.harris@gmail.com,,,BB1 2UG,,,,,,,,,,,,,,,,,,Damien_Harris,2025-11-20,True,7,0,,,,,,,,,,,,,,,
STG031022,MARKETING,MKT009720,DCL010337,PCL010255,unresolved_singleton,Unresolved,1,1,,,,,,MKT009720,,,,,,,Billy_Baker,bbaker25@orange.fr,,,HU1 7VX,,,,billybaker,bbaker25@orange.fr,,,HU17VX,,,,,,,bbaker25@orange.fr,,,HU1 7VX,,,,,,,,,,,,,,,,,,Billy_Baker,2025-11-20,False,6,1,,,,,,,,,,,,,,,
STG031036,MARKETING,MKT009734,DCL010338,PCL010256,unresolved_singleton,Unresolved,1,1,,,,,,MKT009734,,,,,,,Charlene_Heath,charlene.heath@hotmail.com,,,YO1 6XO,,,,charleneheath,charlene.heath@hotmail.com,,,YO16XO,,,,,,,charlene.heath@hotmail.com,,,YO1 6XO,,,,,,,,,,,,,,,,,,Charlene_Heath,2025-11-20,True,13,2,,,,,,,,,,,,,,,
STG031042,MARKETING,MKT009740,DCL010339,PCL010257,unresolved_singleton,Unresolved,1,1,,,,,,MKT009740,,,,,,,,judith.bartlett@hotmail.com,,,WR1 1LA,,,,,judith.bartlett@hotmail.com,,,WR11LA,,,,,,,judith.bartlett@hotmail.com,,,WR1 1LA,,,,,,,,,,,,,,,,,,,2025-11-20,False,9,2,,,,,,,,,,,,,,,
STG031046,MARKETING,MKT009744,DCL010340,PCL010258,unresolved_singleton,Unresolved,1,1,,,,,,MKT009744,,,,,,,Vanesas_Bell,vanessa.bell@yahoo.com,,,L1 7HG,,,,vanesasbell,vanessa.bell@yahoo.com,,,L17HG,,,,,,,vanessa.bell@yahoo.com,,,L1 7HG,,,,,,,,,,,,,,,,,,Vanesas_Bell,2025-11-20,True,7,0,,,,,,,,,,,,,,,
STG031058,MARKETING,MKT009756,DCL010341,PCL010259,unresolved_singleton,Unresolved,1,1,,,,,,MKT009756,,,,,,,,dmorris25@hotmail.co.uk,,,SY23 3PH,,,,,dmorris25@hotmail.co.uk,,,SY233PH,,,,,,,dmorris25@hotmail.co.uk,,,SY23 3PH,,,,,,,,,,,,,,,,,,,2025-11-21,False,2,0,,,,,,,,,,,,,,,
STG031069,MARKETING,MKT009767,DCL010342,PCL010260,unresolved_singleton,Unresolved,1,1,,,,,,MKT009767,,,,,,,Joanne_Jackson,joanne.jackson24@yahoo.com,,,BN1,,,,joannejackson,joanne.jackson24@yahoo.com,,,BN1,,,,,,,joanne.jackson24@yahoo.com,,,BN1,,,,,,,,,,,,,,,,,,Joanne_Jackson,2025-11-21,True,5,0,,,,,,,,,,,,,,,
STG031083,MARKETING,MKT009781,DCL010343,PCL010261,unresolved_singleton,Unresolved,1,1,,,,,,MKT009781,,,,,,,,ben.booth20@orange.fr,,,SW1 0YT,,,,,ben.booth20@orange.fr,,,SW10YT,,,,,,,ben.booth20@orange.fr,,,SW1 0YT,,,,,,,,,,,,,,,,,,,2025-11-21,True,1,0,,,,,,,,,,,,,,,
STG031084,MARKETING,MKT009782,DCL010344,PCL010262,unresolved_singleton,Unresolved,1,1,,,,,,MKT009782,,,,,,,Elli_Allen,ellie.allen24@gmail.com,,,WR1 8XJ,,,,elliallen,ellie.allen24@gmail.com,,,WR18XJ,,,,,,,ellie.allen24@gmail.com,,,WR1 8XJ,,,,,,,,,,,,,,,,,,Elli_Allen,2025-11-21,True,4,0,,,,,,,,,,,,,,,
STG031098,MARKETING,MKT009796,DCL010345,PCL010263,unresolved_singleton,Unresolved,1,1,,,,,,MKT009796,,,,,,,Gerard_Adams,gerardadams@yahoo.fr,,,SY1,,,,gerardadams,gerardadams@yahoo.fr,,,SY1,,,,,,,gerardadams@yahoo.fr,,,SY1,,,,,,,,,,,,,,,,,,Gerard_Adams,2025-11-21,True,11,0,,,,,,,,,,,,,,,
STG031111,MARKETING,MKT009809,DCL010346,PCL010264,unresolved_singleton,Unresolved,1,1,,,,,,MKT009809,,,,,,,,leah.davies@orange.fr,,,BN1 5GV,,,,,leah.davies@orange.fr,,,BN15GV,,,,,,,leah.davies@orange.fr,,,BN1 5GV,,,,,,,,,,,,,,,,,,,2025-11-22,True,4,2,,,,,,,,,,,,,,,
STG031131,MARKETING,MKT009829,DCL010347,PCL010265,unresolved_singleton,Unresolved,1,1,,,,,,MKT009829,,,,,,,,hughhicks@hotmail.co.uk,,,NP20 8CL,,,,,hughhicks@hotmail.co.uk,,,NP208CL,,,,,,,hughhicks@hotmail.co.uk,,,NP20 8CL,,,,,,,,,,,,,,,,,,,2025-11-22,True,3,0,,,,,,,,,,,,,,,
STG031132,MARKETING,MKT009830,DCL010348,PCL010266,unresolved_singleton,Unresolved,1,1,,,,,,MKT009830,,,,,,,,lisagibson24@orange.fr,,,DL1 9QM,,,,,lisagibson24@orange.fr,,,DL19QM,,,,,,,lisagibson24@orange.fr,,,DL1 9QM,,,,,,,,,,,,,,,,,,,2025-11-22,False,5,3,,,,,,,,,,,,,,,
STG031158,MARKETING,MKT009856,DCL010349,PCL010267,unresolved_singleton,Unresolved,1,1,,,,,,MKT009856,,,,,,,Vincent_Johnson,vincentjohnson18@gmail.com,,,NW1 5JN,,,,vincentjohnson,vincentjohnson18@gmail.com,,,NW15JN,,,,,,,vincentjohnson18@gmail.com,,,NW1 5JN,,,,,,,,,,,,,,,,,,Vincent_Johnson,2025-11-23,True,15,5,,,,,,,,,,,,,,,
STG031184,MARKETING,MKT009882,DCL010351,PCL010269,unresolved_singleton,Unresolved,1,1,,,,,,MKT009882,,,,,,,Gerard_Morris,gerard.morris@hotmail.com,,,E1 4RM,,,,gerardmorris,gerard.morris@hotmail.com,,,E14RM,,,,,,,gerard.morris@hotmail.com,,,E1 4RM,,,,,,,,,,,,,,,,,,Gerard_Morris,2025-11-24,True,6,1,,,,,,,,,,,,,,,
STG031234,MARKETING,MKT009932,DCL010353,PCL010271,unresolved_singleton,Unresolved,1,1,,,,,,MKT009932,,,,,,,Matthew_Pugh,matthew.pugh@hotmail.com,,,LS1 9CX,,,,matthewpugh,matthew.pugh@hotmail.com,,,LS19CX,,,,,,,matthew.pugh@hotmail.com,,,LS1 9CX,,,,,,,,,,,,,,,,,,Matthew_Pugh,2025-11-25,True,3,0,,,,,,,,,,,,,,,
STG031256,MARKETING,MKT009954,DCL010355,PCL010273,unresolved_singleton,Unresolved,1,1,,,,,,MKT009954,,,,,,,,brian.parsons@aol.com,,,NW1,,,,,brian.parsons@aol.com,,,NW1,,,,,,,brian.parsons@aol.com,,,NW1,,,,,,,,,,,,,,,,,,,2025-11-25,True,2,0,,,,,,,,,,,,,,,
STG031323,MARKETING,MKT010021,DCL010358,PCL010276,unresolved_singleton,Unresolved,1,1,,,,,,MKT010021,,,,,,,Jodie_Coleman,jodie.coleman@orange.fr,,,CB1 9DM,,,,jodiecoleman,jodie.coleman@orange.fr,,,CB19DM,,,,,,,jodie.coleman@orange.fr,,,CB1 9DM,,,,,,,,,,,,,,,,,,Jodie_Coleman,2025-11-27,True,2,0,,,,,,,,,,,,,,,
STG031363,MARKETING,MKT010061,DCL010359,PCL010277,unresolved_singleton,Unresolved,1,1,,,,,,MKT010061,,,,,,,Lindsey_Martin,lindsey.martin@yahoo.com,,,S1 3FC,,,,lindseymartin,lindsey.martin@yahoo.com,,,S13FC,,,,,,,lindsey.martin@yahoo.com,,,S1 3FC,,,,,,,,,,,,,,,,,,Lindsey_Martin,2025-11-28,False,3,0,,,,,,,,,,,,,,,
STG031366,MARKETING,MKT010064,DCL010360,PCL010278,unresolved_singleton,Unresolved,1,1,,,,,,MKT010064,,,,,,,,sara.hussain@gmail.com,,,B1 8DC,,,,,sara.hussain@gmail.com,,,B18DC,,,,,,,sara.hussain@gmail.com,,,B1 8DC,,,,,,,,,,,,,,,,,,,2025-11-28,True,4,0,,,,,,,,,,,,,,,
STG031380,MARKETING,MKT010078,DCL010362,PCL010279,unresolved_singleton,Unresolved,1,1,,,,,,MKT010078,,,,,,,,dylan.talbot@hotmail.com,,,PO1 1IF,,,,,dylan.talbot@hotmail.com,,,PO11IF,,,,,,,dylan.talbot@hotmail.com,,,PO1 1IF,,,,,,,,,,,,,,,,,,,2025-11-28,True,6,1,,,,,,,,,,,,,,,
STG031400,MARKETING,MKT010098,DCL010363,PCL010280,unresolved_singleton,Unresolved,1,1,,,,,,MKT010098,,,,,,,Dominic_Bishop,dominicbishop@hotmail.fr,,,BD1 6RY,,,,dominicbishop,dominicbishop@hotmail.fr,,,BD16RY,,,,,,,dominicbishop@hotmail.fr,,,BD1 6RY,,,,,,,,,,,,,,,,,,Dominic_Bishop,2025-11-29,False,3,1,,,,,,,,,,,,,,,
STG031402,MARKETING,MKT010100,DCL010364,PCL010281,unresolved_singleton,Unresolved,1,1,,,,,,MKT010100,,,,,,,Barry_Rogers,barry.rogers@gmail.com,,,S1 5PM,,,,barryrogers,barry.rogers@gmail.com,,,S15PM,,,,,,,barry.rogers@gmail.com,,,S1 5PM,,,,,,,,,,,,,,,,,,Barry_Rogers,2025-11-29,False,4,0,,,,,,,,,,,,,,,
STG031407,MARKETING,MKT010105,DCL010365,PCL010282,unresolved_singleton,Unresolved,1,1,,,,,,MKT010105,,,,,,,Lauren_Webb,lauren.webb@hotmail.com,,,RG1 5QB,,,,laurenwebb,lauren.webb@hotmail.com,,,RG15QB,,,,,,,lauren.webb@hotmail.com,,,RG1 5QB,,,,,,,,,,,,,,,,,,Lauren_Webb,2025-11-29,True,1,0,,,,,,,,,,,,,,,
STG031411,MARKETING,MKT010109,DCL010366,PCL010283,unresolved_singleton,Unresolved,1,1,,,,,,MKT010109,,,,,,,Sean_Smith,sean.smith@hotmail.com,,,RG1 3XM,,,,seansmith,sean.smith@hotmail.com,,,RG13XM,,,,,,,sean.smith@hotmail.com,,,RG1 3XM,,,,,,,,,,,,,,,,,,Sean_Smith,2025-11-29,False,3,0,,,,,,,,,,,,,,,
STG031446,MARKETING,MKT010144,DCL010368,PCL010284,unresolved_singleton,Unresolved,1,1,,,,,,MKT010144,,,,,,,Graeme_Russell,graeme.russell@hotmail.fr,,,SY23 6NJ,,,,graemerussell,graeme.russell@hotmail.fr,,,SY236NJ,,,,,,,graeme.russell@hotmail.fr,,,SY23 6NJ,,,,,,,,,,,,,,,,,,Graeme_Russell,2025-11-30,False,2,0,,,,,,,,,,,,,,,
STG031481,MARKETING,MKT010179,DCL010369,PCL010285,unresolved_singleton,Unresolved,1,1,,,,,,MKT010179,,,,,,,Christine_Hall,christine.hall25@hotmail.co.uk,,,CM1 9CV,,,,christinehall,christine.hall25@hotmail.co.uk,,,CM19CV,,,,,,,christine.hall25@hotmail.co.uk,,,CM1 9CV,,,,,,,,,,,,,,,,,,Christine_Hall,2025-12-01,False,5,0,,,,,,,,,,,,,,,
STG031482,MARKETING,MKT010180,DCL010370,PCL010286,unresolved_singleton,Unresolved,1,1,,,,,,MKT010180,,,,,,,Linda_Glover,lindaglover@hotmail.com,,,E1 8VJ,,,,lindaglover,lindaglover@hotmail.com,,,E18VJ,,,,,,,lindaglover@hotmail.com,,,E1 8VJ,,,,,,,,,,,,,,,,,,Linda_Glover,2025-12-01,True,7,3,,,,,,,,,,,,,,,
STG031515,MARKETING,MKT010213,DCL010371,PCL010287,unresolved_singleton,Unresolved,1,1,,,,,,MKT010213,,,,,,,Alexandra_Thomson,alexandra.thomson@yahoo.com,,,NG1 3IM,,,,alexandrathomson,alexandra.thomson@yahoo.com,,,NG13IM,,,,,,,alexandra.thomson@yahoo.com,,,NG1 3IM,,,,,,,,,,,,,,,,,,Alexandra_Thomson,2025-12-02,True,9,3,,,,,,,,,,,,,,,
STG031552,MARKETING,MKT010250,DCL010372,PCL010288,unresolved_singleton,Unresolved,1,1,,,,,,MKT010250,,,,,,,Holl_Patel,hpatel25@wanadoo.fr,,,W1 5EC,,,,hollpatel,hpatel25@wanadoo.fr,,,W15EC,,,,,,,hpatel25@wanadoo.fr,,,W1 5EC,,,,,,,,,,,,,,,,,,Holl_Patel,2025-12-02,True,6,1,,,,,,,,,,,,,,,
STG031581,MARKETING,MKT010279,DCL010373,PCL010289,unresolved_singleton,Unresolved,1,1,,,,,,MKT010279,,,,,,,,arthur.daniels@gmail.com,,,GU1 0HH,,,,,arthur.daniels@gmail.com,,,GU10HH,,,,,,,arthur.daniels@gmail.com,,,GU1 0HH,,,,,,,,,,,,,,,,,,,2025-12-03,False,1,0,,,,,,,,,,,,,,,
STG031595,MARKETING,MKT010293,DCL010374,PCL010290,unresolved_singleton,Unresolved,1,1,,,,,,MKT010293,,,,,,,Aimee_Stone,aimeestone@hotmail.fr,,,IP1,,,,aimeestone,aimeestone@hotmail.fr,,,IP1,,,,,,,aimeestone@hotmail.fr,,,IP1,,,,,,,,,,,,,,,,,,Aimee_Stone,2025-12-03,True,3,1,,,,,,,,,,,,,,,
STG031600,MARKETING,MKT010298,DCL010375,PCL010291,unresolved_singleton,Unresolved,1,1,,,,,,MKT010298,,,,,,,Aimee_Capbell,aimee.campbell@hotmail.com,,,GU1 5XS,,,,aimeecapbell,aimee.campbell@hotmail.com,,,GU15XS,,,,,,,aimee.campbell@hotmail.com,,,GU1 5XS,,,,,,,,,,,,,,,,,,Aimee_Capbell,2025-12-03,True,10,3,,,,,,,,,,,,,,,
STG031615,MARKETING,MKT010313,DCL010377,PCL010293,unresolved_singleton,Unresolved,1,1,,,,,,MKT010313,,,,,,,Jason_Burton,jasonburton21@hotmail.co.uk,,,CA1 6MQ,,,,jasonburton,jasonburton21@hotmail.co.uk,,,CA16MQ,,,,,,,jasonburton21@hotmail.co.uk,,,CA1 6MQ,,,,,,,,,,,,,,,,,,Jason_Burton,2025-12-03,True,3,1,,,,,,,,,,,,,,,
STG031641,MARKETING,MKT010339,DCL010378,PCL010294,unresolved_singleton,Unresolved,1,1,,,,,,MKT010339,,,,,,,,leslie.slater@gmail.com,,,B1 6ER,,,,,leslie.slater@gmail.com,,,B16ER,,,,,,,leslie.slater@gmail.com,,,B1 6ER,,,,,,,,,,,,,,,,,,,2025-12-04,True,5,0,,,,,,,,,,,,,,,
STG031655,MARKETING,MKT010353,DCL010379,PCL010295,unresolved_singleton,Unresolved,1,1,,,,,,MKT010353,,,,,,,,alison.burton@gmail.com,,,LL57 7GO,,,,,alison.burton@gmail.com,,,LL577GO,,,,,,,alison.burton@gmail.com,,,LL57 7GO,,,,,,,,,,,,,,,,,,,2025-12-04,True,5,1,,,,,,,,,,,,,,,
STG031669,MARKETING,MKT010367,DCL010380,PCL010296,unresolved_singleton,Unresolved,1,1,,,,,,MKT010367,,,,,,,Ryan_Tylor,ryan.taylor@yahoo.com,,,BN1,,,,ryantylor,ryan.taylor@yahoo.com,,,BN1,,,,,,,ryan.taylor@yahoo.com,,,BN1,,,,,,,,,,,,,,,,,,Ryan_Tylor,2025-12-04,True,2,0,,,,,,,,,,,,,,,
STG031706,MARKETING,MKT010404,DCL010381,PCL010297,unresolved_singleton,Unresolved,1,1,,,,,,MKT010404,,,,,,,Jeremy_Bailey,jeremy.bailey@aol.com,,,AB10 0QC,,,,jeremybailey,jeremy.bailey@aol.com,,,AB100QC,,,,,,,jeremy.bailey@aol.com,,,AB10 0QC,,,,,,,,,,,,,,,,,,Jeremy_Bailey,2025-12-05,False,1,0,,,,,,,,,,,,,,,
STG031708,MARKETING,MKT010406,DCL010382,PCL010298,unresolved_singleton,Unresolved,1,1,,,,,,MKT010406,,,,,,,Emly_Booth,emilybooth18@aol.com,,,PL1 8KA,,,,emlybooth,emilybooth18@aol.com,,,PL18KA,,,,,,,emilybooth18@aol.com,,,PL1 8KA,,,,,,,,,,,,,,,,,,Emly_Booth,2025-12-05,True,9,3,,,,,,,,,,,,,,,
STG031710,MARKETING,MKT010408,DCL010383,PCL010299,unresolved_singleton,Unresolved,1,1,,,,,,MKT010408,,,,,,,Victor_Stveens,victor.stevens19@gmail.com,,,W1 1HO,,,,victorstveens,victor.stevens19@gmail.com,,,W11HO,,,,,,,victor.stevens19@gmail.com,,,W1 1HO,,,,,,,,,,,,,,,,,,Victor_Stveens,2025-12-05,True,4,1,,,,,,,,,,,,,,,
STG031716,MARKETING,MKT010414,DCL010384,PCL010300,unresolved_singleton,Unresolved,1,1,,,,,,MKT010414,,,,,,,Dominic_Robinson,dominicrobinson25@hotmail.com,,,NW1 1BD,,,,dominicrobinson,dominicrobinson25@hotmail.com,,,NW11BD,,,,,,,dominicrobinson25@hotmail.com,,,NW1 1BD,,,,,,,,,,,,,,,,,,Dominic_Robinson,2025-12-05,False,3,0,,,,,,,,,,,,,,,
STG031727,MARKETING,MKT010425,DCL010385,PCL010301,unresolved_singleton,Unresolved,1,1,,,,,,MKT010425,,,,,,,,geraldine.sanderson@yahoo.com,,,CH1,,,,,geraldine.sanderson@yahoo.com,,,CH1,,,,,,,geraldine.sanderson@yahoo.com,,,CH1,,,,,,,,,,,,,,,,,,,2025-12-06,False,13,6,,,,,,,,,,,,,,,
STG031752,MARKETING,MKT010450,DCL010387,PCL010302,unresolved_singleton,Unresolved,1,1,,,,,,MKT010450,,,,,,,Rebecca_Cox,rebecca.cox25@yahoo.com,,,LU1 3HO,,,,rebeccacox,rebecca.cox25@yahoo.com,,,LU13HO,,,,,,,rebecca.cox25@yahoo.com,,,LU1 3HO,,,,,,,,,,,,,,,,,,Rebecca_Cox,2025-12-06,True,5,1,,,,,,,,,,,,,,,
STG031760,MARKETING,MKT010458,DCL010388,PCL010303,unresolved_singleton,Unresolved,1,1,,,,,,MKT010458,,,,,,,Karl_Web,karl.webb@yahoo.fr,,,BS1 7PS,,,,karlweb,karl.webb@yahoo.fr,,,BS17PS,,,,,,,karl.webb@yahoo.fr,,,BS1 7PS,,,,,,,,,,,,,,,,,,Karl_Web,2025-12-06,True,11,6,,,,,,,,,,,,,,,
STG031771,MARKETING,MKT010469,DCL010389,PCL010304,unresolved_singleton,Unresolved,1,1,,,,,,MKT010469,,,,,,,Eric_Burton,eric.burton@gmail.com,,,BT27,,,,ericburton,eric.burton@gmail.com,,,BT27,,,,,,,eric.burton@gmail.com,,,BT27,,,,,,,,,,,,,,,,,,Eric_Burton,2025-12-07,True,4,1,,,,,,,,,,,,,,,
STG031825,MARKETING,MKT010523,DCL010391,PCL010305,unresolved_singleton,Unresolved,1,1,,,,,,MKT010523,,,,,,,Michael_Pope,mpope25@yahoo.fr,,,NW1 4HL,,,,michaelpope,mpope25@yahoo.fr,,,NW14HL,,,,,,,mpope25@yahoo.fr,,,NW1 4HL,,,,,,,,,,,,,,,,,,Michael_Pope,2025-12-08,False,3,0,,,,,,,,,,,,,,,
STG031845,MARKETING,MKT010543,DCL010393,PCL010307,unresolved_singleton,Unresolved,1,1,,,,,,MKT010543,,,,,,,Stuart_Stevenson,stuart.stevenson25@yahoo.fr,,,B1 0SW,,,,stuartstevenson,stuart.stevenson25@yahoo.fr,,,B10SW,,,,,,,stuart.stevenson25@yahoo.fr,,,B1 0SW,,,,,,,,,,,,,,,,,,Stuart_Stevenson,2025-12-08,False,6,0,,,,,,,,,,,,,,,
STG031881,MARKETING,MKT010579,DCL010395,PCL010309,unresolved_singleton,Unresolved,1,1,,,,,,MKT010579,,,,,,,Jack_Crawford,jackcrawford23@hotmail.fr,,,LL57,,,,jackcrawford,jackcrawford23@hotmail.fr,,,LL57,,,,,,,jackcrawford23@hotmail.fr,,,LL57,,,,,,,,,,,,,,,,,,Jack_Crawford,2025-12-09,True,8,2,,,,,,,,,,,,,,,
STG031896,MARKETING,MKT010594,DCL010396,PCL010310,unresolved_singleton,Unresolved,1,1,,,,,,MKT010594,,,,,,,Francesca_Harris,francesca.harris21@yahoo.com,,,YO1 6KB,,,,francescaharris,francesca.harris21@yahoo.com,,,YO16KB,,,,,,,francesca.harris21@yahoo.com,,,YO1 6KB,,,,,,,,,,,,,,,,,,Francesca_Harris,2025-12-09,True,8,5,,,,,,,,,,,,,,,
STG031898,MARKETING,MKT010596,DCL010397,PCL010311,unresolved_singleton,Unresolved,1,1,,,,,,MKT010596,,,,,,,Cliev_Reid,clive.reid@orange.fr,,,N1,,,,clievreid,clive.reid@orange.fr,,,N1,,,,,,,clive.reid@orange.fr,,,N1,,,,,,,,,,,,,,,,,,Cliev_Reid,2025-12-09,True,4,1,,,,,,,,,,,,,,,
STG031904,MARKETING,MKT010602,DCL010398,PCL010312,unresolved_singleton,Unresolved,1,1,,,,,,MKT010602,,,,,,,Jodie_Power,jodie.power@hotmail.com,,,SO14 3QY,,,,jodiepower,jodie.power@hotmail.com,,,SO143QY,,,,,,,jodie.power@hotmail.com,,,SO14 3QY,,,,,,,,,,,,,,,,,,Jodie_Power,2025-12-09,False,3,0,,,,,,,,,,,,,,,
STG031943,MARKETING,MKT010641,DCL010399,PCL010313,unresolved_singleton,Unresolved,1,1,,,,,,MKT010641,,,,,,,bAigail_Holmes,abigailholmes20@wanadoo.fr,,,W1 7WN,,,,baigailholmes,abigailholmes20@wanadoo.fr,,,W17WN,,,,,,,abigailholmes20@wanadoo.fr,,,W1 7WN,,,,,,,,,,,,,,,,,,bAigail_Holmes,2025-12-10,True,17,3,,,,,,,,,,,,,,,
STG031948,MARKETING,MKT010646,DCL010400,PCL010314,unresolved_singleton,Unresolved,1,1,,,,,,MKT010646,,,,,,,Steven_Stevenson,steven.stevenson@msn.com,,,S1 5HY,,,,stevenstevenson,steven.stevenson@msn.com,,,S15HY,,,,,,,steven.stevenson@msn.com,,,S1 5HY,,,,,,,,,,,,,,,,,,Steven_Stevenson,2025-12-10,True,7,0,,,,,,,,,,,,,,,
STG032031,MARKETING,MKT010729,DCL010403,PCL010317,unresolved_singleton,Unresolved,1,1,,,,,,MKT010729,,,,,,,,jbishop25@hotmail.fr,,,HG1 6JK,,,,,jbishop25@hotmail.fr,,,HG16JK,,,,,,,jbishop25@hotmail.fr,,,HG1 6JK,,,,,,,,,,,,,,,,,,,2025-12-11,False,6,1,,,,,,,,,,,,,,,
STG032044,MARKETING,MKT010742,DCL010404,PCL010318,unresolved_singleton,Unresolved,1,1,,,,,,MKT010742,,,,,,,Jenna_Wong,jwong252@gmail.com,,,NN1 5YV,,,,jennawong,jwong252@gmail.com,,,NN15YV,,,,,,,jwong252@gmail.com,,,NN1 5YV,,,,,,,,,,,,,,,,,,Jenna_Wong,2025-12-12,True,2,0,,,,,,,,,,,,,,,
STG032055,MARKETING,MKT010753,DCL010405,PCL010319,unresolved_singleton,Unresolved,1,1,,,,,,MKT010753,,,,,,,Leigh_Jones,leighjones@yahoo.fr,,,PR1 1CY,,,,leighjones,leighjones@yahoo.fr,,,PR11CY,,,,,,,leighjones@yahoo.fr,,,PR1 1CY,,,,,,,,,,,,,,,,,,Leigh_Jones,2025-12-12,True,7,1,,,,,,,,,,,,,,,
STG032064,MARKETING,MKT010762,DCL010406,PCL010320,unresolved_singleton,Unresolved,1,1,,,,,,MKT010762,,,,,,,,jayne.brown@yahoo.com,,,M1 7ED,,,,,jayne.brown@yahoo.com,,,M17ED,,,,,,,jayne.brown@yahoo.com,,,M1 7ED,,,,,,,,,,,,,,,,,,,2025-12-12,True,3,1,,,,,,,,,,,,,,,
STG032079,MARKETING,MKT010777,DCL010407,PCL010321,unresolved_singleton,Unresolved,1,1,,,,,,MKT010777,,,,,,,Marion_Alexander,marion.alexander@yahoo.fr,,,NN1 5PE,,,,marionalexander,marion.alexander@yahoo.fr,,,NN15PE,,,,,,,marion.alexander@yahoo.fr,,,NN1 5PE,,,,,,,,,,,,,,,,,,Marion_Alexander,2025-12-12,True,15,3,,,,,,,,,,,,,,,
STG032095,MARKETING,MKT010793,DCL010408,PCL010322,unresolved_singleton,Unresolved,1,1,,,,,,MKT010793,,,,,,,Aimee_Stewart,aimee.stewart@hotmail.com,,,DD1 7YE,,,,aimeestewart,aimee.stewart@hotmail.com,,,DD17YE,,,,,,,aimee.stewart@hotmail.com,,,DD1 7YE,,,,,,,,,,,,,,,,,,Aimee_Stewart,2025-12-13,False,3,0,,,,,,,,,,,,,,,
STG032098,MARKETING,MKT010796,DCL010409,PCL010323,unresolved_singleton,Unresolved,1,1,,,,,,MKT010796,,,,,,,Duncan_Wilson,duncan.wilson25@orange.fr,,,BH1 1FI,,,,duncanwilson,duncan.wilson25@orange.fr,,,BH11FI,,,,,,,duncan.wilson25@orange.fr,,,BH1 1FI,,,,,,,,,,,,,,,,,,Duncan_Wilson,2025-12-13,True,1,0,,,,,,,,,,,,,,,
STG032156,MARKETING,MKT010854,DCL010410,PCL010324,unresolved_singleton,Unresolved,1,1,,,,,,MKT010854,,,,,,,Trevor_Ball,trevorball25@gmail.com,,,NR1,,,,trevorball,trevorball25@gmail.com,,,NR1,,,,,,,trevorball25@gmail.com,,,NR1,,,,,,,,,,,,,,,,,,Trevor_Ball,2025-12-14,False,2,0,,,,,,,,,,,,,,,
STG032157,MARKETING,MKT010855,DCL010411,PCL010325,unresolved_singleton,Unresolved,1,1,,,,,,MKT010855,,,,,,,obert_Mitchell,robert.mitchell@hotmail.com,,,G1,,,,obertmitchell,robert.mitchell@hotmail.com,,,G1,,,,,,,robert.mitchell@hotmail.com,,,G1,,,,,,,,,,,,,,,,,,obert_Mitchell,2025-12-14,True,11,3,,,,,,,,,,,,,,,
STG032204,MARKETING,MKT010902,DCL010414,PCL010327,unresolved_singleton,Unresolved,1,1,,,,,,MKT010902,,,,,,,Dennis_Jones,dennis.jones@yahoo.com,,,SA1 5IN,,,,dennisjones,dennis.jones@yahoo.com,,,SA15IN,,,,,,,dennis.jones@yahoo.com,,,SA1 5IN,,,,,,,,,,,,,,,,,,Dennis_Jones,2025-12-15,True,6,2,,,,,,,,,,,,,,,
STG032230,MARKETING,MKT010928,DCL010415,PCL010328,unresolved_singleton,Unresolved,1,1,,,,,,MKT010928,,,,,,,Holly_Hammond,holly.hammond@yahoo.com,,,PE1 8LA,,,,hollyhammond,holly.hammond@yahoo.com,,,PE18LA,,,,,,,holly.hammond@yahoo.com,,,PE1 8LA,,,,,,,,,,,,,,,,,,Holly_Hammond,2025-12-15,False,0,0,,,,,,,,,,,,,,,
STG032248,MARKETING,MKT010946,DCL010417,PCL010329,unresolved_singleton,Unresolved,1,1,,,,,,MKT010946,,,,,,,,bradleysmith@aol.com,,,NW1 8NV,,,,,bradleysmith@aol.com,,,NW18NV,,,,,,,bradleysmith@aol.com,,,NW1 8NV,,,,,,,,,,,,,,,,,,,2025-12-16,True,2,2,,,,,,,,,,,,,,,
STG032250,MARKETING,MKT010948,DCL010418,PCL010330,unresolved_singleton,Unresolved,1,1,,,,,,MKT010948,,,,,,,Chelsa_Dean,chelsea.dean@yahoo.com,,,E1 0LC,,,,chelsadean,chelsea.dean@yahoo.com,,,E10LC,,,,,,,chelsea.dean@yahoo.com,,,E1 0LC,,,,,,,,,,,,,,,,,,Chelsa_Dean,2025-12-16,False,9,2,,,,,,,,,,,,,,,
STG032262,MARKETING,MKT010960,DCL010419,PCL010331,unresolved_singleton,Unresolved,1,1,,,,,,MKT010960,,,,,,,Charlotte_Gallagher,charlotte.gallagher@gmail.com,,,NP20 3ZE,,,,charlottegallagher,charlotte.gallagher@gmail.com,,,NP203ZE,,,,,,,charlotte.gallagher@gmail.com,,,NP20 3ZE,,,,,,,,,,,,,,,,,,Charlotte_Gallagher,2025-12-16,False,7,1,,,,,,,,,,,,,,,
STG032267,MARKETING,MKT010965,DCL010420,PCL010332,unresolved_singleton,Unresolved,1,1,,,,,,MKT010965,,,,,,,,carolinebriggs18@hotmail.fr,,,TS1 1EG,,,,,carolinebriggs18@hotmail.fr,,,TS11EG,,,,,,,carolinebriggs18@hotmail.fr,,,TS1 1EG,,,,,,,,,,,,,,,,,,,2025-12-16,False,3,0,,,,,,,,,,,,,,,
STG032272,MARKETING,MKT010970,DCL010421,PCL010333,unresolved_singleton,Unresolved,1,1,,,,,,MKT010970,,,,,,,Zoe_Paerce,zoe.pearce242@hotmail.co.uk,,,B1 9ID,,,,zoepaerce,zoe.pearce242@hotmail.co.uk,,,B19ID,,,,,,,zoe.pearce242@hotmail.co.uk,,,B1 9ID,,,,,,,,,,,,,,,,,,Zoe_Paerce,2025-12-16,True,6,1,,,,,,,,,,,,,,,
STG032280,MARKETING,MKT010978,DCL010422,PCL010334,unresolved_singleton,Unresolved,1,1,,,,,,MKT010978,,,,,,,Mitchell_Evans,mitchell.evans@hotmail.com,,,PO1 3XU,,,,mitchellevans,mitchell.evans@hotmail.com,,,PO13XU,,,,,,,mitchell.evans@hotmail.com,,,PO1 3XU,,,,,,,,,,,,,,,,,,Mitchell_Evans,2025-12-16,False,12,1,,,,,,,,,,,,,,,
STG032310,MARKETING,MKT011008,DCL010425,PCL010336,unresolved_singleton,Unresolved,1,1,,,,,,MKT011008,,,,,,,Keith_Stewart,keith.stewart@gmail.com,,,LE1 2VW,,,,keithstewart,keith.stewart@gmail.com,,,LE12VW,,,,,,,keith.stewart@gmail.com,,,LE1 2VW,,,,,,,,,,,,,,,,,,Keith_Stewart,2025-12-16,True,5,0,,,,,,,,,,,,,,,
STG032311,MARKETING,MKT011009,DCL010426,PCL010337,unresolved_singleton,Unresolved,1,1,,,,,,MKT011009,,,,,,,Sally_Smith,sallysmith19@hotmail.co.uk,,,NR1 3XQ,,,,sallysmith,sallysmith19@hotmail.co.uk,,,NR13XQ,,,,,,,sallysmith19@hotmail.co.uk,,,NR1 3XQ,,,,,,,,,,,,,,,,,,Sally_Smith,2025-12-16,True,5,0,,,,,,,,,,,,,,,
STG032321,MARKETING,MKT011019,DCL010427,PCL010338,unresolved_singleton,Unresolved,1,1,,,,,,MKT011019,,,,,,,Fiona_Wallace,fionawallace@aol.com,,,B1 5TV,,,,fionawallace,fionawallace@aol.com,,,B15TV,,,,,,,fionawallace@aol.com,,,B1 5TV,,,,,,,,,,,,,,,,,,Fiona_Wallace,2025-12-17,True,10,0,,,,,,,,,,,,,,,
STG032338,MARKETING,MKT011036,DCL010428,PCL010339,unresolved_singleton,Unresolved,1,1,,,,,,MKT011036,,,,,,,Abigail_Reid,abigail.reid18@hotmail.co.uk,,,SY23 2DO,,,,abigailreid,abigail.reid18@hotmail.co.uk,,,SY232DO,,,,,,,abigail.reid18@hotmail.co.uk,,,SY23 2DO,,,,,,,,,,,,,,,,,,Abigail_Reid,2025-12-17,True,11,3,,,,,,,,,,,,,,,
STG032391,MARKETING,MKT011089,DCL010429,PCL010340,unresolved_singleton,Unresolved,1,1,,,,,,MKT011089,,,,,,,Sandra_Smith,ssmith18@wanadoo.fr,,,HU1 9YL,,,,sandrasmith,ssmith18@wanadoo.fr,,,HU19YL,,,,,,,ssmith18@wanadoo.fr,,,HU1 9YL,,,,,,,,,,,,,,,,,,Sandra_Smith,2025-12-18,False,6,1,,,,,,,,,,,,,,,
STG032404,MARKETING,MKT011102,DCL010430,PCL010341,unresolved_singleton,Unresolved,1,1,,,,,,MKT011102,,,,,,,,marilyn.pearson@gmail.com,,,YO1 7VU,,,,,marilyn.pearson@gmail.com,,,YO17VU,,,,,,,marilyn.pearson@gmail.com,,,YO1 7VU,,,,,,,,,,,,,,,,,,,2025-12-18,False,3,0,,,,,,,,,,,,,,,
STG032412,MARKETING,MKT011110,DCL010431,PCL010342,unresolved_singleton,Unresolved,1,1,,,,,,MKT011110,,,,,,,,janetcampbell22@aol.com,,,BT61 0PH,,,,,janetcampbell22@aol.com,,,BT610PH,,,,,,,janetcampbell22@aol.com,,,BT61 0PH,,,,,,,,,,,,,,,,,,,2025-12-18,False,5,0,,,,,,,,,,,,,,,
STG032421,MARKETING,MKT011119,DCL010432,PCL010343,unresolved_singleton,Unresolved,1,1,,,,,,MKT011119,,,,,,,Marian_Heath,marianheath@yahoo.com,,,E1 6BO,,,,marianheath,marianheath@yahoo.com,,,E16BO,,,,,,,marianheath@yahoo.com,,,E1 6BO,,,,,,,,,,,,,,,,,,Marian_Heath,2025-12-18,False,3,0,,,,,,,,,,,,,,,
STG032428,MARKETING,MKT011126,DCL010433,PCL010344,unresolved_singleton,Unresolved,1,1,,,,,,MKT011126,,,,,,,,duncanbartlett18@wanadoo.fr,,,SW1 9BE,,,,,duncanbartlett18@wanadoo.fr,,,SW19BE,,,,,,,duncanbartlett18@wanadoo.fr,,,SW1 9BE,,,,,,,,,,,,,,,,,,,2025-12-19,False,10,2,,,,,,,,,,,,,,,
STG032431,MARKETING,MKT011129,DCL010434,PCL010345,unresolved_singleton,Unresolved,1,1,,,,,,MKT011129,,,,,,,ynn_Blake,lynn.blake@yahoo.com,,,BH1 6OR,,,,ynnblake,lynn.blake@yahoo.com,,,BH16OR,,,,,,,lynn.blake@yahoo.com,,,BH1 6OR,,,,,,,,,,,,,,,,,,ynn_Blake,2025-12-19,False,6,1,,,,,,,,,,,,,,,
STG032450,MARKETING,MKT011148,DCL010435,PCL010346,unresolved_singleton,Unresolved,1,1,,,,,,MKT011148,,,,,,,,carljordan21@hotmail.com,,,BH1 7IN,,,,,carljordan21@hotmail.com,,,BH17IN,,,,,,,carljordan21@hotmail.com,,,BH1 7IN,,,,,,,,,,,,,,,,,,,2025-12-19,True,4,0,,,,,,,,,,,,,,,
STG032472,MARKETING,MKT011170,DCL010437,PCL010348,unresolved_singleton,Unresolved,1,1,,,,,,MKT011170,,,,,,,Lynda_Whittaker,lynda.whittaker@gmail.com,,,DL1 6VA,,,,lyndawhittaker,lynda.whittaker@gmail.com,,,DL16VA,,,,,,,lynda.whittaker@gmail.com,,,DL1 6VA,,,,,,,,,,,,,,,,,,Lynda_Whittaker,2025-12-19,False,2,0,,,,,,,,,,,,,,,
STG032504,MARKETING,MKT011202,DCL010438,PCL010349,unresolved_singleton,Unresolved,1,1,,,,,,MKT011202,,,,,,,William_Hill,whill25@wanadoo.fr,,,G1,,,,williamhill,whill25@wanadoo.fr,,,G1,,,,,,,whill25@wanadoo.fr,,,G1,,,,,,,,,,,,,,,,,,William_Hill,2025-12-20,True,1,0,,,,,,,,,,,,,,,
STG032516,MARKETING,MKT011214,DCL010439,PCL010350,unresolved_singleton,Unresolved,1,1,,,,,,MKT011214,,,,,,,Lewis_Booth,lewis.booth@hotmail.com,,,NP20 5SD,,,,lewisbooth,lewis.booth@hotmail.com,,,NP205SD,,,,,,,lewis.booth@hotmail.com,,,NP20 5SD,,,,,,,,,,,,,,,,,,Lewis_Booth,2025-12-20,False,5,1,,,,,,,,,,,,,,,
STG032525,MARKETING,MKT011223,DCL010440,PCL010351,unresolved_singleton,Unresolved,1,1,,,,,,MKT011223,,,,,,,Colin_Walker,colin.walker@yahoo.com,,,LS1 6SZ,,,,colinwalker,colin.walker@yahoo.com,,,LS16SZ,,,,,,,colin.walker@yahoo.com,,,LS1 6SZ,,,,,,,,,,,,,,,,,,Colin_Walker,2025-12-20,True,5,1,,,,,,,,,,,,,,,
STG032540,MARKETING,MKT011238,DCL010441,PCL010352,unresolved_singleton,Unresolved,1,1,,,,,,MKT011238,,,,,,,Connor_Randall,connor.randall@msn.com,,,NN1,,,,connorrandall,connor.randall@msn.com,,,NN1,,,,,,,connor.randall@msn.com,,,NN1,,,,,,,,,,,,,,,,,,Connor_Randall,2025-12-21,False,7,2,,,,,,,,,,,,,,,
STG032550,MARKETING,MKT011248,DCL010442,PCL010353,unresolved_singleton,Unresolved,1,1,,,,,,MKT011248,,,,,,,aJke_Chandler,jake.chandler@yahoo.com,,,BN1 9MP,,,,ajkechandler,jake.chandler@yahoo.com,,,BN19MP,,,,,,,jake.chandler@yahoo.com,,,BN1 9MP,,,,,,,,,,,,,,,,,,aJke_Chandler,2025-12-21,True,0,0,,,,,,,,,,,,,,,
STG032589,MARKETING,MKT011287,DCL010444,PCL010355,unresolved_singleton,Unresolved,1,1,,,,,,MKT011287,,,,,,,,barbara.williams2@gmail.com,,,RG1 7YF,,,,,barbara.williams2@gmail.com,,,RG17YF,,,,,,,barbara.williams2@gmail.com,,,RG1 7YF,,,,,,,,,,,,,,,,,,,2025-12-21,True,4,1,,,,,,,,,,,,,,,
STG032602,MARKETING,MKT011300,DCL010445,PCL010356,unresolved_singleton,Unresolved,1,1,,,,,,MKT011300,,,,,,,Dorothy_Harvey,dorothy.harvey@gmail.com,,,PO1 8DZ,,,,dorothyharvey,dorothy.harvey@gmail.com,,,PO18DZ,,,,,,,dorothy.harvey@gmail.com,,,PO1 8DZ,,,,,,,,,,,,,,,,,,Dorothy_Harvey,2025-12-22,False,4,0,,,,,,,,,,,,,,,
STG032611,MARKETING,MKT011309,DCL010446,PCL010357,unresolved_singleton,Unresolved,1,1,,,,,,MKT011309,,,,,,,Margaret_Ahmed,margaret.ahmed@yahoo.fr,,,PH1 1GX,,,,margaretahmed,margaret.ahmed@yahoo.fr,,,PH11GX,,,,,,,margaret.ahmed@yahoo.fr,,,PH1 1GX,,,,,,,,,,,,,,,,,,Margaret_Ahmed,2025-12-22,False,3,1,,,,,,,,,,,,,,,
STG032613,MARKETING,MKT011311,DCL010447,PCL010358,unresolved_singleton,Unresolved,1,1,,,,,,MKT011311,,,,,,,Kirean_Williams,kwilliams25@hotmail.com,,,PE1 3MS,,,,kireanwilliams,kwilliams25@hotmail.com,,,PE13MS,,,,,,,kwilliams25@hotmail.com,,,PE1 3MS,,,,,,,,,,,,,,,,,,Kirean_Williams,2025-12-22,True,5,3,,,,,,,,,,,,,,,
STG032615,MARKETING,MKT011313,DCL010448,PCL010359,unresolved_singleton,Unresolved,1,1,,,,,,MKT011313,,,,,,,Lewis_Rose,lewis.rose@gmail.com,,,BT34 9VJ,,,,lewisrose,lewis.rose@gmail.com,,,BT349VJ,,,,,,,lewis.rose@gmail.com,,,BT34 9VJ,,,,,,,,,,,,,,,,,,Lewis_Rose,2025-12-22,True,3,0,,,,,,,,,,,,,,,
STG032629,MARKETING,MKT011327,DCL010449,PCL010360,unresolved_singleton,Unresolved,1,1,,,,,,MKT011327,,,,,,,Leigh_tSephenson,leigh.stephenson@yahoo.com,,,BS1 6RH,,,,leightsephenson,leigh.stephenson@yahoo.com,,,BS16RH,,,,,,,leigh.stephenson@yahoo.com,,,BS1 6RH,,,,,,,,,,,,,,,,,,Leigh_tSephenson,2025-12-22,True,15,5,,,,,,,,,,,,,,,
STG032632,MARKETING,MKT011330,DCL010450,PCL010361,unresolved_singleton,Unresolved,1,1,,,,,,MKT011330,,,,,,,Jeremy_Walker,jeremy.walker@yahoo.com,,,N1 7EZ,,,,jeremywalker,jeremy.walker@yahoo.com,,,N17EZ,,,,,,,jeremy.walker@yahoo.com,,,N1 7EZ,,,,,,,,,,,,,,,,,,Jeremy_Walker,2025-12-22,True,2,0,,,,,,,,,,,,,,,
STG032633,MARKETING,MKT011331,DCL010451,PCL010362,unresolved_singleton,Unresolved,1,1,,,,,,MKT011331,,,,,,,,jonathan.doyle@yahoo.com,,,DL1 9KX,,,,,jonathan.doyle@yahoo.com,,,DL19KX,,,,,,,jonathan.doyle@yahoo.com,,,DL1 9KX,,,,,,,,,,,,,,,,,,,2025-12-22,False,0,0,,,,,,,,,,,,,,,
STG032687,MARKETING,MKT011385,DCL010453,PCL010364,unresolved_singleton,Unresolved,1,1,,,,,,MKT011385,,,,,,,Geoffrey_Holt,geoffrey.holt@hotmail.com,,,E1 1WN,,,,geoffreyholt,geoffrey.holt@hotmail.com,,,E11WN,,,,,,,geoffrey.holt@hotmail.com,,,E1 1WN,,,,,,,,,,,,,,,,,,Geoffrey_Holt,2025-12-23,False,3,0,,,,,,,,,,,,,,,
STG032705,MARKETING,MKT011403,DCL010454,PCL010365,unresolved_singleton,Unresolved,1,1,,,,,,MKT011403,,,,,,,,elaine.james@yahoo.com,,,BT27 8OE,,,,,elaine.james@yahoo.com,,,BT278OE,,,,,,,elaine.james@yahoo.com,,,BT27 8OE,,,,,,,,,,,,,,,,,,,2025-12-23,False,13,7,,,,,,,,,,,,,,,
STG032708,MARKETING,MKT011406,DCL010456,PCL010367,unresolved_singleton,Unresolved,1,1,,,,,,MKT011406,,,,,,,Cheryl_Pritchard,cpritchard25@msn.com,,,BS1 6CF,,,,cherylpritchard,cpritchard25@msn.com,,,BS16CF,,,,,,,cpritchard25@msn.com,,,BS1 6CF,,,,,,,,,,,,,,,,,,Cheryl_Pritchard,2025-12-23,False,1,0,,,,,,,,,,,,,,,
STG032713,MARKETING,MKT011411,DCL010457,PCL010368,unresolved_singleton,Unresolved,1,1,,,,,,MKT011411,,,,,,,Bryan_O'Sullivan,bryan.osullivan@gmail.com,,,S40 4QR,,,,bryanosullivan,bryan.osullivan@gmail.com,,,S404QR,,,,,,,bryan.osullivan@gmail.com,,,S40 4QR,,,,,,,,,,,,,,,,,,Bryan_O'Sullivan,2025-12-23,True,5,1,,,,,,,,,,,,,,,
STG032727,MARKETING,MKT011425,DCL010459,PCL010370,unresolved_singleton,Unresolved,1,1,,,,,,MKT011425,,,,,,,,beverley.clark@aol.com,,,BN1 5OY,,,,,beverley.clark@aol.com,,,BN15OY,,,,,,,beverley.clark@aol.com,,,BN1 5OY,,,,,,,,,,,,,,,,,,,2025-12-24,True,9,3,,,,,,,,,,,,,,,
STG032745,MARKETING,MKT011443,DCL010461,PCL010372,unresolved_singleton,Unresolved,1,1,,,,,,MKT011443,,,,,,,Calr_Pearson,carl.pearson@hotmail.com,,,SY1 2VS,,,,calrpearson,carl.pearson@hotmail.com,,,SY12VS,,,,,,,carl.pearson@hotmail.com,,,SY1 2VS,,,,,,,,,,,,,,,,,,Calr_Pearson,2025-12-24,True,13,5,,,,,,,,,,,,,,,
STG032775,MARKETING,MKT011473,DCL010463,PCL010374,unresolved_singleton,Unresolved,1,1,,,,,,MKT011473,,,,,,,Nicole_Long,nlong25@yahoo.fr,,,WV1,,,,nicolelong,nlong25@yahoo.fr,,,WV1,,,,,,,nlong25@yahoo.fr,,,WV1,,,,,,,,,,,,,,,,,,Nicole_Long,2025-12-24,False,6,0,,,,,,,,,,,,,,,
STG032783,MARKETING,MKT011481,DCL010464,PCL010375,unresolved_singleton,Unresolved,1,1,,,,,,MKT011481,,,,,,,Patrick_Moss,patrick.moss@hotmail.com,,,LU1 2YQ,,,,patrickmoss,patrick.moss@hotmail.com,,,LU12YQ,,,,,,,patrick.moss@hotmail.com,,,LU1 2YQ,,,,,,,,,,,,,,,,,,Patrick_Moss,2025-12-24,False,1,0,,,,,,,,,,,,,,,
STG032792,MARKETING,MKT011490,DCL010465,PCL010376,unresolved_singleton,Unresolved,1,1,,,,,,MKT011490,,,,,,,Andrew_Turner,andrewturner@msn.com,,,N1 7AL,,,,andrewturner,andrewturner@msn.com,,,N17AL,,,,,,,andrewturner@msn.com,,,N1 7AL,,,,,,,,,,,,,,,,,,Andrew_Turner,2025-12-25,True,12,6,,,,,,,,,,,,,,,
STG032826,MARKETING,MKT011524,DCL010466,PCL010377,unresolved_singleton,Unresolved,1,1,,,,,,MKT011524,,,,,,,Jayne_eRed,jayne.reed25@aol.com,,,BA1 5OK,,,,jayneered,jayne.reed25@aol.com,,,BA15OK,,,,,,,jayne.reed25@aol.com,,,BA1 5OK,,,,,,,,,,,,,,,,,,Jayne_eRed,2025-12-25,False,2,1,,,,,,,,,,,,,,,
STG032833,MARKETING,MKT011531,DCL010467,PCL010378,unresolved_singleton,Unresolved,1,1,,,,,,MKT011531,,,,,,,Barry_Hughes,barryhughes23@hotmail.co.uk,,,S1 3RS,,,,barryhughes,barryhughes23@hotmail.co.uk,,,S13RS,,,,,,,barryhughes23@hotmail.co.uk,,,S1 3RS,,,,,,,,,,,,,,,,,,Barry_Hughes,2025-12-25,False,4,1,,,,,,,,,,,,,,,
STG032849,MARKETING,MKT011547,DCL010468,PCL010379,unresolved_singleton,Unresolved,1,1,,,,,,MKT011547,,,,,,,Kimberley_Jones,kimberley.jones@orange.fr,,,M1 2LM,,,,kimberleyjones,kimberley.jones@orange.fr,,,M12LM,,,,,,,kimberley.jones@orange.fr,,,M1 2LM,,,,,,,,,,,,,,,,,,Kimberley_Jones,2025-12-26,True,2,1,,,,,,,,,,,,,,,
STG032860,MARKETING,MKT011558,DCL010469,PCL010380,unresolved_singleton,Unresolved,1,1,,,,,,MKT011558,,,,,,,,alawson25@yahoo.com,,,YO1 0NZ,,,,,alawson25@yahoo.com,,,YO10NZ,,,,,,,alawson25@yahoo.com,,,YO1 0NZ,,,,,,,,,,,,,,,,,,,2025-12-26,True,5,1,,,,,,,,,,,,,,,
STG032874,MARKETING,MKT011572,DCL010470,PCL010381,unresolved_singleton,Unresolved,1,1,,,,,,MKT011572,,,,,,,Katie_Stewart,katie.stewart@yahoo.com,,,CH1 1SS,,,,katiestewart,katie.stewart@yahoo.com,,,CH11SS,,,,,,,katie.stewart@yahoo.com,,,CH1 1SS,,,,,,,,,,,,,,,,,,Katie_Stewart,2025-12-26,True,6,0,,,,,,,,,,,,,,,
STG032936,MARKETING,MKT011634,DCL010473,PCL010384,unresolved_singleton,Unresolved,1,1,,,,,,MKT011634,,,,,,,Dorothy_Owen,dorothyowen@yahoo.fr,,,WR1,,,,dorothyowen,dorothyowen@yahoo.fr,,,WR1,,,,,,,dorothyowen@yahoo.fr,,,WR1,,,,,,,,,,,,,,,,,,Dorothy_Owen,2025-12-27,False,1,0,,,,,,,,,,,,,,,
STG032942,MARKETING,MKT011640,DCL010474,PCL010385,unresolved_singleton,Unresolved,1,1,,,,,,MKT011640,,,,,,,Clive_Taylor,clive.taylor@gmail.com,,,BT34 1MQ,,,,clivetaylor,clive.taylor@gmail.com,,,BT341MQ,,,,,,,clive.taylor@gmail.com,,,BT34 1MQ,,,,,,,,,,,,,,,,,,Clive_Taylor,2025-12-27,True,0,0,,,,,,,,,,,,,,,
STG032945,MARKETING,MKT011643,DCL010475,PCL010386,unresolved_singleton,Unresolved,1,1,,,,,,MKT011643,,,,,,,Gerald_Elliott,gerald.elliott@hotmail.com,,,IP1,,,,geraldelliott,gerald.elliott@hotmail.com,,,IP1,,,,,,,gerald.elliott@hotmail.com,,,IP1,,,,,,,,,,,,,,,,,,Gerald_Elliott,2025-12-27,False,6,1,,,,,,,,,,,,,,,
STG032959,MARKETING,MKT011657,DCL010477,PCL010388,unresolved_singleton,Unresolved,1,1,,,,,,MKT011657,,,,,,,Francis_McCarthy,francis.mccarthy22@yahoo.com,,,G1 7DG,,,,francismccarthy,francis.mccarthy22@yahoo.com,,,G17DG,,,,,,,francis.mccarthy22@yahoo.com,,,G1 7DG,,,,,,,,,,,,,,,,,,Francis_McCarthy,2025-12-27,True,3,0,,,,,,,,,,,,,,,
STG032992,MARKETING,MKT011690,DCL010480,PCL010391,unresolved_singleton,Unresolved,1,1,,,,,,MKT011690,,,,,,,Geraldnie_Cooper,geraldine.cooper@hotmail.com,,,BS1 2KB,,,,geraldniecooper,geraldine.cooper@hotmail.com,,,BS12KB,,,,,,,geraldine.cooper@hotmail.com,,,BS1 2KB,,,,,,,,,,,,,,,,,,Geraldnie_Cooper,2025-12-28,True,5,0,,,,,,,,,,,,,,,
STG033005,MARKETING,MKT011703,DCL010481,PCL010392,unresolved_singleton,Unresolved,1,1,,,,,,MKT011703,,,,,,,Guy_Lee,guy.lee@hotmail.com,,,CV1 5LQ,,,,guylee,guy.lee@hotmail.com,,,CV15LQ,,,,,,,guy.lee@hotmail.com,,,CV1 5LQ,,,,,,,,,,,,,,,,,,Guy_Lee,2025-12-28,True,3,0,,,,,,,,,,,,,,,
STG033008,MARKETING,MKT011706,DCL010482,PCL010393,unresolved_singleton,Unresolved,1,1,,,,,,MKT011706,,,,,,,Adam_Owen,adam.owen@gmail.com,,,BA1 9BE,,,,adamowen,adam.owen@gmail.com,,,BA19BE,,,,,,,adam.owen@gmail.com,,,BA1 9BE,,,,,,,,,,,,,,,,,,Adam_Owen,2025-12-28,True,2,0,,,,,,,,,,,,,,,
STG033010,MARKETING,MKT011708,DCL010483,PCL010394,unresolved_singleton,Unresolved,1,1,,,,,,MKT011708,,,,,,,,margaret.page@gmail.com,,,CB1 1DL,,,,,margaret.page@gmail.com,,,CB11DL,,,,,,,margaret.page@gmail.com,,,CB1 1DL,,,,,,,,,,,,,,,,,,,2025-12-28,False,7,1,,,,,,,,,,,,,,,
STG033059,MARKETING,MKT011757,DCL010484,PCL010395,unresolved_singleton,Unresolved,1,1,,,,,,MKT011757,,,,,,,,louise.evans@gmail.com,,,M1 8RX,,,,,louise.evans@gmail.com,,,M18RX,,,,,,,louise.evans@gmail.com,,,M1 8RX,,,,,,,,,,,,,,,,,,,2025-12-28,True,7,0,,,,,,,,,,,,,,,
STG033071,MARKETING,MKT011769,DCL010485,PCL010396,unresolved_singleton,Unresolved,1,1,,,,,,MKT011769,,,,,,,Geoffrey_Hobbs,geoffrey.hobbs@gmail.com,,,SO14 6RY,,,,geoffreyhobbs,geoffrey.hobbs@gmail.com,,,SO146RY,,,,,,,geoffrey.hobbs@gmail.com,,,SO14 6RY,,,,,,,,,,,,,,,,,,Geoffrey_Hobbs,2025-12-29,True,8,2,,,,,,,,,,,,,,,
STG033072,MARKETING,MKT011770,DCL010486,PCL010397,unresolved_singleton,Unresolved,1,1,,,,,,MKT011770,,,,,,,Kim_Robinson,kim.robinson25@hotmail.com,,,DH1 0KR,,,,kimrobinson,kim.robinson25@hotmail.com,,,DH10KR,,,,,,,kim.robinson25@hotmail.com,,,DH1 0KR,,,,,,,,,,,,,,,,,,Kim_Robinson,2025-12-29,True,3,0,,,,,,,,,,,,,,,
STG033077,MARKETING,MKT011775,DCL010487,PCL010398,unresolved_singleton,Unresolved,1,1,,,,,,MKT011775,,,,,,,,terry.lees@yahoo.com,,,WV1 4JF,,,,,terry.lees@yahoo.com,,,WV14JF,,,,,,,terry.lees@yahoo.com,,,WV1 4JF,,,,,,,,,,,,,,,,,,,2025-12-29,True,9,0,,,,,,,,,,,,,,,
STG033087,MARKETING,MKT011785,DCL010488,PCL010399,unresolved_singleton,Unresolved,1,1,,,,,,MKT011785,,,,,,,Deborah_Baker,deborah.baker2@gmail.com,,,DE1 2LQ,,,,deborahbaker,deborah.baker2@gmail.com,,,DE12LQ,,,,,,,deborah.baker2@gmail.com,,,DE1 2LQ,,,,,,,,,,,,,,,,,,Deborah_Baker,2025-12-29,True,2,0,,,,,,,,,,,,,,,
STG033112,MARKETING,MKT011810,DCL010490,PCL010401,unresolved_singleton,Unresolved,1,1,,,,,,MKT011810,,,,,,,Malcolm_mSith,malcolmsmith25@yahoo.com,,,BB1 4OP,,,,malcolmmsith,malcolmsmith25@yahoo.com,,,BB14OP,,,,,,,malcolmsmith25@yahoo.com,,,BB1 4OP,,,,,,,,,,,,,,,,,,Malcolm_mSith,2025-12-29,True,6,3,,,,,,,,,,,,,,,
STG033135,MARKETING,MKT011833,DCL010491,PCL010402,unresolved_singleton,Unresolved,1,1,,,,,,MKT011833,,,,,,,Stuart_Hall,stuart.hall@gmail.com,,,CM1 6ZZ,,,,stuarthall,stuart.hall@gmail.com,,,CM16ZZ,,,,,,,stuart.hall@gmail.com,,,CM1 6ZZ,,,,,,,,,,,,,,,,,,Stuart_Hall,2025-12-30,False,0,0,,,,,,,,,,,,,,,
STG033136,MARKETING,MKT011834,DCL010492,PCL010403,unresolved_singleton,Unresolved,1,1,,,,,,MKT011834,,,,,,,,alan.power@yahoo.com,,,NE1 1XO,,,,,alan.power@yahoo.com,,,NE11XO,,,,,,,alan.power@yahoo.com,,,NE1 1XO,,,,,,,,,,,,,,,,,,,2025-12-30,True,8,2,,,,,,,,,,,,,,,
STG033155,MARKETING,MKT011853,DCL010493,PCL010404,unresolved_singleton,Unresolved,1,1,,,,,,MKT011853,,,,,,,Terry_Coleman,terry.coleman25@yahoo.fr,,,TS1 0YO,,,,terrycoleman,terry.coleman25@yahoo.fr,,,TS10YO,,,,,,,terry.coleman25@yahoo.fr,,,TS1 0YO,,,,,,,,,,,,,,,,,,Terry_Coleman,2025-12-30,False,1,1,,,,,,,,,,,,,,,
STG033168,MARKETING,MKT011866,DCL010496,PCL010406,unresolved_singleton,Unresolved,1,1,,,,,,MKT011866,,,,,,,Dorothy_White,dorothy.white25@yahoo.fr,,,NW1 1UY,,,,dorothywhite,dorothy.white25@yahoo.fr,,,NW11UY,,,,,,,dorothy.white25@yahoo.fr,,,NW1 1UY,,,,,,,,,,,,,,,,,,Dorothy_White,2025-12-30,False,2,1,,,,,,,,,,,,,,,
STG033169,MARKETING,MKT011867,DCL010497,PCL010407,unresolved_singleton,Unresolved,1,1,,,,,,MKT011867,,,,,,,Jill_Murphy,jill.murphy@gmail.com,,,N1 6XY,,,,jillmurphy,jill.murphy@gmail.com,,,N16XY,,,,,,,jill.murphy@gmail.com,,,N1 6XY,,,,,,,,,,,,,,,,,,Jill_Murphy,2025-12-30,False,7,0,,,,,,,,,,,,,,,
STG033171,MARKETING,MKT011869,DCL010498,PCL010408,unresolved_singleton,Unresolved,1,1,,,,,,MKT011869,,,,,,,Gerard_Morris,gerard.morris@yahoo.fr,,,G1 2KD,,,,gerardmorris,gerard.morris@yahoo.fr,,,G12KD,,,,,,,gerard.morris@yahoo.fr,,,G1 2KD,,,,,,,,,,,,,,,,,,Gerard_Morris,2025-12-30,False,3,0,,,,,,,,,,,,,,,
STG033202,MARKETING,MKT011900,DCL010499,PCL010409,unresolved_singleton,Unresolved,1,1,,,,,,MKT011900,,,,,,,Howard_Miles,howard.miles25@msn.com,,,LS1 3AC,,,,howardmiles,howard.miles25@msn.com,,,LS13AC,,,,,,,howard.miles25@msn.com,,,LS1 3AC,,,,,,,,,,,,,,,,,,Howard_Miles,2025-12-30,False,3,1,,,,,,,,,,,,,,,
STG033239,MARKETING,MKT011937,DCL010501,PCL010410,unresolved_singleton,Unresolved,1,1,,,,,,MKT011937,,,,,,,Megan_Ford,megan.ford@gmail.com,,,TS1 4VT,,,,meganford,megan.ford@gmail.com,,,TS14VT,,,,,,,megan.ford@gmail.com,,,TS1 4VT,,,,,,,,,,,,,,,,,,Megan_Ford,2025-12-31,True,7,1,,,,,,,,,,,,,,,
STG033242,MARKETING,MKT011940,DCL010502,PCL010411,unresolved_singleton,Unresolved,1,1,,,,,,MKT011940,,,,,,,Mohamed_Singh,mohamedsingh25@wanadoo.fr,,,RG1 9FW,,,,mohamedsingh,mohamedsingh25@wanadoo.fr,,,RG19FW,,,,,,,mohamedsingh25@wanadoo.fr,,,RG1 9FW,,,,,,,,,,,,,,,,,,Mohamed_Singh,2025-12-31,True,6,1,,,,,,,,,,,,,,,
STG033251,MARKETING,MKT011949,DCL010503,PCL010412,unresolved_singleton,Unresolved,1,1,,,,,,MKT011949,,,,,,,Emily_Shaw,emily.shaw@yahoo.com,,,N1 1CA,,,,emilyshaw,emily.shaw@yahoo.com,,,N11CA,,,,,,,emily.shaw@yahoo.com,,,N1 1CA,,,,,,,,,,,,,,,,,,Emily_Shaw,2025-12-31,False,2,0,,,,,,,,,,,,,,,
STG033271,MARKETING,MKT011969,DCL010506,PCL010415,unresolved_singleton,Unresolved,1,1,,,,,,MKT011969,,,,,,,Gillian_Robinson,gillianrobinson25@yahoo.com,,,CB1 4CY,,,,gillianrobinson,gillianrobinson25@yahoo.com,,,CB14CY,,,,,,,gillianrobinson25@yahoo.com,,,CB1 4CY,,,,,,,,,,,,,,,,,,Gillian_Robinson,2025-12-31,True,2,0,,,,,,,,,,,,,,,
STG033276,MARKETING,MKT011974,DCL010507,PCL010416,unresolved_singleton,Unresolved,1,1,,,,,,MKT011974,,,,,,,Richard_Williams,richard.williams@gmail.com,,,CB1 9HA,,,,richardwilliams,richard.williams@gmail.com,,,CB19HA,,,,,,,richard.williams@gmail.com,,,CB1 9HA,,,,,,,,,,,,,,,,,,Richard_Williams,2025-12-31,True,2,0,,,,,,,,,,,,,,,
STG073319,SUPPORT,SUP000017,DCL010509,PCL010418,unresolved_singleton,Unresolved,1,1,,,,,,,,SUP000017,,,,,Sheila Smith,sheila.smih@yahoo.com,,,,,,,sheilasmith,sheila.smih@yahoo.com,,,,,,,,,,,,,,,,,,,,,,,,,,,,,,,,,,,,,,,,,,,2025-01-02 11:50:10,Sheila Smith,sheila.smih@yahoo.com,,Email,Refund request,Resolved,32:07
STG073332,SUPPORT,SUP000030,DCL010510,PCL010419,unresolved_singleton,Unresolved,1,1,,,,,,,,SUP000030,,,,,Jean Collier,jean.colier@yahoo.com,,,,,,,jeancollier,jean.colier@yahoo.com,,,,,,,,,,,,,,,,,,,,,,,,,,,,,,,,,,,,,,,,,,,2025-01-03 06:34:38,Jean Collier,jean.colier@yahoo.com,,Email,Accessibility,Resolved,14:37
STG073336,SUPPORT,SUP000034,DCL010511,PCL010420,unresolved_singleton,Unresolved,1,1,,,,,,,,SUP000034,,,,,Marilyn Reynolds,marilyn.ryenolds@gmail.com,,,,,,,marilynreynolds,marilyn.ryenolds@gmail.com,,,,,,,,,,,,,,,,,,,,,,,,,,,,,,,,,,,,,,,,,,,2025-01-03 15:33:54,Marilyn Reynolds,marilyn.ryenolds@gmail.com,,Email,Enquiry,Resolved,04:27
STG073351,SUPPORT,SUP000049,DCL010512,PCL010421,unresolved_singleton,Unresolved,1,1,,,,,,,,SUP000049,,,,,Jill Smiht,jill.smith@hotmail.com,,,,,,,jillsmiht,jill.smith@hotmail.com,,,,,,,,,,,,,,,,,,,,,,,,,,,,,,,,,,,,,,,,,,,2025-01-05 10:02:50,Jill Smiht,jill.smith@hotmail.com,,Email,Enquiry,Resolved,05:10
STG073389,SUPPORT,SUP000087,DCL010513,PCL010422,unresolved_singleton,Unresolved,1,1,,,,,,,,SUP000087,,,,,Sarah Vincent,sarah.vnicent@hotmail.com,+44 7742586794,,,,,,sarahvincent,sarah.vnicent@hotmail.com,07742586794,,,,,,,,,,,,,,,,,,,,,,,,,,,,,,,,,,,,,,,,,,2025-01-08 12:50:46,Sarah Vincent,sarah.vnicent@hotmail.com,+44 7742586794,Email,Enquiry,Resolved,03:32
STG073432,SUPPORT,SUP000130,DCL010515,PCL010424,unresolved_singleton,Unresolved,1,1,,,,,,,,SUP000130,,,,,Duncan Mills,duncanmills@hotmail.com,+44 7998249040,,,,,,duncanmills,duncanmills@hotmail.com,07998249040,,,,,,,,,,,,,,,,,,,,,,,,,,,,,,,,,,,,,,,,,,2025-01-13 05:39:34,Duncan Mills,duncanmills@hotmail.com,+44 7998249040,Email,Enquiry,Resolved,05:20
STG073456,SUPPORT,SUP000154,DCL010516,PCL010425,unresolved_singleton,Unresolved,1,1,,,,,,,,SUP000154,,,,,Dale Parker,dalep.arker@yahoo.com,,,,,,,daleparker,dalep.arker@yahoo.com,,,,,,,,,,,,,,,,,,,,,,,,,,,,,,,,,,,,,,,,,,,2025-01-15 07:08:12,Dale Parker,dalep.arker@yahoo.com,,Email,Complaint,Resolved,04:35
STG073458,SUPPORT,SUP000156,DCL010517,PCL010426,unresolved_singleton,Unresolved,1,1,,,,,,,,SUP000156,,,,,Elliot Taylor,elliot.tayolr@yahoo.com,,,,,,,elliottaylor,elliot.tayolr@yahoo.com,,,,,,,,,,,,,,,,,,,,,,,,,,,,,,,,,,,,,,,,,,,2025-01-15 08:27:42,Elliot Taylor,elliot.tayolr@yahoo.com,,Email,Complaint,Resolved,10:44
STG073481,SUPPORT,SUP000179,DCL010518,PCL010427,unresolved_singleton,Unresolved,1,1,,,,,,,,SUP000179,,,,,Wayne Ros,wayne.rose@gmail.com,+44 7186064467,,,,,,wayneros,wayne.rose@gmail.com,07186064467,,,,,,,,,,,,,,,,,,,,,,,,,,,,,,,,,,,,,,,,,,2025-01-17 11:12:22,Wayne Ros,wayne.rose@gmail.com,+44 7186064467,Email,Accessibility,Open,
STG073499,SUPPORT,SUP000197,DCL010519,PCL010428,unresolved_singleton,Unresolved,1,1,,,,,,,,SUP000197,,,,,Kate Butler,kate.btler@hotmail.com,+44 7236163537,,,,,,katebutler,kate.btler@hotmail.com,07236163537,,,,,,,,,,,,,,,,,,,,,,,,,,,,,,,,,,,,,,,,,,2025-01-19 10:53:21,Kate Butler,kate.btler@hotmail.com,+44 7236163537,Phone,Accessibility,Open,
STG073516,SUPPORT,SUP000214,DCL010520,PCL010429,unresolved_singleton,Unresolved,1,1,,,,,,,,SUP000214,,,,,Michael Matthews,michael.matthews@yahoo.com,+44 7885185037,,,,,,michaelmatthews,michael.matthews@yahoo.com,07885185037,,,,,,,,,,,,,,,,,,,,,,,,,,,,,,,,,,,,,,,,,,2025-01-21 06:58:01,Michael Matthews,michael.matthews@yahoo.com,+44 7885185037,Email,Accessibility,Resolved,04:50
STG073579,SUPPORT,SUP000277,DCL010521,PCL010430,unresolved_singleton,Unresolved,1,1,,,,,,,,SUP000277,,,,,Holly Fox,,+44 7621838506,,,,,,hollyfox,,07621838506,,,,,,,,,,,,,,,,,,,,,,,,,,,,,,,,,,,,,,,,,,2025-01-26 14:04:14,Holly Fox,,+44 7621838506,Phone,Refund request,Resolved,21:13
STG073592,SUPPORT,SUP000290,DCL010522,PCL010431,unresolved_singleton,Unresolved,1,1,,,,,,,,SUP000290,,,,,Jessica Cunningham,,+44 7977480521,,,,,,jessicacunningham,,07977480521,,,,,,,,,,,,,,,,,,,,,,,,,,,,,,,,,,,,,,,,,,2025-01-27 19:27:27,Jessica Cunningham,,+44 7977480521,Phone,Refund request,Resolved,24:28
STG073605,SUPPORT,SUP000303,DCL010523,PCL010432,unresolved_singleton,Unresolved,1,1,,,,,,,,SUP000303,,,,,Joyce Waters,,+44 7248610374,,,,,,joycewaters,,07248610374,,,,,,,,,,,,,,,,,,,,,,,,,,,,,,,,,,,,,,,,,,2025-01-28 17:11:10,Joyce Waters,,+44 7248610374,Phone,Accessibility,Resolved,18:00
STG073633,SUPPORT,SUP000331,DCL010524,PCL010433,unresolved_singleton,Unresolved,1,1,,,,,,,,SUP000331,,,,,Judith Palmer,judith.pamler@aol.com,,,,,,,judithpalmer,judith.pamler@aol.com,,,,,,,,,,,,,,,,,,,,,,,,,,,,,,,,,,,,,,,,,,,2025-01-31 04:49:46,Judith Palmer,judith.pamler@aol.com,,Email,Accessibility,Resolved,04:31
STG073635,SUPPORT,SUP000333,DCL010525,PCL010434,unresolved_singleton,Unresolved,1,1,,,,,,,,SUP000333,,,,,Derek Smith,derek.msith@gmail.com,,,,,,,dereksmith,derek.msith@gmail.com,,,,,,,,,,,,,,,,,,,,,,,,,,,,,,,,,,,,,,,,,,,2025-01-31 06:03:58,Derek Smith,derek.msith@gmail.com,,Email,Refund request,Resolved,27:06
STG073637,SUPPORT,SUP000335,DCL010526,PCL010435,unresolved_singleton,Unresolved,1,1,,,,,,,,SUP000335,,,,,Scott Smith,scott.smih@gmail.com,,,,,,,scottsmith,scott.smih@gmail.com,,,,,,,,,,,,,,,,,,,,,,,,,,,,,,,,,,,,,,,,,,,2025-01-31 11:01:19,Scott Smith,scott.smih@gmail.com,,Email,Refund request,Resolved,09:48
STG073647,SUPPORT,SUP000345,DCL010527,PCL010436,unresolved_singleton,Unresolved,1,1,,,,,,,,SUP000345,,,,,Shane Davidson,sahne.davidson@hotmail.com,,,,,,,shanedavidson,sahne.davidson@hotmail.com,,,,,,,,,,,,,,,,,,,,,,,,,,,,,,,,,,,,,,,,,,,2025-02-01 03:00:42,Shane Davidson,sahne.davidson@hotmail.com,,Email,Accessibility,Resolved,13:50
STG073664,SUPPORT,SUP000362,DCL010528,PCL010437,unresolved_singleton,Unresolved,1,1,,,,,,,,SUP000362,,,,,Molly Dixon,,+44 7895495048,,,,,,mollydixon,,07895495048,,,,,,,,,,,,,,,,,,,,,,,,,,,,,,,,,,,,,,,,,,2025-02-02 06:05:30,Molly Dixon,,+44 7895495048,Phone,Refund request,Resolved,03:35
STG073721,SUPPORT,SUP000419,DCL010530,PCL010439,unresolved_singleton,Unresolved,1,1,,,,,,,,SUP000419,,,,,Gerald Russell,gerald.rusell@yahoo.com,,,,,,,geraldrussell,gerald.rusell@yahoo.com,,,,,,,,,,,,,,,,,,,,,,,,,,,,,,,,,,,,,,,,,,,2025-02-07 14:32:37,Gerald Russell,gerald.rusell@yahoo.com,,Email,Complaint,Open,
STG073741,SUPPORT,SUP000439,DCL010531,PCL010440,unresolved_singleton,Unresolved,1,1,,,,,,,,SUP000439,,,,,Luke Roberts,lue.roberts@yahoo.com,+44 7564468805,,,,,,lukeroberts,lue.roberts@yahoo.com,07564468805,,,,,,,,,,,,,,,,,,,,,,,,,,,,,,,,,,,,,,,,,,2025-02-09 20:04:05,Luke Roberts,lue.roberts@yahoo.com,+44 7564468805,Phone,Complaint,Resolved,72:00
STG073771,SUPPORT,SUP000469,DCL010532,PCL010441,unresolved_singleton,Unresolved,1,1,,,,,,,,SUP000469,,,,,Jemma Clark,jemma.clark@aol.com,+44 7770720980,,,,,,jemmaclark,jemma.clark@aol.com,07770720980,,,,,,,,,,,,,,,,,,,,,,,,,,,,,,,,,,,,,,,,,,2025-02-12 19:06:37,Jemma Clark,jemma.clark@aol.com,+44 7770720980,Email,Complaint,Resolved,10:06
STG073775,SUPPORT,SUP000473,DCL010533,PCL010442,unresolved_singleton,Unresolved,1,1,,,,,,,,SUP000473,,,,,Naomi Mason,naomi.ason@hotmail.com,,,,,,,naomimason,naomi.ason@hotmail.com,,,,,,,,,,,,,,,,,,,,,,,,,,,,,,,,,,,,,,,,,,,2025-02-13 00:36:49,Naomi Mason,naomi.ason@hotmail.com,,Email,Complaint,Resolved,14:33
STG073792,SUPPORT,SUP000490,DCL010534,PCL010443,unresolved_singleton,Unresolved,1,1,,,,,,,,SUP000490,,,,,Ryan Russell,,+44 7079268970,,,,,,ryanrussell,,07079268970,,,,,,,,,,,,,,,,,,,,,,,,,,,,,,,,,,,,,,,,,,2025-02-14 17:21:18,Ryan Russell,,+44 7079268970,Phone,Refund request,Resolved,24:26
STG073859,SUPPORT,SUP000557,DCL010535,PCL010444,unresolved_singleton,Unresolved,1,1,,,,,,,,SUP000557,,,,,Lawrene Campbell,lawrence.campbell@hotmail.com,,,,,,,lawrenecampbell,lawrence.campbell@hotmail.com,,,,,,,,,,,,,,,,,,,,,,,,,,,,,,,,,,,,,,,,,,,2025-02-20 04:28:22,Lawrene Campbell,lawrence.campbell@hotmail.com,,Email,Accessibility,Resolved,29:04
STG073880,SUPPORT,SUP000578,DCL010537,PCL010446,unresolved_singleton,Unresolved,1,1,,,,,,,,SUP000578,,,,,Georgia Taylor,georgia.talyor@yahoo.com,,,,,,,georgiataylor,georgia.talyor@yahoo.com,,,,,,,,,,,,,,,,,,,,,,,,,,,,,,,,,,,,,,,,,,,2025-02-23 14:38:45,Georgia Taylor,georgia.talyor@yahoo.com,,Email,Refund request,Resolved,37:10
STG073949,SUPPORT,SUP000647,DCL010538,PCL010447,unresolved_singleton,Unresolved,1,1,,,,,,,,SUP000647,,,,,Katy Barlow,katy.barlw@hotmail.com,,,,,,,katybarlow,katy.barlw@hotmail.com,,,,,,,,,,,,,,,,,,,,,,,,,,,,,,,,,,,,,,,,,,,2025-03-01 13:57:56,Katy Barlow,katy.barlw@hotmail.com,,Email,Accessibility,Resolved,23:22
STG073988,SUPPORT,SUP000686,DCL010540,PCL010449,unresolved_singleton,Unresolved,1,1,,,,,,,,SUP000686,,,,,Louis Sims,louis.sims@hotmail.com,+44 7395887391,,,,,,louissims,louis.sims@hotmail.com,07395887391,,,,,,,,,,,,,,,,,,,,,,,,,,,,,,,,,,,,,,,,,,2025-03-05 09:42:47,Louis Sims,louis.sims@hotmail.com,+44 7395887391,Email,Enquiry,Open,
STG073993,SUPPORT,SUP000691,DCL010541,PCL010450,unresolved_singleton,Unresolved,1,1,,,,,,,,SUP000691,,,,,Christophr Bell,,+44 7033261063,,,,,,christophrbell,,07033261063,,,,,,,,,,,,,,,,,,,,,,,,,,,,,,,,,,,,,,,,,,2025-03-05 17:40:35,Christophr Bell,,+44 7033261063,Phone,Complaint,Resolved,19:57
STG074021,SUPPORT,SUP000719,DCL010542,PCL010451,unresolved_singleton,Unresolved,1,1,,,,,,,,SUP000719,,,,,Sandra Pearson,sandra.parson@orange.fr,+44 7409853029,,,,,,sandrapearson,sandra.parson@orange.fr,07409853029,,,,,,,,,,,,,,,,,,,,,,,,,,,,,,,,,,,,,,,,,,2025-03-08 17:44:38,Sandra Pearson,sandra.parson@orange.fr,+44 7409853029,Email,Enquiry,Resolved,03:56
STG074086,SUPPORT,SUP000784,DCL010547,PCL010455,unresolved_singleton,Unresolved,1,1,,,,,,,,SUP000784,,,,,Elaine Roberts,ealine.roberts@gmail.com,,,,,,,elaineroberts,ealine.roberts@gmail.com,,,,,,,,,,,,,,,,,,,,,,,,,,,,,,,,,,,,,,,,,,,2025-03-14 00:35:36,Elaine Roberts,ealine.roberts@gmail.com,,Email,Refund request,Resolved,13:16
STG074114,SUPPORT,SUP000812,DCL010548,PCL010456,unresolved_singleton,Unresolved,1,1,,,,,,,,SUP000812,,,,,Chloe Jackson,chloe.jacson@gmail.com,,,,,,,chloejackson,chloe.jacson@gmail.com,,,,,,,,,,,,,,,,,,,,,,,,,,,,,,,,,,,,,,,,,,,2025-03-16 10:09:36,Chloe Jackson,chloe.jacson@gmail.com,,Email,Complaint,Resolved,05:23
STG074137,SUPPORT,SUP000835,DCL010549,PCL010457,unresolved_singleton,Unresolved,1,1,,,,,,,,SUP000835,,,,,Patricia Pearce,,+44 7854928374,,,,,,patriciapearce,,07854928374,,,,,,,,,,,,,,,,,,,,,,,,,,,,,,,,,,,,,,,,,,2025-03-18 04:50:07,Patricia Pearce,,+44 7854928374,Phone,Refund request,Resolved,43:44
STG074138,SUPPORT,SUP000836,DCL010550,PCL010458,unresolved_singleton,Unresolved,1,1,,,,,,,,SUP000836,,,,,Graham Brown,graham.brwn@gmail.com,,,,,,,grahambrown,graham.brwn@gmail.com,,,,,,,,,,,,,,,,,,,,,,,,,,,,,,,,,,,,,,,,,,,2025-03-18 06:13:49,Graham Brown,graham.brwn@gmail.com,,Email,Accessibility,Resolved,14:18
STG074146,SUPPORT,SUP000844,DCL010551,PCL010459,unresolved_singleton,Unresolved,1,1,,,,,,,,SUP000844,,,,,Megan Richardson,megan.rchardson@msn.com,,,,,,,meganrichardson,megan.rchardson@msn.com,,,,,,,,,,,,,,,,,,,,,,,,,,,,,,,,,,,,,,,,,,,2025-03-19 05:20:41,Megan Richardson,megan.rchardson@msn.com,,Email,Accessibility,Resolved,06:11
STG074174,SUPPORT,SUP000872,DCL010553,PCL010461,unresolved_singleton,Unresolved,1,1,,,,,,,,SUP000872,,,,,Zoe Alen,zoe.allen@yahoo.com,,,,,,,zoealen,zoe.allen@yahoo.com,,,,,,,,,,,,,,,,,,,,,,,,,,,,,,,,,,,,,,,,,,,2025-03-22 06:38:02,Zoe Alen,zoe.allen@yahoo.com,,Email,Complaint,Resolved,30:07
STG074181,SUPPORT,SUP000879,DCL010554,PCL010462,unresolved_singleton,Unresolved,1,1,,,,,,,,SUP000879,,,,,Marc hite,marc.white@hotmail.com,,,,,,,marchite,marc.white@hotmail.com,,,,,,,,,,,,,,,,,,,,,,,,,,,,,,,,,,,,,,,,,,,2025-03-22 15:06:55,Marc hite,marc.white@hotmail.com,,Email,Refund request,Resolved,15:24
STG074182,SUPPORT,SUP000880,DCL010555,PCL010463,unresolved_singleton,Unresolved,1,1,,,,,,,,SUP000880,,,,,Katerine Taylor,katherine.taylor@hotmail.com,,,,,,,katerinetaylor,katherine.taylor@hotmail.com,,,,,,,,,,,,,,,,,,,,,,,,,,,,,,,,,,,,,,,,,,,2025-03-22 16:16:03,Katerine Taylor,katherine.taylor@hotmail.com,,Email,Refund request,Resolved,29:47
STG074184,SUPPORT,SUP000882,DCL010556,PCL010464,unresolved_singleton,Unresolved,1,1,,,,,,,,SUP000882,,,,,Harriet Parker,hrariet.parker@gmail.com,,,,,,,harrietparker,hrariet.parker@gmail.com,,,,,,,,,,,,,,,,,,,,,,,,,,,,,,,,,,,,,,,,,,,2025-03-22 18:45:52,Harriet Parker,hrariet.parker@gmail.com,,Email,Enquiry,Resolved,03:33
STG074223,SUPPORT,SUP000921,DCL010557,PCL010465,unresolved_singleton,Unresolved,1,1,,,,,,,,SUP000921,,,,,Ian Burton,,+44 7026433781,,,,,,ianburton,,07026433781,,,,,,,,,,,,,,,,,,,,,,,,,,,,,,,,,,,,,,,,,,2025-03-26 12:26:33,Ian Burton,,+44 7026433781,Phone,Accessibility,Resolved,19:00
STG074260,SUPPORT,SUP000958,DCL010558,PCL010466,unresolved_singleton,Unresolved,1,1,,,,,,,,SUP000958,,,,,Jacqueline Cunningham,jacquleine.cunningham@yahoo.com,,,,,,,jacquelinecunningham,jacquleine.cunningham@yahoo.com,,,,,,,,,,,,,,,,,,,,,,,,,,,,,,,,,,,,,,,,,,,2025-03-30 04:42:58,Jacqueline Cunningham,jacquleine.cunningham@yahoo.com,,Email,Complaint,Resolved,14:34
STG074266,SUPPORT,SUP000964,DCL010559,PCL010467,unresolved_singleton,Unresolved,1,1,,,,,,,,SUP000964,,,,,Rita Miller,rita.millre@aol.com,,,,,,,ritamiller,rita.millre@aol.com,,,,,,,,,,,,,,,,,,,,,,,,,,,,,,,,,,,,,,,,,,,2025-03-30 09:24:30,Rita Miller,rita.millre@aol.com,,Email,Enquiry,Resolved,00:45
STG074267,SUPPORT,SUP000965,DCL010560,PCL010468,unresolved_singleton,Unresolved,1,1,,,,,,,,SUP000965,,,,,Barbara Patel,barbarap.atel@aol.com,,,,,,,barbarapatel,barbarap.atel@aol.com,,,,,,,,,,,,,,,,,,,,,,,,,,,,,,,,,,,,,,,,,,,2025-03-30 10:22:07,Barbara Patel,barbarap.atel@aol.com,,Email,Accessibility,Open,
STG074278,SUPPORT,SUP000976,DCL010561,PCL010469,unresolved_singleton,Unresolved,1,1,,,,,,,,SUP000976,,,,,Rsemary Ali,rosemary.ali@hotmail.com,,,,,,,rsemaryali,rosemary.ali@hotmail.com,,,,,,,,,,,,,,,,,,,,,,,,,,,,,,,,,,,,,,,,,,,2025-03-31 08:29:14,Rsemary Ali,rosemary.ali@hotmail.com,,Email,Accessibility,Resolved,29:30
STG074304,SUPPORT,SUP001002,DCL010562,PCL010470,unresolved_singleton,Unresolved,1,1,,,,,,,,SUP001002,,,,,Joanne Chan,ojanne.chan@yahoo.com,,,,,,,joannechan,ojanne.chan@yahoo.com,,,,,,,,,,,,,,,,,,,,,,,,,,,,,,,,,,,,,,,,,,,2025-04-02 08:23:28,Joanne Chan,ojanne.chan@yahoo.com,,Email,Refund request,Resolved,22:25
STG074312,SUPPORT,SUP001010,DCL010563,PCL010471,unresolved_singleton,Unresolved,1,1,,,,,,,,SUP001010,,,,,Janice Boyle,janice.boyle@gmail.com,+44 7157901347,,,,,,janiceboyle,janice.boyle@gmail.com,07157901347,,,,,,,,,,,,,,,,,,,,,,,,,,,,,,,,,,,,,,,,,,2025-04-03 02:08:49,Janice Boyle,janice.boyle@gmail.com,+44 7157901347,Email,Refund request,Resolved,16:30
STG074334,SUPPORT,SUP001032,DCL010564,PCL010472,unresolved_singleton,Unresolved,1,1,,,,,,,,SUP001032,,,,,eJremy Shaw,,+44 7094949553,,,,,,ejremyshaw,,07094949553,,,,,,,,,,,,,,,,,,,,,,,,,,,,,,,,,,,,,,,,,,2025-04-04 14:59:46,eJremy Shaw,,+44 7094949553,Phone,Refund request,Resolved,17:02
STG074398,SUPPORT,SUP001096,DCL010565,PCL010473,unresolved_singleton,Unresolved,1,1,,,,,,,,SUP001096,,,,,Kim Robinson,km.robinson@hotmail.com,+44 7809946288,,,,,,kimrobinson,km.robinson@hotmail.com,07809946288,,,,,,,,,,,,,,,,,,,,,,,,,,,,,,,,,,,,,,,,,,2025-04-11 00:54:24,Kim Robinson,km.robinson@hotmail.com,+44 7809946288,Email,Enquiry,Open,
STG074401,SUPPORT,SUP001099,DCL010566,PCL010474,unresolved_singleton,Unresolved,1,1,,,,,,,,SUP001099,,,,,Gillian Stewart,gillian.stweart@yahoo.com,,,,,,,gillianstewart,gillian.stweart@yahoo.com,,,,,,,,,,,,,,,,,,,,,,,,,,,,,,,,,,,,,,,,,,,2025-04-11 07:03:39,Gillian Stewart,gillian.stweart@yahoo.com,,Email,Accessibility,Resolved,08:31
STG074404,SUPPORT,SUP001102,DCL010567,PCL010475,unresolved_singleton,Unresolved,1,1,,,,,,,,SUP001102,,,,,Bethany Brown,bethany.rbown@aol.com,+44 7795857991,,,,,,bethanybrown,bethany.rbown@aol.com,07795857991,,,,,,,,,,,,,,,,,,,,,,,,,,,,,,,,,,,,,,,,,,2025-04-11 17:15:49,Bethany Brown,bethany.rbown@aol.com,+44 7795857991,Email,Enquiry,Resolved,02:33
STG074409,SUPPORT,SUP001107,DCL010568,PCL010476,unresolved_singleton,Unresolved,1,1,,,,,,,,SUP001107,,,,,Christopher Watson,,+44 7580035441,,,,,,christopherwatson,,07580035441,,,,,,,,,,,,,,,,,,,,,,,,,,,,,,,,,,,,,,,,,,2025-04-11 23:37:37,Christopher Watson,,+44 7580035441,Phone,Refund request,Resolved,10:04
STG074419,SUPPORT,SUP001117,DCL010569,PCL010477,unresolved_singleton,Unresolved,1,1,,,,,,,,SUP001117,,,,,Josh Hlomes,josh.holems@yahoo.com,,,,,,,joshhlomes,josh.holems@yahoo.com,,,,,,,,,,,,,,,,,,,,,,,,,,,,,,,,,,,,,,,,,,,2025-04-12 11:40:42,Josh Hlomes,josh.holems@yahoo.com,,Email,Accessibility,Resolved,23:52
STG074447,SUPPORT,SUP001145,DCL010571,PCL010479,unresolved_singleton,Unresolved,1,1,,,,,,,,SUP001145,,,,,Diane Thomson,,+44 7898546829,,,,,,dianethomson,,07898546829,,,,,,,,,,,,,,,,,,,,,,,,,,,,,,,,,,,,,,,,,,2025-04-16 04:20:40,Diane Thomson,,+44 7898546829,Phone,Accessibility,Resolved,02:19
STG074451,SUPPORT,SUP001149,DCL010572,PCL010480,unresolved_singleton,Unresolved,1,1,,,,,,,,SUP001149,,,,,Brett Noaln,brett.nolan@gmail.com,,,,,,,brettnoaln,brett.nolan@gmail.com,,,,,,,,,,,,,,,,,,,,,,,,,,,,,,,,,,,,,,,,,,,2025-04-16 18:12:25,Brett Noaln,brett.nolan@gmail.com,,Email,Refund request,Resolved,07:31
STG074478,SUPPORT,SUP001176,DCL010574,PCL010481,unresolved_singleton,Unresolved,1,1,,,,,,,,SUP001176,,,,,Elilott Bentley,,+44 7489404158,,,,,,elilottbentley,,07489404158,,,,,,,,,,,,,,,,,,,,,,,,,,,,,,,,,,,,,,,,,,2025-04-19 14:39:16,Elilott Bentley,,+44 7489404158,Phone,Refund request,Resolved,01:32
STG074530,SUPPORT,SUP001228,DCL010575,PCL010482,unresolved_singleton,Unresolved,1,1,,,,,,,,SUP001228,,,,,Shane Heath,shaen.heath@hotmail.com,,,,,,,shaneheath,shaen.heath@hotmail.com,,,,,,,,,,,,,,,,,,,,,,,,,,,,,,,,,,,,,,,,,,,2025-04-23 19:15:49,Shane Heath,shaen.heath@hotmail.com,,Email,Refund request,Resolved,11:02
STG074562,SUPPORT,SUP001260,DCL010577,PCL010483,unresolved_singleton,Unresolved,1,1,,,,,,,,SUP001260,,,,,Abigail Jones,,+44 7572163302,,,,,,abigailjones,,07572163302,,,,,,,,,,,,,,,,,,,,,,,,,,,,,,,,,,,,,,,,,,2025-04-26 13:42:16,Abigail Jones,,+44 7572163302,Phone,Enquiry,Open,
STG074611,SUPPORT,SUP001309,DCL010578,PCL010484,unresolved_singleton,Unresolved,1,1,,,,,,,,SUP001309,,,,,June Wilson,jne.wilson@yahoo.com,,,,,,,junewilson,jne.wilson@yahoo.com,,,,,,,,,,,,,,,,,,,,,,,,,,,,,,,,,,,,,,,,,,,2025-04-30 12:21:00,June Wilson,jne.wilson@yahoo.com,,Email,Refund request,Resolved,39:05
STG074612,SUPPORT,SUP001310,DCL010579,PCL010485,unresolved_singleton,Unresolved,1,1,,,,,,,,SUP001310,,,,,Julia Rahman,julia.rahma@gmail.com,,,,,,,juliarahman,julia.rahma@gmail.com,,,,,,,,,,,,,,,,,,,,,,,,,,,,,,,,,,,,,,,,,,,2025-04-30 15:01:03,Julia Rahman,julia.rahma@gmail.com,,Email,Complaint,Resolved,10:02
STG074615,SUPPORT,SUP001313,DCL010580,PCL010486,unresolved_singleton,Unresolved,1,1,,,,,,,,SUP001313,,,,,Alexandra Curtis,alexandra.curtis@yahoo.com,+44 7303387858,,,,,,alexandracurtis,alexandra.curtis@yahoo.com,07303387858,,,,,,,,,,,,,,,,,,,,,,,,,,,,,,,,,,,,,,,,,,2025-05-01 04:28:10,Alexandra Curtis,alexandra.curtis@yahoo.com,+44 7303387858,Email,Enquiry,Resolved,02:28
STG074643,SUPPORT,SUP001341,DCL010581,PCL010487,unresolved_singleton,Unresolved,1,1,,,,,,,,SUP001341,,,,,Carole Reeves,carole.reevse@gmail.com,,,,,,,carolereeves,carole.reevse@gmail.com,,,,,,,,,,,,,,,,,,,,,,,,,,,,,,,,,,,,,,,,,,,2025-05-04 05:20:53,Carole Reeves,carole.reevse@gmail.com,,Email,Accessibility,Resolved,11:32
STG074644,SUPPORT,SUP001342,DCL010582,PCL010488,unresolved_singleton,Unresolved,1,1,,,,,,,,SUP001342,,,,,Amy Bakre,,+44 7473131231,,,,,,amybakre,,07473131231,,,,,,,,,,,,,,,,,,,,,,,,,,,,,,,,,,,,,,,,,,2025-05-04 09:41:45,Amy Bakre,,+44 7473131231,Phone,Complaint,Resolved,29:34
STG074668,SUPPORT,SUP001366,DCL010583,PCL010489,unresolved_singleton,Unresolved,1,1,,,,,,,,SUP001366,,,,,Sian Ford,ian.ford@hotmail.co.uk,+44 7428580676,,,,,,sianford,ian.ford@hotmail.co.uk,07428580676,,,,,,,,,,,,,,,,,,,,,,,,,,,,,,,,,,,,,,,,,,2025-05-06 15:13:59,Sian Ford,ian.ford@hotmail.co.uk,+44 7428580676,Email,Complaint,Resolved,17:26
STG074718,SUPPORT,SUP001416,DCL010585,PCL010491,unresolved_singleton,Unresolved,1,1,,,,,,,,SUP001416,,,,,Clare Brooks,claer.brooks@aol.com,+44 7361662197,,,,,,clarebrooks,claer.brooks@aol.com,07361662197,,,,,,,,,,,,,,,,,,,,,,,,,,,,,,,,,,,,,,,,,,2025-05-11 06:32:22,Clare Brooks,claer.brooks@aol.com,+44 7361662197,Phone,Accessibility,Resolved,34:40
STG074745,SUPPORT,SUP001443,DCL010586,PCL010492,unresolved_singleton,Unresolved,1,1,,,,,,,,SUP001443,,,,,Kim Adams,kim.adams@gmail.com,+44 7150789401,,,,,,kimadams,kim.adams@gmail.com,07150789401,,,,,,,,,,,,,,,,,,,,,,,,,,,,,,,,,,,,,,,,,,2025-05-13 15:51:44,Kim Adams,kim.adams@gmail.com,+44 7150789401,Email,Refund request,Resolved,06:13
STG074749,SUPPORT,SUP001447,DCL010587,PCL010493,unresolved_singleton,Unresolved,1,1,,,,,,,,SUP001447,,,,,Sophie Mithell,sophie.mitchell@hotmail.com,,,,,,,sophiemithell,sophie.mitchell@hotmail.com,,,,,,,,,,,,,,,,,,,,,,,,,,,,,,,,,,,,,,,,,,,2025-05-13 23:22:07,Sophie Mithell,sophie.mitchell@hotmail.com,,Email,Accessibility,Resolved,10:51
STG074756,SUPPORT,SUP001454,DCL010588,PCL010494,unresolved_singleton,Unresolved,1,1,,,,,,,,SUP001454,,,,,Emma Brown,emma.bron@wanadoo.fr,,,,,,,emmabrown,emma.bron@wanadoo.fr,,,,,,,,,,,,,,,,,,,,,,,,,,,,,,,,,,,,,,,,,,,2025-05-14 11:27:19,Emma Brown,emma.bron@wanadoo.fr,,Email,Complaint,Resolved,07:00
STG074760,SUPPORT,SUP001458,DCL010589,PCL010495,unresolved_singleton,Unresolved,1,1,,,,,,,,SUP001458,,,,,Joanna Braber,joanna.barber@hotmail.com,,,,,,,joannabraber,joanna.barber@hotmail.com,,,,,,,,,,,,,,,,,,,,,,,,,,,,,,,,,,,,,,,,,,,2025-05-14 16:32:51,Joanna Braber,joanna.barber@hotmail.com,,Email,Complaint,Open,
STG074831,SUPPORT,SUP001529,DCL010590,PCL010496,unresolved_singleton,Unresolved,1,1,,,,,,,,SUP001529,,,,,nAna Davies,anna.davies@yahoo.com,+44 7167516830,,,,,,nanadavies,anna.davies@yahoo.com,07167516830,,,,,,,,,,,,,,,,,,,,,,,,,,,,,,,,,,,,,,,,,,2025-05-21 06:33:18,nAna Davies,anna.davies@yahoo.com,+44 7167516830,Email,Complaint,Resolved,46:48
STG074857,SUPPORT,SUP001555,DCL010591,PCL010497,unresolved_singleton,Unresolved,1,1,,,,,,,,SUP001555,,,,,Ruth Baker,ruth.baer@yahoo.com,,,,,,,ruthbaker,ruth.baer@yahoo.com,,,,,,,,,,,,,,,,,,,,,,,,,,,,,,,,,,,,,,,,,,,2025-05-23 01:56:48,Ruth Baker,ruth.baer@yahoo.com,,Email,Refund request,Open,
STG074869,SUPPORT,SUP001567,DCL010592,PCL010498,unresolved_singleton,Unresolved,1,1,,,,,,,,SUP001567,,,,,Jemma Gibson,,+44 7749822454,,,,,,jemmagibson,,07749822454,,,,,,,,,,,,,,,,,,,,,,,,,,,,,,,,,,,,,,,,,,2025-05-23 18:23:40,Jemma Gibson,,+44 7749822454,Phone,Enquiry,Resolved,03:04
STG074933,SUPPORT,SUP001631,DCL010593,PCL010499,unresolved_singleton,Unresolved,1,1,,,,,,,,SUP001631,,,,,Elliott Jones,ellott.jones@yahoo.com,+44 7540255074,,,,,,elliottjones,ellott.jones@yahoo.com,07540255074,,,,,,,,,,,,,,,,,,,,,,,,,,,,,,,,,,,,,,,,,,2025-05-28 22:09:51,Elliott Jones,ellott.jones@yahoo.com,+44 7540255074,Email,Refund request,Open,
STG074959,SUPPORT,SUP001657,DCL010594,PCL010500,unresolved_singleton,Unresolved,1,1,,,,,,,,SUP001657,,,,,Marilyn Renyolds,,+44 7724196779,,,,,,marilynrenyolds,,07724196779,,,,,,,,,,,,,,,,,,,,,,,,,,,,,,,,,,,,,,,,,,2025-05-31 06:10:45,Marilyn Renyolds,,+44 7724196779,Phone,Refund request,Resolved,14:52
STG074965,SUPPORT,SUP001663,DCL010595,PCL010501,unresolved_singleton,Unresolved,1,1,,,,,,,,SUP001663,,,,,Georgia Lees,goergia.lees@gmail.com,+44 7886593972,,,,,,georgialees,goergia.lees@gmail.com,07886593972,,,,,,,,,,,,,,,,,,,,,,,,,,,,,,,,,,,,,,,,,,2025-05-31 16:22:27,Georgia Lees,goergia.lees@gmail.com,+44 7886593972,Phone,Accessibility,Resolved,15:45
STG074987,SUPPORT,SUP001685,DCL010596,PCL010502,unresolved_singleton,Unresolved,1,1,,,,,,,,SUP001685,,,,,Adam Mitchell,adam.mithcell@yahoo.fr,+44 7880921684,,,,,,adammitchell,adam.mithcell@yahoo.fr,07880921684,,,,,,,,,,,,,,,,,,,,,,,,,,,,,,,,,,,,,,,,,,2025-06-02 12:59:47,Adam Mitchell,adam.mithcell@yahoo.fr,+44 7880921684,Email,Complaint,Resolved,18:15
STG074996,SUPPORT,SUP001694,DCL010597,PCL010503,unresolved_singleton,Unresolved,1,1,,,,,,,,SUP001694,,,,,Tony Hall,tony.hall@yahoo.com,+44 7990008220,,,,,,tonyhall,tony.hall@yahoo.com,07990008220,,,,,,,,,,,,,,,,,,,,,,,,,,,,,,,,,,,,,,,,,,2025-06-03 03:00:40,Tony Hall,tony.hall@yahoo.com,+44 7990008220,Email,Enquiry,Resolved,02:34
STG075048,SUPPORT,SUP001746,DCL010598,PCL010504,unresolved_singleton,Unresolved,1,1,,,,,,,,SUP001746,,,,,Chritsopher Steele,christopher.steele@yahoo.com,,,,,,,chritsophersteele,christopher.steele@yahoo.com,,,,,,,,,,,,,,,,,,,,,,,,,,,,,,,,,,,,,,,,,,,2025-06-06 18:14:53,Chritsopher Steele,christopher.steele@yahoo.com,,Email,Enquiry,Open,
STG075067,SUPPORT,SUP001765,DCL010599,PCL010505,unresolved_singleton,Unresolved,1,1,,,,,,,,SUP001765,,,,,Geoffre Jones,geoffrey.jones@hotmail.com,,,,,,,geoffrejones,geoffrey.jones@hotmail.com,,,,,,,,,,,,,,,,,,,,,,,,,,,,,,,,,,,,,,,,,,,2025-06-07 21:11:50,Geoffre Jones,geoffrey.jones@hotmail.com,,Email,Complaint,Resolved,05:56
STG075092,SUPPORT,SUP001790,DCL010600,PCL010506,unresolved_singleton,Unresolved,1,1,,,,,,,,SUP001790,,,,,Lawrence heeler,lawrence.wheeler@gmail.com,,,,,,,lawrenceheeler,lawrence.wheeler@gmail.com,,,,,,,,,,,,,,,,,,,,,,,,,,,,,,,,,,,,,,,,,,,2025-06-09 19:13:25,Lawrence heeler,lawrence.wheeler@gmail.com,,Email,Refund request,Resolved,05:35
STG075116,SUPPORT,SUP001814,DCL010602,PCL010508,unresolved_singleton,Unresolved,1,1,,,,,,,,SUP001814,,,,,Cameron Robrts,,+44 7192524334,,,,,,cameronrobrts,,07192524334,,,,,,,,,,,,,,,,,,,,,,,,,,,,,,,,,,,,,,,,,,2025-06-12 17:14:57,Cameron Robrts,,+44 7192524334,Phone,Enquiry,Open,
STG075126,SUPPORT,SUP001824,DCL010603,PCL010509,unresolved_singleton,Unresolved,1,1,,,,,,,,SUP001824,,,,,Lee Pooe,,+44 7759112291,,,,,,leepooe,,07759112291,,,,,,,,,,,,,,,,,,,,,,,,,,,,,,,,,,,,,,,,,,2025-06-13 09:16:16,Lee Pooe,,+44 7759112291,Phone,Enquiry,Resolved,03:23
STG075144,SUPPORT,SUP001842,DCL010604,PCL010510,unresolved_singleton,Unresolved,1,1,,,,,,,,SUP001842,,,,,Naomi Simpson,,+44 7131150543,,,,,,naomisimpson,,07131150543,,,,,,,,,,,,,,,,,,,,,,,,,,,,,,,,,,,,,,,,,,2025-06-15 00:38:59,Naomi Simpson,,+44 7131150543,Phone,Refund request,Resolved,22:43
STG075173,SUPPORT,SUP001871,DCL010605,PCL010511,unresolved_singleton,Unresolved,1,1,,,,,,,,SUP001871,,,,,Debra Smith,debra.smih@yahoo.com,,,,,,,debrasmith,debra.smih@yahoo.com,,,,,,,,,,,,,,,,,,,,,,,,,,,,,,,,,,,,,,,,,,,2025-06-17 05:02:43,Debra Smith,debra.smih@yahoo.com,,Email,Refund request,Resolved,10:29
STG075193,SUPPORT,SUP001891,DCL010606,PCL010512,unresolved_singleton,Unresolved,1,1,,,,,,,,SUP001891,,,,,Kevin Watts,kevinw.atts@msn.com,,,,,,,kevinwatts,kevinw.atts@msn.com,,,,,,,,,,,,,,,,,,,,,,,,,,,,,,,,,,,,,,,,,,,2025-06-19 07:18:01,Kevin Watts,kevinw.atts@msn.com,,Email,Refund request,Resolved,20:30
STG075207,SUPPORT,SUP001905,DCL010607,PCL010513,unresolved_singleton,Unresolved,1,1,,,,,,,,SUP001905,,,,,Paige Jackson,paigejackson@gmail.com,+44 7299368116,,,,,,paigejackson,paigejackson@gmail.com,07299368116,,,,,,,,,,,,,,,,,,,,,,,,,,,,,,,,,,,,,,,,,,2025-06-20 09:42:30,Paige Jackson,paigejackson@gmail.com,+44 7299368116,Email,Enquiry,Resolved,03:50
STG075233,SUPPORT,SUP001931,DCL010608,PCL010514,unresolved_singleton,Unresolved,1,1,,,,,,,,SUP001931,,,,,Patrici Evans,patricia.evans@yahoo.com,,,,,,,patricievans,patricia.evans@yahoo.com,,,,,,,,,,,,,,,,,,,,,,,,,,,,,,,,,,,,,,,,,,,2025-06-23 07:00:03,Patrici Evans,patricia.evans@yahoo.com,,Email,Refund request,Resolved,14:39
STG075293,SUPPORT,SUP001991,DCL010609,PCL010515,unresolved_singleton,Unresolved,1,1,,,,,,,,SUP001991,,,,,Rachael Gough,,+44 7653056068,,,,,,rachaelgough,,07653056068,,,,,,,,,,,,,,,,,,,,,,,,,,,,,,,,,,,,,,,,,,2025-06-28 05:00:07,Rachael Gough,,+44 7653056068,Phone,Complaint,Resolved,20:30
STG075298,SUPPORT,SUP001996,DCL010610,PCL010516,unresolved_singleton,Unresolved,1,1,,,,,,,,SUP001996,,,,,Charlotte Swift,charlotte.swift@gmail.com,+44 7194230739,,,,,,charlotteswift,charlotte.swift@gmail.com,07194230739,,,,,,,,,,,,,,,,,,,,,,,,,,,,,,,,,,,,,,,,,,2025-06-28 11:40:19,Charlotte Swift,charlotte.swift@gmail.com,+44 7194230739,Email,Accessibility,Resolved,17:27
STG075338,SUPPORT,SUP002036,DCL010612,PCL010517,unresolved_singleton,Unresolved,1,1,,,,,,,,SUP002036,,,,,Roger Parker,oger.parker@gmail.com,+44 7307668570,,,,,,rogerparker,oger.parker@gmail.com,07307668570,,,,,,,,,,,,,,,,,,,,,,,,,,,,,,,,,,,,,,,,,,2025-07-01 12:13:19,Roger Parker,oger.parker@gmail.com,+44 7307668570,Email,Refund request,Resolved,27:12
STG075351,SUPPORT,SUP002049,DCL010613,PCL010518,unresolved_singleton,Unresolved,1,1,,,,,,,,SUP002049,,,,,Linda Cunningham,lindacunningham@gmail.com,+44 7146033855,,,,,,lindacunningham,lindacunningham@gmail.com,07146033855,,,,,,,,,,,,,,,,,,,,,,,,,,,,,,,,,,,,,,,,,,2025-07-02 01:19:54,Linda Cunningham,lindacunningham@gmail.com,+44 7146033855,Email,Refund request,Resolved,04:56
STG075353,SUPPORT,SUP002051,DCL010614,PCL010519,unresolved_singleton,Unresolved,1,1,,,,,,,,SUP002051,,,,,Gregory Murphy,,+44 7316252748,,,,,,gregorymurphy,,07316252748,,,,,,,,,,,,,,,,,,,,,,,,,,,,,,,,,,,,,,,,,,2025-07-02 03:01:07,Gregory Murphy,,+44 7316252748,Phone,Enquiry,Resolved,05:02
STG075362,SUPPORT,SUP002060,DCL010615,PCL010520,unresolved_singleton,Unresolved,1,1,,,,,,,,SUP002060,,,,,Lonard King,leonard.king@gmail.com,,,,,,,lonardking,leonard.king@gmail.com,,,,,,,,,,,,,,,,,,,,,,,,,,,,,,,,,,,,,,,,,,,2025-07-02 22:51:44,Lonard King,leonard.king@gmail.com,,Email,Refund request,Resolved,08:53
STG075374,SUPPORT,SUP002072,DCL010616,PCL010521,unresolved_singleton,Unresolved,1,1,,,,,,,,SUP002072,,,,,Liam Parker,,+44 7510603962,,,,,,liamparker,,07510603962,,,,,,,,,,,,,,,,,,,,,,,,,,,,,,,,,,,,,,,,,,2025-07-03 22:41:06,Liam Parker,,+44 7510603962,Phone,Refund request,Resolved,08:51
STG075389,SUPPORT,SUP002087,DCL010617,PCL010522,unresolved_singleton,Unresolved,1,1,,,,,,,,SUP002087,,,,,Louise Mann,louisem.ann@gmail.com,,,,,,,louisemann,louisem.ann@gmail.com,,,,,,,,,,,,,,,,,,,,,,,,,,,,,,,,,,,,,,,,,,,2025-07-05 17:47:29,Louise Mann,louisem.ann@gmail.com,,Email,Complaint,Resolved,21:37
STG075453,SUPPORT,SUP002151,DCL010619,PCL010523,unresolved_singleton,Unresolved,1,1,,,,,,,,SUP002151,,,,,Hollie Bell,hollie.bel@yahoo.com,,,,,,,holliebell,hollie.bel@yahoo.com,,,,,,,,,,,,,,,,,,,,,,,,,,,,,,,,,,,,,,,,,,,2025-07-11 03:50:04,Hollie Bell,hollie.bel@yahoo.com,,Email,Complaint,Resolved,47:21
STG075543,SUPPORT,SUP002241,DCL010621,PCL010525,unresolved_singleton,Unresolved,1,1,,,,,,,,SUP002241,,,,,Allan Powell,alan.powell@yahoo.com,+44 7014291458,,,,,,allanpowell,alan.powell@yahoo.com,07014291458,,,,,,,,,,,,,,,,,,,,,,,,,,,,,,,,,,,,,,,,,,2025-07-17 05:04:30,Allan Powell,alan.powell@yahoo.com,+44 7014291458,Email,Enquiry,Resolved,06:39
STG075665,SUPPORT,SUP002363,DCL010624,PCL010528,unresolved_singleton,Unresolved,1,1,,,,,,,,SUP002363,,,,,Lynda Reynolds,,+44 7545891338,,,,,,lyndareynolds,,07545891338,,,,,,,,,,,,,,,,,,,,,,,,,,,,,,,,,,,,,,,,,,2025-07-26 16:11:33,Lynda Reynolds,,+44 7545891338,Phone,Complaint,Resolved,17:42
STG075668,SUPPORT,SUP002366,DCL010625,PCL010529,unresolved_singleton,Unresolved,1,1,,,,,,,,SUP002366,,,,,Mandy Jackson,mandy.jackson@hotmail.com,,,,,,,mandyjackson,mandy.jackson@hotmail.com,,,,,,,,,,,,,,,,,,,,,,,,,,,,,,,,,,,,,,,,,,,2025-07-27 00:46:52,Mandy Jackson,mandy.jackson@hotmail.com,,Email,Refund request,Open,
STG075673,SUPPORT,SUP002371,DCL010626,PCL010530,unresolved_singleton,Unresolved,1,1,,,,,,,,SUP002371,,,,,Steven Fisher,steven.fishr@gmail.com,,,,,,,stevenfisher,steven.fishr@gmail.com,,,,,,,,,,,,,,,,,,,,,,,,,,,,,,,,,,,,,,,,,,,2025-07-27 06:47:55,Steven Fisher,steven.fishr@gmail.com,,Email,Refund request,Resolved,05:31
STG075687,SUPPORT,SUP002385,DCL010627,PCL010531,unresolved_singleton,Unresolved,1,1,,,,,,,,SUP002385,,,,,Tracy Lamb,,+44 7472056335,,,,,,tracylamb,,07472056335,,,,,,,,,,,,,,,,,,,,,,,,,,,,,,,,,,,,,,,,,,2025-07-28 05:26:27,Tracy Lamb,,+44 7472056335,Phone,Accessibility,Open,
STG075710,SUPPORT,SUP002408,DCL010628,PCL010532,unresolved_singleton,Unresolved,1,1,,,,,,,,SUP002408,,,,,Suzanne Hill,szanne.hill@hotmail.com,,,,,,,suzannehill,szanne.hill@hotmail.com,,,,,,,,,,,,,,,,,,,,,,,,,,,,,,,,,,,,,,,,,,,2025-07-30 11:05:41,Suzanne Hill,szanne.hill@hotmail.com,,Email,Complaint,Resolved,52:37
STG075713,SUPPORT,SUP002411,DCL010629,PCL010533,unresolved_singleton,Unresolved,1,1,,,,,,,,SUP002411,,,,,Lindsey Kelly,,+44 7157297254,,,,,,lindseykelly,,07157297254,,,,,,,,,,,,,,,,,,,,,,,,,,,,,,,,,,,,,,,,,,2025-07-30 12:31:17,Lindsey Kelly,,+44 7157297254,Phone,Refund request,Resolved,13:45
STG075722,SUPPORT,SUP002420,DCL010630,PCL010534,unresolved_singleton,Unresolved,1,1,,,,,,,,SUP002420,,,,,Alice Jnoes,alice.jones@hotmail.co.uk,,,,,,,alicejnoes,alice.jones@hotmail.co.uk,,,,,,,,,,,,,,,,,,,,,,,,,,,,,,,,,,,,,,,,,,,2025-07-31 00:05:51,Alice Jnoes,alice.jones@hotmail.co.uk,,Email,Complaint,Resolved,14:07
STG075758,SUPPORT,SUP002456,DCL010631,PCL010535,unresolved_singleton,Unresolved,1,1,,,,,,,,SUP002456,,,,,Christine Palmer,,+44 7742909195,,,,,,christinepalmer,,07742909195,,,,,,,,,,,,,,,,,,,,,,,,,,,,,,,,,,,,,,,,,,2025-08-02 03:34:28,Christine Palmer,,+44 7742909195,Phone,Enquiry,Resolved,04:28
STG075780,SUPPORT,SUP002478,DCL010632,PCL010536,unresolved_singleton,Unresolved,1,1,,,,,,,,SUP002478,,,,,Amy Lee,,+44 7478232631,,,,,,amylee,,07478232631,,,,,,,,,,,,,,,,,,,,,,,,,,,,,,,,,,,,,,,,,,2025-08-03 16:06:56,Amy Lee,,+44 7478232631,Phone,Accessibility,Resolved,17:16
STG075786,SUPPORT,SUP002484,DCL010633,PCL010537,unresolved_singleton,Unresolved,1,1,,,,,,,,SUP002484,,,,,Jake Chandler,jake.chandler@yahoo.com,+44 7776972189,,,,,,jakechandler,jake.chandler@yahoo.com,07776972189,,,,,,,,,,,,,,,,,,,,,,,,,,,,,,,,,,,,,,,,,,2025-08-04 06:10:06,Jake Chandler,jake.chandler@yahoo.com,+44 7776972189,Email,Refund request,Resolved,33:16
STG075799,SUPPORT,SUP002497,DCL010634,PCL010538,unresolved_singleton,Unresolved,1,1,,,,,,,,SUP002497,,,,,Dylan avies,dylan.davies@hotmail.com,,,,,,,dylanavies,dylan.davies@hotmail.com,,,,,,,,,,,,,,,,,,,,,,,,,,,,,,,,,,,,,,,,,,,2025-08-05 12:01:41,Dylan avies,dylan.davies@hotmail.com,,Email,Refund request,Resolved,12:52
STG075824,SUPPORT,SUP002522,DCL010636,PCL010540,unresolved_singleton,Unresolved,1,1,,,,,,,,SUP002522,,,,,Amber Daly,amber.day@yahoo.com,,,,,,,amberdaly,amber.day@yahoo.com,,,,,,,,,,,,,,,,,,,,,,,,,,,,,,,,,,,,,,,,,,,2025-08-07 10:19:25,Amber Daly,amber.day@yahoo.com,,Email,Complaint,Resolved,26:41
STG075829,SUPPORT,SUP002527,DCL010637,PCL010541,unresolved_singleton,Unresolved,1,1,,,,,,,,SUP002527,,,,,Gareth King,gareth.kign@yahoo.com,,,,,,,garethking,gareth.kign@yahoo.com,,,,,,,,,,,,,,,,,,,,,,,,,,,,,,,,,,,,,,,,,,,2025-08-07 18:15:08,Gareth King,gareth.kign@yahoo.com,,Email,Refund request,Resolved,12:04
STG075837,SUPPORT,SUP002535,DCL010638,PCL010542,unresolved_singleton,Unresolved,1,1,,,,,,,,SUP002535,,,,,aCrl Reid,carl.reid@yahoo.com,+44 7638721946,,,,,,acrlreid,carl.reid@yahoo.com,07638721946,,,,,,,,,,,,,,,,,,,,,,,,,,,,,,,,,,,,,,,,,,2025-08-08 05:53:25,aCrl Reid,carl.reid@yahoo.com,+44 7638721946,Email,Accessibility,Resolved,11:26
STG075867,SUPPORT,SUP002565,DCL010639,PCL010543,unresolved_singleton,Unresolved,1,1,,,,,,,,SUP002565,,,,,Tmothy Marsden,timothy.marsden@hotmail.com,,,,,,,tmothymarsden,timothy.marsden@hotmail.com,,,,,,,,,,,,,,,,,,,,,,,,,,,,,,,,,,,,,,,,,,,2025-08-10 03:38:00,Tmothy Marsden,timothy.marsden@hotmail.com,,Email,Enquiry,Open,
STG075870,SUPPORT,SUP002568,DCL010640,PCL010544,unresolved_singleton,Unresolved,1,1,,,,,,,,SUP002568,,,,,Maria Stele,maria.steele@gmail.com,+44 7497867234,,,,,,mariastele,maria.steele@gmail.com,07497867234,,,,,,,,,,,,,,,,,,,,,,,,,,,,,,,,,,,,,,,,,,2025-08-10 07:04:48,Maria Stele,maria.steele@gmail.com,+44 7497867234,Email,Refund request,Resolved,28:57
STG075914,SUPPORT,SUP002612,DCL010641,PCL010545,unresolved_singleton,Unresolved,1,1,,,,,,,,SUP002612,,,,,Rhys Wilson,rhys.wlison@gmail.com,+44 7265503747,,,,,,rhyswilson,rhys.wlison@gmail.com,07265503747,,,,,,,,,,,,,,,,,,,,,,,,,,,,,,,,,,,,,,,,,,2025-08-13 06:30:47,Rhys Wilson,rhys.wlison@gmail.com,+44 7265503747,Email,Refund request,Resolved,33:27
STG075918,SUPPORT,SUP002616,DCL010642,PCL010546,unresolved_singleton,Unresolved,1,1,,,,,,,,SUP002616,,,,,Vincent Gregory,vincent.grgeory@gmail.com,,,,,,,vincentgregory,vincent.grgeory@gmail.com,,,,,,,,,,,,,,,,,,,,,,,,,,,,,,,,,,,,,,,,,,,2025-08-13 13:59:39,Vincent Gregory,vincent.grgeory@gmail.com,,Email,Complaint,Resolved,22:36
STG075929,SUPPORT,SUP002627,DCL010643,PCL010547,unresolved_singleton,Unresolved,1,1,,,,,,,,SUP002627,,,,,Jemma Edwards,jemma.edwadrs@yahoo.com,,,,,,,jemmaedwards,jemma.edwadrs@yahoo.com,,,,,,,,,,,,,,,,,,,,,,,,,,,,,,,,,,,,,,,,,,,2025-08-14 04:42:22,Jemma Edwards,jemma.edwadrs@yahoo.com,,Email,Refund request,Open,
STG075941,SUPPORT,SUP002639,DCL010644,PCL010548,unresolved_singleton,Unresolved,1,1,,,,,,,,SUP002639,,,,,Mohammed Jennings,mohammd.jennings@yahoo.com,,,,,,,mohammedjennings,mohammd.jennings@yahoo.com,,,,,,,,,,,,,,,,,,,,,,,,,,,,,,,,,,,,,,,,,,,2025-08-15 10:34:39,Mohammed Jennings,mohammd.jennings@yahoo.com,,Email,Accessibility,Resolved,13:12
STG075960,SUPPORT,SUP002658,DCL010645,PCL010549,unresolved_singleton,Unresolved,1,1,,,,,,,,SUP002658,,,,,James Davies,,+44 7319707999,,,,,,jamesdavies,,07319707999,,,,,,,,,,,,,,,,,,,,,,,,,,,,,,,,,,,,,,,,,,2025-08-16 22:51:45,James Davies,,+44 7319707999,Phone,Complaint,Open,
STG075966,SUPPORT,SUP002664,DCL010646,PCL010550,unresolved_singleton,Unresolved,1,1,,,,,,,,SUP002664,,,,,Jona Wright,joa.nwright@yahoo.com,,,,,,,jonawright,joa.nwright@yahoo.com,,,,,,,,,,,,,,,,,,,,,,,,,,,,,,,,,,,,,,,,,,,2025-08-17 13:45:11,Jona Wright,joa.nwright@yahoo.com,,Email,Accessibility,Resolved,10:15
STG075971,SUPPORT,SUP002669,DCL010647,PCL010551,unresolved_singleton,Unresolved,1,1,,,,,,,,SUP002669,,,,,Henry Miles,,+44 7202935960,,,,,,henrymiles,,07202935960,,,,,,,,,,,,,,,,,,,,,,,,,,,,,,,,,,,,,,,,,,2025-08-17 20:16:09,Henry Miles,,+44 7202935960,Phone,Complaint,Resolved,02:39
STG075974,SUPPORT,SUP002672,DCL010648,PCL010552,unresolved_singleton,Unresolved,1,1,,,,,,,,SUP002672,,,,,eGrard Robson,gerard.robson@gmail.com,,,,,,,egrardrobson,gerard.robson@gmail.com,,,,,,,,,,,,,,,,,,,,,,,,,,,,,,,,,,,,,,,,,,,2025-08-17 21:10:23,eGrard Robson,gerard.robson@gmail.com,,Email,Enquiry,Resolved,08:06
STG075984,SUPPORT,SUP002682,DCL010649,PCL010553,unresolved_singleton,Unresolved,1,1,,,,,,,,SUP002682,,,,,Shaun O'Brein,shaun.obrien@yahoo.com,,,,,,,shaunobrein,shaun.obrien@yahoo.com,,,,,,,,,,,,,,,,,,,,,,,,,,,,,,,,,,,,,,,,,,,2025-08-18 08:32:23,Shaun O'Brein,shaun.obrien@yahoo.com,,Email,Enquiry,Resolved,02:19
STG076100,SUPPORT,SUP002798,DCL010650,PCL010554,unresolved_singleton,Unresolved,1,1,,,,,,,,SUP002798,,,,,Ross Ellis,ros.sellis@gmail.com,,,,,,,rossellis,ros.sellis@gmail.com,,,,,,,,,,,,,,,,,,,,,,,,,,,,,,,,,,,,,,,,,,,2025-08-27 16:48:10,Ross Ellis,ros.sellis@gmail.com,,Email,Enquiry,Resolved,01:27
STG076155,SUPPORT,SUP002853,DCL010651,PCL010555,unresolved_singleton,Unresolved,1,1,,,,,,,,SUP002853,,,,,Alex Eavns,alex.evans@yahoo.com,,,,,,,alexeavns,alex.evans@yahoo.com,,,,,,,,,,,,,,,,,,,,,,,,,,,,,,,,,,,,,,,,,,,2025-08-31 04:32:16,Alex Eavns,alex.evans@yahoo.com,,Email,Accessibility,Resolved,10:18
STG076161,SUPPORT,SUP002859,DCL010652,PCL010556,unresolved_singleton,Unresolved,1,1,,,,,,,,SUP002859,,,,,Samantha Fry,samantha.fyr@hotmail.com,,,,,,,samanthafry,samantha.fyr@hotmail.com,,,,,,,,,,,,,,,,,,,,,,,,,,,,,,,,,,,,,,,,,,,2025-08-31 08:53:27,Samantha Fry,samantha.fyr@hotmail.com,,Email,Enquiry,Resolved,04:29
STG076162,SUPPORT,SUP002860,DCL010653,PCL010557,unresolved_singleton,Unresolved,1,1,,,,,,,,SUP002860,,,,,Jodie James,jodiejames@aol.com,,,,,,,jodiejames,jodiejames@aol.com,,,,,,,,,,,,,,,,,,,,,,,,,,,,,,,,,,,,,,,,,,,2025-08-31 10:01:30,Jodie James,jodiejames@aol.com,,Email,Accessibility,Resolved,06:12
STG076169,SUPPORT,SUP002867,DCL010654,PCL010558,unresolved_singleton,Unresolved,1,1,,,,,,,,SUP002867,,,,,Elliott Bnetley,,+44 7489404158,,,,,,elliottbnetley,,07489404158,,,,,,,,,,,,,,,,,,,,,,,,,,,,,,,,,,,,,,,,,,2025-09-01 00:50:20,Elliott Bnetley,,+44 7489404158,Phone,Refund request,Resolved,16:50
STG076182,SUPPORT,SUP002880,DCL010655,PCL010559,unresolved_singleton,Unresolved,1,1,,,,,,,,SUP002880,,,,,Alice Berry,aliec.berry@hotmail.com,,,,,,,aliceberry,aliec.berry@hotmail.com,,,,,,,,,,,,,,,,,,,,,,,,,,,,,,,,,,,,,,,,,,,2025-09-01 16:35:25,Alice Berry,aliec.berry@hotmail.com,,Email,Accessibility,Resolved,17:53
STG076201,SUPPORT,SUP002899,DCL010656,PCL010560,unresolved_singleton,Unresolved,1,1,,,,,,,,SUP002899,,,,,Chreyl Pritchard,cheryl.pritchard@gmail.com,+44 7739602673,,,,,,chreylpritchard,cheryl.pritchard@gmail.com,07739602673,,,,,,,,,,,,,,,,,,,,,,,,,,,,,,,,,,,,,,,,,,2025-09-03 02:16:52,Chreyl Pritchard,cheryl.pritchard@gmail.com,+44 7739602673,Email,Refund request,Resolved,49:18
STG076276,SUPPORT,SUP002974,DCL010657,PCL010561,unresolved_singleton,Unresolved,1,1,,,,,,,,SUP002974,,,,,Sheila Lmab,sheila.lamb@aol.com,,,,,,,sheilalmab,sheila.lamb@aol.com,,,,,,,,,,,,,,,,,,,,,,,,,,,,,,,,,,,,,,,,,,,2025-09-08 19:54:40,Sheila Lmab,sheila.lamb@aol.com,,Email,Enquiry,Resolved,12:23
STG076299,SUPPORT,SUP002997,DCL010659,PCL010563,unresolved_singleton,Unresolved,1,1,,,,,,,,SUP002997,,,,,Sandra Thomas,sandra.thomas@hotmail.com,,,,,,,sandrathomas,sandra.thomas@hotmail.com,,,,,,,,,,,,,,,,,,,,,,,,,,,,,,,,,,,,,,,,,,,2025-09-10 17:19:11,Sandra Thomas,sandra.thomas@hotmail.com,,Email,Enquiry,Resolved,02:43
STG076309,SUPPORT,SUP003007,DCL010661,PCL010564,unresolved_singleton,Unresolved,1,1,,,,,,,,SUP003007,,,,,Joanna Barber,joanna.braber@hotmail.com,,,,,,,joannabarber,joanna.braber@hotmail.com,,,,,,,,,,,,,,,,,,,,,,,,,,,,,,,,,,,,,,,,,,,2025-09-11 07:51:16,Joanna Barber,joanna.braber@hotmail.com,,Email,Accessibility,Open,
STG076371,SUPPORT,SUP003069,DCL010662,PCL010565,unresolved_singleton,Unresolved,1,1,,,,,,,,SUP003069,,,,,Molly Stevenson,molly.stevenson@yahoo.com,+44 7029171428,,,,,,mollystevenson,molly.stevenson@yahoo.com,07029171428,,,,,,,,,,,,,,,,,,,,,,,,,,,,,,,,,,,,,,,,,,2025-09-16 06:31:10,Molly Stevenson,molly.stevenson@yahoo.com,+44 7029171428,Phone,Refund request,Open,
STG076378,SUPPORT,SUP003076,DCL010663,PCL010566,unresolved_singleton,Unresolved,1,1,,,,,,,,SUP003076,,,,,Jordan Osborne,jordan.osobrne@hotmail.com,,,,,,,jordanosborne,jordan.osobrne@hotmail.com,,,,,,,,,,,,,,,,,,,,,,,,,,,,,,,,,,,,,,,,,,,2025-09-16 18:37:29,Jordan Osborne,jordan.osobrne@hotmail.com,,Email,Accessibility,Resolved,04:59
STG076383,SUPPORT,SUP003081,DCL010664,PCL010567,unresolved_singleton,Unresolved,1,1,,,,,,,,SUP003081,,,,,Amanda Daly,amnada.daly@gmail.com,,,,,,,amandadaly,amnada.daly@gmail.com,,,,,,,,,,,,,,,,,,,,,,,,,,,,,,,,,,,,,,,,,,,2025-09-17 01:33:04,Amanda Daly,amnada.daly@gmail.com,,Email,Refund request,Resolved,05:44
STG076438,SUPPORT,SUP003136,DCL010666,PCL010569,unresolved_singleton,Unresolved,1,1,,,,,,,,SUP003136,,,,,Alan Booth,laan.booth@hotmail.com,,,,,,,alanbooth,laan.booth@hotmail.com,,,,,,,,,,,,,,,,,,,,,,,,,,,,,,,,,,,,,,,,,,,2025-09-20 09:50:16,Alan Booth,laan.booth@hotmail.com,,Email,Enquiry,Resolved,14:19
STG076458,SUPPORT,SUP003156,DCL010667,PCL010570,unresolved_singleton,Unresolved,1,1,,,,,,,,SUP003156,,,,,Stanley Austin,satnley.austin@hotmail.com,,,,,,,stanleyaustin,satnley.austin@hotmail.com,,,,,,,,,,,,,,,,,,,,,,,,,,,,,,,,,,,,,,,,,,,2025-09-21 23:02:22,Stanley Austin,satnley.austin@hotmail.com,,Email,Accessibility,Resolved,11:05
STG076473,SUPPORT,SUP003171,DCL010668,PCL010571,unresolved_singleton,Unresolved,1,1,,,,,,,,SUP003171,,,,,Rosemary Wilosn,rosemary.wilson@yahoo.com,,,,,,,rosemarywilosn,rosemary.wilson@yahoo.com,,,,,,,,,,,,,,,,,,,,,,,,,,,,,,,,,,,,,,,,,,,2025-09-23 00:45:57,Rosemary Wilosn,rosemary.wilson@yahoo.com,,Email,Refund request,Resolved,19:05
STG076542,SUPPORT,SUP003240,DCL010669,PCL010572,unresolved_singleton,Unresolved,1,1,,,,,,,,SUP003240,,,,,Amanda Car,amanda.carr@gmail.com,+44 7944497087,,,,,,amandacar,amanda.carr@gmail.com,07944497087,,,,,,,,,,,,,,,,,,,,,,,,,,,,,,,,,,,,,,,,,,2025-09-27 08:49:18,Amanda Car,amanda.carr@gmail.com,+44 7944497087,Email,Accessibility,Resolved,21:45
STG076564,SUPPORT,SUP003262,DCL010670,PCL010573,unresolved_singleton,Unresolved,1,1,,,,,,,,SUP003262,,,,,Roy Taylor,roy.taylo@yahoo.com,+44 7062763277,,,,,,roytaylor,roy.taylo@yahoo.com,07062763277,,,,,,,,,,,,,,,,,,,,,,,,,,,,,,,,,,,,,,,,,,2025-09-29 02:04:41,Roy Taylor,roy.taylo@yahoo.com,+44 7062763277,Email,Refund request,Resolved,56:08
STG076572,SUPPORT,SUP003270,DCL010671,PCL010574,unresolved_singleton,Unresolved,1,1,,,,,,,,SUP003270,,,,,Charlie Perry,chrlie.perry@gmail.com,+44 7515142632,,,,,,charlieperry,chrlie.perry@gmail.com,07515142632,,,,,,,,,,,,,,,,,,,,,,,,,,,,,,,,,,,,,,,,,,2025-09-29 10:15:00,Charlie Perry,chrlie.perry@gmail.com,+44 7515142632,Email,Enquiry,Resolved,07:56
STG076652,SUPPORT,SUP003350,DCL010673,PCL010575,unresolved_singleton,Unresolved,1,1,,,,,,,,SUP003350,,,,,Dennis Simpson,dennissimpson@gmail.com,,,,,,,dennissimpson,dennissimpson@gmail.com,,,,,,,,,,,,,,,,,,,,,,,,,,,,,,,,,,,,,,,,,,,2025-10-05 08:08:32,Dennis Simpson,dennissimpson@gmail.com,,Email,Accessibility,Resolved,01:54
STG076677,SUPPORT,SUP003375,DCL010674,PCL010576,unresolved_singleton,Unresolved,1,1,,,,,,,,SUP003375,,,,,Alice Hall,alice.hal@gmail.com,+44 7130012099,,,,,,alicehall,alice.hal@gmail.com,07130012099,,,,,,,,,,,,,,,,,,,,,,,,,,,,,,,,,,,,,,,,,,2025-10-07 00:03:26,Alice Hall,alice.hal@gmail.com,+44 7130012099,Email,Accessibility,Resolved,19:35
STG076712,SUPPORT,SUP003410,DCL010675,PCL010577,unresolved_singleton,Unresolved,1,1,,,,,,,,SUP003410,,,,,Sophie Mitchell,,+44 7126905540,,,,,,sophiemitchell,,07126905540,,,,,,,,,,,,,,,,,,,,,,,,,,,,,,,,,,,,,,,,,,2025-10-09 06:03:49,Sophie Mitchell,,+44 7126905540,Phone,Enquiry,Resolved,08:53
STG076716,SUPPORT,SUP003414,DCL010676,PCL010578,unresolved_singleton,Unresolved,1,1,,,,,,,,SUP003414,,,,,Valerie Wood,valerie.wood@hotmail.fr,+44 7796172418,,,,,,valeriewood,valerie.wood@hotmail.fr,07796172418,,,,,,,,,,,,,,,,,,,,,,,,,,,,,,,,,,,,,,,,,,2025-10-09 17:20:07,Valerie Wood,valerie.wood@hotmail.fr,+44 7796172418,Phone,Enquiry,Open,
STG076721,SUPPORT,SUP003419,DCL010677,PCL010579,unresolved_singleton,Unresolved,1,1,,,,,,,,SUP003419,,,,,Linda Ward,linda.ward@yahoo.com,+44 7301626344,,,,,,lindaward,linda.ward@yahoo.com,07301626344,,,,,,,,,,,,,,,,,,,,,,,,,,,,,,,,,,,,,,,,,,2025-10-09 21:36:08,Linda Ward,linda.ward@yahoo.com,+44 7301626344,Email,Enquiry,Resolved,09:48
STG076723,SUPPORT,SUP003421,DCL010678,PCL010580,unresolved_singleton,Unresolved,1,1,,,,,,,,SUP003421,,,,,Mary Allen,mary.alln@aol.com,,,,,,,maryallen,mary.alln@aol.com,,,,,,,,,,,,,,,,,,,,,,,,,,,,,,,,,,,,,,,,,,,2025-10-10 06:52:48,Mary Allen,mary.alln@aol.com,,Email,Enquiry,Open,
STG076882,SUPPORT,SUP003580,DCL010681,PCL010583,unresolved_singleton,Unresolved,1,1,,,,,,,,SUP003580,,,,,Graeme Miles,gramee.miles@yahoo.com,,,,,,,graememiles,gramee.miles@yahoo.com,,,,,,,,,,,,,,,,,,,,,,,,,,,,,,,,,,,,,,,,,,,2025-10-20 14:32:30,Graeme Miles,gramee.miles@yahoo.com,,Email,Accessibility,Open,
STG076914,SUPPORT,SUP003612,DCL010682,PCL010584,unresolved_singleton,Unresolved,1,1,,,,,,,,SUP003612,,,,,Mariyln Read,,+44 7651461095,,,,,,mariylnread,,07651461095,,,,,,,,,,,,,,,,,,,,,,,,,,,,,,,,,,,,,,,,,,2025-10-22 13:27:55,Mariyln Read,,+44 7651461095,Phone,Refund request,Resolved,34:50
STG076922,SUPPORT,SUP003620,DCL010683,PCL010585,unresolved_singleton,Unresolved,1,1,,,,,,,,SUP003620,,,,,Rachel Davies,,+44 7814424909,,,,,,racheldavies,,07814424909,,,,,,,,,,,,,,,,,,,,,,,,,,,,,,,,,,,,,,,,,,2025-10-23 05:03:25,Rachel Davies,,+44 7814424909,Phone,Enquiry,Resolved,04:22
STG076937,SUPPORT,SUP003635,DCL010684,PCL010586,unresolved_singleton,Unresolved,1,1,,,,,,,,SUP003635,,,,,Marc Richardson,,+44 7889030193,,,,,,marcrichardson,,07889030193,,,,,,,,,,,,,,,,,,,,,,,,,,,,,,,,,,,,,,,,,,2025-10-23 23:44:01,Marc Richardson,,+44 7889030193,Phone,Accessibility,Resolved,06:32
STG077005,SUPPORT,SUP003703,DCL010685,PCL010587,unresolved_singleton,Unresolved,1,1,,,,,,,,SUP003703,,,,,Debra Williams,debra.illiams@hotmail.com,+44 7061092218,,,,,,debrawilliams,debra.illiams@hotmail.com,07061092218,,,,,,,,,,,,,,,,,,,,,,,,,,,,,,,,,,,,,,,,,,2025-10-27 14:30:03,Debra Williams,debra.illiams@hotmail.com,+44 7061092218,Email,Accessibility,Open,
STG077061,SUPPORT,SUP003759,DCL010686,PCL010588,unresolved_singleton,Unresolved,1,1,,,,,,,,SUP003759,,,,,Kevn Lloyd,kevin.lloyd@orange.fr,+44 7584402673,,,,,,kevnlloyd,kevin.lloyd@orange.fr,07584402673,,,,,,,,,,,,,,,,,,,,,,,,,,,,,,,,,,,,,,,,,,2025-10-31 10:08:11,Kevn Lloyd,kevin.lloyd@orange.fr,+44 7584402673,Email,Accessibility,Open,
STG077091,SUPPORT,SUP003789,DCL010687,PCL010589,unresolved_singleton,Unresolved,1,1,,,,,,,,SUP003789,,,,,Trevor Shaw,,+44 7061655938,,,,,,trevorshaw,,07061655938,,,,,,,,,,,,,,,,,,,,,,,,,,,,,,,,,,,,,,,,,,2025-11-01 22:05:17,Trevor Shaw,,+44 7061655938,Phone,Refund request,Resolved,17:47
STG077095,SUPPORT,SUP003793,DCL010688,PCL010590,unresolved_singleton,Unresolved,1,1,,,,,,,,SUP003793,,,,,Elliott Khan,elliott.hkan@hotmail.com,,,,,,,elliottkhan,elliott.hkan@hotmail.com,,,,,,,,,,,,,,,,,,,,,,,,,,,,,,,,,,,,,,,,,,,2025-11-02 02:04:44,Elliott Khan,elliott.hkan@hotmail.com,,Email,Refund request,Resolved,10:14
STG077169,SUPPORT,SUP003867,DCL010690,PCL010592,unresolved_singleton,Unresolved,1,1,,,,,,,,SUP003867,,,,,Michelle Adams,michelle.adas@hotmail.com,,,,,,,michelleadams,michelle.adas@hotmail.com,,,,,,,,,,,,,,,,,,,,,,,,,,,,,,,,,,,,,,,,,,,2025-11-06 15:15:51,Michelle Adams,michelle.adas@hotmail.com,,Email,Complaint,Resolved,13:19
STG077213,SUPPORT,SUP003911,DCL010692,PCL010593,unresolved_singleton,Unresolved,1,1,,,,,,,,SUP003911,,,,,Christopher Peacock,,+44 7725852812,,,,,,christopherpeacock,,07725852812,,,,,,,,,,,,,,,,,,,,,,,,,,,,,,,,,,,,,,,,,,2025-11-09 03:00:20,Christopher Peacock,,+44 7725852812,Phone,Accessibility,Resolved,09:01
STG077236,SUPPORT,SUP003934,DCL010694,PCL010595,unresolved_singleton,Unresolved,1,1,,,,,,,,SUP003934,,,,,Matthew Wood,mattehw.wood@gmail.com,,,,,,,matthewwood,mattehw.wood@gmail.com,,,,,,,,,,,,,,,,,,,,,,,,,,,,,,,,,,,,,,,,,,,2025-11-10 07:32:04,Matthew Wood,mattehw.wood@gmail.com,,Email,Enquiry,Resolved,01:45
STG077333,SUPPORT,SUP004031,DCL010697,PCL010597,unresolved_singleton,Unresolved,1,1,,,,,,,,SUP004031,,,,,Marilyn Fuller,,+44 7895155969,,,,,,marilynfuller,,07895155969,,,,,,,,,,,,,,,,,,,,,,,,,,,,,,,,,,,,,,,,,,2025-11-16 14:50:32,Marilyn Fuller,,+44 7895155969,Phone,Enquiry,Open,
STG077357,SUPPORT,SUP004055,DCL010698,PCL010598,unresolved_singleton,Unresolved,1,1,,,,,,,,SUP004055,,,,,Patricia Jones,patricia.jones@gmail.com,,,,,,,patriciajones,patricia.jones@gmail.com,,,,,,,,,,,,,,,,,,,,,,,,,,,,,,,,,,,,,,,,,,,2025-11-18 09:13:50,Patricia Jones,patricia.jones@gmail.com,,Email,Enquiry,Resolved,04:06
STG077367,SUPPORT,SUP004065,DCL010699,PCL010599,unresolved_singleton,Unresolved,1,1,,,,,,,,SUP004065,,,,,Anthony Potter,anthony.otter@hotmail.com,,,,,,,anthonypotter,anthony.otter@hotmail.com,,,,,,,,,,,,,,,,,,,,,,,,,,,,,,,,,,,,,,,,,,,2025-11-18 18:21:05,Anthony Potter,anthony.otter@hotmail.com,,Email,Refund request,Resolved,14:07
STG077371,SUPPORT,SUP004069,DCL010700,PCL010600,unresolved_singleton,Unresolved,1,1,,,,,,,,SUP004069,,,,,aGry Haynes,,+44 7776694073,,,,,,agryhaynes,,07776694073,,,,,,,,,,,,,,,,,,,,,,,,,,,,,,,,,,,,,,,,,,2025-11-18 19:44:43,aGry Haynes,,+44 7776694073,Phone,Enquiry,Resolved,00:57
STG077377,SUPPORT,SUP004075,DCL010701,PCL010601,unresolved_singleton,Unresolved,1,1,,,,,,,,SUP004075,,,,,Stephen Hill,,+44 7310009431,,,,,,stephenhill,,07310009431,,,,,,,,,,,,,,,,,,,,,,,,,,,,,,,,,,,,,,,,,,2025-11-19 06:34:23,Stephen Hill,,+44 7310009431,Phone,Enquiry,Resolved,02:11
STG077386,SUPPORT,SUP004084,DCL010702,PCL010602,unresolved_singleton,Unresolved,1,1,,,,,,,,SUP004084,,,,,Gail oMore,,+44 7925218778,,,,,,gailomore,,07925218778,,,,,,,,,,,,,,,,,,,,,,,,,,,,,,,,,,,,,,,,,,2025-11-19 23:18:25,Gail oMore,,+44 7925218778,Phone,Complaint,Resolved,38:51
STG077400,SUPPORT,SUP004098,DCL010703,PCL010603,unresolved_singleton,Unresolved,1,1,,,,,,,,SUP004098,,,,,Edward O'Sullivan,,+44 7023789216,,,,,,edwardosullivan,,07023789216,,,,,,,,,,,,,,,,,,,,,,,,,,,,,,,,,,,,,,,,,,2025-11-20 17:25:28,Edward O'Sullivan,,+44 7023789216,Phone,Refund request,Resolved,03:05
STG077425,SUPPORT,SUP004123,DCL010705,PCL010604,unresolved_singleton,Unresolved,1,1,,,,,,,,SUP004123,,,,,Aimee Morris,aimee.morris2@aol.com,,,,,,,aimeemorris,aimee.morris2@aol.com,,,,,,,,,,,,,,,,,,,,,,,,,,,,,,,,,,,,,,,,,,,2025-11-22 03:15:45,Aimee Morris,aimee.morris2@aol.com,,Email,Refund request,Resolved,12:45
STG077431,SUPPORT,SUP004129,DCL010706,PCL010605,unresolved_singleton,Unresolved,1,1,,,,,,,,SUP004129,,,,,Jacob Taylor,acob.taylor@gmail.com,,,,,,,jacobtaylor,acob.taylor@gmail.com,,,,,,,,,,,,,,,,,,,,,,,,,,,,,,,,,,,,,,,,,,,2025-11-22 09:44:38,Jacob Taylor,acob.taylor@gmail.com,,Email,Accessibility,Resolved,31:45
STG077438,SUPPORT,SUP004136,DCL010707,PCL010606,unresolved_singleton,Unresolved,1,1,,,,,,,,SUP004136,,,,,Jemma Hill,jemma.hill@yahoo.com,,,,,,,jemmahill,jemma.hill@yahoo.com,,,,,,,,,,,,,,,,,,,,,,,,,,,,,,,,,,,,,,,,,,,2025-11-22 18:16:40,Jemma Hill,jemma.hill@yahoo.com,,Email,Enquiry,Resolved,07:43
STG077440,SUPPORT,SUP004138,DCL010708,PCL010607,unresolved_singleton,Unresolved,1,1,,,,,,,,SUP004138,,,,,Jonathan Parry,,+44 7623238851,,,,,,jonathanparry,,07623238851,,,,,,,,,,,,,,,,,,,,,,,,,,,,,,,,,,,,,,,,,,2025-11-22 21:47:05,Jonathan Parry,,+44 7623238851,Phone,Refund request,Resolved,24:36
STG077475,SUPPORT,SUP004173,DCL010710,PCL010609,unresolved_singleton,Unresolved,1,1,,,,,,,,SUP004173,,,,,Oliver Smith,olivre.smith@gmail.com,+44 7288270041,,,,,,oliversmith,olivre.smith@gmail.com,07288270041,,,,,,,,,,,,,,,,,,,,,,,,,,,,,,,,,,,,,,,,,,2025-11-24 04:47:31,Oliver Smith,olivre.smith@gmail.com,+44 7288270041,Email,Refund request,Open,
STG077493,SUPPORT,SUP004191,DCL010711,PCL010610,unresolved_singleton,Unresolved,1,1,,,,,,,,SUP004191,,,,,Kathryn Bell,,+44 7866848174,,,,,,kathrynbell,,07866848174,,,,,,,,,,,,,,,,,,,,,,,,,,,,,,,,,,,,,,,,,,2025-11-25 02:21:57,Kathryn Bell,,+44 7866848174,Phone,Complaint,Resolved,30:37
STG077496,SUPPORT,SUP004194,DCL010712,PCL010611,unresolved_singleton,Unresolved,1,1,,,,,,,,SUP004194,,,,,Mitchell Holmes,mitchell.olmes@yahoo.com,,,,,,,mitchellholmes,mitchell.olmes@yahoo.com,,,,,,,,,,,,,,,,,,,,,,,,,,,,,,,,,,,,,,,,,,,2025-11-25 05:17:38,Mitchell Holmes,mitchell.olmes@yahoo.com,,Email,Enquiry,Resolved,06:28
STG077543,SUPPORT,SUP004241,DCL010713,PCL010612,unresolved_singleton,Unresolved,1,1,,,,,,,,SUP004241,,,,,Justin Wright,justi.wright@yahoo.com,,,,,,,justinwright,justi.wright@yahoo.com,,,,,,,,,,,,,,,,,,,,,,,,,,,,,,,,,,,,,,,,,,,2025-11-28 01:20:25,Justin Wright,justi.wright@yahoo.com,,Email,Enquiry,Resolved,02:53
STG077547,SUPPORT,SUP004245,DCL010715,PCL010613,unresolved_singleton,Unresolved,1,1,,,,,,,,SUP004245,,,,,Aime Khan,aimee.khan@yahoo.com,,,,,,,aimekhan,aimee.khan@yahoo.com,,,,,,,,,,,,,,,,,,,,,,,,,,,,,,,,,,,,,,,,,,,2025-11-28 06:19:40,Aime Khan,aimee.khan@yahoo.com,,Email,Complaint,Resolved,22:14
STG077565,SUPPORT,SUP004263,DCL010716,PCL010614,unresolved_singleton,Unresolved,1,1,,,,,,,,SUP004263,,,,,Aaron Smith,aaron.msith@yahoo.com,,,,,,,aaronsmith,aaron.msith@yahoo.com,,,,,,,,,,,,,,,,,,,,,,,,,,,,,,,,,,,,,,,,,,,2025-11-29 09:30:09,Aaron Smith,aaron.msith@yahoo.com,,Email,Enquiry,Resolved,02:50
STG077604,SUPPORT,SUP004302,DCL010718,PCL010616,unresolved_singleton,Unresolved,1,1,,,,,,,,SUP004302,,,,,Michelle Yougn,michelle.young@gmail.com,,,,,,,michelleyougn,michelle.young@gmail.com,,,,,,,,,,,,,,,,,,,,,,,,,,,,,,,,,,,,,,,,,,,2025-12-01 17:34:45,Michelle Yougn,michelle.young@gmail.com,,Email,Enquiry,Resolved,03:04
STG077644,SUPPORT,SUP004342,DCL010720,PCL010618,unresolved_singleton,Unresolved,1,1,,,,,,,,SUP004342,,,,,Denis Coliler,dneis.collier@hotmail.com,+44 7433467922,,,,,,deniscoliler,dneis.collier@hotmail.com,07433467922,,,,,,,,,,,,,,,,,,,,,,,,,,,,,,,,,,,,,,,,,,2025-12-03 23:26:45,Denis Coliler,dneis.collier@hotmail.com,+44 7433467922,Email,Complaint,Resolved,44:43
STG077696,SUPPORT,SUP004394,DCL010721,PCL010619,unresolved_singleton,Unresolved,1,1,,,,,,,,SUP004394,,,,,Oliver Smith,oiver.smith@gmail.com,,,,,,,oliversmith,oiver.smith@gmail.com,,,,,,,,,,,,,,,,,,,,,,,,,,,,,,,,,,,,,,,,,,,2025-12-06 08:23:21,Oliver Smith,oiver.smith@gmail.com,,Email,Refund request,Resolved,19:42
STG077699,SUPPORT,SUP004397,DCL010722,PCL010620,unresolved_singleton,Unresolved,1,1,,,,,,,,SUP004397,,,,,Frances Lloyd,franecs.lloyd@hotmail.fr,,,,,,,franceslloyd,franecs.lloyd@hotmail.fr,,,,,,,,,,,,,,,,,,,,,,,,,,,,,,,,,,,,,,,,,,,2025-12-06 13:40:08,Frances Lloyd,franecs.lloyd@hotmail.fr,,Email,Refund request,Resolved,17:07
STG077710,SUPPORT,SUP004408,DCL010723,PCL010621,unresolved_singleton,Unresolved,1,1,,,,,,,,SUP004408,,,,,Nigel Web,,+44 7350140035,,,,,,nigelweb,,07350140035,,,,,,,,,,,,,,,,,,,,,,,,,,,,,,,,,,,,,,,,,,2025-12-07 01:50:09,Nigel Web,,+44 7350140035,Phone,Refund request,Resolved,11:42
STG077740,SUPPORT,SUP004438,DCL010724,PCL010622,unresolved_singleton,Unresolved,1,1,,,,,,,,SUP004438,,,,,Marion Connolly,,+44 7455106511,,,,,,marionconnolly,,07455106511,,,,,,,,,,,,,,,,,,,,,,,,,,,,,,,,,,,,,,,,,,2025-12-08 20:03:11,Marion Connolly,,+44 7455106511,Phone,Complaint,Resolved,25:28
STG077765,SUPPORT,SUP004463,DCL010725,PCL010623,unresolved_singleton,Unresolved,1,1,,,,,,,,SUP004463,,,,,Jennifer Jones,,+44 7826537194,,,,,,jenniferjones,,07826537194,,,,,,,,,,,,,,,,,,,,,,,,,,,,,,,,,,,,,,,,,,2025-12-09 19:15:10,Jennifer Jones,,+44 7826537194,Phone,Refund request,Resolved,09:23
STG077834,SUPPORT,SUP004532,DCL010726,PCL010624,unresolved_singleton,Unresolved,1,1,,,,,,,,SUP004532,,,,,Anan Gregory,,+44 7168881961,,,,,,anangregory,,07168881961,,,,,,,,,,,,,,,,,,,,,,,,,,,,,,,,,,,,,,,,,,2025-12-13 12:38:18,Anan Gregory,,+44 7168881961,Phone,Refund request,Open,
STG077838,SUPPORT,SUP004536,DCL010727,PCL010625,unresolved_singleton,Unresolved,1,1,,,,,,,,SUP004536,,,,,Joe Jones,joe.jons@gmail.com,,,,,,,joejones,joe.jons@gmail.com,,,,,,,,,,,,,,,,,,,,,,,,,,,,,,,,,,,,,,,,,,,2025-12-13 15:54:57,Joe Jones,joe.jons@gmail.com,,Email,Refund request,Resolved,10:20
STG077849,SUPPORT,SUP004547,DCL010728,PCL010626,unresolved_singleton,Unresolved,1,1,,,,,,,,SUP004547,,,,,Barbara King,,+44 7034479025,,,,,,barbaraking,,07034479025,,,,,,,,,,,,,,,,,,,,,,,,,,,,,,,,,,,,,,,,,,2025-12-13 23:46:56,Barbara King,,+44 7034479025,Phone,Complaint,Resolved,17:04
STG077854,SUPPORT,SUP004552,DCL010729,PCL010627,unresolved_singleton,Unresolved,1,1,,,,,,,,SUP004552,,,,,Shaun Walker,shaun.awlker@gmail.com,+44 7013314147,,,,,,shaunwalker,shaun.awlker@gmail.com,07013314147,,,,,,,,,,,,,,,,,,,,,,,,,,,,,,,,,,,,,,,,,,2025-12-14 03:41:04,Shaun Walker,shaun.awlker@gmail.com,+44 7013314147,Phone,Enquiry,Resolved,08:11
STG077865,SUPPORT,SUP004563,DCL010730,PCL010628,unresolved_singleton,Unresolved,1,1,,,,,,,,SUP004563,,,,,James Davies,jamesd.avies@gmail.com,,,,,,,jamesdavies,jamesd.avies@gmail.com,,,,,,,,,,,,,,,,,,,,,,,,,,,,,,,,,,,,,,,,,,,2025-12-14 16:23:29,James Davies,jamesd.avies@gmail.com,,Email,Accessibility,Resolved,06:48
STG077906,SUPPORT,SUP004604,DCL010731,PCL010629,unresolved_singleton,Unresolved,1,1,,,,,,,,SUP004604,,,,,Gregory Lloyd,,+44 7810664650,,,,,,gregorylloyd,,07810664650,,,,,,,,,,,,,,,,,,,,,,,,,,,,,,,,,,,,,,,,,,2025-12-16 19:07:28,Gregory Lloyd,,+44 7810664650,Phone,Refund request,Resolved,25:43
STG077922,SUPPORT,SUP004620,DCL010732,PCL010630,unresolved_singleton,Unresolved,1,1,,,,,,,,SUP004620,,,,,Gary Griffths,gary.griffiths@yahoo.com,,,,,,,garygriffths,gary.griffiths@yahoo.com,,,,,,,,,,,,,,,,,,,,,,,,,,,,,,,,,,,,,,,,,,,2025-12-17 13:43:00,Gary Griffths,gary.griffiths@yahoo.com,,Email,Refund request,Resolved,15:54
STG077930,SUPPORT,SUP004628,DCL010733,PCL010631,unresolved_singleton,Unresolved,1,1,,,,,,,,SUP004628,,,,,Katie Stewart,katie.sewart@yahoo.com,+44 7054413024,,,,,,katiestewart,katie.sewart@yahoo.com,07054413024,,,,,,,,,,,,,,,,,,,,,,,,,,,,,,,,,,,,,,,,,,2025-12-17 23:07:29,Katie Stewart,katie.sewart@yahoo.com,+44 7054413024,Email,Enquiry,Resolved,07:51
STG077942,SUPPORT,SUP004640,DCL010734,PCL010632,unresolved_singleton,Unresolved,1,1,,,,,,,,SUP004640,,,,,rett Jones,brtet.jones2@hotmail.com,+44 7211876846,,,,,,rettjones,brtet.jones2@hotmail.com,07211876846,,,,,,,,,,,,,,,,,,,,,,,,,,,,,,,,,,,,,,,,,,2025-12-18 11:40:02,rett Jones,brtet.jones2@hotmail.com,+44 7211876846,Email,Refund request,Resolved,11:16
STG077949,SUPPORT,SUP004647,DCL010735,PCL010633,unresolved_singleton,Unresolved,1,1,,,,,,,,SUP004647,,,,,Adrian Le,adrian.lee@hotmail.com,,,,,,,adrianle,adrian.lee@hotmail.com,,,,,,,,,,,,,,,,,,,,,,,,,,,,,,,,,,,,,,,,,,,2025-12-18 22:00:04,Adrian Le,adrian.lee@hotmail.com,,Email,Accessibility,Resolved,07:55
STG077954,SUPPORT,SUP004652,DCL010736,PCL010634,unresolved_singleton,Unresolved,1,1,,,,,,,,SUP004652,,,,,Carl Parker,carl.pakrer@hotmail.com,,,,,,,carlparker,carl.pakrer@hotmail.com,,,,,,,,,,,,,,,,,,,,,,,,,,,,,,,,,,,,,,,,,,,2025-12-19 05:56:34,Carl Parker,carl.pakrer@hotmail.com,,Email,Refund request,Resolved,07:16
STG077968,SUPPORT,SUP004666,DCL010738,PCL010635,unresolved_singleton,Unresolved,1,1,,,,,,,,SUP004666,,,,,Charlene Bates,charlen.bates@yahoo.com,+44 7165229468,,,,,,charlenebates,charlen.bates@yahoo.com,07165229468,,,,,,,,,,,,,,,,,,,,,,,,,,,,,,,,,,,,,,,,,,2025-12-20 00:19:53,Charlene Bates,charlen.bates@yahoo.com,+44 7165229468,Email,Complaint,Open,
STG077975,SUPPORT,SUP004673,DCL010739,PCL010636,unresolved_singleton,Unresolved,1,1,,,,,,,,SUP004673,,,,,Ann Ali,ann.ail@gmail.com,,,,,,,annali,ann.ail@gmail.com,,,,,,,,,,,,,,,,,,,,,,,,,,,,,,,,,,,,,,,,,,,2025-12-20 08:50:34,Ann Ali,ann.ail@gmail.com,,Email,Refund request,Resolved,41:10
STG078041,SUPPORT,SUP004739,DCL010740,PCL010637,unresolved_singleton,Unresolved,1,1,,,,,,,,SUP004739,,,,,Chelsea Walker,chelsea.walker@aol.com,+44 7557996527,,,,,,chelseawalker,chelsea.walker@aol.com,07557996527,,,,,,,,,,,,,,,,,,,,,,,,,,,,,,,,,,,,,,,,,,2025-12-22 16:46:48,Chelsea Walker,chelsea.walker@aol.com,+44 7557996527,Email,Accessibility,Resolved,13:05
STG078043,SUPPORT,SUP004741,DCL010741,PCL010638,unresolved_singleton,Unresolved,1,1,,,,,,,,SUP004741,,,,,Gerald uStton,gerald.sutton@yahoo.com,,,,,,,geraldustton,gerald.sutton@yahoo.com,,,,,,,,,,,,,,,,,,,,,,,,,,,,,,,,,,,,,,,,,,,2025-12-22 18:20:50,Gerald uStton,gerald.sutton@yahoo.com,,Email,Complaint,Resolved,23:28
STG078067,SUPPORT,SUP004765,DCL010742,PCL010639,unresolved_singleton,Unresolved,1,1,,,,,,,,SUP004765,,,,,Lewis Atkins,leiws.atkins@hotmail.com,+44 7709776828,,,,,,lewisatkins,leiws.atkins@hotmail.com,07709776828,,,,,,,,,,,,,,,,,,,,,,,,,,,,,,,,,,,,,,,,,,2025-12-23 12:03:39,Lewis Atkins,leiws.atkins@hotmail.com,+44 7709776828,Email,Refund request,Resolved,34:50
STG078098,SUPPORT,SUP004796,DCL010743,PCL010640,unresolved_singleton,Unresolved,1,1,,,,,,,,SUP004796,,,,,Yvonne Turner,yvonneturner@yahoo.com,,,,,,,yvonneturner,yvonneturner@yahoo.com,,,,,,,,,,,,,,,,,,,,,,,,,,,,,,,,,,,,,,,,,,,2025-12-24 14:41:38,Yvonne Turner,yvonneturner@yahoo.com,,Email,Complaint,Resolved,36:59
STG078104,SUPPORT,SUP004802,DCL010744,PCL010641,unresolved_singleton,Unresolved,1,1,,,,,,,,SUP004802,,,,,Guy Lee,guylee@hotmail.com,+44 7724880621,,,,,,guylee,guylee@hotmail.com,07724880621,,,,,,,,,,,,,,,,,,,,,,,,,,,,,,,,,,,,,,,,,,2025-12-24 21:20:56,Guy Lee,guylee@hotmail.com,+44 7724880621,Phone,Enquiry,Open,
STG078122,SUPPORT,SUP004820,DCL010745,PCL010642,unresolved_singleton,Unresolved,1,1,,,,,,,,SUP004820,,,,,Conor Gardiner,conor.gardinr@hotmail.com,,,,,,,conorgardiner,conor.gardinr@hotmail.com,,,,,,,,,,,,,,,,,,,,,,,,,,,,,,,,,,,,,,,,,,,2025-12-25 15:19:14,Conor Gardiner,conor.gardinr@hotmail.com,,Email,Accessibility,Resolved,08:36
STG078127,SUPPORT,SUP004825,DCL010746,PCL010643,unresolved_singleton,Unresolved,1,1,,,,,,,,SUP004825,,,,,Andrew Johnson,andrew.jhonson@hotmail.com,,,,,,,andrewjohnson,andrew.jhonson@hotmail.com,,,,,,,,,,,,,,,,,,,,,,,,,,,,,,,,,,,,,,,,,,,2025-12-25 19:05:37,Andrew Johnson,andrew.jhonson@hotmail.com,,Email,Refund request,Open,
STG078142,SUPPORT,SUP004840,DCL010747,PCL010644,unresolved_singleton,Unresolved,1,1,,,,,,,,SUP004840,,,,,Kelly Jones,kelyl.jones@hotmail.com,+44 7840489884,,,,,,kellyjones,kelyl.jones@hotmail.com,07840489884,,,,,,,,,,,,,,,,,,,,,,,,,,,,,,,,,,,,,,,,,,2025-12-26 10:12:43,Kelly Jones,kelyl.jones@hotmail.com,+44 7840489884,Email,Accessibility,Resolved,16:32
STG078151,SUPPORT,SUP004849,DCL010748,PCL010645,unresolved_singleton,Unresolved,1,1,,,,,,,,SUP004849,,,,,Cameron Burton,cameron.butron@hotmail.com,,,,,,,cameronburton,cameron.butron@hotmail.com,,,,,,,,,,,,,,,,,,,,,,,,,,,,,,,,,,,,,,,,,,,2025-12-26 18:52:22,Cameron Burton,cameron.butron@hotmail.com,,Email,Enquiry,Resolved,03:36
STG078217,SUPPORT,SUP004915,DCL010749,PCL010646,unresolved_singleton,Unresolved,1,1,,,,,,,,SUP004915,,,,,Nathan Evns,,+44 7775807742,,,,,,nathanevns,,07775807742,,,,,,,,,,,,,,,,,,,,,,,,,,,,,,,,,,,,,,,,,,2025-12-28 20:19:54,Nathan Evns,,+44 7775807742,Phone,Complaint,Resolved,12:20
STG078245,SUPPORT,SUP004943,DCL010750,PCL010647,unresolved_singleton,Unresolved,1,1,,,,,,,,SUP004943,,,,,Leigh Holmes,leigh.ohlmes@hotmail.com,+44 7209101789,,,,,,leighholmes,leigh.ohlmes@hotmail.com,07209101789,,,,,,,,,,,,,,,,,,,,,,,,,,,,,,,,,,,,,,,,,,2025-12-29 22:47:17,Leigh Holmes,leigh.ohlmes@hotmail.com,+44 7209101789,Email,Accessibility,Resolved,06:55
STG078247,SUPPORT,SUP004945,DCL010751,PCL010648,unresolved_singleton,Unresolved,1,1,,,,,,,,SUP004945,,,,,Alex Lawson,alex.lawson@hotmail.com,+44 7273334363,,,,,,alexlawson,alex.lawson@hotmail.com,07273334363,,,,,,,,,,,,,,,,,,,,,,,,,,,,,,,,,,,,,,,,,,2025-12-30 00:09:35,Alex Lawson,alex.lawson@hotmail.com,+44 7273334363,Email,Enquiry,Resolved,05:39
STG078279,SUPPORT,SUP004977,DCL010752,PCL010649,unresolved_singleton,Unresolved,1,1,,,,,,,,SUP004977,,,,,Francsi Scott,francis.scott@yahoo.com,,,,,,,francsiscott,francis.scott@yahoo.com,,,,,,,,,,,,,,,,,,,,,,,,,,,,,,,,,,,,,,,,,,,2025-12-31 02:41:31,Francsi Scott,francis.scott@yahoo.com,,Email,Accessibility,Resolved,17:24
STG078289,SUPPORT,SUP004987,DCL010753,PCL010650,unresolved_singleton,Unresolved,1,1,,,,,,,,SUP004987,,,,,Terry Coleman,terry.colema@aol.com,,,,,,,terrycoleman,terry.colema@aol.com,,,,,,,,,,,,,,,,,,,,,,,,,,,,,,,,,,,,,,,,,,,2025-12-31 11:54:32,Terry Coleman,terry.colema@aol.com,,Email,Enquiry,Resolved,04:11
