cluster_id_1,cluster_id_2,cluster_size_1,cluster_size_2,blocking_rules,blocking_rule_names,blocking_hits,record_pairs_compared,record_id_1,source_system_1,source_record_id_1,record_id_2,source_system_2,source_record_id_2,email_available,email_similarity,phone_available,phone_similarity,name_available,name_similarity,address_available,address_similarity,postcode_available,postcode_similarity,date_of_birth_available,date_of_birth_similarity,weighted_similarity_score,evidence_coverage,strong_identifiers,supporting_features,corroborating_features,supporting_feature_count,corroborating_feature_count,static_conflict,preliminary_decision,preliminary_reason,final_decision,final_reason,merge_performed,probabilistic_cluster_id_1,probabilistic_cluster_id_2
DCL000022,DCL009374,10,3,B04,Email domain and local-part prefix,1,30,STG024812,MARKETING,MKT003510,STG076022,SUPPORT,SUP002720,True,0.902,False,0.0,True,0.8,False,0.0,False,0.0,False,0.0,0.8612,0.5,email,email | name,name,2,1,False,automatic_match,Automatic match criteria satisfied,accepted_merge,Automatic criteria and cluster safeguards satisfied,True,PCL000022,PCL000022
DCL000022,DCL009385,10,6,B04,Email domain and local-part prefix,1,60,STG024812,MARKETING,MKT003510,STG077668,SUPPORT,SUP004366,True,0.9057,False,0.0,True,0.8148,False,0.0,False,0.0,False,0.0,0.8693,0.5,email,email | name,name,2,1,False,automatic_match,Automatic match criteria satisfied,accepted_merge,Automatic criteria and cluster safeguards satisfied,True,PCL000022,PCL000022
DCL000040,DCL010500,2,1,B04,Email domain and local-part prefix,1,2,STG020948,ECOMMERCE,TXN012948,STG033213,MARKETING,MKT011911,True,1.0,False,0.0,True,0.9412,False,0.0,True,0.6667,False,0.0,0.9248,0.6,email,email | name,name,2,1,False,automatic_match,Automatic match criteria satisfied,accepted_merge,Automatic criteria and cluster safeguards satisfied,True,PCL000040,PCL000040
DCL000041,DCL009302,14,4,B04,Email domain and local-part prefix,1,56,STG032149,MARKETING,MKT010847,STG077767,SUPPORT,SUP004465,True,0.898,False,0.0,True,0.8148,False,0.0,False,0.0,False,0.0,0.8647,0.5,email,email | name,name,2,1,False,automatic_match,Automatic match criteria satisfied,accepted_merge,Automatic criteria and cluster safeguards satisfied,True,PCL000041,PCL000041
DCL000124,DCL008987,5,2,B04,Email domain and local-part prefix,1,10,STG076543,SUPPORT,SUP003241,STG032530,MARKETING,MKT011228,True,0.8889,False,0.0,True,0.8125,False,0.0,False,0.0,False,0.0,0.8583,0.5,email,email | name,name,2,1,False,automatic_match,Automatic match criteria satisfied,accepted_merge,Automatic criteria and cluster safeguards satisfied,True,PCL000124,PCL000124
DCL000126,DCL009004,10,8,B04,Email domain and local-part prefix,1,80,STG074555,SUPPORT,SUP001253,STG032342,MARKETING,MKT011040,True,0.913,False,0.0,True,0.8,False,0.0,False,0.0,False,0.0,0.8678,0.5,email,email | name,name,2,1,False,automatic_match,Automatic match criteria satisfied,accepted_merge,Automatic criteria and cluster safeguards satisfied,True,PCL000126,PCL000126
DCL000184,DCL009990,2,1,B04,Email domain and local-part prefix,1,2,STG000184,CRM,CRM000184,STG026625,MARKETING,MKT005323,True,1.0,False,0.0,True,0.9412,False,0.0,False,0.0,False,0.0,0.9765,0.5,email,email | name,name,2,1,False,automatic_match,Automatic match criteria satisfied,accepted_merge,Automatic criteria and cluster safeguards satisfied,True,PCL000184,PCL000184
DCL000185,DCL009089,3,1,B02,Surname initial and postcode outward code,1,3,STG030892,MARKETING,MKT009590,STG018468,ECOMMERCE,TXN010468,True,0.8846,False,0.0,True,1.0,False,0.0,True,0.6,False,0.0,0.8756,0.6,email,email | name,name,2,1,False,automatic_match,Automatic match criteria satisfied,accepted_merge,Automatic criteria and cluster safeguards satisfied,True,PCL000185,PCL000185
DCL000211,DCL009088,6,5,B04,Email domain and local-part prefix,1,30,STG023342,MARKETING,MKT002040,STG078075,SUPPORT,SUP004773,True,0.8889,False,0.0,True,0.8571,False,0.0,False,0.0,False,0.0,0.8762,0.5,email,email | name,name,2,1,False,automatic_match,Automatic match criteria satisfied,accepted_merge,Automatic criteria and cluster safeguards satisfied,True,PCL000211,PCL000211
DCL000219,DCL008563,3,2,B01 | B02 | B03 | B05,First-name initial and exact postcode | Phone suffix and surname initial | Surname initial and postcode outward code | Surname prefix and exact postcode,4,6,STG000219,CRM,CRM000219,STG013505,ECOMMERCE,TXN005505,True,0.7843,True,1.0,True,0.96,True,1.0,True,1.0,False,0.0,0.9235,0.95,phone,address | email | name | phone | postcode,address | email | name | postcode,5,4,False,automatic_match,Automatic match criteria satisfied,accepted_merge,Automatic criteria and cluster safeguards satisfied,True,PCL000219,PCL000219
DCL000221,DCL008465,4,6,B04,Email domain and local-part prefix,1,24,STG022366,MARKETING,MKT001064,STG075368,SUPPORT,SUP002066,True,0.9583,False,0.0,True,1.0,False,0.0,False,0.0,False,0.0,0.975,0.5,email,email | name,name,2,1,False,automatic_match,Automatic match criteria satisfied,accepted_merge,Automatic criteria and cluster safeguards satisfied,True,PCL000221,PCL000221
DCL000246,DCL008113,11,7,B04,Email domain and local-part prefix,1,77,STG077321,SUPPORT,SUP004019,STG029260,MARKETING,MKT007958,True,0.9388,False,0.0,True,0.8696,False,0.0,False,0.0,False,0.0,0.9111,0.5,email,email | name,name,2,1,False,automatic_match,Automatic match criteria satisfied,accepted_merge,Automatic criteria and cluster safeguards satisfied,True,PCL000246,PCL000246
DCL000256,DCL009828,10,1,B04,Email domain and local-part prefix,1,10,STG073444,SUPPORT,SUP000142,STG024732,MARKETING,MKT003430,True,0.9767,False,0.0,True,0.9474,False,0.0,False,0.0,False,0.0,0.965,0.5,email,email | name,name,2,1,False,automatic_match,Automatic match criteria satisfied,accepted_merge,Automatic criteria and cluster safeguards satisfied,True,PCL000256,PCL000256
DCL000262,DCL010636,10,1,B04,Email domain and local-part prefix,1,10,STG074816,SUPPORT,SUP001514,STG075824,SUPPORT,SUP002522,True,0.9744,False,0.0,True,1.0,False,0.0,False,0.0,False,0.0,0.9846,0.5,email,email | name,name,2,1,False,automatic_match,Automatic match criteria satisfied,accepted_merge,Automatic criteria and cluster safeguards satisfied,True,PCL000262,PCL000262
DCL000284,DCL010288,3,1,B04,Email domain and local-part prefix,1,3,STG020979,ECOMMERCE,TXN012979,STG030433,MARKETING,MKT009131,True,1.0,False,0.0,True,0.9375,False,0.0,True,0.6667,False,0.0,0.9236,0.6,email,email | name,name,2,1,False,automatic_match,Automatic match criteria satisfied,accepted_merge,Automatic criteria and cluster safeguards satisfied,True,PCL000284,PCL000284
DCL000293,DCL010649,7,1,B04,Email domain and local-part prefix,1,7,STG077700,SUPPORT,SUP004398,STG075984,SUPPORT,SUP002682,True,1.0,False,0.0,True,0.9091,False,0.0,False,0.0,False,0.0,0.9636,0.5,email,email | name,name,2,1,False,automatic_match,Automatic match criteria satisfied,accepted_merge,Automatic criteria and cluster safeguards satisfied,True,PCL000293,PCL000293
DCL000306,DCL008324,6,6,B04,Email domain and local-part prefix,1,36,STG021215,ECOMMERCE,TXN013215,STG023396,MARKETING,MKT002094,True,0.9787,False,0.0,True,1.0,False,0.0,True,0.1667,False,0.0,0.8505,0.6,email,email | name,name,2,1,False,automatic_match,Automatic match criteria satisfied,accepted_merge,Automatic criteria and cluster safeguards satisfied,True,PCL000306,PCL000306
DCL000319,DCL009516,7,3,B04,Email domain and local-part prefix,1,21,STG024910,MARKETING,MKT003608,STG078198,SUPPORT,SUP004896,True,0.9302,False,0.0,True,0.8571,False,0.0,False,0.0,False,0.0,0.901,0.5,email,email | name,name,2,1,False,automatic_match,Automatic match criteria satisfied,accepted_merge,Automatic criteria and cluster safeguards satisfied,True,PCL000319,PCL000319
DCL000319,DCL010737,7,1,B04,Email domain and local-part prefix,1,7,STG024910,MARKETING,MKT003608,STG077963,SUPPORT,SUP004661,True,0.8837,False,0.0,True,0.9,False,0.0,False,0.0,False,0.0,0.8902,0.5,email,email | name,name,2,1,False,automatic_match,Automatic match criteria satisfied,accepted_transitive_support,Clusters were already connected by stronger accepted matches,False,PCL000319,PCL000319
DCL000324,DCL008867,6,7,B04,Email domain and local-part prefix,1,42,STG076345,SUPPORT,SUP003043,STG032201,MARKETING,MKT010899,True,0.9057,False,0.0,True,0.8148,False,0.0,False,0.0,False,0.0,0.8693,0.5,email,email | name,name,2,1,False,automatic_match,Automatic match criteria satisfied,accepted_merge,Automatic criteria and cluster safeguards satisfied,True,PCL000324,PCL000324
DCL000328,DCL010077,7,1,B04,Email domain and local-part prefix,1,7,STG022618,MARKETING,MKT001316,STG027561,MARKETING,MKT006259,True,1.0,False,0.0,True,0.9231,False,0.0,True,0.6667,False,0.0,0.9188,0.6,email,email | name,name,2,1,False,automatic_match,Automatic match criteria satisfied,accepted_merge,Automatic criteria and cluster safeguards satisfied,True,PCL000328,PCL000328
DCL000335,DCL010246,11,1,B04,Email domain and local-part prefix,1,11,STG020013,ECOMMERCE,TXN012013,STG029887,MARKETING,MKT008585,True,1.0,False,0.0,True,0.9565,False,0.0,True,0.6,False,0.0,0.9188,0.6,email,email | name,name,2,1,False,automatic_match,Automatic match criteria satisfied,accepted_merge,Automatic criteria and cluster safeguards satisfied,True,PCL000335,PCL000335
DCL000360,DCL010690,12,1,B04,Email domain and local-part prefix,1,12,STG076426,SUPPORT,SUP003124,STG077169,SUPPORT,SUP003867,True,0.9804,False,0.0,True,1.0,False,0.0,False,0.0,False,0.0,0.9882,0.5,email,email | name,name,2,1,False,automatic_match,Automatic match criteria satisfied,accepted_merge,Automatic criteria and cluster safeguards satisfied,True,PCL000360,PCL000360
DCL000386,DCL010651,8,1,B04,Email domain and local-part prefix,1,8,STG076611,SUPPORT,SUP003309,STG076155,SUPPORT,SUP002853,True,1.0,False,0.0,True,0.8889,False,0.0,False,0.0,False,0.0,0.9556,0.5,email,email | name,name,2,1,False,automatic_match,Automatic match criteria satisfied,accepted_merge,Automatic criteria and cluster safeguards satisfied,True,PCL000386,PCL000386
DCL000476,DCL009572,11,1,B04,Email domain and local-part prefix,1,11,STG073498,SUPPORT,SUP000196,STG021692,MARKETING,MKT000390,True,0.9818,False,0.0,True,0.963,False,0.0,False,0.0,False,0.0,0.9743,0.5,email,email | name,name,2,1,False,automatic_match,Automatic match criteria satisfied,accepted_merge,Automatic criteria and cluster safeguards satisfied,True,PCL000476,PCL000476
DCL000497,DCL008637,1,2,B01 | B02 | B03 | B05,First-name initial and exact postcode | Phone suffix and surname initial | Surname initial and postcode outward code | Surname prefix and exact postcode,4,2,STG000497,CRM,CRM000497,STG014157,ECOMMERCE,TXN006157,False,0.0,True,1.0,True,0.8235,True,1.0,True,1.0,False,0.0,0.9457,0.65,phone,address | name | phone | postcode,address | name | postcode,4,3,False,automatic_match,Automatic match criteria satisfied,accepted_merge,Automatic criteria and cluster safeguards satisfied,True,PCL000497,PCL000497
DCL000497,DCL009931,1,1,B04,Email domain and local-part prefix,1,1,STG000497,CRM,CRM000497,STG026003,MARKETING,MKT004701,True,1.0,False,0.0,True,0.8235,False,0.0,True,0.6,False,0.0,0.8745,0.6,email,email | name,name,2,1,False,automatic_match,Automatic match criteria satisfied,accepted_merge,Automatic criteria and cluster safeguards satisfied,True,PCL000497,PCL000497
DCL000519,DCL010495,5,1,B04,Email domain and local-part prefix,1,5,STG033275,MARKETING,MKT011973,STG033162,MARKETING,MKT011860,True,0.9796,False,0.0,True,1.0,False,0.0,True,0.6,False,0.0,0.9231,0.6,email,email | name,name,2,1,False,automatic_match,Automatic match criteria satisfied,accepted_merge,Automatic criteria and cluster safeguards satisfied,True,PCL000519,PCL000519
DCL000538,DCL007823,13,5,B04,Email domain and local-part prefix,1,65,STG074774,SUPPORT,SUP001472,STG075321,SUPPORT,SUP002019,True,0.9615,False,0.0,True,0.9333,False,0.0,False,0.0,False,0.0,0.9503,0.5,email,email | name,name,2,1,False,automatic_match,Automatic match criteria satisfied,accepted_merge,Automatic criteria and cluster safeguards satisfied,True,PCL000538,PCL000538
DCL000568,DCL009244,5,3,B04,Email domain and local-part prefix,1,15,STG032754,MARKETING,MKT011452,STG077458,SUPPORT,SUP004156,True,0.9545,False,0.0,True,0.9091,False,0.0,False,0.0,False,0.0,0.9364,0.5,email,email | name,name,2,1,False,automatic_match,Automatic match criteria satisfied,accepted_merge,Automatic criteria and cluster safeguards satisfied,True,PCL000568,PCL000568
DCL000579,DCL007917,3,1,B01 | B02 | B03 | B05,First-name initial and exact postcode | Phone suffix and surname initial | Surname initial and postcode outward code | Surname prefix and exact postcode,4,3,STG013419,ECOMMERCE,TXN005419,STG008655,ECOMMERCE,TXN000655,True,0.8077,True,1.0,True,0.9231,True,1.0,True,1.0,False,0.0,0.9231,0.95,phone,address | email | name | phone | postcode,address | email | name | postcode,5,4,False,automatic_match,Automatic match criteria satisfied,accepted_merge,Automatic criteria and cluster safeguards satisfied,True,PCL000579,PCL000579
DCL000582,DCL009312,8,1,B04,Email domain and local-part prefix,1,8,STG076090,SUPPORT,SUP002788,STG020156,ECOMMERCE,TXN012156,True,0.913,False,0.0,True,0.8333,False,0.0,False,0.0,False,0.0,0.8812,0.5,email,email | name,name,2,1,False,automatic_match,Automatic match criteria satisfied,accepted_merge,Automatic criteria and cluster safeguards satisfied,True,PCL000582,PCL000582
DCL000583,DCL010518,8,1,B04,Email domain and local-part prefix,1,8,STG027869,MARKETING,MKT006567,STG073481,SUPPORT,SUP000179,True,1.0,False,0.0,True,0.9412,False,0.0,False,0.0,False,0.0,0.9765,0.5,email,email | name,name,2,1,False,automatic_match,Automatic match criteria satisfied,accepted_merge,Automatic criteria and cluster safeguards satisfied,True,PCL000583,PCL000583
DCL000617,DCL010641,14,1,B04,Email domain and local-part prefix,1,14,STG024211,MARKETING,MKT002909,STG075914,SUPPORT,SUP002612,True,0.9524,False,0.0,True,1.0,False,0.0,False,0.0,False,0.0,0.9714,0.5,email,email | name,name,2,1,False,automatic_match,Automatic match criteria satisfied,accepted_merge,Automatic criteria and cluster safeguards satisfied,True,PCL000617,PCL000617
DCL000623,DCL008859,11,2,B04,Email domain and local-part prefix,1,22,STG077462,SUPPORT,SUP004160,STG024745,MARKETING,MKT003443,True,0.9091,False,0.0,True,0.8182,False,0.0,False,0.0,False,0.0,0.8727,0.5,email,email | name,name,2,1,False,automatic_match,Automatic match criteria satisfied,accepted_merge,Automatic criteria and cluster safeguards satisfied,True,PCL000623,PCL000623
DCL000627,DCL008428,7,5,B04,Email domain and local-part prefix,1,35,STG031217,MARKETING,MKT009915,STG076906,SUPPORT,SUP003604,True,0.913,False,0.0,True,0.8333,False,0.0,False,0.0,False,0.0,0.8812,0.5,email,email | name,name,2,1,False,automatic_match,Automatic match criteria satisfied,accepted_merge,Automatic criteria and cluster safeguards satisfied,True,PCL000627,PCL000627
DCL000640,DCL008585,4,1,B02 | B03 | B04 | B05,Email domain and local-part prefix | First-name initial and exact postcode | Phone suffix and surname initial | Surname initial and postcode outward code,4,4,STG000640,CRM,CRM000640,STG013673,ECOMMERCE,TXN005673,True,0.9804,True,1.0,True,0.9333,True,1.0,True,1.0,False,0.0,0.9798,0.95,email | phone,address | email | name | phone | postcode,address | name | postcode,5,3,False,automatic_match,Automatic match criteria satisfied,accepted_merge,Automatic criteria and cluster safeguards satisfied,True,PCL000640,PCL000640
DCL000652,DCL009137,2,3,B04,Email domain and local-part prefix,1,6,STG030180,MARKETING,MKT008878,STG018878,ECOMMERCE,TXN010878,True,0.9787,False,0.0,True,1.0,False,0.0,True,0.3636,False,0.0,0.8833,0.6,email,email | name,name,2,1,False,automatic_match,Automatic match criteria satisfied,accepted_merge,Automatic criteria and cluster safeguards satisfied,True,PCL000652,PCL000652
DCL000659,DCL010644,7,1,B04,Email domain and local-part prefix,1,7,STG077406,SUPPORT,SUP004104,STG075941,SUPPORT,SUP002639,True,0.9811,False,0.0,True,1.0,False,0.0,False,0.0,False,0.0,0.9887,0.5,email,email | name,name,2,1,False,automatic_match,Automatic match criteria satisfied,accepted_merge,Automatic criteria and cluster safeguards satisfied,True,PCL000659,PCL000659
DCL000665,DCL009952,12,1,B04,Email domain and local-part prefix,1,12,STG020180,ECOMMERCE,TXN012180,STG026172,MARKETING,MKT004870,True,1.0,False,0.0,True,0.96,False,0.0,True,0.6,False,0.0,0.92,0.6,email,email | name,name,2,1,False,automatic_match,Automatic match criteria satisfied,accepted_merge,Automatic criteria and cluster safeguards satisfied,True,PCL000665,PCL000665
DCL000675,DCL010434,10,1,B04,Email domain and local-part prefix,1,10,STG077886,SUPPORT,SUP004584,STG032431,MARKETING,MKT011129,True,1.0,False,0.0,True,0.9412,False,0.0,False,0.0,False,0.0,0.9765,0.5,email,email | name,name,2,1,False,automatic_match,Automatic match criteria satisfied,accepted_merge,Automatic criteria and cluster safeguards satisfied,True,PCL000675,PCL000675
DCL000683,DCL008039,5,4,B04,Email domain and local-part prefix,1,20,STG028503,MARKETING,MKT007201,STG027085,MARKETING,MKT005783,True,0.9787,False,0.0,True,1.0,False,0.0,True,0.5,False,0.0,0.906,0.6,email,email | name,name,2,1,False,automatic_match,Automatic match criteria satisfied,accepted_merge,Automatic criteria and cluster safeguards satisfied,True,PCL000683,PCL000683
DCL000689,DCL010686,4,1,B04,Email domain and local-part prefix,1,4,STG026210,MARKETING,MKT004908,STG077061,SUPPORT,SUP003759,True,1.0,False,0.0,True,0.9474,False,0.0,False,0.0,False,0.0,0.9789,0.5,email,email | name,name,2,1,False,automatic_match,Automatic match criteria satisfied,accepted_merge,Automatic criteria and cluster safeguards satisfied,True,PCL000689,PCL000689
DCL000690,DCL008737,9,3,B04,Email domain and local-part prefix,1,27,STG028036,MARKETING,MKT006734,STG075239,SUPPORT,SUP001937,True,0.9,False,0.0,True,0.7778,False,0.0,False,0.0,False,0.0,0.8511,0.5,email,email | name,name,2,1,False,automatic_match,Automatic match criteria satisfied,accepted_merge,Automatic criteria and cluster safeguards satisfied,True,PCL000690,PCL000690
DCL000698,DCL010727,6,1,B04,Email domain and local-part prefix,1,6,STG074691,SUPPORT,SUP001389,STG077838,SUPPORT,SUP004536,True,0.973,False,0.0,True,1.0,False,0.0,False,0.0,False,0.0,0.9838,0.5,email,email | name,name,2,1,False,automatic_match,Automatic match criteria satisfied,accepted_merge,Automatic criteria and cluster safeguards satisfied,True,PCL000698,PCL000698
DCL000731,DCL007938,8,4,B04,Email domain and local-part prefix,1,32,STG074841,SUPPORT,SUP001539,STG029085,MARKETING,MKT007783,True,0.92,False,0.0,True,0.8571,False,0.0,False,0.0,False,0.0,0.8949,0.5,email,email | name,name,2,1,False,automatic_match,Automatic match criteria satisfied,accepted_merge,Automatic criteria and cluster safeguards satisfied,True,PCL000731,PCL000731
DCL000735,DCL010740,6,1,B04,Email domain and local-part prefix,1,6,STG021192,ECOMMERCE,TXN013192,STG078041,SUPPORT,SUP004739,True,1.0,False,0.0,True,0.7,False,0.0,False,0.0,False,0.0,0.88,0.5,email,email,name,1,1,False,automatic_match,Automatic match criteria satisfied,accepted_merge,Automatic criteria and cluster safeguards satisfied,True,PCL000735,PCL000735
DCL000739,DCL010716,6,1,B04,Email domain and local-part prefix,1,6,STG073781,SUPPORT,SUP000479,STG077565,SUPPORT,SUP004263,True,0.9756,False,0.0,True,1.0,False,0.0,False,0.0,False,0.0,0.9854,0.5,email,email | name,name,2,1,False,automatic_match,Automatic match criteria satisfied,accepted_merge,Automatic criteria and cluster safeguards satisfied,True,PCL000739,PCL000739
DCL000743,DCL009437,11,2,B04,Email domain and local-part prefix,1,22,STG074512,SUPPORT,SUP001210,STG031827,MARKETING,MKT010525,True,0.9091,False,0.0,True,0.8182,False,0.0,False,0.0,False,0.0,0.8727,0.5,email,email | name,name,2,1,False,automatic_match,Automatic match criteria satisfied,accepted_merge,Automatic criteria and cluster safeguards satisfied,True,PCL000743,PCL000743
DCL000768,DCL009530,9,3,B04,Email domain and local-part prefix,1,27,STG000768,CRM,CRM000768,STG033221,MARKETING,MKT011919,True,0.9057,False,0.0,True,0.8387,False,0.0,False,0.0,False,0.0,0.8789,0.5,email,email | name,name,2,1,False,automatic_match,Automatic match criteria satisfied,accepted_merge,Automatic criteria and cluster safeguards satisfied,True,PCL000768,PCL000768
DCL000781,DCL010513,7,1,B04,Email domain and local-part prefix,1,7,STG032781,MARKETING,MKT011479,STG073389,SUPPORT,SUP000087,True,0.96,False,0.0,True,1.0,False,0.0,False,0.0,False,0.0,0.976,0.5,email,email | name,name,2,1,False,automatic_match,Automatic match criteria satisfied,accepted_merge,Automatic criteria and cluster safeguards satisfied,True,PCL000781,PCL000781
DCL000813,DCL008654,3,3,B04,Email domain and local-part prefix,1,9,STG030819,MARKETING,MKT009517,STG075729,SUPPORT,SUP002427,True,0.8936,False,0.0,True,0.8,False,0.0,False,0.0,False,0.0,0.8562,0.5,email,email | name,name,2,1,False,automatic_match,Automatic match criteria satisfied,accepted_merge,Automatic criteria and cluster safeguards satisfied,True,PCL000813,PCL000813
DCL000823,DCL009829,8,1,B04,Email domain and local-part prefix,1,8,STG029401,MARKETING,MKT008099,STG024734,MARKETING,MKT003432,True,0.9362,False,0.0,True,1.0,False,0.0,True,0.6,False,0.0,0.9014,0.6,email,email | name,name,2,1,False,automatic_match,Automatic match criteria satisfied,accepted_merge,Automatic criteria and cluster safeguards satisfied,True,PCL000823,PCL000823
DCL000864,DCL008825,13,3,B04,Email domain and local-part prefix,1,39,STG000864,CRM,CRM000864,STG026745,MARKETING,MKT005443,True,0.875,False,0.0,True,0.8387,False,0.0,False,0.0,False,0.0,0.8605,0.5,email,email | name,name,2,1,False,automatic_match,Automatic match criteria satisfied,accepted_merge,Automatic criteria and cluster safeguards satisfied,True,PCL000864,PCL000864
DCL000865,DCL010685,2,1,B04,Email domain and local-part prefix,1,2,STG023869,MARKETING,MKT002567,STG077005,SUPPORT,SUP003703,True,0.9804,False,0.0,True,1.0,False,0.0,False,0.0,False,0.0,0.9882,0.5,email,email | name,name,2,1,False,automatic_match,Automatic match criteria satisfied,accepted_merge,Automatic criteria and cluster safeguards satisfied,True,PCL000865,PCL000865
DCL000877,DCL010512,4,1,B04,Email domain and local-part prefix,1,4,STG077808,SUPPORT,SUP004506,STG073351,SUPPORT,SUP000049,True,1.0,False,0.0,True,0.8889,False,0.0,False,0.0,False,0.0,0.9556,0.5,email,email | name,name,2,1,False,automatic_match,Automatic match criteria satisfied,accepted_merge,Automatic criteria and cluster safeguards satisfied,True,PCL000877,PCL000877
DCL000924,DCL010569,9,1,B04,Email domain and local-part prefix,1,9,STG076126,SUPPORT,SUP002824,STG074419,SUPPORT,SUP001117,True,0.9524,False,0.0,True,0.9,False,0.0,False,0.0,False,0.0,0.9314,0.5,email,email | name,name,2,1,False,automatic_match,Automatic match criteria satisfied,accepted_merge,Automatic criteria and cluster safeguards satisfied,True,PCL000924,PCL000924
DCL000953,DCL010561,8,1,B04,Email domain and local-part prefix,1,8,STG075586,SUPPORT,SUP002284,STG074278,SUPPORT,SUP000976,True,1.0,False,0.0,True,0.9524,False,0.0,False,0.0,False,0.0,0.981,0.5,email,email | name,name,2,1,False,automatic_match,Automatic match criteria satisfied,accepted_merge,Automatic criteria and cluster safeguards satisfied,True,PCL000953,PCL000953
DCL000962,DCL010638,9,1,B04,Email domain and local-part prefix,1,9,STG024256,MARKETING,MKT002954,STG075837,SUPPORT,SUP002535,True,1.0,False,0.0,True,0.875,False,0.0,False,0.0,False,0.0,0.95,0.5,email,email | name,name,2,1,False,automatic_match,Automatic match criteria satisfied,accepted_merge,Automatic criteria and cluster safeguards satisfied,True,PCL000962,PCL000962
DCL000991,DCL010567,4,1,B04,Email domain and local-part prefix,1,4,STG031153,MARKETING,MKT009851,STG074404,SUPPORT,SUP001102,True,0.9524,False,0.0,True,1.0,False,0.0,False,0.0,False,0.0,0.9714,0.5,email,email | name,name,2,1,False,automatic_match,Automatic match criteria satisfied,accepted_merge,Automatic criteria and cluster safeguards satisfied,True,PCL000991,PCL000991
DCL001006,DCL007994,16,4,B04,Email domain and local-part prefix,1,64,STG076607,SUPPORT,SUP003305,STG073423,SUPPORT,SUP000121,True,0.9057,False,0.0,True,0.8148,False,0.0,False,0.0,False,0.0,0.8693,0.5,email,email | name,name,2,1,False,automatic_match,Automatic match criteria satisfied,accepted_merge,Automatic criteria and cluster safeguards satisfied,True,PCL001006,PCL001006
DCL001041,DCL010621,4,1,B04,Email domain and local-part prefix,1,4,STG026091,MARKETING,MKT004789,STG075543,SUPPORT,SUP002241,True,0.9268,False,0.0,True,0.8,False,0.0,False,0.0,False,0.0,0.8761,0.5,email,email | name,name,2,1,False,automatic_match,Automatic match criteria satisfied,accepted_merge,Automatic criteria and cluster safeguards satisfied,True,PCL001041,PCL001041
DCL001046,DCL010030,4,1,B04,Email domain and local-part prefix,1,4,STG027995,MARKETING,MKT006693,STG027133,MARKETING,MKT005831,True,1.0,False,0.0,True,0.9565,False,0.0,True,0.6667,False,0.0,0.93,0.6,email,email | name,name,2,1,False,automatic_match,Automatic match criteria satisfied,accepted_merge,Automatic criteria and cluster safeguards satisfied,True,PCL001046,PCL001046
DCL001048,DCL009347,8,2,B04,Email domain and local-part prefix,1,16,STG022061,MARKETING,MKT000759,STG026466,MARKETING,MKT005164,True,0.9767,False,0.0,True,1.0,False,0.0,True,0.4444,False,0.0,0.8958,0.6,email,email | name,name,2,1,False,automatic_match,Automatic match criteria satisfied,accepted_merge,Automatic criteria and cluster safeguards satisfied,True,PCL001048,PCL001048
DCL001059,DCL010643,3,1,B04,Email domain and local-part prefix,1,3,STG029372,MARKETING,MKT008070,STG075929,SUPPORT,SUP002627,True,0.9565,False,0.0,True,1.0,False,0.0,False,0.0,False,0.0,0.9739,0.5,email,email | name,name,2,1,False,automatic_match,Automatic match criteria satisfied,accepted_merge,Automatic criteria and cluster safeguards satisfied,True,PCL001059,PCL001059
DCL001129,DCL008216,15,2,B04,Email domain and local-part prefix,1,30,STG077591,SUPPORT,SUP004289,STG010767,ECOMMERCE,TXN002767,True,0.9057,False,0.0,True,0.8387,False,0.0,False,0.0,False,0.0,0.8789,0.5,email,email | name,name,2,1,False,automatic_match,Automatic match criteria satisfied,accepted_merge,Automatic criteria and cluster safeguards satisfied,True,PCL001129,PCL001129
DCL001142,DCL009757,4,1,B04,Email domain and local-part prefix,1,4,STG076170,SUPPORT,SUP002868,STG023721,MARKETING,MKT002419,True,1.0,False,0.0,True,0.9412,False,0.0,False,0.0,False,0.0,0.9765,0.5,email,email | name,name,2,1,False,automatic_match,Automatic match criteria satisfied,accepted_merge,Automatic criteria and cluster safeguards satisfied,True,PCL001142,PCL001142
DCL001161,DCL008065,3,7,B04,Email domain and local-part prefix,1,21,STG009263,ECOMMERCE,TXN001263,STG077256,SUPPORT,SUP003954,True,0.898,False,0.0,True,0.8148,False,0.0,False,0.0,False,0.0,0.8647,0.5,email,email | name,name,2,1,False,automatic_match,Automatic match criteria satisfied,accepted_merge,Automatic criteria and cluster safeguards satisfied,True,PCL001161,PCL001161
DCL001180,DCL009373,1,2,B02 | B03,Phone suffix and surname initial | Surname initial and postcode outward code,2,2,STG001180,CRM,CRM001180,STG020514,ECOMMERCE,TXN012514,False,0.0,True,1.0,True,0.8571,False,0.0,True,0.6,False,0.0,0.8753,0.55,phone,name | phone,name,2,1,False,automatic_match,Automatic match criteria satisfied,accepted_merge,Automatic criteria and cluster safeguards satisfied,True,PCL001180,PCL001180
DCL001216,DCL009174,3,4,B04,Email domain and local-part prefix,1,12,STG029720,MARKETING,MKT008418,STG029333,MARKETING,MKT008031,True,0.9767,False,0.0,True,1.0,False,0.0,True,0.2,False,0.0,0.855,0.6,email,email | name,name,2,1,False,automatic_match,Automatic match criteria satisfied,accepted_merge,Automatic criteria and cluster safeguards satisfied,True,PCL001216,PCL001216
DCL001246,DCL008121,5,5,B04,Email domain and local-part prefix,1,25,STG033277,MARKETING,MKT011975,STG024479,MARKETING,MKT003177,True,0.9744,False,0.0,True,1.0,False,0.0,True,0.5455,False,0.0,0.9114,0.6,email,email | name,name,2,1,False,automatic_match,Automatic match criteria satisfied,accepted_merge,Automatic criteria and cluster safeguards satisfied,True,PCL001246,PCL001246
DCL001250,DCL007939,3,4,B04,Email domain and local-part prefix,1,12,STG032263,MARKETING,MKT010961,STG073558,SUPPORT,SUP000256,True,0.8936,False,0.0,True,0.8,False,0.0,False,0.0,False,0.0,0.8562,0.5,email,email | name,name,2,1,False,automatic_match,Automatic match criteria satisfied,accepted_merge,Automatic criteria and cluster safeguards satisfied,True,PCL001250,PCL001250
DCL001252,DCL010739,9,1,B04,Email domain and local-part prefix,1,9,STG021677,MARKETING,MKT000375,STG077975,SUPPORT,SUP004673,True,0.9412,False,0.0,True,1.0,False,0.0,False,0.0,False,0.0,0.9647,0.5,email,email | name,name,2,1,False,automatic_match,Automatic match criteria satisfied,accepted_merge,Automatic criteria and cluster safeguards satisfied,True,PCL001252,PCL001252
DCL001263,DCL009355,2,2,B02 | B04,Email domain and local-part prefix | Surname initial and postcode outward code,2,4,STG030563,MARKETING,MKT009261,STG020443,ECOMMERCE,TXN012443,True,0.9545,False,0.0,True,1.0,False,0.0,True,0.6,False,0.0,0.9106,0.6,email,email | name,name,2,1,False,automatic_match,Automatic match criteria satisfied,accepted_merge,Automatic criteria and cluster safeguards satisfied,True,PCL001263,PCL001263
DCL001268,DCL010416,4,1,B04,Email domain and local-part prefix,1,4,STG027841,MARKETING,MKT006539,STG032241,MARKETING,MKT010939,True,0.9796,False,0.0,True,1.0,False,0.0,True,0.2,False,0.0,0.8565,0.6,email,email | name,name,2,1,False,automatic_match,Automatic match criteria satisfied,accepted_merge,Automatic criteria and cluster safeguards satisfied,True,PCL001268,PCL001268
DCL001291,DCL010596,8,1,B04,Email domain and local-part prefix,1,8,STG001291,CRM,CRM001291,STG074987,SUPPORT,SUP001685,True,0.9545,False,0.0,True,1.0,False,0.0,False,0.0,False,0.0,0.9727,0.5,email,email | name,name,2,1,False,automatic_match,Automatic match criteria satisfied,accepted_merge,Automatic criteria and cluster safeguards satisfied,True,PCL001291,PCL001291
DCL001324,DCL010204,13,3,B04,Email domain and local-part prefix,1,39,STG001324,CRM,CRM001324,STG073908,SUPPORT,SUP000606,True,0.898,False,0.0,True,0.7826,False,0.0,False,0.0,False,0.0,0.8518,0.5,email,email | name,name,2,1,False,automatic_match,Automatic match criteria satisfied,accepted_merge,Automatic criteria and cluster safeguards satisfied,True,PCL001324,PCL001324
DCL001348,DCL010611,1,1,B04,Email domain and local-part prefix,1,1,STG001348,CRM,CRM001348,STG075336,SUPPORT,SUP002034,True,0.9796,True,1.0,True,0.7273,False,0.0,False,0.0,False,0.0,0.9191,0.75,email | phone,email | phone,name,2,1,False,automatic_match,Automatic match criteria satisfied,accepted_merge,Automatic criteria and cluster safeguards satisfied,True,PCL001348,PCL001348
DCL001351,DCL008325,4,3,B04,Email domain and local-part prefix,1,12,STG031340,MARKETING,MKT010038,STG022353,MARKETING,MKT001051,True,0.9796,False,0.0,True,1.0,False,0.0,True,0.3333,False,0.0,0.8787,0.6,email,email | name,name,2,1,False,automatic_match,Automatic match criteria satisfied,accepted_merge,Automatic criteria and cluster safeguards satisfied,True,PCL001351,PCL001351
DCL001360,DCL008037,4,6,B02,Surname initial and postcode outward code,1,24,STG018590,ECOMMERCE,TXN010590,STG077410,SUPPORT,SUP004108,True,0.8571,False,0.0,True,0.88,False,0.0,False,0.0,False,0.0,0.8663,0.5,email,email | name,name,2,1,False,automatic_match,Automatic match criteria satisfied,accepted_merge,Automatic criteria and cluster safeguards satisfied,True,PCL001360,PCL001360
DCL001369,DCL010745,4,1,B04,Email domain and local-part prefix,1,4,STG078092,SUPPORT,SUP004790,STG078122,SUPPORT,SUP004820,True,0.9804,False,0.0,True,1.0,False,0.0,False,0.0,False,0.0,0.9882,0.5,email,email | name,name,2,1,False,automatic_match,Automatic match criteria satisfied,accepted_merge,Automatic criteria and cluster safeguards satisfied,True,PCL001369,PCL001369
DCL001380,DCL008300,11,5,B04,Email domain and local-part prefix,1,55,STG073768,SUPPORT,SUP000466,STG021682,MARKETING,MKT000380,True,0.9583,False,0.0,True,0.9524,False,0.0,False,0.0,False,0.0,0.956,0.5,email,email | name,name,2,1,False,automatic_match,Automatic match criteria satisfied,accepted_merge,Automatic criteria and cluster safeguards satisfied,True,PCL001380,PCL001380
DCL001381,DCL009643,6,1,B04,Email domain and local-part prefix,1,6,STG077810,SUPPORT,SUP004508,STG022407,MARKETING,MKT001105,True,0.9333,False,0.0,True,0.8696,False,0.0,False,0.0,False,0.0,0.9078,0.5,email,email | name,name,2,1,False,automatic_match,Automatic match criteria satisfied,accepted_merge,Automatic criteria and cluster safeguards satisfied,True,PCL001381,PCL001381
DCL001381,DCL010301,6,1,B04,Email domain and local-part prefix,1,6,STG077810,SUPPORT,SUP004508,STG030595,MARKETING,MKT009293,True,0.9333,False,0.0,True,0.8182,False,0.0,False,0.0,False,0.0,0.8873,0.5,email,email | name,name,2,1,False,automatic_match,Automatic match criteria satisfied,accepted_transitive_support,Clusters were already connected by stronger accepted matches,False,PCL001381,PCL001381
DCL001385,DCL009635,7,5,B04,Email domain and local-part prefix,1,35,STG030066,MARKETING,MKT008764,STG075391,SUPPORT,SUP002089,True,0.9804,False,0.0,True,1.0,False,0.0,False,0.0,False,0.0,0.9882,0.5,email,email | name,name,2,1,False,automatic_match,Automatic match criteria satisfied,accepted_merge,Automatic criteria and cluster safeguards satisfied,True,PCL001385,PCL001385
DCL001454,DCL010367,4,1,B04,Email domain and local-part prefix,1,4,STG020437,ECOMMERCE,TXN012437,STG031424,MARKETING,MKT010122,True,1.0,False,0.0,True,0.9524,False,0.0,True,0.6,False,0.0,0.9175,0.6,email,email | name,name,2,1,False,automatic_match,Automatic match criteria satisfied,accepted_merge,Automatic criteria and cluster safeguards satisfied,True,PCL001454,PCL001454
DCL001471,DCL008802,15,2,B04,Email domain and local-part prefix,1,30,STG077750,SUPPORT,SUP004448,STG017503,ECOMMERCE,TXN009503,True,0.9545,False,0.0,True,0.8889,False,0.0,False,0.0,False,0.0,0.9283,0.5,email,email | name,name,2,1,False,automatic_match,Automatic match criteria satisfied,accepted_merge,Automatic criteria and cluster safeguards satisfied,True,PCL001471,PCL001471
DCL001474,DCL008745,2,5,B04,Email domain and local-part prefix,1,10,STG030849,MARKETING,MKT009547,STG074064,SUPPORT,SUP000762,True,0.8936,False,0.0,True,0.8,False,0.0,False,0.0,False,0.0,0.8562,0.5,email,email | name,name,2,1,False,automatic_match,Automatic match criteria satisfied,accepted_merge,Automatic criteria and cluster safeguards satisfied,True,PCL001474,PCL001474
DCL001477,DCL009545,2,2,B04,Email domain and local-part prefix,1,4,STG028797,MARKETING,MKT007495,STG032944,MARKETING,MKT011642,True,0.9796,False,0.0,True,1.0,False,0.0,True,0.1667,False,0.0,0.8509,0.6,email,email | name,name,2,1,False,automatic_match,Automatic match criteria satisfied,accepted_merge,Automatic criteria and cluster safeguards satisfied,True,PCL001477,PCL001477
DCL001499,DCL009672,13,1,B04,Email domain and local-part prefix,1,13,STG075269,SUPPORT,SUP001967,STG022715,MARKETING,MKT001413,True,0.9362,False,0.0,True,0.88,False,0.0,False,0.0,False,0.0,0.9137,0.5,email,email | name,name,2,1,False,automatic_match,Automatic match criteria satisfied,accepted_transitive_support,Clusters were already connected by stronger accepted matches,False,PCL001499,PCL001499
DCL001499,DCL010608,13,1,B04,Email domain and local-part prefix,1,13,STG075269,SUPPORT,SUP001967,STG075233,SUPPORT,SUP001931,True,1.0,False,0.0,True,0.96,False,0.0,False,0.0,False,0.0,0.984,0.5,email,email | name,name,2,1,False,automatic_match,Automatic match criteria satisfied,accepted_merge,Automatic criteria and cluster safeguards satisfied,True,PCL001499,PCL001499
DCL001525,DCL007986,11,3,B04,Email domain and local-part prefix,1,33,STG031156,MARKETING,MKT009854,STG029425,MARKETING,MKT008123,True,0.9787,False,0.0,True,1.0,False,0.0,True,0.3636,False,0.0,0.8833,0.6,email,email | name,name,2,1,False,automatic_match,Automatic match criteria satisfied,accepted_merge,Automatic criteria and cluster safeguards satisfied,True,PCL001525,PCL001525
DCL001568,DCL010162,10,1,B04,Email domain and local-part prefix,1,10,STG074998,SUPPORT,SUP001696,STG028737,MARKETING,MKT007435,True,1.0,False,0.0,True,0.9565,False,0.0,False,0.0,False,0.0,0.9826,0.5,email,email | name,name,2,1,False,automatic_match,Automatic match criteria satisfied,accepted_merge,Automatic criteria and cluster safeguards satisfied,True,PCL001568,PCL001568
DCL001570,DCL008368,4,1,B01 | B02 | B03 | B05,First-name initial and exact postcode | Phone suffix and surname initial | Surname initial and postcode outward code | Surname prefix and exact postcode,4,4,STG001570,CRM,CRM001570,STG011889,ECOMMERCE,TXN003889,False,0.0,True,1.0,True,0.9,True,1.0,True,1.0,False,0.0,0.9692,0.65,phone,address | name | phone | postcode,address | name | postcode,4,3,False,automatic_match,Automatic match criteria satisfied,accepted_merge,Automatic criteria and cluster safeguards satisfied,True,PCL001570,PCL001570
DCL001573,DCL007901,3,2,B05,First-name initial and exact postcode,1,6,STG001573,CRM,CRM001573,STG008568,ECOMMERCE,TXN000568,True,0.6,True,1.0,True,0.9474,True,1.0,True,1.0,False,0.0,0.8626,0.95,phone,address | name | phone | postcode,address | name | postcode,4,3,False,automatic_match,Automatic match criteria satisfied,accepted_merge,Automatic criteria and cluster safeguards satisfied,True,PCL001573,PCL001573
DCL001592,DCL008730,10,3,B04,Email domain and local-part prefix,1,30,STG001592,CRM,CRM001592,STG033065,MARKETING,MKT011763,True,0.8846,False,0.0,True,1.0,False,0.0,False,0.0,False,0.0,0.9308,0.5,email,email | name,name,2,1,False,automatic_match,Automatic match criteria satisfied,accepted_merge,Automatic criteria and cluster safeguards satisfied,True,PCL001592,PCL001592
DCL001610,DCL010060,3,3,B04,Email domain and local-part prefix,1,9,STG032972,MARKETING,MKT011670,STG077483,SUPPORT,SUP004181,True,0.8936,False,0.0,True,0.8,False,0.0,False,0.0,False,0.0,0.8562,0.5,email,email | name,name,2,1,False,automatic_match,Automatic match criteria satisfied,accepted_merge,Automatic criteria and cluster safeguards satisfied,True,PCL001610,PCL001610
DCL001668,DCL010394,3,2,B04,Email domain and local-part prefix,1,6,STG030982,MARKETING,MKT009680,STG078298,SUPPORT,SUP004996,True,0.8936,False,0.0,True,0.8,False,0.0,False,0.0,False,0.0,0.8562,0.5,email,email | name,name,2,1,False,automatic_match,Automatic match criteria satisfied,accepted_merge,Automatic criteria and cluster safeguards satisfied,True,PCL001668,PCL001668
DCL001694,DCL009679,6,2,B04,Email domain and local-part prefix,1,12,STG077205,SUPPORT,SUP003903,STG022779,MARKETING,MKT001477,True,0.8936,False,0.0,True,0.8,False,0.0,False,0.0,False,0.0,0.8562,0.5,email,email | name,name,2,1,False,automatic_match,Automatic match criteria satisfied,accepted_merge,Automatic criteria and cluster safeguards satisfied,True,PCL001694,PCL001694
DCL001736,DCL010637,4,1,B04,Email domain and local-part prefix,1,4,STG077347,SUPPORT,SUP004045,STG075829,SUPPORT,SUP002527,True,0.9524,False,0.0,True,1.0,False,0.0,False,0.0,False,0.0,0.9714,0.5,email,email | name,name,2,1,False,automatic_match,Automatic match criteria satisfied,accepted_merge,Automatic criteria and cluster safeguards satisfied,True,PCL001736,PCL001736
DCL001751,DCL010657,6,1,B04,Email domain and local-part prefix,1,6,STG077419,SUPPORT,SUP004117,STG076276,SUPPORT,SUP002974,True,1.0,False,0.0,True,0.9,False,0.0,False,0.0,False,0.0,0.96,0.5,email,email | name,name,2,1,False,automatic_match,Automatic match criteria satisfied,accepted_merge,Automatic criteria and cluster safeguards satisfied,True,PCL001751,PCL001751
DCL001772,DCL010517,11,1,B04,Email domain and local-part prefix,1,11,STG074701,SUPPORT,SUP001399,STG073458,SUPPORT,SUP000156,True,0.9565,False,0.0,True,1.0,False,0.0,False,0.0,False,0.0,0.9739,0.5,email,email | name,name,2,1,False,automatic_match,Automatic match criteria satisfied,accepted_merge,Automatic criteria and cluster safeguards satisfied,True,PCL001772,PCL001772
DCL001821,DCL009937,5,1,B04,Email domain and local-part prefix,1,5,STG033026,MARKETING,MKT011724,STG026038,MARKETING,MKT004736,True,1.0,False,0.0,True,0.8889,False,0.0,True,0.6667,False,0.0,0.9074,0.6,email,email | name,name,2,1,False,automatic_match,Automatic match criteria satisfied,accepted_merge,Automatic criteria and cluster safeguards satisfied,True,PCL001821,PCL001821
DCL001824,DCL009963,4,1,B04,Email domain and local-part prefix,1,4,STG077817,SUPPORT,SUP004515,STG026316,MARKETING,MKT005014,True,1.0,False,0.0,True,0.9286,False,0.0,False,0.0,False,0.0,0.9714,0.5,email,email | name,name,2,1,False,automatic_match,Automatic match criteria satisfied,accepted_merge,Automatic criteria and cluster safeguards satisfied,True,PCL001824,PCL001824
DCL001828,DCL008443,2,7,B04,Email domain and local-part prefix,1,14,STG013232,ECOMMERCE,TXN005232,STG078166,SUPPORT,SUP004864,True,0.8936,False,0.0,True,0.8333,False,0.0,False,0.0,False,0.0,0.8695,0.5,email,email | name,name,2,1,False,automatic_match,Automatic match criteria satisfied,accepted_merge,Automatic criteria and cluster safeguards satisfied,True,PCL001828,PCL001828
DCL001829,DCL010376,4,2,B04,Email domain and local-part prefix,1,8,STG020982,ECOMMERCE,TXN012982,STG032654,MARKETING,MKT011352,True,1.0,False,0.0,True,0.7778,False,0.0,True,0.6667,False,0.0,0.8704,0.6,email,email | name,name,2,1,False,automatic_match,Automatic match criteria satisfied,accepted_merge,Automatic criteria and cluster safeguards satisfied,True,PCL001829,PCL001829
DCL001860,DCL009802,3,1,B04,Email domain and local-part prefix,1,3,STG001860,CRM,CRM001860,STG024375,MARKETING,MKT003073,True,1.0,False,0.0,True,0.8889,False,0.0,True,0.5714,False,0.0,0.8915,0.6,email,email | name,name,2,1,False,automatic_match,Automatic match criteria satisfied,accepted_merge,Automatic criteria and cluster safeguards satisfied,True,PCL001860,PCL001860
DCL001864,DCL008746,4,3,B04,Email domain and local-part prefix,1,12,STG027675,MARKETING,MKT006373,STG075580,SUPPORT,SUP002278,True,0.913,False,0.0,True,0.8333,False,0.0,False,0.0,False,0.0,0.8812,0.5,email,email | name,name,2,1,False,automatic_match,Automatic match criteria satisfied,accepted_merge,Automatic criteria and cluster safeguards satisfied,True,PCL001864,PCL001864
DCL001893,DCL010361,10,1,B04,Email domain and local-part prefix,1,10,STG020344,ECOMMERCE,TXN012344,STG031374,MARKETING,MKT010072,True,1.0,False,0.0,True,0.9412,False,0.0,True,0.6667,False,0.0,0.9248,0.6,email,email | name,name,2,1,False,automatic_match,Automatic match criteria satisfied,accepted_merge,Automatic criteria and cluster safeguards satisfied,True,PCL001893,PCL001893
DCL001907,DCL010712,5,1,B04,Email domain and local-part prefix,1,5,STG030871,MARKETING,MKT009569,STG077496,SUPPORT,SUP004194,True,0.9796,False,0.0,True,1.0,False,0.0,False,0.0,False,0.0,0.9878,0.5,email,email | name,name,2,1,False,automatic_match,Automatic match criteria satisfied,accepted_merge,Automatic criteria and cluster safeguards satisfied,True,PCL001907,PCL001907
DCL001917,DCL010216,5,1,B04,Email domain and local-part prefix,1,5,STG015885,ECOMMERCE,TXN007885,STG029515,MARKETING,MKT008213,True,1.0,False,0.0,True,0.963,False,0.0,True,0.6667,False,0.0,0.9321,0.6,email,email | name,name,2,1,False,automatic_match,Automatic match criteria satisfied,accepted_merge,Automatic criteria and cluster safeguards satisfied,True,PCL001917,PCL001917
DCL001954,DCL008190,7,3,B04,Email domain and local-part prefix,1,21,STG074809,SUPPORT,SUP001507,STG029931,MARKETING,MKT008629,True,0.898,False,0.0,True,0.8148,False,0.0,False,0.0,False,0.0,0.8647,0.5,email,email | name,name,2,1,False,automatic_match,Automatic match criteria satisfied,accepted_merge,Automatic criteria and cluster safeguards satisfied,True,PCL001954,PCL001954
DCL001961,DCL008117,4,3,B04,Email domain and local-part prefix,1,12,STG030763,MARKETING,MKT009461,STG074595,SUPPORT,SUP001293,True,0.9268,False,0.0,True,0.8421,False,0.0,False,0.0,False,0.0,0.8929,0.5,email,email | name,name,2,1,False,automatic_match,Automatic match criteria satisfied,accepted_merge,Automatic criteria and cluster safeguards satisfied,True,PCL001961,PCL001961
DCL001967,DCL010135,7,1,B04,Email domain and local-part prefix,1,7,STG015143,ECOMMERCE,TXN007143,STG028306,MARKETING,MKT007004,True,1.0,False,0.0,True,0.9655,False,0.0,True,0.6,False,0.0,0.9218,0.6,email,email | name,name,2,1,False,automatic_match,Automatic match criteria satisfied,accepted_merge,Automatic criteria and cluster safeguards satisfied,True,PCL001967,PCL001967
DCL001968,DCL009342,2,1,B04,Email domain and local-part prefix,1,2,STG021339,MARKETING,MKT000037,STG020368,ECOMMERCE,TXN012368,True,0.9787,False,0.0,True,0.8462,False,0.0,True,0.6,False,0.0,0.8714,0.6,email,email | name,name,2,1,False,automatic_match,Automatic match criteria satisfied,accepted_merge,Automatic criteria and cluster safeguards satisfied,True,PCL001968,PCL001968
DCL002011,DCL009349,2,1,B01 | B02 | B03 | B05,First-name initial and exact postcode | Phone suffix and surname initial | Surname initial and postcode outward code | Surname prefix and exact postcode,4,2,STG002011,CRM,CRM002011,STG020419,ECOMMERCE,TXN012419,True,0.7692,True,1.0,True,0.9231,True,1.0,True,1.0,False,0.0,0.9109,0.95,phone,address | email | name | phone | postcode,address | email | name | postcode,5,4,False,automatic_match,Automatic match criteria satisfied,accepted_merge,Automatic criteria and cluster safeguards satisfied,True,PCL002011,PCL002011
DCL002012,DCL009629,3,1,B04,Email domain and local-part prefix,1,3,STG012883,ECOMMERCE,TXN004883,STG022238,MARKETING,MKT000936,True,1.0,False,0.0,True,0.9412,False,0.0,True,0.6667,False,0.0,0.9248,0.6,email,email | name,name,2,1,False,automatic_match,Automatic match criteria satisfied,accepted_merge,Automatic criteria and cluster safeguards satisfied,True,PCL002012,PCL002012
DCL002013,DCL010570,5,4,B04,Email domain and local-part prefix,1,20,STG074680,SUPPORT,SUP001378,STG076709,SUPPORT,SUP003407,True,0.9811,False,0.0,True,0.963,False,0.0,False,0.0,False,0.0,0.9739,0.5,email,email | name,name,2,1,False,automatic_match,Automatic match criteria satisfied,accepted_merge,Automatic criteria and cluster safeguards satisfied,True,PCL002013,PCL002013
DCL002034,DCL010587,1,1,B04,Email domain and local-part prefix,1,1,STG002034,CRM,CRM002034,STG074749,SUPPORT,SUP001447,True,1.0,False,0.0,True,0.9231,False,0.0,False,0.0,False,0.0,0.9692,0.5,email,email | name,name,2,1,False,automatic_match,Automatic match criteria satisfied,accepted_merge,Automatic criteria and cluster safeguards satisfied,True,PCL002034,PCL002034
DCL002045,DCL009918,9,1,B04,Email domain and local-part prefix,1,9,STG077873,SUPPORT,SUP004571,STG025794,MARKETING,MKT004492,True,0.9778,False,0.0,True,0.9565,False,0.0,False,0.0,False,0.0,0.9693,0.5,email,email | name,name,2,1,False,automatic_match,Automatic match criteria satisfied,accepted_merge,Automatic criteria and cluster safeguards satisfied,True,PCL002045,PCL002045
DCL002049,DCL008630,2,1,B01 | B02 | B03 | B05,First-name initial and exact postcode | Phone suffix and surname initial | Surname initial and postcode outward code | Surname prefix and exact postcode,4,2,STG002049,CRM,CRM002049,STG014050,ECOMMERCE,TXN006050,True,0.9565,True,1.0,True,0.9091,True,1.0,True,1.0,False,0.0,0.9671,0.95,email | phone,address | email | name | phone | postcode,address | name | postcode,5,3,False,automatic_match,Automatic match criteria satisfied,accepted_merge,Automatic criteria and cluster safeguards satisfied,True,PCL002049,PCL002049
DCL002064,DCL009025,2,4,B04,Email domain and local-part prefix,1,8,STG002064,CRM,CRM002064,STG074733,SUPPORT,SUP001431,True,0.898,False,0.0,True,0.8148,False,0.0,False,0.0,False,0.0,0.8647,0.5,email,email | name,name,2,1,False,automatic_match,Automatic match criteria satisfied,accepted_merge,Automatic criteria and cluster safeguards satisfied,True,PCL002064,PCL002064
DCL002070,DCL010511,2,1,B04,Email domain and local-part prefix,1,2,STG002070,CRM,CRM002070,STG073336,SUPPORT,SUP000034,True,0.9615,False,0.0,True,1.0,False,0.0,False,0.0,False,0.0,0.9769,0.5,email,email | name,name,2,1,False,automatic_match,Automatic match criteria satisfied,accepted_merge,Automatic criteria and cluster safeguards satisfied,True,PCL002070,PCL002070
DCL002113,DCL010044,3,1,B04,Email domain and local-part prefix,1,3,STG076796,SUPPORT,SUP003494,STG027277,MARKETING,MKT005975,True,1.0,False,0.0,True,0.96,False,0.0,False,0.0,False,0.0,0.984,0.5,email,email | name,name,2,1,False,automatic_match,Automatic match criteria satisfied,accepted_merge,Automatic criteria and cluster safeguards satisfied,True,PCL002113,PCL002113
DCL002127,DCL010018,1,1,B04,Email domain and local-part prefix,1,1,STG002127,CRM,CRM002127,STG026919,MARKETING,MKT005617,True,1.0,False,0.0,True,0.9565,False,0.0,True,0.6,False,0.0,0.9188,0.6,email,email | name,name,2,1,False,automatic_match,Automatic match criteria satisfied,accepted_merge,Automatic criteria and cluster safeguards satisfied,True,PCL002127,PCL002127
DCL002141,DCL010714,10,1,B04,Email domain and local-part prefix,1,10,STG076960,SUPPORT,SUP003658,STG077545,SUPPORT,SUP004243,True,0.9787,True,1.0,True,0.96,False,0.0,False,0.0,False,0.0,0.9808,0.75,email | phone,email | name | phone,name,3,1,False,automatic_match,Automatic match criteria satisfied,accepted_merge,Automatic criteria and cluster safeguards satisfied,True,PCL002141,PCL002141
DCL002146,DCL008028,11,7,B04,Email domain and local-part prefix,1,77,STG025756,MARKETING,MKT004454,STG074287,SUPPORT,SUP000985,True,0.9831,False,0.0,True,1.0,False,0.0,False,0.0,False,0.0,0.9898,0.5,email,email | name,name,2,1,False,automatic_match,Automatic match criteria satisfied,accepted_merge,Automatic criteria and cluster safeguards satisfied,True,PCL002146,PCL002146
DCL002154,DCL008068,1,3,B01 | B02 | B03 | B05,First-name initial and exact postcode | Phone suffix and surname initial | Surname initial and postcode outward code | Surname prefix and exact postcode,4,3,STG002154,CRM,CRM002154,STG015445,ECOMMERCE,TXN007445,False,0.0,True,1.0,True,0.7826,False,0.0,True,1.0,False,0.0,0.9209,0.55,phone,name | phone | postcode,name | postcode,3,2,False,automatic_match,Automatic match criteria satisfied,accepted_merge,Automatic criteria and cluster safeguards satisfied,True,PCL002154,PCL002154
DCL002159,DCL008726,3,4,B04,Email domain and local-part prefix,1,12,STG029199,MARKETING,MKT007897,STG077154,SUPPORT,SUP003852,True,0.898,False,0.0,True,0.8148,False,0.0,False,0.0,False,0.0,0.8647,0.5,email,email | name,name,2,1,False,automatic_match,Automatic match criteria satisfied,accepted_merge,Automatic criteria and cluster safeguards satisfied,True,PCL002159,PCL002159
DCL002173,DCL009456,4,2,B02 | B03,Phone suffix and surname initial | Surname initial and postcode outward code,2,8,STG078135,SUPPORT,SUP004833,STG020929,ECOMMERCE,TXN012929,True,0.6667,True,1.0,True,0.9474,False,0.0,False,0.0,False,0.0,0.8526,0.75,phone,name | phone,name,2,1,False,automatic_match,Automatic match criteria satisfied,accepted_merge,Automatic criteria and cluster safeguards satisfied,True,PCL002173,PCL002173
DCL002276,DCL010618,3,1,B04,Email domain and local-part prefix,1,3,STG010578,ECOMMERCE,TXN002578,STG075436,SUPPORT,SUP002134,True,0.9825,True,0.9091,True,1.0,False,0.0,False,0.0,False,0.0,0.9627,0.75,email | phone,email | name | phone,name,3,1,False,automatic_match,Automatic match criteria satisfied,accepted_merge,Automatic criteria and cluster safeguards satisfied,True,PCL002276,PCL002276
DCL002283,DCL010515,13,1,B04,Email domain and local-part prefix,1,13,STG027755,MARKETING,MKT006453,STG073432,SUPPORT,SUP000130,True,0.9787,False,0.0,True,1.0,False,0.0,False,0.0,False,0.0,0.9872,0.5,email,email | name,name,2,1,False,automatic_match,Automatic match criteria satisfied,accepted_merge,Automatic criteria and cluster safeguards satisfied,True,PCL002283,PCL002283
DCL002289,DCL010397,3,1,B04,Email domain and local-part prefix,1,3,STG020893,ECOMMERCE,TXN012893,STG031898,MARKETING,MKT010596,True,1.0,False,0.0,True,0.8889,False,0.0,True,0.5714,False,0.0,0.8915,0.6,email,email | name,name,2,1,False,automatic_match,Automatic match criteria satisfied,accepted_merge,Automatic criteria and cluster safeguards satisfied,True,PCL002289,PCL002289
DCL002293,DCL010533,2,1,B04,Email domain and local-part prefix,1,2,STG002293,CRM,CRM002293,STG073775,SUPPORT,SUP000473,True,0.9778,False,0.0,True,1.0,False,0.0,False,0.0,False,0.0,0.9867,0.5,email,email | name,name,2,1,False,automatic_match,Automatic match criteria satisfied,accepted_merge,Automatic criteria and cluster safeguards satisfied,True,PCL002293,PCL002293
DCL002309,DCL009989,9,1,B04,Email domain and local-part prefix,1,9,STG012918,ECOMMERCE,TXN004918,STG026618,MARKETING,MKT005316,True,1.0,False,0.0,True,0.9167,False,0.0,True,0.6667,False,0.0,0.9167,0.6,email,email | name,name,2,1,False,automatic_match,Automatic match criteria satisfied,accepted_merge,Automatic criteria and cluster safeguards satisfied,True,PCL002309,PCL002309
DCL002330,DCL010509,4,1,B04,Email domain and local-part prefix,1,4,STG075906,SUPPORT,SUP002604,STG073319,SUPPORT,SUP000017,True,0.9545,False,0.0,True,1.0,False,0.0,False,0.0,False,0.0,0.9727,0.5,email,email | name,name,2,1,False,automatic_match,Automatic match criteria satisfied,accepted_merge,Automatic criteria and cluster safeguards satisfied,True,PCL002330,PCL002330
DCL002346,DCL010658,3,2,B04,Email domain and local-part prefix,1,6,STG031246,MARKETING,MKT009944,STG076297,SUPPORT,SUP002995,True,0.913,False,0.0,True,0.88,False,0.0,False,0.0,False,0.0,0.8998,0.5,email,email | name,name,2,1,False,automatic_match,Automatic match criteria satisfied,accepted_merge,Automatic criteria and cluster safeguards satisfied,True,PCL002346,PCL002346
DCL002358,DCL010652,12,1,B04,Email domain and local-part prefix,1,12,STG077082,SUPPORT,SUP003780,STG076161,SUPPORT,SUP002859,True,0.9583,False,0.0,True,1.0,False,0.0,False,0.0,False,0.0,0.975,0.5,email,email | name,name,2,1,False,automatic_match,Automatic match criteria satisfied,accepted_merge,Automatic criteria and cluster safeguards satisfied,True,PCL002358,PCL002358
DCL002379,DCL010388,5,1,B04,Email domain and local-part prefix,1,5,STG076606,SUPPORT,SUP003304,STG031760,MARKETING,MKT010458,True,1.0,False,0.0,True,0.9333,False,0.0,False,0.0,False,0.0,0.9733,0.5,email,email | name,name,2,1,False,automatic_match,Automatic match criteria satisfied,accepted_merge,Automatic criteria and cluster safeguards satisfied,True,PCL002379,PCL002379
DCL002389,DCL008082,6,4,B04,Email domain and local-part prefix,1,24,STG017731,ECOMMERCE,TXN009731,STG075109,SUPPORT,SUP001807,True,0.9643,False,0.0,True,0.9333,False,0.0,False,0.0,False,0.0,0.9519,0.5,email,email | name,name,2,1,False,automatic_match,Automatic match criteria satisfied,accepted_merge,Automatic criteria and cluster safeguards satisfied,True,PCL002389,PCL002389
DCL002393,DCL008234,7,4,B04,Email domain and local-part prefix,1,28,STG009935,ECOMMERCE,TXN001935,STG073862,SUPPORT,SUP000560,True,0.85,False,0.0,True,0.9,False,0.0,False,0.0,False,0.0,0.87,0.5,email,email | name,name,2,1,False,automatic_match,Automatic match criteria satisfied,accepted_merge,Automatic criteria and cluster safeguards satisfied,True,PCL002393,PCL002393
DCL002417,DCL010453,3,1,B04,Email domain and local-part prefix,1,3,STG073308,SUPPORT,SUP000006,STG032687,MARKETING,MKT011385,True,0.92,False,0.0,True,0.8333,False,0.0,False,0.0,False,0.0,0.8853,0.5,email,email | name,name,2,1,False,automatic_match,Automatic match criteria satisfied,accepted_merge,Automatic criteria and cluster safeguards satisfied,True,PCL002417,PCL002417
DCL002467,DCL008429,1,6,B02 | B04,Email domain and local-part prefix | Surname initial and postcode outward code,2,6,STG002467,CRM,CRM002467,STG077218,SUPPORT,SUP003916,True,1.0,False,0.0,True,0.9091,False,0.0,False,0.0,False,0.0,0.9636,0.5,email,email | name,name,2,1,False,automatic_match,Automatic match criteria satisfied,accepted_merge,Automatic criteria and cluster safeguards satisfied,True,PCL002467,PCL002467
DCL002493,DCL010560,7,1,B04,Email domain and local-part prefix,1,7,STG076963,SUPPORT,SUP003661,STG074267,SUPPORT,SUP000965,True,0.9524,False,0.0,True,1.0,False,0.0,False,0.0,False,0.0,0.9714,0.5,email,email | name,name,2,1,False,automatic_match,Automatic match criteria satisfied,accepted_merge,Automatic criteria and cluster safeguards satisfied,True,PCL002493,PCL002493
DCL002503,DCL010321,6,1,B04,Email domain and local-part prefix,1,6,STG074674,SUPPORT,SUP001372,STG030823,MARKETING,MKT009521,True,1.0,False,0.0,True,0.9167,False,0.0,False,0.0,False,0.0,0.9667,0.5,email,email | name,name,2,1,False,automatic_match,Automatic match criteria satisfied,accepted_merge,Automatic criteria and cluster safeguards satisfied,True,PCL002503,PCL002503
DCL002534,DCL009978,7,1,B04,Email domain and local-part prefix,1,7,STG020373,ECOMMERCE,TXN012373,STG026476,MARKETING,MKT005174,True,1.0,False,0.0,True,0.9,False,0.0,True,0.6,False,0.0,0.9,0.6,email,email | name,name,2,1,False,automatic_match,Automatic match criteria satisfied,accepted_merge,Automatic criteria and cluster safeguards satisfied,True,PCL002534,PCL002534
DCL002539,DCL008949,8,2,B04,Email domain and local-part prefix,1,16,STG033229,MARKETING,MKT011927,STG023049,MARKETING,MKT001747,True,0.9787,False,0.0,True,1.0,False,0.0,True,0.3333,False,0.0,0.8783,0.6,email,email | name,name,2,1,False,automatic_match,Automatic match criteria satisfied,accepted_merge,Automatic criteria and cluster safeguards satisfied,True,PCL002539,PCL002539
DCL002547,DCL009853,7,2,B04,Email domain and local-part prefix,1,14,STG016159,ECOMMERCE,TXN008159,STG029744,MARKETING,MKT008442,True,1.0,False,0.0,True,0.8,False,0.0,True,0.6,False,0.0,0.8667,0.6,email,email | name,name,2,1,False,automatic_match,Automatic match criteria satisfied,accepted_transitive_support,Clusters were already connected by stronger accepted matches,False,PCL002547,PCL002547
DCL002547,DCL010607,7,1,B04,Email domain and local-part prefix,1,7,STG016159,ECOMMERCE,TXN008159,STG075207,SUPPORT,SUP001905,True,0.9778,True,0.9091,True,0.8,False,0.0,False,0.0,False,0.0,0.9075,0.75,email | phone,email | name | phone,name,3,1,False,automatic_match,Automatic match criteria satisfied,accepted_merge,Automatic criteria and cluster safeguards satisfied,True,PCL002547,PCL002547
DCL002551,DCL009295,3,3,B04,Email domain and local-part prefix,1,9,STG028494,MARKETING,MKT007192,STG027448,MARKETING,MKT006146,True,0.9565,False,0.0,True,1.0,False,0.0,True,0.3333,False,0.0,0.8671,0.6,email,email | name,name,2,1,False,automatic_match,Automatic match criteria satisfied,accepted_merge,Automatic criteria and cluster safeguards satisfied,True,PCL002551,PCL002551
DCL002554,DCL010673,2,1,B04,Email domain and local-part prefix,1,2,STG020214,ECOMMERCE,TXN012214,STG076652,SUPPORT,SUP003350,True,0.9787,False,0.0,True,1.0,False,0.0,False,0.0,False,0.0,0.9872,0.5,email,email | name,name,2,1,False,automatic_match,Automatic match criteria satisfied,accepted_merge,Automatic criteria and cluster safeguards satisfied,True,PCL002554,PCL002554
DCL002578,DCL010732,12,1,B04,Email domain and local-part prefix,1,12,STG078273,SUPPORT,SUP004971,STG077922,SUPPORT,SUP004620,True,1.0,False,0.0,True,0.96,False,0.0,False,0.0,False,0.0,0.984,0.5,email,email | name,name,2,1,False,automatic_match,Automatic match criteria satisfied,accepted_merge,Automatic criteria and cluster safeguards satisfied,True,PCL002578,PCL002578
DCL002587,DCL008918,11,3,B02,Surname initial and postcode outward code,1,33,STG075101,SUPPORT,SUP001799,STG026894,MARKETING,MKT005592,True,0.9362,False,0.0,True,0.8,False,0.0,False,0.0,False,0.0,0.8817,0.5,email,email | name,name,2,1,False,automatic_match,Automatic match criteria satisfied,accepted_merge,Automatic criteria and cluster safeguards satisfied,True,PCL002587,PCL002587
DCL002617,DCL009213,2,2,B01 | B02 | B03 | B05,First-name initial and exact postcode | Phone suffix and surname initial | Surname initial and postcode outward code | Surname prefix and exact postcode,4,4,STG002617,CRM,CRM002617,STG019546,ECOMMERCE,TXN011546,True,0.7843,True,1.0,True,0.96,True,1.0,True,1.0,False,0.0,0.9235,0.95,phone,address | email | name | phone | postcode,address | email | name | postcode,5,4,False,automatic_match,Automatic match criteria satisfied,accepted_merge,Automatic criteria and cluster safeguards satisfied,True,PCL002617,PCL002617
DCL002644,DCL010600,12,1,B04,Email domain and local-part prefix,1,12,STG076654,SUPPORT,SUP003352,STG075092,SUPPORT,SUP001790,True,1.0,False,0.0,True,0.9655,False,0.0,False,0.0,False,0.0,0.9862,0.5,email,email | name,name,2,1,False,automatic_match,Automatic match criteria satisfied,accepted_merge,Automatic criteria and cluster safeguards satisfied,True,PCL002644,PCL002644
DCL002666,DCL008848,1,4,B02 | B04,Email domain and local-part prefix | Surname initial and postcode outward code,2,4,STG002666,CRM,CRM002666,STG026844,MARKETING,MKT005542,True,1.0,False,0.0,True,0.9091,False,0.0,True,0.6,False,0.0,0.903,0.6,email,email | name,name,2,1,False,automatic_match,Automatic match criteria satisfied,accepted_merge,Automatic criteria and cluster safeguards satisfied,True,PCL002666,PCL002666
DCL002672,DCL009420,13,4,B04,Email domain and local-part prefix,1,52,STG025216,MARKETING,MKT003914,STG077638,SUPPORT,SUP004336,True,0.9565,False,0.0,True,0.9167,False,0.0,False,0.0,False,0.0,0.9406,0.5,email,email | name,name,2,1,False,automatic_match,Automatic match criteria satisfied,accepted_merge,Automatic criteria and cluster safeguards satisfied,True,PCL002672,PCL002672
DCL002680,DCL008617,3,3,B04,Email domain and local-part prefix,1,9,STG074629,SUPPORT,SUP001327,STG013990,ECOMMERCE,TXN005990,True,0.9048,False,0.0,True,0.8,False,0.0,False,0.0,False,0.0,0.8629,0.5,email,email | name,name,2,1,False,automatic_match,Automatic match criteria satisfied,accepted_merge,Automatic criteria and cluster safeguards satisfied,True,PCL002680,PCL002680
DCL002688,DCL009907,12,1,B04,Email domain and local-part prefix,1,12,STG013455,ECOMMERCE,TXN005455,STG025651,MARKETING,MKT004349,True,1.0,False,0.0,True,0.9565,False,0.0,True,0.6,False,0.0,0.9188,0.6,email,email | name,name,2,1,False,automatic_match,Automatic match criteria satisfied,accepted_merge,Automatic criteria and cluster safeguards satisfied,True,PCL002688,PCL002688
DCL002699,DCL010613,10,1,B04,Email domain and local-part prefix,1,10,STG033214,MARKETING,MKT011912,STG075351,SUPPORT,SUP002049,True,0.9804,False,0.0,True,1.0,False,0.0,False,0.0,False,0.0,0.9882,0.5,email,email | name,name,2,1,False,automatic_match,Automatic match criteria satisfied,accepted_merge,Automatic criteria and cluster safeguards satisfied,True,PCL002699,PCL002699
DCL002704,DCL009061,5,2,B04,Email domain and local-part prefix,1,10,STG074143,SUPPORT,SUP000841,STG031176,MARKETING,MKT009874,True,0.9362,False,0.0,True,0.88,False,0.0,False,0.0,False,0.0,0.9137,0.5,email,email | name,name,2,1,False,automatic_match,Automatic match criteria satisfied,accepted_merge,Automatic criteria and cluster safeguards satisfied,True,PCL002704,PCL002704
DCL002738,DCL009118,8,7,B04,Email domain and local-part prefix,1,56,STG026573,MARKETING,MKT005271,STG074969,SUPPORT,SUP001667,True,0.898,False,0.0,True,0.8148,False,0.0,False,0.0,False,0.0,0.8647,0.5,email,email | name,name,2,1,False,automatic_match,Automatic match criteria satisfied,accepted_merge,Automatic criteria and cluster safeguards satisfied,True,PCL002738,PCL002738
DCL002748,DCL009702,5,1,B04,Email domain and local-part prefix,1,5,STG030374,MARKETING,MKT009072,STG023016,MARKETING,MKT001714,True,1.0,False,0.0,True,0.9091,False,0.0,True,0.6,False,0.0,0.903,0.6,email,email | name,name,2,1,False,automatic_match,Automatic match criteria satisfied,accepted_merge,Automatic criteria and cluster safeguards satisfied,True,PCL002748,PCL002748
DCL002762,DCL009318,5,3,B04,Email domain and local-part prefix,1,15,STG024203,MARKETING,MKT002901,STG076158,SUPPORT,SUP002856,True,0.9091,False,0.0,True,0.7778,False,0.0,False,0.0,False,0.0,0.8566,0.5,email,email | name,name,2,1,False,automatic_match,Automatic match criteria satisfied,accepted_merge,Automatic criteria and cluster safeguards satisfied,True,PCL002762,PCL002762
DCL002776,DCL008943,9,6,B04,Email domain and local-part prefix,1,54,STG002776,CRM,CRM002776,STG027486,MARKETING,MKT006184,True,0.902,False,0.0,True,0.8276,False,0.0,False,0.0,False,0.0,0.8722,0.5,email,email | name,name,2,1,False,automatic_match,Automatic match criteria satisfied,accepted_merge,Automatic criteria and cluster safeguards satisfied,True,PCL002776,PCL002776
DCL002791,DCL009512,18,6,B04,Email domain and local-part prefix,1,108,STG076767,SUPPORT,SUP003465,STG031643,MARKETING,MKT010341,True,0.9787,False,0.0,True,1.0,False,0.0,False,0.0,False,0.0,0.9872,0.5,email,email | name,name,2,1,False,automatic_match,Automatic match criteria satisfied,accepted_merge,Automatic criteria and cluster safeguards satisfied,True,PCL002791,PCL002791
DCL002799,DCL010486,4,1,B04,Email domain and local-part prefix,1,4,STG074483,SUPPORT,SUP001181,STG033072,MARKETING,MKT011770,True,0.96,False,0.0,True,1.0,False,0.0,False,0.0,False,0.0,0.976,0.5,email,email | name,name,2,1,False,automatic_match,Automatic match criteria satisfied,accepted_merge,Automatic criteria and cluster safeguards satisfied,True,PCL002799,PCL002799
DCL002803,DCL009809,5,1,B04,Email domain and local-part prefix,1,5,STG024861,MARKETING,MKT003559,STG024482,MARKETING,MKT003180,True,1.0,False,0.0,True,0.9091,False,0.0,True,0.6667,False,0.0,0.9141,0.6,email,email | name,name,2,1,False,automatic_match,Automatic match criteria satisfied,accepted_merge,Automatic criteria and cluster safeguards satisfied,True,PCL002803,PCL002803
DCL002814,DCL010543,6,1,B04,Email domain and local-part prefix,1,6,STG015180,ECOMMERCE,TXN007180,STG074038,SUPPORT,SUP000736,True,0.9767,True,1.0,True,0.8889,False,0.0,False,0.0,False,0.0,0.9611,0.75,email | phone,email | name | phone,name,3,1,False,automatic_match,Automatic match criteria satisfied,accepted_merge,Automatic criteria and cluster safeguards satisfied,True,PCL002814,PCL002814
DCL002827,DCL010461,4,1,B04,Email domain and local-part prefix,1,4,STG073960,SUPPORT,SUP000658,STG032745,MARKETING,MKT011443,True,1.0,False,0.0,True,0.9091,False,0.0,False,0.0,False,0.0,0.9636,0.5,email,email | name,name,2,1,False,automatic_match,Automatic match criteria satisfied,accepted_merge,Automatic criteria and cluster safeguards satisfied,True,PCL002827,PCL002827
DCL002861,DCL009959,8,1,B04,Email domain and local-part prefix,1,8,STG076603,SUPPORT,SUP003301,STG026257,MARKETING,MKT004955,True,0.9565,False,0.0,True,0.9,False,0.0,False,0.0,False,0.0,0.9339,0.5,email,email | name,name,2,1,False,automatic_match,Automatic match criteria satisfied,accepted_merge,Automatic criteria and cluster safeguards satisfied,True,PCL002861,PCL002861
DCL002862,DCL009822,6,1,B04,Email domain and local-part prefix,1,6,STG076804,SUPPORT,SUP003502,STG024659,MARKETING,MKT003357,True,0.9048,False,0.0,True,0.8,False,0.0,False,0.0,False,0.0,0.8629,0.5,email,email | name,name,2,1,False,automatic_match,Automatic match criteria satisfied,accepted_merge,Automatic criteria and cluster safeguards satisfied,True,PCL002862,PCL002862
DCL002879,DCL009024,9,7,B04,Email domain and local-part prefix,1,63,STG026606,MARKETING,MKT005304,STG073461,SUPPORT,SUP000159,True,0.96,False,0.0,True,0.9286,False,0.0,False,0.0,False,0.0,0.9474,0.5,email,email | name,name,2,1,False,automatic_match,Automatic match criteria satisfied,accepted_merge,Automatic criteria and cluster safeguards satisfied,True,PCL002879,PCL002879
DCL002897,DCL009745,12,1,B04,Email domain and local-part prefix,1,12,STG076725,SUPPORT,SUP003423,STG023594,MARKETING,MKT002292,True,0.9796,False,0.0,True,1.0,False,0.0,False,0.0,False,0.0,0.9878,0.5,email,email | name,name,2,1,False,automatic_match,Automatic match criteria satisfied,accepted_merge,Automatic criteria and cluster safeguards satisfied,True,PCL002897,PCL002897
DCL002901,DCL010525,4,1,B04,Email domain and local-part prefix,1,4,STG076089,SUPPORT,SUP002787,STG073635,SUPPORT,SUP000333,True,0.9524,False,0.0,True,1.0,False,0.0,False,0.0,False,0.0,0.9714,0.5,email,email | name,name,2,1,False,automatic_match,Automatic match criteria satisfied,accepted_merge,Automatic criteria and cluster safeguards satisfied,True,PCL002901,PCL002901
DCL002906,DCL010691,12,1,B04,Email domain and local-part prefix,1,12,STG074949,SUPPORT,SUP001647,STG077183,SUPPORT,SUP003881,True,0.9787,True,0.9,True,1.0,False,0.0,False,0.0,False,0.0,0.9582,0.75,email | phone,email | name | phone,name,3,1,False,automatic_match,Automatic match criteria satisfied,accepted_merge,Automatic criteria and cluster safeguards satisfied,True,PCL002906,PCL002906
DCL002950,DCL010718,7,1,B04,Email domain and local-part prefix,1,7,STG077181,SUPPORT,SUP003879,STG077604,SUPPORT,SUP004302,True,1.0,False,0.0,True,0.9231,False,0.0,False,0.0,False,0.0,0.9692,0.5,email,email | name,name,2,1,False,automatic_match,Automatic match criteria satisfied,accepted_merge,Automatic criteria and cluster safeguards satisfied,True,PCL002950,PCL002950
DCL002958,DCL010516,7,1,B04,Email domain and local-part prefix,1,7,STG076409,SUPPORT,SUP003107,STG073456,SUPPORT,SUP000154,True,0.9048,False,0.0,True,0.8,False,0.0,False,0.0,False,0.0,0.8629,0.5,email,email | name,name,2,1,False,automatic_match,Automatic match criteria satisfied,accepted_merge,Automatic criteria and cluster safeguards satisfied,True,PCL002958,PCL002958
DCL002971,DCL008631,4,2,B01 | B02 | B05,First-name initial and exact postcode | Surname initial and postcode outward code | Surname prefix and exact postcode,3,8,STG018681,ECOMMERCE,TXN010681,STG014053,ECOMMERCE,TXN006053,True,0.9545,False,0.0,True,0.9524,True,1.0,True,1.0,False,0.0,0.9669,0.7,email,address | email | name | postcode,address | name | postcode,4,3,False,automatic_match,Automatic match criteria satisfied,accepted_merge,Automatic criteria and cluster safeguards satisfied,True,PCL002971,PCL002971
DCL003085,DCL009747,4,1,B04,Email domain and local-part prefix,1,4,STG028183,MARKETING,MKT006881,STG023606,MARKETING,MKT002304,True,1.0,False,0.0,True,0.9286,False,0.0,True,0.6667,False,0.0,0.9206,0.6,email,email | name,name,2,1,False,automatic_match,Automatic match criteria satisfied,accepted_merge,Automatic criteria and cluster safeguards satisfied,True,PCL003085,PCL003085
DCL003109,DCL008475,12,2,B04,Email domain and local-part prefix,1,24,STG074073,SUPPORT,SUP000771,STG015884,ECOMMERCE,TXN007884,True,0.9388,False,0.0,True,0.8889,False,0.0,False,0.0,False,0.0,0.9188,0.5,email,email | name,name,2,1,False,automatic_match,Automatic match criteria satisfied,accepted_merge,Automatic criteria and cluster safeguards satisfied,True,PCL003109,PCL003109
DCL003109,DCL010648,12,1,B04,Email domain and local-part prefix,1,12,STG074073,SUPPORT,SUP000771,STG075974,SUPPORT,SUP002672,True,1.0,False,0.0,True,0.9167,False,0.0,False,0.0,False,0.0,0.9667,0.5,email,email | name,name,2,1,False,automatic_match,Automatic match criteria satisfied,accepted_merge,Automatic criteria and cluster safeguards satisfied,True,PCL003109,PCL003109
DCL003126,DCL009776,6,1,B04,Email domain and local-part prefix,1,6,STG019641,ECOMMERCE,TXN011641,STG023917,MARKETING,MKT002615,True,1.0,False,0.0,True,0.8889,False,0.0,True,0.6667,False,0.0,0.9074,0.6,email,email | name,name,2,1,False,automatic_match,Automatic match criteria satisfied,accepted_merge,Automatic criteria and cluster safeguards satisfied,True,PCL003126,PCL003126
DCL003143,DCL010634,11,1,B04,Email domain and local-part prefix,1,11,STG077283,SUPPORT,SUP003981,STG075799,SUPPORT,SUP002497,True,1.0,False,0.0,True,0.9524,False,0.0,False,0.0,False,0.0,0.981,0.5,email,email | name,name,2,1,False,automatic_match,Automatic match criteria satisfied,accepted_merge,Automatic criteria and cluster safeguards satisfied,True,PCL003143,PCL003143
DCL003157,DCL009412,5,3,B04,Email domain and local-part prefix,1,15,STG030474,MARKETING,MKT009172,STG033262,MARKETING,MKT011960,True,0.9804,False,0.0,True,1.0,False,0.0,True,0.1667,False,0.0,0.8513,0.6,email,email | name,name,2,1,False,automatic_match,Automatic match criteria satisfied,accepted_merge,Automatic criteria and cluster safeguards satisfied,True,PCL003157,PCL003157
DCL003237,DCL008540,12,5,B04,Email domain and local-part prefix,1,60,STG032437,MARKETING,MKT011135,STG073969,SUPPORT,SUP000667,True,0.898,False,0.0,True,0.8148,False,0.0,False,0.0,False,0.0,0.8647,0.5,email,email | name,name,2,1,False,automatic_match,Automatic match criteria satisfied,accepted_merge,Automatic criteria and cluster safeguards satisfied,True,PCL003237,PCL003237
DCL003239,DCL010736,4,1,B04,Email domain and local-part prefix,1,4,STG032536,MARKETING,MKT011234,STG077954,SUPPORT,SUP004652,True,0.9565,False,0.0,True,1.0,False,0.0,False,0.0,False,0.0,0.9739,0.5,email,email | name,name,2,1,False,automatic_match,Automatic match criteria satisfied,accepted_merge,Automatic criteria and cluster safeguards satisfied,True,PCL003239,PCL003239
DCL003275,DCL008603,5,2,B04,Email domain and local-part prefix,1,10,STG020393,ECOMMERCE,TXN012393,STG022990,MARKETING,MKT001688,True,0.9787,False,0.0,True,1.0,False,0.0,True,0.1667,False,0.0,0.8505,0.6,email,email | name,name,2,1,False,automatic_match,Automatic match criteria satisfied,accepted_merge,Automatic criteria and cluster safeguards satisfied,True,PCL003275,PCL003275
DCL003282,DCL009194,8,1,B04,Email domain and local-part prefix,1,8,STG076157,SUPPORT,SUP002855,STG019390,ECOMMERCE,TXN011390,True,0.9057,False,0.0,True,0.8148,False,0.0,False,0.0,False,0.0,0.8693,0.5,email,email | name,name,2,1,False,automatic_match,Automatic match criteria satisfied,accepted_merge,Automatic criteria and cluster safeguards satisfied,True,PCL003282,PCL003282
DCL003307,DCL009928,7,1,B04,Email domain and local-part prefix,1,7,STG075887,SUPPORT,SUP002585,STG025935,MARKETING,MKT004633,True,1.0,False,0.0,True,0.9231,False,0.0,False,0.0,False,0.0,0.9692,0.5,email,email | name,name,2,1,False,automatic_match,Automatic match criteria satisfied,accepted_merge,Automatic criteria and cluster safeguards satisfied,True,PCL003307,PCL003307
DCL003339,DCL009661,6,1,B04,Email domain and local-part prefix,1,6,STG029507,MARKETING,MKT008205,STG022601,MARKETING,MKT001299,True,0.9818,False,0.0,True,1.0,False,0.0,True,0.6,False,0.0,0.9242,0.6,email,email | name,name,2,1,False,automatic_match,Automatic match criteria satisfied,accepted_merge,Automatic criteria and cluster safeguards satisfied,True,PCL003339,PCL003339
DCL003374,DCL008769,6,4,B04,Email domain and local-part prefix,1,24,STG024244,MARKETING,MKT002942,STG029638,MARKETING,MKT008336,True,0.9804,False,0.0,True,1.0,False,0.0,True,0.1667,False,0.0,0.8513,0.6,email,email | name,name,2,1,False,automatic_match,Automatic match criteria satisfied,accepted_merge,Automatic criteria and cluster safeguards satisfied,True,PCL003374,PCL003374
DCL003428,DCL010713,4,1,B04,Email domain and local-part prefix,1,4,STG032515,MARKETING,MKT011213,STG077543,SUPPORT,SUP004241,True,0.9778,False,0.0,True,1.0,False,0.0,False,0.0,False,0.0,0.9867,0.5,email,email | name,name,2,1,False,automatic_match,Automatic match criteria satisfied,accepted_merge,Automatic criteria and cluster safeguards satisfied,True,PCL003428,PCL003428
DCL003461,DCL010266,2,1,B04,Email domain and local-part prefix,1,2,STG003461,CRM,CRM003461,STG030120,MARKETING,MKT008818,True,1.0,False,0.0,True,0.96,False,0.0,True,0.6,False,0.0,0.92,0.6,email,email | name,name,2,1,False,automatic_match,Automatic match criteria satisfied,accepted_merge,Automatic criteria and cluster safeguards satisfied,True,PCL003461,PCL003461
DCL003489,DCL009297,2,2,B02 | B03 | B05,First-name initial and exact postcode | Phone suffix and surname initial | Surname initial and postcode outward code,3,4,STG003489,CRM,CRM003489,STG020053,ECOMMERCE,TXN012053,False,0.0,True,1.0,True,0.9333,True,1.0,True,1.0,False,0.0,0.9795,0.65,phone,address | name | phone | postcode,address | name | postcode,4,3,False,automatic_match,Automatic match criteria satisfied,accepted_merge,Automatic criteria and cluster safeguards satisfied,True,PCL003489,PCL003489
DCL003512,DCL010494,4,3,B04,Email domain and local-part prefix,1,12,STG031875,MARKETING,MKT010573,STG078203,SUPPORT,SUP004901,True,0.902,False,0.0,True,0.8276,False,0.0,False,0.0,False,0.0,0.8722,0.5,email,email | name,name,2,1,False,automatic_match,Automatic match criteria satisfied,accepted_merge,Automatic criteria and cluster safeguards satisfied,True,PCL003512,PCL003512
DCL003525,DCL008890,6,1,B02 | B03 | B05,First-name initial and exact postcode | Phone suffix and surname initial | Surname initial and postcode outward code,3,6,STG012168,ECOMMERCE,TXN004168,STG016469,ECOMMERCE,TXN008469,False,0.0,True,1.0,True,0.9524,True,1.0,True,1.0,False,0.0,0.9853,0.65,phone,address | name | phone | postcode,address | name | postcode,4,3,False,automatic_match,Automatic match criteria satisfied,accepted_merge,Automatic criteria and cluster safeguards satisfied,True,PCL003525,PCL003525
DCL003543,DCL009032,1,2,B01 | B02 | B03 | B05,First-name initial and exact postcode | Phone suffix and surname initial | Surname initial and postcode outward code | Surname prefix and exact postcode,4,2,STG003543,CRM,CRM003543,STG018004,ECOMMERCE,TXN010004,True,0.9744,True,1.0,True,0.9412,True,1.0,True,1.0,False,0.0,0.9795,0.95,email | phone,address | email | name | phone | postcode,address | name | postcode,5,3,False,automatic_match,Automatic match criteria satisfied,accepted_merge,Automatic criteria and cluster safeguards satisfied,True,PCL003543,PCL003543
DCL003549,DCL009823,3,1,B04,Email domain and local-part prefix,1,3,STG023339,MARKETING,MKT002037,STG024679,MARKETING,MKT003377,True,1.0,False,0.0,True,0.9474,False,0.0,True,0.6,False,0.0,0.9158,0.6,email,email | name,name,2,1,False,automatic_match,Automatic match criteria satisfied,accepted_merge,Automatic criteria and cluster safeguards satisfied,True,PCL003549,PCL003549
DCL003578,DCL008261,1,4,B03 | B04,Email domain and local-part prefix | Phone suffix and surname initial,2,4,STG003578,CRM,CRM003578,STG017257,ECOMMERCE,TXN009257,True,1.0,False,0.0,True,0.9286,True,1.0,False,0.0,False,0.0,0.9762,0.6,email,address | email | name,address | name,3,2,False,automatic_match,Automatic match criteria satisfied,accepted_merge,Automatic criteria and cluster safeguards satisfied,True,PCL003578,PCL003578
DCL003580,DCL009656,6,2,B04,Email domain and local-part prefix,1,12,STG076366,SUPPORT,SUP003064,STG024586,MARKETING,MKT003284,True,0.9778,False,0.0,True,1.0,False,0.0,False,0.0,False,0.0,0.9867,0.5,email,email | name,name,2,1,False,automatic_match,Automatic match criteria satisfied,accepted_merge,Automatic criteria and cluster safeguards satisfied,True,PCL003580,PCL003580
DCL003584,DCL010615,5,1,B04,Email domain and local-part prefix,1,5,STG074992,SUPPORT,SUP001690,STG075362,SUPPORT,SUP002060,True,1.0,False,0.0,True,0.9524,False,0.0,False,0.0,False,0.0,0.981,0.5,email,email | name,name,2,1,False,automatic_match,Automatic match criteria satisfied,accepted_merge,Automatic criteria and cluster safeguards satisfied,True,PCL003584,PCL003584
DCL003620,DCL010320,10,1,B04,Email domain and local-part prefix,1,10,STG075036,SUPPORT,SUP001734,STG030822,MARKETING,MKT009520,True,0.9811,False,0.0,True,0.9231,False,0.0,False,0.0,False,0.0,0.9579,0.5,email,email | name,name,2,1,False,automatic_match,Automatic match criteria satisfied,accepted_merge,Automatic criteria and cluster safeguards satisfied,True,PCL003620,PCL003620
DCL003629,DCL008332,5,5,B04,Email domain and local-part prefix,1,25,STG077788,SUPPORT,SUP004486,STG032423,MARKETING,MKT011121,True,0.9778,False,0.0,True,0.9565,False,0.0,False,0.0,False,0.0,0.9693,0.5,email,email | name,name,2,1,False,automatic_match,Automatic match criteria satisfied,accepted_merge,Automatic criteria and cluster safeguards satisfied,True,PCL003629,PCL003629
DCL003632,DCL010380,4,1,B04,Email domain and local-part prefix,1,4,STG077915,SUPPORT,SUP004613,STG031669,MARKETING,MKT010367,True,1.0,False,0.0,True,0.9474,False,0.0,False,0.0,False,0.0,0.9789,0.5,email,email | name,name,2,1,False,automatic_match,Automatic match criteria satisfied,accepted_merge,Automatic criteria and cluster safeguards satisfied,True,PCL003632,PCL003632
DCL003644,DCL010730,4,1,B04,Email domain and local-part prefix,1,4,STG076013,SUPPORT,SUP002711,STG077865,SUPPORT,SUP004563,True,0.9545,False,0.0,True,1.0,False,0.0,False,0.0,False,0.0,0.9727,0.5,email,email | name,name,2,1,False,automatic_match,Automatic match criteria satisfied,accepted_merge,Automatic criteria and cluster safeguards satisfied,True,PCL003644,PCL003644
DCL003661,DCL010660,9,1,B04,Email domain and local-part prefix,1,9,STG076343,SUPPORT,SUP003041,STG076301,SUPPORT,SUP002999,True,0.9643,True,1.0,True,0.9655,False,0.0,False,0.0,False,0.0,0.9765,0.75,email | phone,email | name | phone,name,3,1,False,automatic_match,Automatic match criteria satisfied,accepted_merge,Automatic criteria and cluster safeguards satisfied,True,PCL003661,PCL003661
DCL003671,DCL010122,7,3,B04,Email domain and local-part prefix,1,21,STG076069,SUPPORT,SUP002767,STG030847,MARKETING,MKT009545,True,0.8936,False,0.0,True,0.8,False,0.0,False,0.0,False,0.0,0.8562,0.5,email,email | name,name,2,1,False,automatic_match,Automatic match criteria satisfied,accepted_merge,Automatic criteria and cluster safeguards satisfied,True,PCL003671,PCL003671
DCL003698,DCL010722,9,1,B04,Email domain and local-part prefix,1,9,STG077730,SUPPORT,SUP004428,STG077699,SUPPORT,SUP004397,True,0.9583,False,0.0,True,1.0,False,0.0,False,0.0,False,0.0,0.975,0.5,email,email | name,name,2,1,False,automatic_match,Automatic match criteria satisfied,accepted_merge,Automatic criteria and cluster safeguards satisfied,True,PCL003698,PCL003698
DCL003710,DCL009863,13,1,B04,Email domain and local-part prefix,1,13,STG074944,SUPPORT,SUP001642,STG025212,MARKETING,MKT003910,True,1.0,False,0.0,True,0.9167,False,0.0,False,0.0,False,0.0,0.9667,0.5,email,email | name,name,2,1,False,automatic_match,Automatic match criteria satisfied,accepted_merge,Automatic criteria and cluster safeguards satisfied,True,PCL003710,PCL003710
DCL003716,DCL010653,4,1,B04,Email domain and local-part prefix,1,4,STG078039,SUPPORT,SUP004737,STG076162,SUPPORT,SUP002860,True,0.973,False,0.0,True,1.0,False,0.0,False,0.0,False,0.0,0.9838,0.5,email,email | name,name,2,1,False,automatic_match,Automatic match criteria satisfied,accepted_merge,Automatic criteria and cluster safeguards satisfied,True,PCL003716,PCL003716
DCL003817,DCL008694,4,5,B04,Email domain and local-part prefix,1,20,STG025791,MARKETING,MKT004489,STG076520,SUPPORT,SUP003218,True,0.9524,False,0.0,True,0.9,False,0.0,False,0.0,False,0.0,0.9314,0.5,email,email | name,name,2,1,False,automatic_match,Automatic match criteria satisfied,accepted_merge,Automatic criteria and cluster safeguards satisfied,True,PCL003817,PCL003817
DCL003852,DCL009705,6,2,B04,Email domain and local-part prefix,1,12,STG075066,SUPPORT,SUP001764,STG023039,MARKETING,MKT001737,True,0.9778,False,0.0,True,1.0,False,0.0,False,0.0,False,0.0,0.9867,0.5,email,email | name,name,2,1,False,automatic_match,Automatic match criteria satisfied,accepted_merge,Automatic criteria and cluster safeguards satisfied,True,PCL003852,PCL003852
DCL003853,DCL009595,4,1,B04,Email domain and local-part prefix,1,4,STG023953,MARKETING,MKT002651,STG021951,MARKETING,MKT000649,True,1.0,False,0.0,True,0.9655,False,0.0,True,0.6,False,0.0,0.9218,0.6,email,email | name,name,2,1,False,automatic_match,Automatic match criteria satisfied,accepted_merge,Automatic criteria and cluster safeguards satisfied,True,PCL003853,PCL003853
DCL003864,DCL007865,5,7,B04,Email domain and local-part prefix,1,35,STG023730,MARKETING,MKT002428,STG074078,SUPPORT,SUP000776,True,0.9231,False,0.0,True,0.8462,False,0.0,False,0.0,False,0.0,0.8923,0.5,email,email | name,name,2,1,False,automatic_match,Automatic match criteria satisfied,accepted_merge,Automatic criteria and cluster safeguards satisfied,True,PCL003864,PCL003864
DCL003870,DCL008798,6,1,B01 | B02 | B03 | B05,First-name initial and exact postcode | Phone suffix and surname initial | Surname initial and postcode outward code | Surname prefix and exact postcode,4,6,STG012110,ECOMMERCE,TXN004110,STG015627,ECOMMERCE,TXN007627,True,0.7755,True,1.0,True,0.9231,True,1.0,True,1.0,False,0.0,0.9129,0.95,phone,address | email | name | phone | postcode,address | email | name | postcode,5,4,False,automatic_match,Automatic match criteria satisfied,accepted_merge,Automatic criteria and cluster safeguards satisfied,True,PCL003870,PCL003870
DCL003878,DCL010034,11,1,B04,Email domain and local-part prefix,1,11,STG076943,SUPPORT,SUP003641,STG027180,MARKETING,MKT005878,True,1.0,False,0.0,True,0.9,False,0.0,False,0.0,False,0.0,0.96,0.5,email,email | name,name,2,1,False,automatic_match,Automatic match criteria satisfied,accepted_merge,Automatic criteria and cluster safeguards satisfied,True,PCL003878,PCL003878
DCL003906,DCL009876,7,3,B04,Email domain and local-part prefix,1,21,STG078021,SUPPORT,SUP004719,STG030611,MARKETING,MKT009309,True,0.8936,False,0.0,True,0.8,False,0.0,False,0.0,False,0.0,0.8562,0.5,email,email | name,name,2,1,False,automatic_match,Automatic match criteria satisfied,accepted_merge,Automatic criteria and cluster safeguards satisfied,True,PCL003906,PCL003906
DCL003911,DCL008894,9,3,B04,Email domain and local-part prefix,1,27,STG078105,SUPPORT,SUP004803,STG018563,ECOMMERCE,TXN010563,True,0.898,False,0.0,True,0.8148,False,0.0,False,0.0,False,0.0,0.8647,0.5,email,email | name,name,2,1,False,automatic_match,Automatic match criteria satisfied,accepted_merge,Automatic criteria and cluster safeguards satisfied,True,PCL003911,PCL003911
DCL003928,DCL010576,3,1,B04,Email domain and local-part prefix,1,3,STG015049,ECOMMERCE,TXN007049,STG074540,SUPPORT,SUP001238,True,0.96,True,1.0,True,0.9231,False,0.0,False,0.0,False,0.0,0.9635,0.75,email | phone,email | name | phone,name,3,1,False,automatic_match,Automatic match criteria satisfied,accepted_merge,Automatic criteria and cluster safeguards satisfied,True,PCL003928,PCL003928
DCL003932,DCL008455,3,2,B02 | B03 | B05,First-name initial and exact postcode | Phone suffix and surname initial | Surname initial and postcode outward code,3,6,STG013900,ECOMMERCE,TXN005900,STG012562,ECOMMERCE,TXN004562,False,0.0,True,1.0,True,0.9412,True,1.0,True,1.0,False,0.0,0.9819,0.65,phone,address | name | phone | postcode,address | name | postcode,4,3,False,automatic_match,Automatic match criteria satisfied,accepted_merge,Automatic criteria and cluster safeguards satisfied,True,PCL003932,PCL003932
DCL003938,DCL008527,3,3,B04,Email domain and local-part prefix,1,9,STG030177,MARKETING,MKT008875,STG030619,MARKETING,MKT009317,True,0.9787,False,0.0,True,1.0,False,0.0,True,0.3333,False,0.0,0.8783,0.6,email,email | name,name,2,1,False,automatic_match,Automatic match criteria satisfied,accepted_merge,Automatic criteria and cluster safeguards satisfied,True,PCL003938,PCL003938
DCL003965,DCL009357,6,1,B01 | B02 | B03 | B05,First-name initial and exact postcode | Phone suffix and surname initial | Surname initial and postcode outward code | Surname prefix and exact postcode,4,6,STG003965,CRM,CRM003965,STG020451,ECOMMERCE,TXN012451,True,0.8837,True,1.0,True,0.9474,True,1.0,True,1.0,False,0.0,0.9522,0.95,email | phone,address | email | name | phone | postcode,address | name | postcode,5,3,False,automatic_match,Automatic match criteria satisfied,accepted_merge,Automatic criteria and cluster safeguards satisfied,True,PCL003965,PCL003965
DCL003974,DCL010699,7,1,B04,Email domain and local-part prefix,1,7,STG077720,SUPPORT,SUP004418,STG077367,SUPPORT,SUP004065,True,0.9804,False,0.0,True,1.0,False,0.0,False,0.0,False,0.0,0.9882,0.5,email,email | name,name,2,1,False,automatic_match,Automatic match criteria satisfied,accepted_merge,Automatic criteria and cluster safeguards satisfied,True,PCL003974,PCL003974
DCL004006,DCL008459,5,2,B01 | B02 | B03 | B05,First-name initial and exact postcode | Phone suffix and surname initial | Surname initial and postcode outward code | Surname prefix and exact postcode,4,10,STG016042,ECOMMERCE,TXN008042,STG012583,ECOMMERCE,TXN004583,False,0.0,True,1.0,True,0.9565,True,1.0,True,1.0,False,0.0,0.9866,0.65,phone,address | name | phone | postcode,address | name | postcode,4,3,False,automatic_match,Automatic match criteria satisfied,accepted_merge,Automatic criteria and cluster safeguards satisfied,True,PCL004006,PCL004006
DCL004015,DCL010642,7,1,B04,Email domain and local-part prefix,1,7,STG009492,ECOMMERCE,TXN001492,STG075918,SUPPORT,SUP002616,True,0.9796,False,0.0,True,1.0,False,0.0,False,0.0,False,0.0,0.9878,0.5,email,email | name,name,2,1,False,automatic_match,Automatic match criteria satisfied,accepted_merge,Automatic criteria and cluster safeguards satisfied,True,PCL004015,PCL004015
DCL004040,DCL009051,6,3,B04,Email domain and local-part prefix,1,18,STG078147,SUPPORT,SUP004845,STG074428,SUPPORT,SUP001126,True,0.902,False,0.0,True,0.8,False,0.0,False,0.0,False,0.0,0.8612,0.5,email,email | name,name,2,1,False,automatic_match,Automatic match criteria satisfied,accepted_merge,Automatic criteria and cluster safeguards satisfied,True,PCL004040,PCL004040
DCL004085,DCL007839,3,5,B04,Email domain and local-part prefix,1,15,STG023215,MARKETING,MKT001913,STG077616,SUPPORT,SUP004314,True,0.9455,False,0.0,True,0.8966,False,0.0,False,0.0,False,0.0,0.9259,0.5,email,email | name,name,2,1,False,automatic_match,Automatic match criteria satisfied,accepted_merge,Automatic criteria and cluster safeguards satisfied,True,PCL004085,PCL004085
DCL004106,DCL008066,6,4,B04,Email domain and local-part prefix,1,24,STG077966,SUPPORT,SUP004664,STG011055,ECOMMERCE,TXN003055,True,0.9333,False,0.0,True,0.8696,False,0.0,False,0.0,False,0.0,0.9078,0.5,email,email | name,name,2,1,False,automatic_match,Automatic match criteria satisfied,accepted_merge,Automatic criteria and cluster safeguards satisfied,True,PCL004106,PCL004106
DCL004111,DCL008596,4,5,B04,Email domain and local-part prefix,1,20,STG027196,MARKETING,MKT005894,STG075690,SUPPORT,SUP002388,True,0.8936,False,0.0,True,0.8,False,0.0,False,0.0,False,0.0,0.8562,0.5,email,email | name,name,2,1,False,automatic_match,Automatic match criteria satisfied,accepted_merge,Automatic criteria and cluster safeguards satisfied,True,PCL004111,PCL004111
DCL004113,DCL008484,11,1,B01 | B02 | B03 | B05,First-name initial and exact postcode | Phone suffix and surname initial | Surname initial and postcode outward code | Surname prefix and exact postcode,4,11,STG017506,ECOMMERCE,TXN009506,STG012757,ECOMMERCE,TXN004757,False,0.0,True,1.0,True,0.9565,True,1.0,True,1.0,False,0.0,0.9866,0.65,phone,address | name | phone | postcode,address | name | postcode,4,3,False,automatic_match,Automatic match criteria satisfied,accepted_merge,Automatic criteria and cluster safeguards satisfied,True,PCL004113,PCL004113
DCL004202,DCL008094,10,3,B04,Email domain and local-part prefix,1,30,STG027488,MARKETING,MKT006186,STG074411,SUPPORT,SUP001109,True,0.8889,False,0.0,True,0.8125,False,0.0,False,0.0,False,0.0,0.8583,0.5,email,email | name,name,2,1,False,automatic_match,Automatic match criteria satisfied,accepted_merge,Automatic criteria and cluster safeguards satisfied,True,PCL004202,PCL004202
DCL004218,DCL010688,3,1,B04,Email domain and local-part prefix,1,3,STG019435,ECOMMERCE,TXN011435,STG077095,SUPPORT,SUP003793,True,0.9583,False,0.0,True,1.0,False,0.0,False,0.0,False,0.0,0.975,0.5,email,email | name,name,2,1,False,automatic_match,Automatic match criteria satisfied,accepted_merge,Automatic criteria and cluster safeguards satisfied,True,PCL004218,PCL004218
DCL004221,DCL009107,8,3,B04,Email domain and local-part prefix,1,24,STG077293,SUPPORT,SUP003991,STG075736,SUPPORT,SUP002434,True,0.9,False,0.0,True,0.7778,False,0.0,False,0.0,False,0.0,0.8511,0.5,email,email | name,name,2,1,False,automatic_match,Automatic match criteria satisfied,accepted_merge,Automatic criteria and cluster safeguards satisfied,True,PCL004221,PCL004221
DCL004221,DCL010715,8,1,B04,Email domain and local-part prefix,1,8,STG077293,SUPPORT,SUP003991,STG077547,SUPPORT,SUP004245,True,1.0,False,0.0,True,0.9412,False,0.0,False,0.0,False,0.0,0.9765,0.5,email,email | name,name,2,1,False,automatic_match,Automatic match criteria satisfied,accepted_merge,Automatic criteria and cluster safeguards satisfied,True,PCL004221,PCL004221
DCL004261,DCL009794,5,1,B04,Email domain and local-part prefix,1,5,STG004261,CRM,CRM004261,STG024214,MARKETING,MKT002912,True,1.0,False,0.0,True,0.9,False,0.0,True,0.6,False,0.0,0.9,0.6,email,email | name,name,2,1,False,automatic_match,Automatic match criteria satisfied,accepted_merge,Automatic criteria and cluster safeguards satisfied,True,PCL004261,PCL004261
DCL004302,DCL009505,12,6,B04,Email domain and local-part prefix,1,72,STG018866,ECOMMERCE,TXN010866,STG078018,SUPPORT,SUP004716,True,0.9048,False,0.0,True,0.8,False,0.0,False,0.0,False,0.0,0.8629,0.5,email,email | name,name,2,1,False,automatic_match,Automatic match criteria satisfied,accepted_merge,Automatic criteria and cluster safeguards satisfied,True,PCL004302,PCL004302
DCL004319,DCL008062,5,1,B01 | B02 | B03,Phone suffix and surname initial | Surname initial and postcode outward code | Surname prefix and exact postcode,3,5,STG009239,ECOMMERCE,TXN001239,STG009625,ECOMMERCE,TXN001625,True,0.619,True,1.0,True,0.9091,True,1.0,True,1.0,False,0.0,0.8606,0.95,phone,address | name | phone | postcode,address | name | postcode,4,3,False,automatic_match,Automatic match criteria satisfied,accepted_merge,Automatic criteria and cluster safeguards satisfied,True,PCL004319,PCL004319
DCL004319,DCL008514,5,4,B04,Email domain and local-part prefix,1,20,STG026809,MARKETING,MKT005507,STG075077,SUPPORT,SUP001775,True,0.898,False,0.0,True,0.7826,False,0.0,False,0.0,False,0.0,0.8518,0.5,email,email | name,name,2,1,False,automatic_match,Automatic match criteria satisfied,accepted_merge,Automatic criteria and cluster safeguards satisfied,True,PCL004319,PCL004319
DCL004327,DCL007940,8,3,B04,Email domain and local-part prefix,1,24,STG076639,SUPPORT,SUP003337,STG011042,ECOMMERCE,TXN003042,True,0.9091,False,0.0,True,0.8182,False,0.0,False,0.0,False,0.0,0.8727,0.5,email,email | name,name,2,1,False,automatic_match,Automatic match criteria satisfied,accepted_merge,Automatic criteria and cluster safeguards satisfied,True,PCL004327,PCL004327
DCL004331,DCL010617,10,1,B04,Email domain and local-part prefix,1,10,STG077669,SUPPORT,SUP004367,STG075389,SUPPORT,SUP002087,True,0.8837,False,0.0,True,0.8571,False,0.0,False,0.0,False,0.0,0.8731,0.5,email,email | name,name,2,1,False,automatic_match,Automatic match criteria satisfied,accepted_merge,Automatic criteria and cluster safeguards satisfied,True,PCL004331,PCL004331
DCL004346,DCL009158,5,3,B04,Email domain and local-part prefix,1,15,STG073995,SUPPORT,SUP000693,STG028766,MARKETING,MKT007464,True,0.9804,False,0.0,True,1.0,False,0.0,False,0.0,False,0.0,0.9882,0.5,email,email | name,name,2,1,False,automatic_match,Automatic match criteria satisfied,accepted_merge,Automatic criteria and cluster safeguards satisfied,True,PCL004346,PCL004346
DCL004363,DCL008925,6,2,B01 | B02 | B03,Phone suffix and surname initial | Surname initial and postcode outward code | Surname prefix and exact postcode,3,12,STG011830,ECOMMERCE,TXN003830,STG016850,ECOMMERCE,TXN008850,False,0.0,True,1.0,True,0.96,True,1.0,True,1.0,False,0.0,0.9877,0.65,phone,address | name | phone | postcode,address | name | postcode,4,3,False,automatic_match,Automatic match criteria satisfied,accepted_merge,Automatic criteria and cluster safeguards satisfied,True,PCL004363,PCL004363
DCL004367,DCL009693,9,2,B04,Email domain and local-part prefix,1,18,STG073702,SUPPORT,SUP000400,STG029974,MARKETING,MKT008672,True,0.913,False,0.0,True,0.8333,False,0.0,False,0.0,False,0.0,0.8812,0.5,email,email | name,name,2,1,False,automatic_match,Automatic match criteria satisfied,accepted_merge,Automatic criteria and cluster safeguards satisfied,True,PCL004367,PCL004367
DCL004374,DCL010524,7,1,B04,Email domain and local-part prefix,1,7,STG073967,SUPPORT,SUP000665,STG073633,SUPPORT,SUP000331,True,0.9524,False,0.0,True,1.0,False,0.0,False,0.0,False,0.0,0.9714,0.5,email,email | name,name,2,1,False,automatic_match,Automatic match criteria satisfied,accepted_merge,Automatic criteria and cluster safeguards satisfied,True,PCL004374,PCL004374
DCL004384,DCL010168,9,1,B04,Email domain and local-part prefix,1,9,STG004384,CRM,CRM004384,STG028829,MARKETING,MKT007527,True,1.0,False,0.0,True,0.963,False,0.0,True,0.6667,False,0.0,0.9321,0.6,email,email | name,name,2,1,False,automatic_match,Automatic match criteria satisfied,accepted_merge,Automatic criteria and cluster safeguards satisfied,True,PCL004384,PCL004384
DCL004396,DCL010598,5,1,B04,Email domain and local-part prefix,1,5,STG019932,ECOMMERCE,TXN011932,STG075048,SUPPORT,SUP001746,True,1.0,False,0.0,True,0.9412,False,0.0,False,0.0,False,0.0,0.9765,0.5,email,email | name,name,2,1,False,automatic_match,Automatic match criteria satisfied,accepted_merge,Automatic criteria and cluster safeguards satisfied,True,PCL004396,PCL004396
DCL004424,DCL007826,1,7,B01 | B02 | B03 | B05,First-name initial and exact postcode | Phone suffix and surname initial | Surname initial and postcode outward code | Surname prefix and exact postcode,4,7,STG004424,CRM,CRM004424,STG013057,ECOMMERCE,TXN005057,False,0.0,True,1.0,True,0.75,True,1.0,True,1.0,False,0.0,0.9231,0.65,phone,address | name | phone | postcode,address | name | postcode,4,3,False,automatic_match,Automatic match criteria satisfied,accepted_merge,Automatic criteria and cluster safeguards satisfied,True,PCL004424,PCL004424
DCL004449,DCL010489,3,3,B04,Email domain and local-part prefix,1,9,STG029147,MARKETING,MKT007845,STG078295,SUPPORT,SUP004993,True,0.898,False,0.0,True,0.8148,False,0.0,False,0.0,False,0.0,0.8647,0.5,email,email | name,name,2,1,False,automatic_match,Automatic match criteria satisfied,accepted_merge,Automatic criteria and cluster safeguards satisfied,True,PCL004449,PCL004449
DCL004451,DCL009626,4,1,B04,Email domain and local-part prefix,1,4,STG011417,ECOMMERCE,TXN003417,STG022197,MARKETING,MKT000895,True,1.0,False,0.0,True,0.9,False,0.0,True,0.6667,False,0.0,0.9111,0.6,email,email | name,name,2,1,False,automatic_match,Automatic match criteria satisfied,accepted_merge,Automatic criteria and cluster safeguards satisfied,True,PCL004451,PCL004451
DCL004487,DCL009826,9,1,B04,Email domain and local-part prefix,1,9,STG027530,MARKETING,MKT006228,STG024720,MARKETING,MKT003418,True,1.0,False,0.0,True,0.963,False,0.0,True,0.6,False,0.0,0.921,0.6,email,email | name,name,2,1,False,automatic_match,Automatic match criteria satisfied,accepted_merge,Automatic criteria and cluster safeguards satisfied,True,PCL004487,PCL004487
DCL004501,DCL009980,3,1,B04,Email domain and local-part prefix,1,3,STG024272,MARKETING,MKT002970,STG026553,MARKETING,MKT005251,True,1.0,False,0.0,True,0.9167,False,0.0,True,0.6,False,0.0,0.9056,0.6,email,email | name,name,2,1,False,automatic_match,Automatic match criteria satisfied,accepted_merge,Automatic criteria and cluster safeguards satisfied,True,PCL004501,PCL004501
DCL004516,DCL008263,5,6,B04,Email domain and local-part prefix,1,30,STG077676,SUPPORT,SUP004374,STG022360,MARKETING,MKT001058,True,0.9333,False,0.0,True,0.8696,False,0.0,False,0.0,False,0.0,0.9078,0.5,email,email | name,name,2,1,False,automatic_match,Automatic match criteria satisfied,accepted_merge,Automatic criteria and cluster safeguards satisfied,True,PCL004516,PCL004516
DCL004574,DCL010589,9,1,B04,Email domain and local-part prefix,1,9,STG030080,MARKETING,MKT008778,STG074760,SUPPORT,SUP001458,True,1.0,False,0.0,True,0.9167,False,0.0,False,0.0,False,0.0,0.9667,0.5,email,email | name,name,2,1,False,automatic_match,Automatic match criteria satisfied,accepted_merge,Automatic criteria and cluster safeguards satisfied,True,PCL004574,PCL004574
DCL004574,DCL010661,9,1,B04,Email domain and local-part prefix,1,9,STG030080,MARKETING,MKT008778,STG076309,SUPPORT,SUP003007,True,0.96,False,0.0,True,1.0,False,0.0,False,0.0,False,0.0,0.976,0.5,email,email | name,name,2,1,False,automatic_match,Automatic match criteria satisfied,accepted_merge,Automatic criteria and cluster safeguards satisfied,True,PCL004574,PCL004574
DCL004587,DCL010640,2,1,B04,Email domain and local-part prefix,1,2,STG024045,MARKETING,MKT002743,STG075870,SUPPORT,SUP002568,True,1.0,False,0.0,True,0.9524,False,0.0,False,0.0,False,0.0,0.981,0.5,email,email | name,name,2,1,False,automatic_match,Automatic match criteria satisfied,accepted_merge,Automatic criteria and cluster safeguards satisfied,True,PCL004587,PCL004587
DCL004594,DCL010663,6,1,B04,Email domain and local-part prefix,1,6,STG076663,SUPPORT,SUP003361,STG076378,SUPPORT,SUP003076,True,0.9615,False,0.0,True,1.0,False,0.0,False,0.0,False,0.0,0.9769,0.5,email,email | name,name,2,1,False,automatic_match,Automatic match criteria satisfied,accepted_merge,Automatic criteria and cluster safeguards satisfied,True,PCL004594,PCL004594
DCL004621,DCL008367,5,3,B04,Email domain and local-part prefix,1,15,STG023079,MARKETING,MKT001777,STG023801,MARKETING,MKT002499,True,0.9796,False,0.0,True,1.0,False,0.0,True,0.3077,False,0.0,0.8744,0.6,email,email | name,name,2,1,False,automatic_match,Automatic match criteria satisfied,accepted_merge,Automatic criteria and cluster safeguards satisfied,True,PCL004621,PCL004621
DCL004625,DCL009726,3,3,B04,Email domain and local-part prefix,1,9,STG030051,MARKETING,MKT008749,STG074145,SUPPORT,SUP000843,True,0.9362,False,0.0,True,0.88,False,0.0,False,0.0,False,0.0,0.9137,0.5,email,email | name,name,2,1,False,automatic_match,Automatic match criteria satisfied,accepted_merge,Automatic criteria and cluster safeguards satisfied,True,PCL004625,PCL004625
DCL004626,DCL008689,5,5,B04,Email domain and local-part prefix,1,25,STG033046,MARKETING,MKT011744,STG030729,MARKETING,MKT009427,True,0.9362,False,0.0,True,1.0,False,0.0,True,0.3636,False,0.0,0.862,0.6,email,email | name,name,2,1,False,automatic_match,Automatic match criteria satisfied,accepted_merge,Automatic criteria and cluster safeguards satisfied,True,PCL004626,PCL004626
DCL004648,DCL010257,7,1,B04,Email domain and local-part prefix,1,7,STG074642,SUPPORT,SUP001340,STG030029,MARKETING,MKT008727,True,1.0,False,0.0,True,0.9231,False,0.0,False,0.0,False,0.0,0.9692,0.5,email,email | name,name,2,1,False,automatic_match,Automatic match criteria satisfied,accepted_merge,Automatic criteria and cluster safeguards satisfied,True,PCL004648,PCL004648
DCL004713,DCL009014,3,3,B04,Email domain and local-part prefix,1,9,STG029094,MARKETING,MKT007792,STG074591,SUPPORT,SUP001289,True,0.9259,False,0.0,True,0.8571,False,0.0,False,0.0,False,0.0,0.8984,0.5,email,email | name,name,2,1,False,automatic_match,Automatic match criteria satisfied,accepted_merge,Automatic criteria and cluster safeguards satisfied,True,PCL004713,PCL004713
DCL004782,DCL010695,6,1,B04,Email domain and local-part prefix,1,6,STG074509,SUPPORT,SUP001207,STG077324,SUPPORT,SUP004022,True,0.9787,True,0.9091,True,1.0,False,0.0,False,0.0,False,0.0,0.9612,0.75,email | phone,email | name | phone,name,3,1,False,automatic_match,Automatic match criteria satisfied,accepted_merge,Automatic criteria and cluster safeguards satisfied,True,PCL004782,PCL004782
DCL004807,DCL009819,9,1,B04,Email domain and local-part prefix,1,9,STG077622,SUPPORT,SUP004320,STG024563,MARKETING,MKT003261,True,0.9048,False,0.0,True,0.8,False,0.0,False,0.0,False,0.0,0.8629,0.5,email,email | name,name,2,1,False,automatic_match,Automatic match criteria satisfied,accepted_merge,Automatic criteria and cluster safeguards satisfied,True,PCL004807,PCL004807
DCL004812,DCL008266,4,4,B02,Surname initial and postcode outward code,1,16,STG027418,MARKETING,MKT006116,STG027273,MARKETING,MKT005971,True,0.9167,False,0.0,True,1.0,False,0.0,True,0.6,False,0.0,0.8917,0.6,email,email | name,name,2,1,False,automatic_match,Automatic match criteria satisfied,accepted_merge,Automatic criteria and cluster safeguards satisfied,True,PCL004812,PCL004812
DCL004812,DCL010146,4,1,B04,Email domain and local-part prefix,1,4,STG027418,MARKETING,MKT006116,STG028418,MARKETING,MKT007116,True,1.0,False,0.0,True,0.9565,False,0.0,True,0.6667,False,0.0,0.93,0.6,email,email | name,name,2,1,False,automatic_match,Automatic match criteria satisfied,accepted_merge,Automatic criteria and cluster safeguards satisfied,True,PCL004812,PCL004812
DCL004827,DCL009650,10,1,B04,Email domain and local-part prefix,1,10,STG029177,MARKETING,MKT007875,STG022487,MARKETING,MKT001185,True,1.0,False,0.0,True,0.9412,False,0.0,True,0.6,False,0.0,0.9137,0.6,email,email | name,name,2,1,False,automatic_match,Automatic match criteria satisfied,accepted_merge,Automatic criteria and cluster safeguards satisfied,True,PCL004827,PCL004827
DCL004838,DCL009866,7,1,B04,Email domain and local-part prefix,1,7,STG073980,SUPPORT,SUP000678,STG025237,MARKETING,MKT003935,True,1.0,False,0.0,True,0.9524,False,0.0,False,0.0,False,0.0,0.981,0.5,email,email | name,name,2,1,False,automatic_match,Automatic match criteria satisfied,accepted_merge,Automatic criteria and cluster safeguards satisfied,True,PCL004838,PCL004838
DCL004840,DCL010672,6,1,B04,Email domain and local-part prefix,1,6,STG011580,ECOMMERCE,TXN003580,STG076641,SUPPORT,SUP003339,True,0.973,True,1.0,True,0.9474,False,0.0,False,0.0,False,0.0,0.9752,0.75,email | phone,email | name | phone,name,3,1,False,automatic_match,Automatic match criteria satisfied,accepted_merge,Automatic criteria and cluster safeguards satisfied,True,PCL004840,PCL004840
DCL004959,DCL010626,4,1,B04,Email domain and local-part prefix,1,4,STG073584,SUPPORT,SUP000282,STG075673,SUPPORT,SUP002371,True,0.9778,False,0.0,True,1.0,False,0.0,False,0.0,False,0.0,0.9867,0.5,email,email | name,name,2,1,False,automatic_match,Automatic match criteria satisfied,accepted_merge,Automatic criteria and cluster safeguards satisfied,True,PCL004959,PCL004959
DCL004962,DCL010026,2,1,B04,Email domain and local-part prefix,1,2,STG004962,CRM,CRM004962,STG027073,MARKETING,MKT005771,True,1.0,False,0.0,True,0.9091,False,0.0,True,0.6,False,0.0,0.903,0.6,email,email | name,name,2,1,False,automatic_match,Automatic match criteria satisfied,accepted_merge,Automatic criteria and cluster safeguards satisfied,True,PCL004962,PCL004962
DCL004964,DCL008036,7,6,B04,Email domain and local-part prefix,1,42,STG076291,SUPPORT,SUP002989,STG031928,MARKETING,MKT010626,True,0.9787,False,0.0,True,1.0,False,0.0,False,0.0,False,0.0,0.9872,0.5,email,email | name,name,2,1,False,automatic_match,Automatic match criteria satisfied,accepted_merge,Automatic criteria and cluster safeguards satisfied,True,PCL004964,PCL004964
DCL004966,DCL008803,3,2,B04,Email domain and local-part prefix,1,6,STG026851,MARKETING,MKT005549,STG027423,MARKETING,MKT006121,True,0.9787,False,0.0,True,1.0,False,0.0,True,0.25,False,0.0,0.8644,0.6,email,email | name,name,2,1,False,automatic_match,Automatic match criteria satisfied,accepted_merge,Automatic criteria and cluster safeguards satisfied,True,PCL004966,PCL004966
DCL004974,DCL010386,1,1,B04,Email domain and local-part prefix,1,1,STG004974,CRM,CRM004974,STG031742,MARKETING,MKT010440,True,1.0,False,0.0,True,0.963,False,0.0,True,0.6667,False,0.0,0.9321,0.6,email,email | name,name,2,1,False,automatic_match,Automatic match criteria satisfied,accepted_merge,Automatic criteria and cluster safeguards satisfied,True,PCL004974,PCL004974
DCL004980,DCL010750,6,1,B04,Email domain and local-part prefix,1,6,STG031518,MARKETING,MKT010216,STG078245,SUPPORT,SUP004943,True,0.9583,False,0.0,True,1.0,False,0.0,False,0.0,False,0.0,0.975,0.5,email,email | name,name,2,1,False,automatic_match,Automatic match criteria satisfied,accepted_merge,Automatic criteria and cluster safeguards satisfied,True,PCL004980,PCL004980
DCL005008,DCL008535,1,3,B02 | B04,Email domain and local-part prefix | Surname initial and postcode outward code,2,3,STG005008,CRM,CRM005008,STG077401,SUPPORT,SUP004099,True,1.0,False,0.0,True,0.963,False,0.0,False,0.0,False,0.0,0.9852,0.5,email,email | name,name,2,1,False,automatic_match,Automatic match criteria satisfied,accepted_merge,Automatic criteria and cluster safeguards satisfied,True,PCL005008,PCL005008
DCL005016,DCL010539,2,2,B04,Email domain and local-part prefix,1,4,STG027712,MARKETING,MKT006410,STG073984,SUPPORT,SUP000682,True,0.9388,False,0.0,True,0.8333,False,0.0,False,0.0,False,0.0,0.8966,0.5,email,email | name,name,2,1,False,automatic_match,Automatic match criteria satisfied,accepted_merge,Automatic criteria and cluster safeguards satisfied,True,PCL005016,PCL005016
DCL005031,DCL009782,7,2,B04,Email domain and local-part prefix,1,14,STG031945,MARKETING,MKT010643,STG074728,SUPPORT,SUP001426,True,0.9091,False,0.0,True,0.8182,False,0.0,False,0.0,False,0.0,0.8727,0.5,email,email | name,name,2,1,False,automatic_match,Automatic match criteria satisfied,accepted_merge,Automatic criteria and cluster safeguards satisfied,True,PCL005031,PCL005031
DCL005037,DCL008408,5,4,B04,Email domain and local-part prefix,1,20,STG026057,MARKETING,MKT004755,STG076907,SUPPORT,SUP003605,True,0.9048,False,0.0,True,0.8,False,0.0,False,0.0,False,0.0,0.8629,0.5,email,email | name,name,2,1,False,automatic_match,Automatic match criteria satisfied,accepted_merge,Automatic criteria and cluster safeguards satisfied,True,PCL005037,PCL005037
DCL005052,DCL009675,8,1,B04,Email domain and local-part prefix,1,8,STG077318,SUPPORT,SUP004016,STG022743,MARKETING,MKT001441,True,1.0,False,0.0,True,0.9286,False,0.0,False,0.0,False,0.0,0.9714,0.5,email,email | name,name,2,1,False,automatic_match,Automatic match criteria satisfied,accepted_merge,Automatic criteria and cluster safeguards satisfied,True,PCL005052,PCL005052
DCL005095,DCL010680,5,2,B04,Email domain and local-part prefix,1,10,STG005095,CRM,CRM005095,STG076836,SUPPORT,SUP003534,True,0.898,False,0.0,True,0.7826,False,0.0,False,0.0,False,0.0,0.8518,0.5,email,email | name,name,2,1,False,automatic_match,Automatic match criteria satisfied,accepted_merge,Automatic criteria and cluster safeguards satisfied,True,PCL005095,PCL005095
DCL005133,DCL009015,7,2,B04,Email domain and local-part prefix,1,14,STG027761,MARKETING,MKT006459,STG030439,MARKETING,MKT009137,True,0.9778,False,0.0,True,1.0,False,0.0,True,0.1667,False,0.0,0.85,0.6,email,email | name,name,2,1,False,automatic_match,Automatic match criteria satisfied,accepted_merge,Automatic criteria and cluster safeguards satisfied,True,PCL005133,PCL005133
DCL005137,DCL010478,3,2,B04,Email domain and local-part prefix,1,6,STG032053,MARKETING,MKT010751,STG032973,MARKETING,MKT011671,True,0.9778,False,0.0,True,1.0,False,0.0,True,0.3333,False,0.0,0.8778,0.6,email,email | name,name,2,1,False,automatic_match,Automatic match criteria satisfied,accepted_merge,Automatic criteria and cluster safeguards satisfied,True,PCL005137,PCL005137
DCL005140,DCL009169,2,2,B04,Email domain and local-part prefix,1,4,STG021170,ECOMMERCE,TXN013170,STG027958,MARKETING,MKT006656,True,0.9778,False,0.0,True,1.0,False,0.0,True,0.1667,False,0.0,0.85,0.6,email,email | name,name,2,1,False,automatic_match,Automatic match criteria satisfied,accepted_merge,Automatic criteria and cluster safeguards satisfied,True,PCL005140,PCL005140
DCL005160,DCL010530,7,1,B04,Email domain and local-part prefix,1,7,STG076037,SUPPORT,SUP002735,STG073721,SUPPORT,SUP000419,True,0.9787,False,0.0,True,1.0,False,0.0,False,0.0,False,0.0,0.9872,0.5,email,email | name,name,2,1,False,automatic_match,Automatic match criteria satisfied,accepted_merge,Automatic criteria and cluster safeguards satisfied,True,PCL005160,PCL005160
DCL005161,DCL008401,13,2,B04,Email domain and local-part prefix,1,26,STG073681,SUPPORT,SUP000379,STG012191,ECOMMERCE,TXN004191,True,0.898,False,0.0,True,0.8148,False,0.0,False,0.0,False,0.0,0.8647,0.5,email,email | name,name,2,1,False,automatic_match,Automatic match criteria satisfied,accepted_merge,Automatic criteria and cluster safeguards satisfied,True,PCL005161,PCL005161
DCL005173,DCL010630,3,1,B04,Email domain and local-part prefix,1,3,STG028140,MARKETING,MKT006838,STG075722,SUPPORT,SUP002420,True,1.0,False,0.0,True,0.9,False,0.0,False,0.0,False,0.0,0.96,0.5,email,email | name,name,2,1,False,automatic_match,Automatic match criteria satisfied,accepted_merge,Automatic criteria and cluster safeguards satisfied,True,PCL005173,PCL005173
DCL005198,DCL010548,6,1,B04,Email domain and local-part prefix,1,6,STG028522,MARKETING,MKT007220,STG074114,SUPPORT,SUP000812,True,0.9778,False,0.0,True,1.0,False,0.0,False,0.0,False,0.0,0.9867,0.5,email,email | name,name,2,1,False,automatic_match,Automatic match criteria satisfied,accepted_merge,Automatic criteria and cluster safeguards satisfied,True,PCL005198,PCL005198
DCL005239,DCL010510,1,1,B04,Email domain and local-part prefix,1,1,STG005239,CRM,CRM005239,STG073332,SUPPORT,SUP000030,True,0.9767,False,0.0,True,1.0,False,0.0,False,0.0,False,0.0,0.986,0.5,email,email | name,name,2,1,False,automatic_match,Automatic match criteria satisfied,accepted_merge,Automatic criteria and cluster safeguards satisfied,True,PCL005239,PCL005239
DCL005255,DCL007805,4,5,B04,Email domain and local-part prefix,1,20,STG028877,MARKETING,MKT007575,STG077429,SUPPORT,SUP004127,True,0.8936,False,0.0,True,0.8,False,0.0,False,0.0,False,0.0,0.8562,0.5,email,email | name,name,2,1,False,automatic_match,Automatic match criteria satisfied,accepted_merge,Automatic criteria and cluster safeguards satisfied,True,PCL005255,PCL005255
DCL005323,DCL010559,5,1,B04,Email domain and local-part prefix,1,5,STG077259,SUPPORT,SUP003957,STG074266,SUPPORT,SUP000964,True,0.9474,False,0.0,True,1.0,False,0.0,False,0.0,False,0.0,0.9684,0.5,email,email | name,name,2,1,False,automatic_match,Automatic match criteria satisfied,accepted_merge,Automatic criteria and cluster safeguards satisfied,True,PCL005323,PCL005323
DCL005346,DCL008090,1,2,B04,Email domain and local-part prefix,1,2,STG005346,CRM,CRM005346,STG023437,MARKETING,MKT002135,True,0.9756,False,0.0,True,1.0,False,0.0,False,0.0,False,0.0,0.9854,0.5,email,email | name,name,2,1,False,automatic_match,Automatic match criteria satisfied,accepted_merge,Automatic criteria and cluster safeguards satisfied,True,PCL005346,PCL005346
DCL005363,DCL008705,9,3,B04,Email domain and local-part prefix,1,27,STG030028,MARKETING,MKT008726,STG076020,SUPPORT,SUP002718,True,0.9565,False,0.0,True,0.9167,False,0.0,False,0.0,False,0.0,0.9406,0.5,email,email | name,name,2,1,False,automatic_match,Automatic match criteria satisfied,accepted_merge,Automatic criteria and cluster safeguards satisfied,True,PCL005363,PCL005363
DCL005374,DCL007862,8,3,B04,Email domain and local-part prefix,1,24,STG077874,SUPPORT,SUP004572,STG027829,MARKETING,MKT006527,True,0.9,False,0.0,True,0.7778,False,0.0,False,0.0,False,0.0,0.8511,0.5,email,email | name,name,2,1,False,automatic_match,Automatic match criteria satisfied,accepted_merge,Automatic criteria and cluster safeguards satisfied,True,PCL005374,PCL005374
DCL005382,DCL008863,9,4,B04,Email domain and local-part prefix,1,36,STG075255,SUPPORT,SUP001953,STG026645,MARKETING,MKT005343,True,0.9545,False,0.0,True,0.9091,False,0.0,False,0.0,False,0.0,0.9364,0.5,email,email | name,name,2,1,False,automatic_match,Automatic match criteria satisfied,accepted_merge,Automatic criteria and cluster safeguards satisfied,True,PCL005382,PCL005382
DCL005395,DCL010281,2,1,B04,Email domain and local-part prefix,1,2,STG024709,MARKETING,MKT003407,STG030350,MARKETING,MKT009048,True,0.9811,False,0.0,True,1.0,False,0.0,True,0.3636,False,0.0,0.8845,0.6,email,email | name,name,2,1,False,automatic_match,Automatic match criteria satisfied,accepted_merge,Automatic criteria and cluster safeguards satisfied,True,PCL005395,PCL005395
DCL005401,DCL009140,5,4,B04,Email domain and local-part prefix,1,20,STG025120,MARKETING,MKT003818,STG077308,SUPPORT,SUP004006,True,0.9333,False,0.0,True,0.8696,False,0.0,False,0.0,False,0.0,0.9078,0.5,email,email | name,name,2,1,False,automatic_match,Automatic match criteria satisfied,accepted_merge,Automatic criteria and cluster safeguards satisfied,True,PCL005401,PCL005401
DCL005459,DCL010015,6,1,B04,Email domain and local-part prefix,1,6,STG075842,SUPPORT,SUP002540,STG026885,MARKETING,MKT005583,True,0.9778,False,0.0,True,1.0,False,0.0,False,0.0,False,0.0,0.9867,0.5,email,email | name,name,2,1,False,automatic_match,Automatic match criteria satisfied,accepted_merge,Automatic criteria and cluster safeguards satisfied,True,PCL005459,PCL005459
DCL005462,DCL010411,6,1,B04,Email domain and local-part prefix,1,6,STG075834,SUPPORT,SUP002532,STG032157,MARKETING,MKT010855,True,1.0,False,0.0,True,0.963,False,0.0,False,0.0,False,0.0,0.9852,0.5,email,email | name,name,2,1,False,automatic_match,Automatic match criteria satisfied,accepted_merge,Automatic criteria and cluster safeguards satisfied,True,PCL005462,PCL005462
DCL005490,DCL010746,3,1,B04,Email domain and local-part prefix,1,3,STG077760,SUPPORT,SUP004458,STG078127,SUPPORT,SUP004825,True,0.9615,False,0.0,True,1.0,False,0.0,False,0.0,False,0.0,0.9769,0.5,email,email | name,name,2,1,False,automatic_match,Automatic match criteria satisfied,accepted_merge,Automatic criteria and cluster safeguards satisfied,True,PCL005490,PCL005490
DCL005540,DCL009249,7,3,B04,Email domain and local-part prefix,1,21,STG073508,SUPPORT,SUP000206,STG031746,MARKETING,MKT010444,True,0.9091,False,0.0,True,0.7778,False,0.0,False,0.0,False,0.0,0.8566,0.5,email,email | name,name,2,1,False,automatic_match,Automatic match criteria satisfied,accepted_merge,Automatic criteria and cluster safeguards satisfied,True,PCL005540,PCL005540
DCL005571,DCL010000,3,1,B04,Email domain and local-part prefix,1,3,STG028521,MARKETING,MKT007219,STG026737,MARKETING,MKT005435,True,1.0,False,0.0,True,0.8889,False,0.0,True,0.6667,False,0.0,0.9074,0.6,email,email | name,name,2,1,False,automatic_match,Automatic match criteria satisfied,accepted_merge,Automatic criteria and cluster safeguards satisfied,True,PCL005571,PCL005571
DCL005584,DCL008246,5,2,B04,Email domain and local-part prefix,1,10,STG021765,MARKETING,MKT000463,STG018289,ECOMMERCE,TXN010289,True,0.9778,False,0.0,True,1.0,False,0.0,True,0.3333,False,0.0,0.8778,0.6,email,email | name,name,2,1,False,automatic_match,Automatic match criteria satisfied,accepted_merge,Automatic criteria and cluster safeguards satisfied,True,PCL005584,PCL005584
DCL005617,DCL009831,7,1,B04,Email domain and local-part prefix,1,7,STG021342,MARKETING,MKT000040,STG024750,MARKETING,MKT003448,True,1.0,False,0.0,True,0.9655,False,0.0,True,0.6667,False,0.0,0.933,0.6,email,email | name,name,2,1,False,automatic_match,Automatic match criteria satisfied,accepted_merge,Automatic criteria and cluster safeguards satisfied,True,PCL005617,PCL005617
DCL005670,DCL010083,10,1,B04,Email domain and local-part prefix,1,10,STG076585,SUPPORT,SUP003283,STG027622,MARKETING,MKT006320,True,1.0,False,0.0,True,0.9565,False,0.0,False,0.0,False,0.0,0.9826,0.5,email,email | name,name,2,1,False,automatic_match,Automatic match criteria satisfied,accepted_merge,Automatic criteria and cluster safeguards satisfied,True,PCL005670,PCL005670
DCL005683,DCL009523,1,7,B04,Email domain and local-part prefix,1,7,STG005683,CRM,CRM005683,STG078095,SUPPORT,SUP004793,True,0.8837,False,0.0,True,0.8,False,0.0,False,0.0,False,0.0,0.8502,0.5,email,email | name,name,2,1,False,automatic_match,Automatic match criteria satisfied,accepted_merge,Automatic criteria and cluster safeguards satisfied,True,PCL005683,PCL005683
DCL005741,DCL007910,4,2,B01 | B02 | B03 | B05,First-name initial and exact postcode | Phone suffix and surname initial | Surname initial and postcode outward code | Surname prefix and exact postcode,4,8,STG014001,ECOMMERCE,TXN006001,STG008625,ECOMMERCE,TXN000625,True,0.766,True,1.0,True,0.9565,True,1.0,True,1.0,False,0.0,0.9169,0.95,phone,address | email | name | phone | postcode,address | email | name | postcode,5,4,False,automatic_match,Automatic match criteria satisfied,accepted_merge,Automatic criteria and cluster safeguards satisfied,True,PCL005741,PCL005741
DCL005755,DCL010738,3,1,B04,Email domain and local-part prefix,1,3,STG076797,SUPPORT,SUP003495,STG077968,SUPPORT,SUP004666,True,0.9787,False,0.0,True,1.0,False,0.0,False,0.0,False,0.0,0.9872,0.5,email,email | name,name,2,1,False,automatic_match,Automatic match criteria satisfied,accepted_merge,Automatic criteria and cluster safeguards satisfied,True,PCL005755,PCL005755
DCL005767,DCL010704,7,1,B04,Email domain and local-part prefix,1,7,STG024461,MARKETING,MKT003159,STG077402,SUPPORT,SUP004100,True,0.9565,False,0.0,True,1.0,False,0.0,False,0.0,False,0.0,0.9739,0.5,email,email | name,name,2,1,False,automatic_match,Automatic match criteria satisfied,accepted_merge,Automatic criteria and cluster safeguards satisfied,True,PCL005767,PCL005767
DCL005781,DCL010619,7,1,B04,Email domain and local-part prefix,1,7,STG029793,MARKETING,MKT008491,STG075453,SUPPORT,SUP002151,True,0.9756,False,0.0,True,1.0,False,0.0,False,0.0,False,0.0,0.9854,0.5,email,email | name,name,2,1,False,automatic_match,Automatic match criteria satisfied,accepted_merge,Automatic criteria and cluster safeguards satisfied,True,PCL005781,PCL005781
DCL005784,DCL009376,7,2,B04,Email domain and local-part prefix,1,14,STG075934,SUPPORT,SUP002632,STG030375,MARKETING,MKT009073,True,0.9545,False,0.0,True,0.9091,False,0.0,False,0.0,False,0.0,0.9364,0.5,email,email | name,name,2,1,False,automatic_match,Automatic match criteria satisfied,accepted_merge,Automatic criteria and cluster safeguards satisfied,True,PCL005784,PCL005784
DCL005786,DCL009718,5,1,B04,Email domain and local-part prefix,1,5,STG026090,MARKETING,MKT004788,STG023149,MARKETING,MKT001847,True,1.0,False,0.0,True,0.9565,False,0.0,True,0.6,False,0.0,0.9188,0.6,email,email | name,name,2,1,False,automatic_match,Automatic match criteria satisfied,accepted_merge,Automatic criteria and cluster safeguards satisfied,True,PCL005786,PCL005786
DCL005795,DCL008742,5,1,B01 | B02 | B03 | B05,First-name initial and exact postcode | Phone suffix and surname initial | Surname initial and postcode outward code | Surname prefix and exact postcode,4,5,STG005795,CRM,CRM005795,STG015140,ECOMMERCE,TXN007140,False,0.0,True,1.0,True,0.963,True,1.0,True,1.0,False,0.0,0.9886,0.65,phone,address | name | phone | postcode,address | name | postcode,4,3,False,automatic_match,Automatic match criteria satisfied,accepted_merge,Automatic criteria and cluster safeguards satisfied,True,PCL005795,PCL005795
DCL005815,DCL008602,8,3,B04,Email domain and local-part prefix,1,24,STG074403,SUPPORT,SUP001101,STG073624,SUPPORT,SUP000322,True,0.8966,False,0.0,True,0.8125,False,0.0,False,0.0,False,0.0,0.8629,0.5,email,email | name,name,2,1,False,automatic_match,Automatic match criteria satisfied,accepted_merge,Automatic criteria and cluster safeguards satisfied,True,PCL005815,PCL005815
DCL005820,DCL007831,1,5,B05,First-name initial and exact postcode,1,5,STG005820,CRM,CRM005820,STG009449,ECOMMERCE,TXN001449,False,0.0,True,1.0,True,0.9167,True,1.0,True,1.0,False,0.0,0.9744,0.65,phone,address | name | phone | postcode,address | name | postcode,4,3,False,automatic_match,Automatic match criteria satisfied,accepted_merge,Automatic criteria and cluster safeguards satisfied,True,PCL005820,PCL005820
DCL005821,DCL008846,6,3,B04,Email domain and local-part prefix,1,18,STG075078,SUPPORT,SUP001776,STG030883,MARKETING,MKT009581,True,0.902,False,0.0,True,0.8276,False,0.0,False,0.0,False,0.0,0.8722,0.5,email,email | name,name,2,1,False,automatic_match,Automatic match criteria satisfied,accepted_merge,Automatic criteria and cluster safeguards satisfied,True,PCL005821,PCL005821
DCL005841,DCL007804,6,6,B04,Email domain and local-part prefix,1,36,STG074402,SUPPORT,SUP001100,STG030922,MARKETING,MKT009620,True,0.9545,False,0.0,True,0.9091,False,0.0,False,0.0,False,0.0,0.9364,0.5,email,email | name,name,2,1,False,automatic_match,Automatic match criteria satisfied,accepted_merge,Automatic criteria and cluster safeguards satisfied,True,PCL005841,PCL005841
DCL005854,DCL009337,5,1,B01 | B02 | B03 | B05,First-name initial and exact postcode | Phone suffix and surname initial | Surname initial and postcode outward code | Surname prefix and exact postcode,4,5,STG005854,CRM,CRM005854,STG020316,ECOMMERCE,TXN012316,True,0.8,True,1.0,True,0.9412,True,1.0,True,1.0,False,0.0,0.9245,0.95,phone,address | email | name | phone | postcode,address | email | name | postcode,5,4,False,automatic_match,Automatic match criteria satisfied,accepted_merge,Automatic criteria and cluster safeguards satisfied,True,PCL005854,PCL005854
DCL005924,DCL009330,11,2,B04,Email domain and local-part prefix,1,22,STG076141,SUPPORT,SUP002839,STG020263,ECOMMERCE,TXN012263,True,0.9362,False,0.0,True,0.88,False,0.0,False,0.0,False,0.0,0.9137,0.5,email,email | name,name,2,1,False,automatic_match,Automatic match criteria satisfied,accepted_merge,Automatic criteria and cluster safeguards satisfied,True,PCL005924,PCL005924
DCL005947,DCL009399,7,3,B04,Email domain and local-part prefix,1,21,STG074163,SUPPORT,SUP000861,STG030889,MARKETING,MKT009587,True,0.8936,False,0.0,True,0.8,False,0.0,False,0.0,False,0.0,0.8562,0.5,email,email | name,name,2,1,False,automatic_match,Automatic match criteria satisfied,accepted_merge,Automatic criteria and cluster safeguards satisfied,True,PCL005947,PCL005947
DCL006030,DCL008656,4,4,B04,Email domain and local-part prefix,1,16,STG073822,SUPPORT,SUP000520,STG030133,MARKETING,MKT008831,True,0.9048,False,0.0,True,0.8,False,0.0,False,0.0,False,0.0,0.8629,0.5,email,email | name,name,2,1,False,automatic_match,Automatic match criteria satisfied,accepted_merge,Automatic criteria and cluster safeguards satisfied,True,PCL006030,PCL006030
DCL006058,DCL009805,7,2,B04,Email domain and local-part prefix,1,14,STG029106,MARKETING,MKT007804,STG076303,SUPPORT,SUP003001,True,0.902,False,0.0,True,0.8,False,0.0,False,0.0,False,0.0,0.8612,0.5,email,email | name,name,2,1,False,automatic_match,Automatic match criteria satisfied,accepted_merge,Automatic criteria and cluster safeguards satisfied,True,PCL006058,PCL006058
DCL006093,DCL009306,3,1,B02 | B03 | B05,First-name initial and exact postcode | Phone suffix and surname initial | Surname initial and postcode outward code,3,3,STG006093,CRM,CRM006093,STG020111,ECOMMERCE,TXN012111,False,0.0,True,1.0,True,0.9565,True,1.0,True,1.0,False,0.0,0.9866,0.65,phone,address | name | phone | postcode,address | name | postcode,4,3,False,automatic_match,Automatic match criteria satisfied,accepted_merge,Automatic criteria and cluster safeguards satisfied,True,PCL006093,PCL006093
DCL006108,DCL009748,7,4,B04,Email domain and local-part prefix,1,28,STG019547,ECOMMERCE,TXN011547,STG074481,SUPPORT,SUP001179,True,0.9167,False,0.0,True,0.9,False,0.0,False,0.0,False,0.0,0.91,0.5,email,email | name,name,2,1,False,automatic_match,Automatic match criteria satisfied,accepted_merge,Automatic criteria and cluster safeguards satisfied,True,PCL006108,PCL006108
DCL006108,DCL010554,7,1,B04,Email domain and local-part prefix,1,7,STG019547,ECOMMERCE,TXN011547,STG074181,SUPPORT,SUP000879,True,0.9167,False,0.0,True,0.8421,False,0.0,False,0.0,False,0.0,0.8868,0.5,email,email | name,name,2,1,False,automatic_match,Automatic match criteria satisfied,accepted_transitive_support,Clusters were already connected by stronger accepted matches,False,PCL006108,PCL006108
DCL006238,DCL009919,10,1,B04,Email domain and local-part prefix,1,10,STG074242,SUPPORT,SUP000940,STG025818,MARKETING,MKT004516,True,1.0,False,0.0,True,0.9412,False,0.0,False,0.0,False,0.0,0.9765,0.5,email,email | name,name,2,1,False,automatic_match,Automatic match criteria satisfied,accepted_merge,Automatic criteria and cluster safeguards satisfied,True,PCL006238,PCL006238
DCL006243,DCL008364,3,3,B04,Email domain and local-part prefix,1,9,STG031563,MARKETING,MKT010261,STG019888,ECOMMERCE,TXN011888,True,0.9825,False,0.0,True,1.0,False,0.0,True,0.1538,False,0.0,0.8502,0.6,email,email | name,name,2,1,False,automatic_match,Automatic match criteria satisfied,accepted_merge,Automatic criteria and cluster safeguards satisfied,True,PCL006243,PCL006243
DCL006266,DCL009360,8,4,B04,Email domain and local-part prefix,1,32,STG076764,SUPPORT,SUP003462,STG031445,MARKETING,MKT010143,True,0.9048,False,0.0,True,0.8,False,0.0,False,0.0,False,0.0,0.8629,0.5,email,email | name,name,2,1,False,automatic_match,Automatic match criteria satisfied,accepted_merge,Automatic criteria and cluster safeguards satisfied,True,PCL006266,PCL006266
DCL006290,DCL009724,6,1,B04,Email domain and local-part prefix,1,6,STG030812,MARKETING,MKT009510,STG023265,MARKETING,MKT001963,True,1.0,False,0.0,True,0.9412,False,0.0,True,0.7273,False,0.0,0.9349,0.6,email,email | name,name | postcode,2,2,False,automatic_match,Automatic match criteria satisfied,accepted_merge,Automatic criteria and cluster safeguards satisfied,True,PCL006290,PCL006290
DCL006332,DCL010112,2,1,B04,Email domain and local-part prefix,1,2,STG006332,CRM,CRM006332,STG027956,MARKETING,MKT006654,True,1.0,False,0.0,True,0.9091,False,0.0,True,0.7143,False,0.0,0.9221,0.6,email,email | name,name | postcode,2,2,False,automatic_match,Automatic match criteria satisfied,accepted_merge,Automatic criteria and cluster safeguards satisfied,True,PCL006332,PCL006332
DCL006366,DCL008664,5,4,B04,Email domain and local-part prefix,1,20,STG077197,SUPPORT,SUP003895,STG025107,MARKETING,MKT003805,True,0.9268,False,0.0,True,0.8421,False,0.0,False,0.0,False,0.0,0.8929,0.5,email,email | name,name,2,1,False,automatic_match,Automatic match criteria satisfied,accepted_merge,Automatic criteria and cluster safeguards satisfied,True,PCL006366,PCL006366
DCL006366,DCL010591,5,1,B04,Email domain and local-part prefix,1,5,STG077197,SUPPORT,SUP003895,STG074857,SUPPORT,SUP001555,True,0.9,False,0.0,True,0.8421,False,0.0,False,0.0,False,0.0,0.8768,0.5,email,email | name,name,2,1,False,automatic_match,Automatic match criteria satisfied,accepted_transitive_support,Clusters were already connected by stronger accepted matches,False,PCL006366,PCL006366
DCL006370,DCL010538,5,1,B04,Email domain and local-part prefix,1,5,STG006370,CRM,CRM006370,STG073949,SUPPORT,SUP000647,True,0.9778,False,0.0,True,1.0,False,0.0,False,0.0,False,0.0,0.9867,0.5,email,email | name,name,2,1,False,automatic_match,Automatic match criteria satisfied,accepted_merge,Automatic criteria and cluster safeguards satisfied,True,PCL006370,PCL006370
DCL006387,DCL008659,12,5,B04,Email domain and local-part prefix,1,60,STG077116,SUPPORT,SUP003814,STG022385,MARKETING,MKT001083,True,0.9091,False,0.0,True,0.8182,False,0.0,False,0.0,False,0.0,0.8727,0.5,email,email | name,name,2,1,False,automatic_match,Automatic match criteria satisfied,accepted_merge,Automatic criteria and cluster safeguards satisfied,True,PCL006387,PCL006387
DCL006406,DCL008840,5,4,B04,Email domain and local-part prefix,1,20,STG024047,MARKETING,MKT002745,STG075356,SUPPORT,SUP002054,True,0.9767,False,0.0,True,1.0,False,0.0,False,0.0,False,0.0,0.986,0.5,email,email | name,name,2,1,False,automatic_match,Automatic match criteria satisfied,accepted_merge,Automatic criteria and cluster safeguards satisfied,True,PCL006406,PCL006406
DCL006409,DCL008838,4,4,B04,Email domain and local-part prefix,1,16,STG076726,SUPPORT,SUP003424,STG017998,ECOMMERCE,TXN009998,True,0.8936,False,0.0,True,0.8,False,0.0,False,0.0,False,0.0,0.8562,0.5,email,email | name,name,2,1,False,automatic_match,Automatic match criteria satisfied,accepted_merge,Automatic criteria and cluster safeguards satisfied,True,PCL006409,PCL006409
DCL006413,DCL010566,4,1,B04,Email domain and local-part prefix,1,4,STG075316,SUPPORT,SUP002014,STG074401,SUPPORT,SUP001099,True,0.96,False,0.0,True,1.0,False,0.0,False,0.0,False,0.0,0.976,0.5,email,email | name,name,2,1,False,automatic_match,Automatic match criteria satisfied,accepted_merge,Automatic criteria and cluster safeguards satisfied,True,PCL006413,PCL006413
DCL006441,DCL007929,2,1,B02 | B04,Email domain and local-part prefix | Surname initial and postcode outward code,2,2,STG030562,MARKETING,MKT009260,STG008751,ECOMMERCE,TXN000751,True,1.0,False,0.0,True,0.8571,False,0.0,True,0.6667,False,0.0,0.8968,0.6,email,email | name,name,2,1,False,automatic_match,Automatic match criteria satisfied,accepted_merge,Automatic criteria and cluster safeguards satisfied,True,PCL006441,PCL006441
DCL006462,DCL010057,5,1,B04,Email domain and local-part prefix,1,5,STG075593,SUPPORT,SUP002291,STG027350,MARKETING,MKT006048,True,0.9787,False,0.0,True,1.0,False,0.0,False,0.0,False,0.0,0.9872,0.5,email,email | name,name,2,1,False,automatic_match,Automatic match criteria satisfied,accepted_merge,Automatic criteria and cluster safeguards satisfied,True,PCL006462,PCL006462
DCL006482,DCL010553,6,1,B04,Email domain and local-part prefix,1,6,STG030348,MARKETING,MKT009046,STG074174,SUPPORT,SUP000872,True,1.0,False,0.0,True,0.9333,False,0.0,False,0.0,False,0.0,0.9733,0.5,email,email | name,name,2,1,False,automatic_match,Automatic match criteria satisfied,accepted_merge,Automatic criteria and cluster safeguards satisfied,True,PCL006482,PCL006482
DCL006573,DCL008792,3,4,B04,Email domain and local-part prefix,1,12,STG030770,MARKETING,MKT009468,STG076699,SUPPORT,SUP003397,True,0.898,False,0.0,True,0.8148,False,0.0,False,0.0,False,0.0,0.8647,0.5,email,email | name,name,2,1,False,automatic_match,Automatic match criteria satisfied,accepted_merge,Automatic criteria and cluster safeguards satisfied,True,PCL006573,PCL006573
DCL006576,DCL010109,15,1,B04,Email domain and local-part prefix,1,15,STG077769,SUPPORT,SUP004467,STG027932,MARKETING,MKT006630,True,0.9362,False,0.0,True,0.8462,False,0.0,False,0.0,False,0.0,0.9002,0.5,email,email | name,name,2,1,False,automatic_match,Automatic match criteria satisfied,accepted_merge,Automatic criteria and cluster safeguards satisfied,True,PCL006576,PCL006576
DCL006585,DCL008591,6,8,B04,Email domain and local-part prefix,1,48,STG076929,SUPPORT,SUP003627,STG030262,MARKETING,MKT008960,True,0.9811,False,0.0,True,1.0,False,0.0,False,0.0,False,0.0,0.9887,0.5,email,email | name,name,2,1,False,automatic_match,Automatic match criteria satisfied,accepted_merge,Automatic criteria and cluster safeguards satisfied,True,PCL006585,PCL006585
DCL006591,DCL010710,3,1,B04,Email domain and local-part prefix,1,3,STG020278,ECOMMERCE,TXN012278,STG077475,SUPPORT,SUP004173,True,0.9545,False,0.0,True,1.0,False,0.0,False,0.0,False,0.0,0.9727,0.5,email,email | name,name,2,1,False,automatic_match,Automatic match criteria satisfied,accepted_merge,Automatic criteria and cluster safeguards satisfied,True,PCL006591,PCL006591
DCL006593,DCL009764,6,2,B04,Email domain and local-part prefix,1,12,STG006593,CRM,CRM006593,STG027295,MARKETING,MKT005993,True,1.0,False,0.0,True,0.7368,False,0.0,False,0.0,False,0.0,0.8947,0.5,email,email,name,1,1,False,automatic_match,Automatic match criteria satisfied,accepted_merge,Automatic criteria and cluster safeguards satisfied,True,PCL006593,PCL006593
DCL006624,DCL010449,5,1,B04,Email domain and local-part prefix,1,5,STG077249,SUPPORT,SUP003947,STG032629,MARKETING,MKT011327,True,1.0,False,0.0,True,0.9333,False,0.0,False,0.0,False,0.0,0.9733,0.5,email,email | name,name,2,1,False,automatic_match,Automatic match criteria satisfied,accepted_merge,Automatic criteria and cluster safeguards satisfied,True,PCL006624,PCL006624
DCL006637,DCL009547,9,1,B04,Email domain and local-part prefix,1,9,STG077214,SUPPORT,SUP003912,STG021371,MARKETING,MKT000069,True,0.8936,False,0.0,True,0.8,False,0.0,False,0.0,False,0.0,0.8562,0.5,email,email | name,name,2,1,False,automatic_match,Automatic match criteria satisfied,accepted_merge,Automatic criteria and cluster safeguards satisfied,True,PCL006637,PCL006637
DCL006645,DCL010154,1,1,B04,Email domain and local-part prefix,1,1,STG006645,CRM,CRM006645,STG028621,MARKETING,MKT007319,True,1.0,False,0.0,True,0.9167,False,0.0,True,0.6,False,0.0,0.9056,0.6,email,email | name,name,2,1,False,automatic_match,Automatic match criteria satisfied,accepted_merge,Automatic criteria and cluster safeguards satisfied,True,PCL006645,PCL006645
DCL006657,DCL010709,1,2,B04,Email domain and local-part prefix,1,2,STG006657,CRM,CRM006657,STG077461,SUPPORT,SUP004159,True,0.898,False,0.0,True,0.8148,False,0.0,False,0.0,False,0.0,0.8647,0.5,email,email | name,name,2,1,False,automatic_match,Automatic match criteria satisfied,accepted_merge,Automatic criteria and cluster safeguards satisfied,True,PCL006657,PCL006657
DCL006727,DCL008220,2,2,B04,Email domain and local-part prefix,1,4,STG029526,MARKETING,MKT008224,STG010791,ECOMMERCE,TXN002791,True,0.9787,False,0.0,True,1.0,False,0.0,True,0.1667,False,0.0,0.8505,0.6,email,email | name,name,2,1,False,automatic_match,Automatic match criteria satisfied,accepted_merge,Automatic criteria and cluster safeguards satisfied,True,PCL006727,PCL006727
DCL006736,DCL009288,1,4,B01 | B02 | B03 | B05,First-name initial and exact postcode | Phone suffix and surname initial | Surname initial and postcode outward code | Surname prefix and exact postcode,4,4,STG006736,CRM,CRM006736,STG020001,ECOMMERCE,TXN012001,False,0.0,True,1.0,True,0.7368,True,1.0,True,1.0,False,0.0,0.919,0.65,phone,address | phone | postcode,address | name | postcode,3,3,False,automatic_match,Automatic match criteria satisfied,accepted_merge,Automatic criteria and cluster safeguards satisfied,True,PCL006736,PCL006736
DCL006739,DCL010656,5,1,B04,Email domain and local-part prefix,1,5,STG006739,CRM,CRM006739,STG076201,SUPPORT,SUP002899,True,1.0,False,0.0,True,0.9333,False,0.0,False,0.0,False,0.0,0.9733,0.5,email,email | name,name,2,1,False,automatic_match,Automatic match criteria satisfied,accepted_merge,Automatic criteria and cluster safeguards satisfied,True,PCL006739,PCL006739
DCL006747,DCL007808,4,6,B04,Email domain and local-part prefix,1,24,STG006747,CRM,CRM006747,STG024895,MARKETING,MKT003593,True,0.9811,False,0.0,True,1.0,False,0.0,True,0.4615,False,0.0,0.9008,0.6,email,email | name,name,2,1,False,automatic_match,Automatic match criteria satisfied,accepted_merge,Automatic criteria and cluster safeguards satisfied,True,PCL006747,PCL006747
DCL006776,DCL010255,8,1,B04,Email domain and local-part prefix,1,8,STG019411,ECOMMERCE,TXN011411,STG030012,MARKETING,MKT008710,True,1.0,False,0.0,True,0.8,False,0.0,True,0.6667,False,0.0,0.8778,0.6,email,email | name,name,2,1,False,automatic_match,Automatic match criteria satisfied,accepted_merge,Automatic criteria and cluster safeguards satisfied,True,PCL006776,PCL006776
DCL006780,DCL009581,4,1,B04,Email domain and local-part prefix,1,4,STG077714,SUPPORT,SUP004412,STG021763,MARKETING,MKT000461,True,1.0,False,0.0,True,0.96,False,0.0,False,0.0,False,0.0,0.984,0.5,email,email | name,name,2,1,False,automatic_match,Automatic match criteria satisfied,accepted_merge,Automatic criteria and cluster safeguards satisfied,True,PCL006780,PCL006780
DCL006793,DCL010519,10,1,B04,Email domain and local-part prefix,1,10,STG027255,MARKETING,MKT005953,STG073499,SUPPORT,SUP000197,True,0.9778,False,0.0,True,1.0,False,0.0,False,0.0,False,0.0,0.9867,0.5,email,email | name,name,2,1,False,automatic_match,Automatic match criteria satisfied,accepted_merge,Automatic criteria and cluster safeguards satisfied,True,PCL006793,PCL006793
DCL006805,DCL008955,7,1,B01 | B02 | B03 | B04 | B05,Email domain and local-part prefix | First-name initial and exact postcode | Phone suffix and surname initial | Surname initial and postcode outward code | Surname prefix and exact postcode,5,7,STG006805,CRM,CRM006805,STG017148,ECOMMERCE,TXN009148,True,0.9583,True,1.0,True,0.96,True,1.0,True,1.0,False,0.0,0.9784,0.95,email | phone,address | email | name | phone | postcode,address | name | postcode,5,3,False,automatic_match,Automatic match criteria satisfied,accepted_merge,Automatic criteria and cluster safeguards satisfied,True,PCL006805,PCL006805
DCL006842,DCL008828,4,4,B04,Email domain and local-part prefix,1,16,STG009543,ECOMMERCE,TXN001543,STG078006,SUPPORT,SUP004704,True,0.9796,False,0.0,True,0.9565,False,0.0,False,0.0,False,0.0,0.9704,0.5,email,email | name,name,2,1,False,automatic_match,Automatic match criteria satisfied,accepted_merge,Automatic criteria and cluster safeguards satisfied,True,PCL006842,PCL006842
DCL006852,DCL008406,3,3,B04,Email domain and local-part prefix,1,9,STG031462,MARKETING,MKT010160,STG073502,SUPPORT,SUP000200,True,0.898,False,0.0,True,0.8148,False,0.0,False,0.0,False,0.0,0.8647,0.5,email,email | name,name,2,1,False,automatic_match,Automatic match criteria satisfied,accepted_merge,Automatic criteria and cluster safeguards satisfied,True,PCL006852,PCL006852
DCL006863,DCL009092,4,2,B01 | B02 | B03 | B04 | B05,Email domain and local-part prefix | First-name initial and exact postcode | Phone suffix and surname initial | Surname initial and postcode outward code | Surname prefix and exact postcode,5,8,STG018406,ECOMMERCE,TXN010406,STG018531,ECOMMERCE,TXN010531,True,0.9744,True,1.0,True,0.9412,True,1.0,True,1.0,False,0.0,0.9795,0.95,email | phone,address | email | name | phone | postcode,address | name | postcode,5,3,False,automatic_match,Automatic match criteria satisfied,accepted_merge,Automatic criteria and cluster safeguards satisfied,True,PCL006863,PCL006863
DCL006871,DCL010674,14,1,B04,Email domain and local-part prefix,1,14,STG029042,MARKETING,MKT007740,STG076677,SUPPORT,SUP003375,True,0.9744,False,0.0,True,1.0,False,0.0,False,0.0,False,0.0,0.9846,0.5,email,email | name,name,2,1,False,automatic_match,Automatic match criteria satisfied,accepted_merge,Automatic criteria and cluster safeguards satisfied,True,PCL006871,PCL006871
DCL006904,DCL010413,5,1,B04,Email domain and local-part prefix,1,5,STG020784,ECOMMERCE,TXN012784,STG032174,MARKETING,MKT010872,True,1.0,False,0.0,True,0.9565,False,0.0,True,0.6667,False,0.0,0.93,0.6,email,email | name,name,2,1,False,automatic_match,Automatic match criteria satisfied,accepted_merge,Automatic criteria and cluster safeguards satisfied,True,PCL006904,PCL006904
DCL006910,DCL010751,1,1,B04,Email domain and local-part prefix,1,1,STG006910,CRM,CRM006910,STG078247,SUPPORT,SUP004945,True,1.0,False,0.0,True,0.8235,False,0.0,False,0.0,False,0.0,0.9294,0.5,email,email | name,name,2,1,False,automatic_match,Automatic match criteria satisfied,accepted_merge,Automatic criteria and cluster safeguards satisfied,True,PCL006910,PCL006910
DCL006922,DCL009848,8,1,B04,Email domain and local-part prefix,1,8,STG077085,SUPPORT,SUP003783,STG025027,MARKETING,MKT003725,True,1.0,False,0.0,True,0.9091,False,0.0,False,0.0,False,0.0,0.9636,0.5,email,email | name,name,2,1,False,automatic_match,Automatic match criteria satisfied,accepted_merge,Automatic criteria and cluster safeguards satisfied,True,PCL006922,PCL006922
DCL006941,DCL010392,4,2,B04,Email domain and local-part prefix,1,8,STG031723,MARKETING,MKT010421,STG074849,SUPPORT,SUP001547,True,0.9767,False,0.0,True,1.0,False,0.0,False,0.0,False,0.0,0.986,0.5,email,email | name,name,2,1,False,automatic_match,Automatic match criteria satisfied,accepted_merge,Automatic criteria and cluster safeguards satisfied,True,PCL006941,PCL006941
DCL006967,DCL007937,2,4,B04,Email domain and local-part prefix,1,8,STG026588,MARKETING,MKT005286,STG027158,MARKETING,MKT005856,True,0.9818,False,0.0,True,1.0,False,0.0,True,0.3333,False,0.0,0.8798,0.6,email,email | name,name,2,1,False,automatic_match,Automatic match criteria satisfied,accepted_merge,Automatic criteria and cluster safeguards satisfied,True,PCL006967,PCL006967
DCL006969,DCL010223,5,1,B04,Email domain and local-part prefix,1,5,STG077603,SUPPORT,SUP004301,STG029603,MARKETING,MKT008301,True,1.0,False,0.0,True,0.9167,False,0.0,False,0.0,False,0.0,0.9667,0.5,email,email | name,name,2,1,False,automatic_match,Automatic match criteria satisfied,accepted_merge,Automatic criteria and cluster safeguards satisfied,True,PCL006969,PCL006969
DCL006996,DCL009480,9,7,B04,Email domain and local-part prefix,1,63,STG031960,MARKETING,MKT010658,STG077844,SUPPORT,SUP004542,True,0.9167,False,0.0,True,0.8462,False,0.0,False,0.0,False,0.0,0.8885,0.5,email,email | name,name,2,1,False,automatic_match,Automatic match criteria satisfied,accepted_merge,Automatic criteria and cluster safeguards satisfied,True,PCL006996,PCL006996
DCL007042,DCL010488,9,1,B04,Email domain and local-part prefix,1,9,STG028116,MARKETING,MKT006814,STG033087,MARKETING,MKT011785,True,0.9787,False,0.0,True,1.0,False,0.0,True,0.1667,False,0.0,0.8505,0.6,email,email | name,name,2,1,False,automatic_match,Automatic match criteria satisfied,accepted_merge,Automatic criteria and cluster safeguards satisfied,True,PCL007042,PCL007042
DCL007057,DCL010698,3,1,B04,Email domain and local-part prefix,1,3,STG008850,ECOMMERCE,TXN000850,STG077357,SUPPORT,SUP004055,True,0.8936,False,0.0,True,0.8,False,0.0,False,0.0,False,0.0,0.8562,0.5,email,email | name,name,2,1,False,automatic_match,Automatic match criteria satisfied,accepted_merge,Automatic criteria and cluster safeguards satisfied,True,PCL007057,PCL007057
DCL007058,DCL008055,6,3,B04,Email domain and local-part prefix,1,18,STG030241,MARKETING,MKT008939,STG076577,SUPPORT,SUP003275,True,0.9756,False,0.0,True,1.0,False,0.0,False,0.0,False,0.0,0.9854,0.5,email,email | name,name,2,1,False,automatic_match,Automatic match criteria satisfied,accepted_merge,Automatic criteria and cluster safeguards satisfied,True,PCL007058,PCL007058
DCL007070,DCL009036,4,2,B04,Email domain and local-part prefix,1,8,STG024483,MARKETING,MKT003181,STG028332,MARKETING,MKT007030,True,0.9767,False,0.0,True,1.0,False,0.0,True,0.25,False,0.0,0.8634,0.6,email,email | name,name,2,1,False,automatic_match,Automatic match criteria satisfied,accepted_merge,Automatic criteria and cluster safeguards satisfied,True,PCL007070,PCL007070
DCL007087,DCL008790,5,3,B04,Email domain and local-part prefix,1,15,STG023053,MARKETING,MKT001751,STG076616,SUPPORT,SUP003314,True,0.9167,False,0.0,True,0.8462,False,0.0,False,0.0,False,0.0,0.8885,0.5,email,email | name,name,2,1,False,automatic_match,Automatic match criteria satisfied,accepted_merge,Automatic criteria and cluster safeguards satisfied,True,PCL007087,PCL007087
DCL007095,DCL010329,4,1,B04,Email domain and local-part prefix,1,4,STG077993,SUPPORT,SUP004691,STG030927,MARKETING,MKT009625,True,0.9767,False,0.0,True,1.0,False,0.0,False,0.0,False,0.0,0.986,0.5,email,email | name,name,2,1,False,automatic_match,Automatic match criteria satisfied,accepted_merge,Automatic criteria and cluster safeguards satisfied,True,PCL007095,PCL007095
DCL007101,DCL010452,6,2,B04,Email domain and local-part prefix,1,12,STG032147,MARKETING,MKT010845,STG075920,SUPPORT,SUP002618,True,0.9091,False,0.0,True,0.8182,False,0.0,False,0.0,False,0.0,0.8727,0.5,email,email | name,name,2,1,False,automatic_match,Automatic match criteria satisfied,accepted_merge,Automatic criteria and cluster safeguards satisfied,True,PCL007101,PCL007101
DCL007120,DCL010555,10,1,B04,Email domain and local-part prefix,1,10,STG029912,MARKETING,MKT008610,STG074182,SUPPORT,SUP000880,True,1.0,False,0.0,True,0.9655,False,0.0,False,0.0,False,0.0,0.9862,0.5,email,email | name,name,2,1,False,automatic_match,Automatic match criteria satisfied,accepted_merge,Automatic criteria and cluster safeguards satisfied,True,PCL007120,PCL007120
DCL007169,DCL009670,1,1,B04,Email domain and local-part prefix,1,1,STG007169,CRM,CRM007169,STG022691,MARKETING,MKT001389,True,1.0,False,0.0,True,0.9231,False,0.0,True,0.6,False,0.0,0.9077,0.6,email,email | name,name,2,1,False,automatic_match,Automatic match criteria satisfied,accepted_merge,Automatic criteria and cluster safeguards satisfied,True,PCL007169,PCL007169
DCL007180,DCL008877,4,3,B04,Email domain and local-part prefix,1,12,STG075200,SUPPORT,SUP001898,STG019503,ECOMMERCE,TXN011503,True,0.9167,False,0.0,True,0.8182,False,0.0,False,0.0,False,0.0,0.8773,0.5,email,email | name,name,2,1,False,automatic_match,Automatic match criteria satisfied,accepted_merge,Automatic criteria and cluster safeguards satisfied,True,PCL007180,PCL007180
DCL007184,DCL008177,7,5,B04,Email domain and local-part prefix,1,35,STG075206,SUPPORT,SUP001904,STG030429,MARKETING,MKT009127,True,0.9787,False,0.0,True,1.0,False,0.0,False,0.0,False,0.0,0.9872,0.5,email,email | name,name,2,1,False,automatic_match,Automatic match criteria satisfied,accepted_merge,Automatic criteria and cluster safeguards satisfied,True,PCL007184,PCL007184
DCL007196,DCL010274,5,1,B04,Email domain and local-part prefix,1,5,STG077523,SUPPORT,SUP004221,STG030273,MARKETING,MKT008971,True,1.0,False,0.0,True,0.9333,False,0.0,False,0.0,False,0.0,0.9733,0.5,email,email | name,name,2,1,False,automatic_match,Automatic match criteria satisfied,accepted_merge,Automatic criteria and cluster safeguards satisfied,True,PCL007196,PCL007196
DCL007201,DCL008461,1,4,B02 | B03 | B05,First-name initial and exact postcode | Phone suffix and surname initial | Surname initial and postcode outward code,3,4,STG007201,CRM,CRM007201,STG015477,ECOMMERCE,TXN007477,True,0.8077,True,1.0,True,0.96,True,1.0,True,1.0,False,0.0,0.9309,0.95,phone,address | email | name | phone | postcode,address | email | name | postcode,5,4,False,automatic_match,Automatic match criteria satisfied,accepted_merge,Automatic criteria and cluster safeguards satisfied,True,PCL007201,PCL007201
DCL007226,DCL010668,11,1,B04,Email domain and local-part prefix,1,11,STG073831,SUPPORT,SUP000529,STG076473,SUPPORT,SUP003171,True,1.0,False,0.0,True,0.9286,False,0.0,False,0.0,False,0.0,0.9714,0.5,email,email | name,name,2,1,False,automatic_match,Automatic match criteria satisfied,accepted_merge,Automatic criteria and cluster safeguards satisfied,True,PCL007226,PCL007226
DCL007244,DCL010639,2,1,B04,Email domain and local-part prefix,1,2,STG076886,SUPPORT,SUP003584,STG075867,SUPPORT,SUP002565,True,1.0,False,0.0,True,0.963,False,0.0,False,0.0,False,0.0,0.9852,0.5,email,email | name,name,2,1,False,automatic_match,Automatic match criteria satisfied,accepted_merge,Automatic criteria and cluster safeguards satisfied,True,PCL007244,PCL007244
DCL007251,DCL009979,11,3,B04,Email domain and local-part prefix,1,33,STG032814,MARKETING,MKT011512,STG077571,SUPPORT,SUP004269,True,0.8889,False,0.0,True,0.8387,False,0.0,False,0.0,False,0.0,0.8688,0.5,email,email | name,name,2,1,False,automatic_match,Automatic match criteria satisfied,accepted_merge,Automatic criteria and cluster safeguards satisfied,True,PCL007251,PCL007251
DCL007254,DCL009298,2,2,B04,Email domain and local-part prefix,1,4,STG007254,CRM,CRM007254,STG077128,SUPPORT,SUP003826,True,0.9565,False,0.0,True,0.9167,False,0.0,False,0.0,False,0.0,0.9406,0.5,email,email | name,name,2,1,False,automatic_match,Automatic match criteria satisfied,accepted_merge,Automatic criteria and cluster safeguards satisfied,True,PCL007254,PCL007254
DCL007256,DCL009144,4,6,B04,Email domain and local-part prefix,1,24,STG032905,MARKETING,MKT011603,STG077442,SUPPORT,SUP004140,True,0.92,False,0.0,True,0.8333,False,0.0,False,0.0,False,0.0,0.8853,0.5,email,email | name,name,2,1,False,automatic_match,Automatic match criteria satisfied,accepted_merge,Automatic criteria and cluster safeguards satisfied,True,PCL007256,PCL007256
DCL007261,DCL009497,7,4,B04,Email domain and local-part prefix,1,28,STG075120,SUPPORT,SUP001818,STG033209,MARKETING,MKT011907,True,0.898,False,0.0,True,0.7826,False,0.0,False,0.0,False,0.0,0.8518,0.5,email,email | name,name,2,1,False,automatic_match,Automatic match criteria satisfied,accepted_merge,Automatic criteria and cluster safeguards satisfied,True,PCL007261,PCL007261
DCL007286,DCL008507,8,2,B04,Email domain and local-part prefix,1,16,STG029363,MARKETING,MKT008061,STG022402,MARKETING,MKT001100,True,0.9778,False,0.0,True,1.0,False,0.0,True,0.3077,False,0.0,0.8735,0.6,email,email | name,name,2,1,False,automatic_match,Automatic match criteria satisfied,accepted_merge,Automatic criteria and cluster safeguards satisfied,True,PCL007286,PCL007286
DCL007300,DCL010375,14,1,B04,Email domain and local-part prefix,1,14,STG075881,SUPPORT,SUP002579,STG031600,MARKETING,MKT010298,True,1.0,False,0.0,True,0.96,False,0.0,False,0.0,False,0.0,0.984,0.5,email,email | name,name,2,1,False,automatic_match,Automatic match criteria satisfied,accepted_merge,Automatic criteria and cluster safeguards satisfied,True,PCL007300,PCL007300
DCL007302,DCL009029,2,3,B04,Email domain and local-part prefix,1,6,STG020163,ECOMMERCE,TXN012163,STG028923,MARKETING,MKT007621,True,0.9818,False,0.0,True,1.0,False,0.0,True,0.1667,False,0.0,0.852,0.6,email,email | name,name,2,1,False,automatic_match,Automatic match criteria satisfied,accepted_merge,Automatic criteria and cluster safeguards satisfied,True,PCL007302,PCL007302
DCL007336,DCL009967,2,1,B04,Email domain and local-part prefix,1,2,STG007336,CRM,CRM007336,STG026384,MARKETING,MKT005082,True,1.0,False,0.0,True,0.8889,False,0.0,True,0.6667,False,0.0,0.9074,0.6,email,email | name,name,2,1,False,automatic_match,Automatic match criteria satisfied,accepted_merge,Automatic criteria and cluster safeguards satisfied,True,PCL007336,PCL007336
DCL007363,DCL009897,6,3,B04,Email domain and local-part prefix,1,18,STG028556,MARKETING,MKT007254,STG074895,SUPPORT,SUP001593,True,0.9333,False,0.0,True,0.8696,False,0.0,False,0.0,False,0.0,0.9078,0.5,email,email | name,name,2,1,False,automatic_match,Automatic match criteria satisfied,accepted_merge,Automatic criteria and cluster safeguards satisfied,True,PCL007363,PCL007363
DCL007379,DCL008178,8,1,B04 | B05,Email domain and local-part prefix | First-name initial and exact postcode,2,8,STG009773,ECOMMERCE,TXN001773,STG010428,ECOMMERCE,TXN002428,True,0.9524,True,1.0,True,0.9,True,1.0,True,1.0,False,0.0,0.9639,0.95,email | phone,address | email | name | phone | postcode,address | name | postcode,5,3,False,automatic_match,Automatic match criteria satisfied,accepted_merge,Automatic criteria and cluster safeguards satisfied,True,PCL007379,PCL007379
DCL007379,DCL009662,8,1,B04,Email domain and local-part prefix,1,8,STG009773,ECOMMERCE,TXN001773,STG022603,MARKETING,MKT001301,True,1.0,False,0.0,True,0.9,False,0.0,True,0.6,False,0.0,0.9,0.6,email,email | name,name,2,1,False,automatic_match,Automatic match criteria satisfied,accepted_transitive_support,Clusters were already connected by stronger accepted matches,False,PCL007379,PCL007379
DCL007474,DCL010694,4,1,B04,Email domain and local-part prefix,1,4,STG013307,ECOMMERCE,TXN005307,STG077236,SUPPORT,SUP003934,True,0.9545,False,0.0,True,1.0,False,0.0,False,0.0,False,0.0,0.9727,0.5,email,email | name,name,2,1,False,automatic_match,Automatic match criteria satisfied,accepted_merge,Automatic criteria and cluster safeguards satisfied,True,PCL007474,PCL007474
DCL007477,DCL009055,8,1,B01 | B02 | B03 | B05,First-name initial and exact postcode | Phone suffix and surname initial | Surname initial and postcode outward code | Surname prefix and exact postcode,4,8,STG015201,ECOMMERCE,TXN007201,STG018222,ECOMMERCE,TXN010222,False,0.0,True,1.0,True,0.9524,True,1.0,True,1.0,False,0.0,0.9853,0.65,phone,address | name | phone | postcode,address | name | postcode,4,3,False,automatic_match,Automatic match criteria satisfied,accepted_merge,Automatic criteria and cluster safeguards satisfied,True,PCL007477,PCL007477
DCL007481,DCL010581,4,1,B04,Email domain and local-part prefix,1,4,STG077222,SUPPORT,SUP003920,STG074643,SUPPORT,SUP001341,True,0.9565,False,0.0,True,1.0,False,0.0,False,0.0,False,0.0,0.9739,0.5,email,email | name,name,2,1,False,automatic_match,Automatic match criteria satisfied,accepted_merge,Automatic criteria and cluster safeguards satisfied,True,PCL007481,PCL007481
DCL007568,DCL009054,8,3,B04,Email domain and local-part prefix,1,24,STG023040,MARKETING,MKT001738,STG024692,MARKETING,MKT003390,True,0.9778,False,0.0,True,0.9565,False,0.0,True,0.3333,False,0.0,0.8633,0.6,email,email | name,name,2,1,False,automatic_match,Automatic match criteria satisfied,accepted_merge,Automatic criteria and cluster safeguards satisfied,True,PCL007568,PCL007568
DCL007574,DCL008553,7,3,B04,Email domain and local-part prefix,1,21,STG007574,CRM,CRM007574,STG076696,SUPPORT,SUP003394,True,0.898,False,0.0,True,0.7826,False,0.0,False,0.0,False,0.0,0.8518,0.5,email,email | name,name,2,1,False,automatic_match,Automatic match criteria satisfied,accepted_merge,Automatic criteria and cluster safeguards satisfied,True,PCL007574,PCL007574
DCL007597,DCL008373,3,8,B04,Email domain and local-part prefix,1,24,STG031421,MARKETING,MKT010119,STG077967,SUPPORT,SUP004665,True,0.9,False,0.0,True,0.7778,False,0.0,False,0.0,False,0.0,0.8511,0.5,email,email | name,name,2,1,False,automatic_match,Automatic match criteria satisfied,accepted_merge,Automatic criteria and cluster safeguards satisfied,True,PCL007597,PCL007597
DCL007598,DCL008834,5,3,B04,Email domain and local-part prefix,1,15,STG077281,SUPPORT,SUP003979,STG030327,MARKETING,MKT009025,True,0.9302,False,0.0,True,0.8235,False,0.0,False,0.0,False,0.0,0.8876,0.5,email,email | name,name,2,1,False,automatic_match,Automatic match criteria satisfied,accepted_merge,Automatic criteria and cluster safeguards satisfied,True,PCL007598,PCL007598
DCL007615,DCL010002,4,1,B04,Email domain and local-part prefix,1,4,STG076954,SUPPORT,SUP003652,STG026750,MARKETING,MKT005448,True,1.0,False,0.0,True,0.9565,False,0.0,False,0.0,False,0.0,0.9826,0.5,email,email | name,name,2,1,False,automatic_match,Automatic match criteria satisfied,accepted_merge,Automatic criteria and cluster safeguards satisfied,True,PCL007615,PCL007615
DCL007618,DCL010752,4,1,B04,Email domain and local-part prefix,1,4,STG075312,SUPPORT,SUP002010,STG078279,SUPPORT,SUP004977,True,1.0,False,0.0,True,0.9167,False,0.0,False,0.0,False,0.0,0.9667,0.5,email,email | name,name,2,1,False,automatic_match,Automatic match criteria satisfied,accepted_merge,Automatic criteria and cluster safeguards satisfied,True,PCL007618,PCL007618
DCL007633,DCL008827,7,5,B04,Email domain and local-part prefix,1,35,STG027784,MARKETING,MKT006482,STG024860,MARKETING,MKT003558,True,0.9804,False,0.0,True,1.0,False,0.0,True,0.3333,False,0.0,0.8791,0.6,email,email | name,name,2,1,False,automatic_match,Automatic match criteria satisfied,accepted_merge,Automatic criteria and cluster safeguards satisfied,True,PCL007633,PCL007633
DCL007721,DCL008738,1,1,B01 | B02 | B03 | B05,First-name initial and exact postcode | Phone suffix and surname initial | Surname initial and postcode outward code | Surname prefix and exact postcode,4,1,STG007721,CRM,CRM007721,STG015117,ECOMMERCE,TXN007117,False,0.0,True,1.0,True,0.963,True,1.0,True,1.0,False,0.0,0.9886,0.65,phone,address | name | phone | postcode,address | name | postcode,4,3,False,automatic_match,Automatic match criteria satisfied,accepted_merge,Automatic criteria and cluster safeguards satisfied,True,PCL007721,PCL007721
DCL007728,DCL008676,3,6,B04,Email domain and local-part prefix,1,18,STG032586,MARKETING,MKT011284,STG073404,SUPPORT,SUP000102,True,0.8846,False,0.0,True,0.8,False,0.0,False,0.0,False,0.0,0.8508,0.5,email,email | name,name,2,1,False,automatic_match,Automatic match criteria satisfied,accepted_merge,Automatic criteria and cluster safeguards satisfied,True,PCL007728,PCL007728
DCL007812,DCL009686,5,1,B04,Email domain and local-part prefix,1,5,STG024201,MARKETING,MKT002899,STG022847,MARKETING,MKT001545,True,0.9524,False,0.0,True,0.9,False,0.0,True,0.5,False,0.0,0.8595,0.6,email,email | name,name,2,1,False,automatic_match,Automatic match criteria satisfied,accepted_merge,Automatic criteria and cluster safeguards satisfied,True,PCL007809,PCL007809
DCL007834,DCL010402,4,4,B04,Email domain and local-part prefix,1,16,STG024027,MARKETING,MKT002725,STG077904,SUPPORT,SUP004602,True,0.898,False,0.0,True,0.8148,False,0.0,False,0.0,False,0.0,0.8647,0.5,email,email | name,name,2,1,False,automatic_match,Automatic match criteria satisfied,accepted_merge,Automatic criteria and cluster safeguards satisfied,True,PCL007828,PCL007828
DCL007879,DCL010390,2,1,B04,Email domain and local-part prefix,1,2,STG008433,ECOMMERCE,TXN000433,STG031803,MARKETING,MKT010501,True,1.0,False,0.0,True,0.9412,False,0.0,True,0.6667,False,0.0,0.9248,0.6,email,email | name,name,2,1,False,automatic_match,Automatic match criteria satisfied,accepted_merge,Automatic criteria and cluster safeguards satisfied,True,PCL007870,PCL007870
DCL007897,DCL008361,8,1,B02 | B03 | B04 | B05,Email domain and local-part prefix | First-name initial and exact postcode | Phone suffix and surname initial | Surname initial and postcode outward code,4,8,STG008548,ECOMMERCE,TXN000548,STG011822,ECOMMERCE,TXN003822,True,0.9756,True,1.0,True,0.9,True,1.0,True,1.0,False,0.0,0.9712,0.95,email | phone,address | email | name | phone | postcode,address | name | postcode,5,3,False,automatic_match,Automatic match criteria satisfied,accepted_merge,Automatic criteria and cluster safeguards satisfied,True,PCL007888,PCL007888
DCL007900,DCL009842,3,1,B04,Email domain and local-part prefix,1,3,STG026973,MARKETING,MKT005671,STG024977,MARKETING,MKT003675,True,1.0,False,0.0,True,0.9524,False,0.0,True,0.6667,False,0.0,0.9286,0.6,email,email | name,name,2,1,False,automatic_match,Automatic match criteria satisfied,accepted_merge,Automatic criteria and cluster safeguards satisfied,True,PCL007891,PCL007891
DCL007957,DCL008099,4,1,B01 | B02 | B03 | B05,First-name initial and exact postcode | Phone suffix and surname initial | Surname initial and postcode outward code | Surname prefix and exact postcode,4,4,STG008916,ECOMMERCE,TXN000916,STG009879,ECOMMERCE,TXN001879,True,0.8261,True,1.0,True,0.9565,True,1.0,True,1.0,False,0.0,0.9359,0.95,phone,address | email | name | phone | postcode,address | email | name | postcode,5,4,False,automatic_match,Automatic match criteria satisfied,accepted_merge,Automatic criteria and cluster safeguards satisfied,True,PCL007940,PCL007940
DCL007959,DCL010590,5,1,B04,Email domain and local-part prefix,1,5,STG018128,ECOMMERCE,TXN010128,STG074831,SUPPORT,SUP001529,True,1.0,False,0.0,True,0.9,False,0.0,False,0.0,False,0.0,0.96,0.5,email,email | name,name,2,1,False,automatic_match,Automatic match criteria satisfied,accepted_merge,Automatic criteria and cluster safeguards satisfied,True,PCL007942,PCL007942
DCL007979,DCL008102,5,2,B02,Surname initial and postcode outward code,1,10,STG027723,MARKETING,MKT006421,STG009890,ECOMMERCE,TXN001890,True,0.8936,False,0.0,True,1.0,False,0.0,True,0.6,False,0.0,0.8801,0.6,email,email | name,name,2,1,False,automatic_match,Automatic match criteria satisfied,accepted_merge,Automatic criteria and cluster safeguards satisfied,True,PCL007962,PCL007962
DCL007987,DCL008414,5,5,B04,Email domain and local-part prefix,1,25,STG073731,SUPPORT,SUP000429,STG024673,MARKETING,MKT003371,True,0.9091,False,0.0,True,0.8182,False,0.0,False,0.0,False,0.0,0.8727,0.5,email,email | name,name,2,1,False,automatic_match,Automatic match criteria satisfied,accepted_merge,Automatic criteria and cluster safeguards satisfied,True,PCL007969,PCL007969
DCL007995,DCL009373,2,2,B04,Email domain and local-part prefix,1,4,STG023479,MARKETING,MKT002177,STG022736,MARKETING,MKT001434,True,0.9767,False,0.0,True,1.0,False,0.0,True,0.3077,False,0.0,0.873,0.6,email,email | name,name,2,1,False,automatic_match,Automatic match criteria satisfied,accepted_merge,Automatic criteria and cluster safeguards satisfied,True,PCL001180,PCL001180
DCL008002,DCL009851,4,1,B04,Email domain and local-part prefix,1,4,STG024657,MARKETING,MKT003355,STG025066,MARKETING,MKT003764,True,1.0,False,0.0,True,0.963,False,0.0,True,0.6667,False,0.0,0.9321,0.6,email,email | name,name,2,1,False,automatic_match,Automatic match criteria satisfied,accepted_merge,Automatic criteria and cluster safeguards satisfied,True,PCL007982,PCL007982
DCL008006,DCL010140,2,2,B04,Email domain and local-part prefix,1,4,STG009260,ECOMMERCE,TXN001260,STG028392,MARKETING,MKT007090,True,0.9565,False,0.0,True,0.9167,False,0.0,True,0.6667,False,0.0,0.8949,0.6,email,email | name,name,2,1,False,automatic_match,Automatic match criteria satisfied,accepted_merge,Automatic criteria and cluster safeguards satisfied,True,PCL007986,PCL007986
DCL008018,DCL010588,7,1,B04,Email domain and local-part prefix,1,7,STG075628,SUPPORT,SUP002326,STG074756,SUPPORT,SUP001454,True,0.9756,False,0.0,True,1.0,False,0.0,False,0.0,False,0.0,0.9854,0.5,email,email | name,name,2,1,False,automatic_match,Automatic match criteria satisfied,accepted_merge,Automatic criteria and cluster safeguards satisfied,True,PCL007998,PCL007998
DCL008029,DCL010550,4,1,B04,Email domain and local-part prefix,1,4,STG075611,SUPPORT,SUP002309,STG074138,SUPPORT,SUP000836,True,0.9767,False,0.0,True,1.0,False,0.0,False,0.0,False,0.0,0.986,0.5,email,email | name,name,2,1,False,automatic_match,Automatic match criteria satisfied,accepted_merge,Automatic criteria and cluster safeguards satisfied,True,PCL008008,PCL008008
DCL008036,DCL010349,6,1,B04,Email domain and local-part prefix,1,6,STG074600,SUPPORT,SUP001298,STG031158,MARKETING,MKT009856,True,0.8571,False,0.0,True,0.8462,False,0.0,False,0.0,False,0.0,0.8527,0.5,email,email | name,name,2,1,False,automatic_match,Automatic match criteria satisfied,accepted_merge,Automatic criteria and cluster safeguards satisfied,True,PCL004964,PCL004964
DCL008038,DCL010313,7,1,B04,Email domain and local-part prefix,1,7,STG026089,MARKETING,MKT004787,STG030791,MARKETING,MKT009489,True,1.0,False,0.0,True,0.9565,False,0.0,True,0.6667,False,0.0,0.93,0.6,email,email | name,name,2,1,False,automatic_match,Automatic match criteria satisfied,accepted_merge,Automatic criteria and cluster safeguards satisfied,True,PCL008015,PCL008015
DCL008094,DCL009756,3,1,B04,Email domain and local-part prefix,1,3,STG074411,SUPPORT,SUP001109,STG023713,MARKETING,MKT002411,True,1.0,False,0.0,True,0.9412,False,0.0,False,0.0,False,0.0,0.9765,0.5,email,email | name,name,2,1,False,automatic_match,Automatic match criteria satisfied,accepted_merge,Automatic criteria and cluster safeguards satisfied,True,PCL004202,PCL004202
DCL008095,DCL008766,4,4,B04,Email domain and local-part prefix,1,16,STG073401,SUPPORT,SUP000099,STG021446,MARKETING,MKT000144,True,0.8936,False,0.0,True,0.8,False,0.0,False,0.0,False,0.0,0.8562,0.5,email,email | name,name,2,1,False,automatic_match,Automatic match criteria satisfied,accepted_merge,Automatic criteria and cluster safeguards satisfied,True,PCL008063,PCL008063
DCL008095,DCL009265,4,2,B04,Email domain and local-part prefix,1,8,STG073401,SUPPORT,SUP000099,STG027206,MARKETING,MKT005904,True,0.8936,False,0.0,True,0.8,False,0.0,False,0.0,False,0.0,0.8562,0.5,email,email | name,name,2,1,False,automatic_match,Automatic match criteria satisfied,accepted_merge,Automatic criteria and cluster safeguards satisfied,True,PCL008063,PCL008063
DCL008127,DCL008851,1,2,B05,First-name initial and exact postcode,1,2,STG010104,ECOMMERCE,TXN002104,STG016072,ECOMMERCE,TXN008072,False,0.0,True,1.0,True,0.8889,True,1.0,True,1.0,False,0.0,0.9658,0.65,phone,address | name | phone | postcode,address | name | postcode,4,3,False,automatic_match,Automatic match criteria satisfied,accepted_merge,Automatic criteria and cluster safeguards satisfied,True,PCL008090,PCL008090
DCL008135,DCL008623,2,6,B02 | B03 | B05,First-name initial and exact postcode | Phone suffix and surname initial | Surname initial and postcode outward code,3,12,STG010149,ECOMMERCE,TXN002149,STG019405,ECOMMERCE,TXN011405,False,0.0,True,1.0,True,0.9474,True,1.0,True,1.0,False,0.0,0.9838,0.65,phone,address | name | phone | postcode,address | name | postcode,4,3,False,automatic_match,Automatic match criteria satisfied,accepted_merge,Automatic criteria and cluster safeguards satisfied,True,PCL008098,PCL008098
DCL008178,DCL009662,1,1,B04,Email domain and local-part prefix,1,1,STG010428,ECOMMERCE,TXN002428,STG022603,MARKETING,MKT001301,True,0.9524,False,0.0,True,1.0,False,0.0,True,0.6,False,0.0,0.9095,0.6,email,email | name,name,2,1,False,automatic_match,Automatic match criteria satisfied,accepted_merge,Automatic criteria and cluster safeguards satisfied,True,PCL007379,PCL007379
DCL008251,DCL010458,1,2,B04,Email domain and local-part prefix,1,2,STG011004,ECOMMERCE,TXN003004,STG075099,SUPPORT,SUP001797,True,1.0,False,0.0,True,0.9167,False,0.0,False,0.0,False,0.0,0.9667,0.5,email,email | name,name,2,1,False,automatic_match,Automatic match criteria satisfied,accepted_merge,Automatic criteria and cluster safeguards satisfied,True,PCL008207,PCL008207
DCL008270,DCL009607,1,2,B04,Email domain and local-part prefix,1,2,STG011159,ECOMMERCE,TXN003159,STG023947,MARKETING,MKT002645,True,1.0,False,0.0,True,0.9091,False,0.0,True,0.6,False,0.0,0.903,0.6,email,email | name,name,2,1,False,automatic_match,Automatic match criteria satisfied,accepted_merge,Automatic criteria and cluster safeguards satisfied,True,PCL008223,PCL008223
DCL008311,DCL009015,1,2,B02 | B03 | B05,First-name initial and exact postcode | Phone suffix and surname initial | Surname initial and postcode outward code,3,2,STG011432,ECOMMERCE,TXN003432,STG017815,ECOMMERCE,TXN009815,False,0.0,True,1.0,True,0.9091,True,1.0,True,1.0,False,0.0,0.972,0.65,phone,address | name | phone | postcode,address | name | postcode,4,3,False,automatic_match,Automatic match criteria satisfied,accepted_merge,Automatic criteria and cluster safeguards satisfied,True,PCL005133,PCL005133
DCL008323,DCL010266,5,1,B04,Email domain and local-part prefix,1,5,STG076461,SUPPORT,SUP003159,STG030120,MARKETING,MKT008818,True,0.9167,False,0.0,True,0.8462,False,0.0,False,0.0,False,0.0,0.8885,0.5,email,email | name,name,2,1,False,automatic_match,Automatic match criteria satisfied,accepted_merge,Automatic criteria and cluster safeguards satisfied,True,PCL003461,PCL003461
DCL008335,DCL009636,3,1,B04,Email domain and local-part prefix,1,3,STG030468,MARKETING,MKT009166,STG022321,MARKETING,MKT001019,True,1.0,False,0.0,True,0.9091,False,0.0,True,0.6667,False,0.0,0.9141,0.6,email,email | name,name,2,1,False,automatic_match,Automatic match criteria satisfied,accepted_merge,Automatic criteria and cluster safeguards satisfied,True,PCL008282,PCL008282
DCL008407,DCL008680,3,2,B02 | B04,Email domain and local-part prefix | Surname initial and postcode outward code,2,6,STG022194,MARKETING,MKT000892,STG014599,ECOMMERCE,TXN006599,True,1.0,False,0.0,True,0.9167,False,0.0,True,0.6667,False,0.0,0.9167,0.6,email,email | name,name,2,1,False,automatic_match,Automatic match criteria satisfied,accepted_merge,Automatic criteria and cluster safeguards satisfied,True,PCL008347,PCL008347
DCL008427,DCL009184,1,3,B02 | B03 | B05,First-name initial and exact postcode | Phone suffix and surname initial | Surname initial and postcode outward code,3,3,STG012364,ECOMMERCE,TXN004364,STG019353,ECOMMERCE,TXN011353,True,0.8,True,1.0,True,0.9655,True,1.0,True,1.0,False,0.0,0.9296,0.95,phone,address | email | name | phone | postcode,address | email | name | postcode,5,4,False,automatic_match,Automatic match criteria satisfied,accepted_merge,Automatic criteria and cluster safeguards satisfied,True,PCL008365,PCL008365
DCL008440,DCL008592,3,3,B04,Email domain and local-part prefix,1,9,STG025868,MARKETING,MKT004566,STG074474,SUPPORT,SUP001172,True,0.9057,False,0.0,True,0.8148,False,0.0,False,0.0,False,0.0,0.8693,0.5,email,email | name,name,2,1,False,automatic_match,Automatic match criteria satisfied,accepted_merge,Automatic criteria and cluster safeguards satisfied,True,PCL008376,PCL008376
DCL008440,DCL009078,3,2,B05,First-name initial and exact postcode,1,6,STG012458,ECOMMERCE,TXN004458,STG018366,ECOMMERCE,TXN010366,True,0.5778,True,1.0,True,0.9231,True,1.0,True,1.0,False,0.0,0.8505,0.95,phone,address | name | phone | postcode,address | name | postcode,4,3,False,automatic_match,Automatic match criteria satisfied,accepted_merge,Automatic criteria and cluster safeguards satisfied,True,PCL008376,PCL008376
DCL008475,DCL010648,2,1,B04,Email domain and local-part prefix,1,2,STG015884,ECOMMERCE,TXN007884,STG075974,SUPPORT,SUP002672,True,0.9388,False,0.0,True,0.8148,False,0.0,False,0.0,False,0.0,0.8892,0.5,email,email | name,name,2,1,False,automatic_match,Automatic match criteria satisfied,accepted_transitive_support,Clusters were already connected by stronger accepted matches,False,PCL003109,PCL003109
DCL008519,DCL009583,5,1,B04,Email domain and local-part prefix,1,5,STG025510,MARKETING,MKT004208,STG021801,MARKETING,MKT000499,True,1.0,False,0.0,True,0.9,False,0.0,True,0.6,False,0.0,0.9,0.6,email,email | name,name,2,1,False,automatic_match,Automatic match criteria satisfied,accepted_merge,Automatic criteria and cluster safeguards satisfied,True,PCL008446,PCL008446
DCL008550,DCL010605,4,1,B04,Email domain and local-part prefix,1,4,STG076967,SUPPORT,SUP003665,STG075173,SUPPORT,SUP001871,True,0.9756,False,0.0,True,1.0,False,0.0,False,0.0,False,0.0,0.9854,0.5,email,email | name,name,2,1,False,automatic_match,Automatic match criteria satisfied,accepted_merge,Automatic criteria and cluster safeguards satisfied,True,PCL008474,PCL008474
DCL008579,DCL008675,1,6,B01 | B02 | B03 | B04 | B05,Email domain and local-part prefix | First-name initial and exact postcode | Phone suffix and surname initial | Surname initial and postcode outward code | Surname prefix and exact postcode,5,6,STG013640,ECOMMERCE,TXN005640,STG014533,ECOMMERCE,TXN006533,True,0.9583,True,1.0,True,0.9091,True,1.0,True,1.0,False,0.0,0.9677,0.95,email | phone,address | email | name | phone | postcode,address | name | postcode,5,3,False,automatic_match,Automatic match criteria satisfied,accepted_merge,Automatic criteria and cluster safeguards satisfied,True,PCL008501,PCL008501
DCL008654,DCL010340,3,1,B04,Email domain and local-part prefix,1,3,STG075729,SUPPORT,SUP002427,STG031046,MARKETING,MKT009744,True,1.0,False,0.0,True,0.9091,False,0.0,False,0.0,False,0.0,0.9636,0.5,email,email | name,name,2,1,False,automatic_match,Automatic match criteria satisfied,accepted_merge,Automatic criteria and cluster safeguards satisfied,True,PCL000813,PCL000813
DCL008664,DCL010591,4,1,B04,Email domain and local-part prefix,1,4,STG077500,SUPPORT,SUP004198,STG074857,SUPPORT,SUP001555,True,0.9744,False,0.0,True,1.0,False,0.0,False,0.0,False,0.0,0.9846,0.5,email,email | name,name,2,1,False,automatic_match,Automatic match criteria satisfied,accepted_merge,Automatic criteria and cluster safeguards satisfied,True,PCL006366,PCL006366
DCL008693,DCL009677,1,2,B04,Email domain and local-part prefix,1,2,STG014732,ECOMMERCE,TXN006732,STG026480,MARKETING,MKT005178,True,1.0,False,0.0,True,0.9333,False,0.0,True,0.6667,False,0.0,0.9222,0.6,email,email | name,name,2,1,False,automatic_match,Automatic match criteria satisfied,accepted_merge,Automatic criteria and cluster safeguards satisfied,True,PCL008596,PCL008596
DCL008728,DCL009570,3,1,B04,Email domain and local-part prefix,1,3,STG026828,MARKETING,MKT005526,STG021673,MARKETING,MKT000371,True,1.0,False,0.0,True,0.9231,False,0.0,True,0.6667,False,0.0,0.9188,0.6,email,email | name,name,2,1,False,automatic_match,Automatic match criteria satisfied,accepted_merge,Automatic criteria and cluster safeguards satisfied,True,PCL008628,PCL008628
DCL008760,DCL010572,3,1,B04,Email domain and local-part prefix,1,3,STG074092,SUPPORT,SUP000790,STG074451,SUPPORT,SUP001149,True,1.0,False,0.0,True,0.9,False,0.0,False,0.0,False,0.0,0.96,0.5,email,email | name,name,2,1,False,automatic_match,Automatic match criteria satisfied,accepted_merge,Automatic criteria and cluster safeguards satisfied,True,PCL008654,PCL008654
DCL008772,DCL009994,1,1,B04,Email domain and local-part prefix,1,1,STG015395,ECOMMERCE,TXN007395,STG026673,MARKETING,MKT005371,True,1.0,False,0.0,True,0.9474,False,0.0,True,0.6,False,0.0,0.9158,0.6,email,email | name,name,2,1,False,automatic_match,Automatic match criteria satisfied,accepted_merge,Automatic criteria and cluster safeguards satisfied,True,PCL008664,PCL008664
DCL008822,DCL010537,2,1,B04,Email domain and local-part prefix,1,2,STG029479,MARKETING,MKT008177,STG073880,SUPPORT,SUP000578,True,0.9583,False,0.0,True,1.0,False,0.0,False,0.0,False,0.0,0.975,0.5,email,email | name,name,2,1,False,automatic_match,Automatic match criteria satisfied,accepted_merge,Automatic criteria and cluster safeguards satisfied,True,PCL008709,PCL008709
DCL008828,DCL009950,4,2,B04,Email domain and local-part prefix,1,8,STG078006,SUPPORT,SUP004704,STG026826,MARKETING,MKT005524,True,0.902,False,0.0,True,0.8,False,0.0,False,0.0,False,0.0,0.8612,0.5,email,email | name,name,2,1,False,automatic_match,Automatic match criteria satisfied,accepted_merge,Automatic criteria and cluster safeguards satisfied,True,PCL006842,PCL006842
DCL008840,DCL009875,4,1,B04,Email domain and local-part prefix,1,4,STG075356,SUPPORT,SUP002054,STG025332,MARKETING,MKT004030,True,1.0,False,0.0,True,0.9,False,0.0,False,0.0,False,0.0,0.96,0.5,email,email | name,name,2,1,False,automatic_match,Automatic match criteria satisfied,accepted_merge,Automatic criteria and cluster safeguards satisfied,True,PCL006406,PCL006406
DCL008843,DCL009495,4,2,B04,Email domain and local-part prefix,1,8,STG024279,MARKETING,MKT002977,STG021110,ECOMMERCE,TXN013110,True,0.9767,False,0.0,True,1.0,False,0.0,True,0.5,False,0.0,0.905,0.6,email,email | name,name,2,1,False,automatic_match,Automatic match criteria satisfied,accepted_merge,Automatic criteria and cluster safeguards satisfied,True,PCL008724,PCL008724
DCL008849,DCL010535,2,1,B04,Email domain and local-part prefix,1,2,STG022176,MARKETING,MKT000874,STG073859,SUPPORT,SUP000557,True,1.0,False,0.0,True,0.9677,False,0.0,False,0.0,False,0.0,0.9871,0.5,email,email | name,name,2,1,False,automatic_match,Automatic match criteria satisfied,accepted_merge,Automatic criteria and cluster safeguards satisfied,True,PCL008728,PCL008728
DCL008895,DCL009057,2,2,B01 | B02 | B03,Phone suffix and surname initial | Surname initial and postcode outward code | Surname prefix and exact postcode,3,4,STG016527,ECOMMERCE,TXN008527,STG018228,ECOMMERCE,TXN010228,True,0.8085,True,1.0,True,0.9167,True,1.0,True,1.0,False,0.0,0.922,0.95,phone,address | email | name | phone | postcode,address | email | name | postcode,5,4,False,automatic_match,Automatic match criteria satisfied,accepted_merge,Automatic criteria and cluster safeguards satisfied,True,PCL008767,PCL008767
DCL008934,DCL010573,2,2,B04,Email domain and local-part prefix,1,4,STG016936,ECOMMERCE,TXN008936,STG074465,SUPPORT,SUP001163,True,1.0,True,0.9091,True,0.9524,False,0.0,False,0.0,False,0.0,0.957,0.75,email | phone,email | name | phone,name,3,1,False,automatic_match,Automatic match criteria satisfied,accepted_merge,Automatic criteria and cluster safeguards satisfied,True,PCL008804,PCL008804
DCL008946,DCL010121,1,1,B04,Email domain and local-part prefix,1,1,STG017062,ECOMMERCE,TXN009062,STG028097,MARKETING,MKT006795,True,0.9756,False,0.0,True,1.0,False,0.0,True,0.6,False,0.0,0.9211,0.6,email,email | name,name,2,1,False,automatic_match,Automatic match criteria satisfied,accepted_merge,Automatic criteria and cluster safeguards satisfied,True,PCL008815,PCL008815
DCL009047,DCL010705,3,1,B04,Email domain and local-part prefix,1,3,STG024024,MARKETING,MKT002722,STG077425,SUPPORT,SUP004123,True,0.9756,False,0.0,True,1.0,False,0.0,False,0.0,False,0.0,0.9854,0.5,email,email | name,name,2,1,False,automatic_match,Automatic match criteria satisfied,accepted_merge,Automatic criteria and cluster safeguards satisfied,True,PCL008905,PCL008905
DCL009052,DCL010542,3,1,B04,Email domain and local-part prefix,1,3,STG031215,MARKETING,MKT009913,STG074021,SUPPORT,SUP000719,True,0.9787,False,0.0,True,1.0,False,0.0,False,0.0,False,0.0,0.9872,0.5,email,email | name,name,2,1,False,automatic_match,Automatic match criteria satisfied,accepted_merge,Automatic criteria and cluster safeguards satisfied,True,PCL008909,PCL008909
DCL009109,DCL009759,2,2,B04,Email domain and local-part prefix,1,4,STG018603,ECOMMERCE,TXN010603,STG028933,MARKETING,MKT007631,True,1.0,False,0.0,True,0.875,False,0.0,True,0.6667,False,0.0,0.9028,0.6,email,email | name,name,2,1,False,automatic_match,Automatic match criteria satisfied,accepted_merge,Automatic criteria and cluster safeguards satisfied,True,PCL008957,PCL008957
DCL009121,DCL010323,4,1,B04,Email domain and local-part prefix,1,4,STG074053,SUPPORT,SUP000751,STG030884,MARKETING,MKT009582,True,1.0,False,0.0,True,0.96,False,0.0,False,0.0,False,0.0,0.984,0.5,email,email | name,name,2,1,False,automatic_match,Automatic match criteria satisfied,accepted_merge,Automatic criteria and cluster safeguards satisfied,True,PCL008968,PCL008968
DCL009138,DCL010652,2,1,B04,Email domain and local-part prefix,1,2,STG019043,ECOMMERCE,TXN011043,STG076161,SUPPORT,SUP002859,True,0.898,False,0.0,True,0.7826,False,0.0,False,0.0,False,0.0,0.8518,0.5,email,email | name,name,2,1,False,automatic_match,Automatic match criteria satisfied,accepted_merge,Automatic criteria and cluster safeguards satisfied,True,PCL002358,PCL002358
DCL009183,DCL009294,1,4,B01 | B02 | B05,First-name initial and exact postcode | Surname initial and postcode outward code | Surname prefix and exact postcode,3,4,STG019349,ECOMMERCE,TXN011349,STG020039,ECOMMERCE,TXN012039,True,0.75,False,0.0,True,0.9412,True,1.0,True,1.0,False,0.0,0.8761,0.7,,address | email | name | postcode,address | email | name | postcode,4,4,False,automatic_match,Automatic match criteria satisfied,accepted_merge,Automatic criteria and cluster safeguards satisfied,True,PCL009023,PCL009023
DCL009279,DCL010054,2,1,B04,Email domain and local-part prefix,1,2,STG077231,SUPPORT,SUP003929,STG027332,MARKETING,MKT006030,True,1.0,False,0.0,True,0.9565,False,0.0,False,0.0,False,0.0,0.9826,0.5,email,email | name,name,2,1,False,automatic_match,Automatic match criteria satisfied,accepted_merge,Automatic criteria and cluster safeguards satisfied,True,PCL009113,PCL009113
DCL009280,DCL009624,4,1,B04,Email domain and local-part prefix,1,4,STG027370,MARKETING,MKT006068,STG022158,MARKETING,MKT000856,True,1.0,False,0.0,True,0.9286,False,0.0,True,0.6,False,0.0,0.9095,0.6,email,email | name,name,2,1,False,automatic_match,Automatic match criteria satisfied,accepted_merge,Automatic criteria and cluster safeguards satisfied,True,PCL009114,PCL009114
DCL009350,DCL009370,2,3,B04,Email domain and local-part prefix,1,6,STG029910,MARKETING,MKT008608,STG076697,SUPPORT,SUP003395,True,0.8929,False,0.0,True,0.8,False,0.0,False,0.0,False,0.0,0.8557,0.5,email,email | name,name,2,1,False,automatic_match,Automatic match criteria satisfied,accepted_merge,Automatic criteria and cluster safeguards satisfied,True,PCL009170,PCL009170
DCL009471,DCL010342,4,1,B04,Email domain and local-part prefix,1,4,STG077643,SUPPORT,SUP004341,STG031069,MARKETING,MKT009767,True,0.96,False,0.0,True,1.0,False,0.0,False,0.0,False,0.0,0.976,0.5,email,email | name,name,2,1,False,automatic_match,Automatic match criteria satisfied,accepted_merge,Automatic criteria and cluster safeguards satisfied,True,PCL009278,PCL009278
DCL009474,DCL009483,4,2,B04,Email domain and local-part prefix,1,8,STG032142,MARKETING,MKT010840,STG031989,MARKETING,MKT010687,True,0.9811,False,0.0,True,1.0,False,0.0,True,0.1667,False,0.0,0.8517,0.6,email,email | name,name,2,1,False,automatic_match,Automatic match criteria satisfied,accepted_merge,Automatic criteria and cluster safeguards satisfied,True,PCL009281,PCL009281
DCL009493,DCL010424,1,1,B04,Email domain and local-part prefix,1,1,STG021102,ECOMMERCE,TXN013102,STG032285,MARKETING,MKT010983,True,1.0,False,0.0,True,0.9565,False,0.0,True,0.5714,False,0.0,0.9141,0.6,email,email | name,name,2,1,False,automatic_match,Automatic match criteria satisfied,accepted_merge,Automatic criteria and cluster safeguards satisfied,True,PCL009298,PCL009298
DCL009516,DCL010737,3,1,B04,Email domain and local-part prefix,1,3,STG078198,SUPPORT,SUP004896,STG077963,SUPPORT,SUP004661,True,0.9545,True,1.0,True,0.9524,False,0.0,False,0.0,False,0.0,0.9691,0.75,email | phone,email | name | phone,name,3,1,False,automatic_match,Automatic match criteria satisfied,accepted_merge,Automatic criteria and cluster safeguards satisfied,True,PCL000319,PCL000319
DCL009616,DCL010741,1,1,B04,Email domain and local-part prefix,1,1,STG022117,MARKETING,MKT000815,STG078043,SUPPORT,SUP004741,True,1.0,False,0.0,True,0.9167,False,0.0,False,0.0,False,0.0,0.9667,0.5,email,email | name,name,2,1,False,automatic_match,Automatic match criteria satisfied,accepted_merge,Automatic criteria and cluster safeguards satisfied,True,PCL009406,PCL009406
DCL009643,DCL010301,1,1,B04,Email domain and local-part prefix,1,1,STG022407,MARKETING,MKT001105,STG030595,MARKETING,MKT009293,True,1.0,False,0.0,True,0.9524,False,0.0,True,0.6667,False,0.0,0.9286,0.6,email,email | name,name,2,1,False,automatic_match,Automatic match criteria satisfied,accepted_merge,Automatic criteria and cluster safeguards satisfied,True,PCL001381,PCL001381
DCL009672,DCL010608,1,1,B04,Email domain and local-part prefix,1,1,STG022715,MARKETING,MKT001413,STG075233,SUPPORT,SUP001931,True,0.9362,False,0.0,True,0.9167,False,0.0,False,0.0,False,0.0,0.9284,0.5,email,email | name,name,2,1,False,automatic_match,Automatic match criteria satisfied,accepted_merge,Automatic criteria and cluster safeguards satisfied,True,PCL001499,PCL001499
DCL009748,DCL010554,4,1,B04,Email domain and local-part prefix,1,4,STG077031,SUPPORT,SUP003729,STG074181,SUPPORT,SUP000879,True,1.0,False,0.0,True,0.9412,False,0.0,False,0.0,False,0.0,0.9765,0.5,email,email | name,name,2,1,False,automatic_match,Automatic match criteria satisfied,accepted_merge,Automatic criteria and cluster safeguards satisfied,True,PCL006108,PCL006108
DCL009785,DCL010539,1,2,B04,Email domain and local-part prefix,1,2,STG024069,MARKETING,MKT002767,STG073984,SUPPORT,SUP000682,True,0.9811,False,0.0,True,1.0,False,0.0,False,0.0,False,0.0,0.9887,0.5,email,email | name,name,2,1,False,automatic_match,Automatic match criteria satisfied,accepted_merge,Automatic criteria and cluster safeguards satisfied,True,PCL005016,PCL005016
DCL009834,DCL010054,3,1,B04,Email domain and local-part prefix,1,3,STG024816,MARKETING,MKT003514,STG027332,MARKETING,MKT006030,True,0.8889,False,0.0,True,0.7273,False,0.0,True,1.0,False,0.0,0.8535,0.6,email,email | postcode,name | postcode,2,2,False,automatic_match,Automatic match criteria satisfied,accepted_merge,Automatic criteria and cluster safeguards satisfied,True,PCL009113,PCL009113
DCL009853,DCL010607,2,1,B04,Email domain and local-part prefix,1,2,STG029744,MARKETING,MKT008442,STG075207,SUPPORT,SUP001905,True,0.9778,False,0.0,True,1.0,False,0.0,False,0.0,False,0.0,0.9867,0.5,email,email | name,name,2,1,False,automatic_match,Automatic match criteria satisfied,accepted_merge,Automatic criteria and cluster safeguards satisfied,True,PCL002547,PCL002547
DCL009859,DCL010669,1,1,B04,Email domain and local-part prefix,1,1,STG025149,MARKETING,MKT003847,STG076542,SUPPORT,SUP003240,True,1.0,False,0.0,True,0.9474,False,0.0,False,0.0,False,0.0,0.9789,0.5,email,email | name,name,2,1,False,automatic_match,Automatic match criteria satisfied,accepted_merge,Automatic criteria and cluster safeguards satisfied,True,PCL009601,PCL009601
DCL009920,DCL010198,1,1,B04,Email domain and local-part prefix,1,1,STG025843,MARKETING,MKT004541,STG029280,MARKETING,MKT007978,True,1.0,False,0.0,True,0.9,False,0.0,True,0.6667,False,0.0,0.9111,0.6,email,email | name,name,2,1,False,automatic_match,Automatic match criteria satisfied,accepted_merge,Automatic criteria and cluster safeguards satisfied,True,PCL009654,PCL009654
DCL009957,DCL010516,1,1,B04,Email domain and local-part prefix,1,1,STG026242,MARKETING,MKT004940,STG073456,SUPPORT,SUP000154,True,0.9524,False,0.0,True,0.9,False,0.0,False,0.0,False,0.0,0.9314,0.5,email,email | name,name,2,1,False,automatic_match,Automatic match criteria satisfied,accepted_merge,Automatic criteria and cluster safeguards satisfied,True,PCL002958,PCL002958
DCL009982,DCL010623,1,3,B04,Email domain and local-part prefix,1,3,STG026563,MARKETING,MKT005261,STG076139,SUPPORT,SUP002837,True,1.0,False,0.0,True,0.96,False,0.0,False,0.0,False,0.0,0.984,0.5,email,email | name,name,2,1,False,automatic_match,Automatic match criteria satisfied,accepted_merge,Automatic criteria and cluster safeguards satisfied,True,PCL009704,PCL009704
DCL009986,DCL010729,2,1,B04,Email domain and local-part prefix,1,2,STG030635,MARKETING,MKT009333,STG077854,SUPPORT,SUP004552,True,0.9545,False,0.0,True,1.0,False,0.0,False,0.0,False,0.0,0.9727,0.5,email,email | name,name,2,1,False,automatic_match,Automatic match criteria satisfied,accepted_merge,Automatic criteria and cluster safeguards satisfied,True,PCL009708,PCL009708
DCL010045,DCL010416,1,1,B04,Email domain and local-part prefix,1,1,STG027284,MARKETING,MKT005982,STG032241,MARKETING,MKT010939,True,1.0,False,0.0,True,0.9524,False,0.0,True,0.6,False,0.0,0.9175,0.6,email,email | name,name,2,1,False,automatic_match,Automatic match criteria satisfied,accepted_merge,Automatic criteria and cluster safeguards satisfied,True,PCL001268,PCL001268
DCL010051,DCL010670,1,1,B04,Email domain and local-part prefix,1,1,STG027315,MARKETING,MKT006013,STG076564,SUPPORT,SUP003262,True,0.9744,False,0.0,True,1.0,False,0.0,False,0.0,False,0.0,0.9846,0.5,email,email | name,name,2,1,False,automatic_match,Automatic match criteria satisfied,accepted_merge,Automatic criteria and cluster safeguards satisfied,True,PCL009761,PCL009761
DCL010194,DCL010599,2,1,B04,Email domain and local-part prefix,1,2,STG073604,SUPPORT,SUP000302,STG075067,SUPPORT,SUP001765,True,1.0,False,0.0,True,0.96,False,0.0,False,0.0,False,0.0,0.984,0.5,email,email | name,name,2,1,False,automatic_match,Automatic match criteria satisfied,accepted_merge,Automatic criteria and cluster safeguards satisfied,True,PCL009889,PCL009889
DCL010204,DCL010245,3,1,B04,Email domain and local-part prefix,1,3,STG073908,SUPPORT,SUP000606,STG029885,MARKETING,MKT008583,True,0.92,False,0.0,True,0.8333,False,0.0,False,0.0,False,0.0,0.8853,0.5,email,email | name,name,2,1,False,automatic_match,Automatic match criteria satisfied,accepted_merge,Automatic criteria and cluster safeguards satisfied,True,PCL001324,PCL001324
DCL010442,DCL010633,1,1,B04,Email domain and local-part prefix,1,1,STG032550,MARKETING,MKT011248,STG075786,SUPPORT,SUP002484,True,1.0,False,0.0,True,0.9167,False,0.0,False,0.0,False,0.0,0.9667,0.5,email,email | name,name,2,1,False,automatic_match,Automatic match criteria satisfied,accepted_merge,Automatic criteria and cluster safeguards satisfied,True,PCL010099,PCL010099
DCL010470,DCL010733,1,1,B04,Email domain and local-part prefix,1,1,STG032874,MARKETING,MKT011572,STG077930,SUPPORT,SUP004628,True,0.9778,False,0.0,True,1.0,False,0.0,False,0.0,False,0.0,0.9867,0.5,email,email | name,name,2,1,False,automatic_match,Automatic match criteria satisfied,accepted_merge,Automatic criteria and cluster safeguards satisfied,True,PCL010122,PCL010122
DCL010551,DCL010679,1,2,B04,Email domain and local-part prefix,1,2,STG074146,SUPPORT,SUP000844,STG076755,SUPPORT,SUP003453,True,0.9787,False,0.0,True,1.0,False,0.0,False,0.0,False,0.0,0.9872,0.5,email,email | name,name,2,1,False,automatic_match,Automatic match criteria satisfied,accepted_merge,Automatic criteria and cluster safeguards satisfied,True,PCL010174,PCL010174
DCL010589,DCL010661,1,1,B04,Email domain and local-part prefix,1,1,STG074760,SUPPORT,SUP001458,STG076309,SUPPORT,SUP003007,True,0.96,False,0.0,True,0.9167,False,0.0,False,0.0,False,0.0,0.9427,0.5,email,email | name,name,2,1,False,automatic_match,Automatic match criteria satisfied,accepted_transitive_support,Clusters were already connected by stronger accepted matches,False,PCL004574,PCL004574
