crm_customer_id,ground_truth_id,portal_user_id,is_duplicate_record,duplicate_of_crm_customer_id,dq_missing_email,dq_missing_phone,dq_missing_address,dq_missing_postcode,dq_outdated_address,dq_email_case_variation,dq_abbreviated_first_name,dq_name_typo,dq_phone_format_variation,dq_postcode_format_variation
CRM000001,GT009431,USR000001,False,,False,True,False,False,False,False,False,False,False,False
CRM000002,GT003605,,False,,False,False,False,False,False,False,False,False,True,False
CRM000003,GT007847,,False,,False,False,False,False,False,True,False,False,False,False
CRM000004,GT005909,,False,,False,False,False,False,False,False,False,False,False,False
CRM000005,GT002958,,False,,False,False,False,False,False,False,False,False,False,False
CRM000006,GT009230,USR000002,False,,False,False,False,False,True,False,False,False,False,False
CRM000007,GT008697,,False,,False,False,False,False,False,False,False,False,False,False
CRM000008,GT003652,,False,,False,False,False,False,False,False,False,False,False,False
CRM000009,GT009732,USR000003,False,,False,False,False,False,False,False,False,False,True,False
CRM000010,GT002257,USR000004,False,,False,False,False,False,False,False,False,False,False,False
CRM000011,GT008057,USR000005,False,,False,False,False,False,False,False,False,False,True,False
CRM000012,GT006803,USR000006,False,,False,False,False,False,False,True,False,False,False,False
CRM000013,GT004714,USR000007,False,,False,True,False,True,False,False,False,False,False,False
CRM000014,GT000306,USR000008,False,,False,False,False,False,True,False,False,False,False,False
CRM000015,GT008949,USR000009,False,,False,False,False,False,False,False,False,False,False,False
CRM000016,GT005737,USR000010,False,,False,False,False,False,False,False,False,False,False,False
CRM000017,GT003913,USR000011,False,,False,False,False,False,False,False,False,False,False,False
CRM000018,GT003557,,False,,True,False,False,False,False,False,False,False,False,False
CRM000019,GT006510,,False,,False,False,False,False,False,False,False,False,False,False
CRM000020,GT003483,,False,,False,False,False,False,False,False,False,False,False,False
CRM000021,GT005083,USR000012,False,,False,False,False,False,False,False,False,False,False,False
CRM000022,GT003718,USR000013,False,,False,False,False,False,False,False,False,False,True,False
CRM000023,GT000553,,False,,False,False,False,False,False,False,False,False,True,True
CRM000024,GT002518,USR000014,False,,False,False,False,False,False,False,False,False,False,False
CRM000025,GT008411,USR000015,False,,False,False,True,False,False,False,False,False,False,False
CRM000026,GT008183,USR000016,False,,False,True,False,False,False,False,False,False,False,False
CRM000027,GT006668,USR000017,False,,False,False,False,False,False,False,False,False,True,False
CRM000028,GT004710,,False,,True,False,False,False,False,False,False,False,False,False
CRM000029,GT009699,USR000018,False,,False,False,False,False,False,False,False,False,False,False
CRM000030,GT008405,,False,,False,False,False,False,False,False,False,False,False,False
CRM000031,GT002464,USR000019,False,,False,False,False,False,False,False,False,False,False,False
CRM000032,GT005675,,False,,False,False,False,False,False,False,False,False,False,False
CRM000033,GT009557,USR000020,False,,False,False,False,False,False,False,False,False,False,False
CRM000034,GT007855,USR000021,False,,False,True,False,False,False,False,False,False,False,True
CRM000035,GT003702,USR000022,False,,False,False,False,False,False,False,False,False,False,False
CRM000036,GT004704,USR000023,False,,False,False,True,False,False,False,False,False,True,False
CRM000037,GT005183,,False,,False,False,False,False,False,False,False,False,False,False
CRM000038,GT009019,,False,,False,False,False,False,False,False,False,False,True,False
CRM000039,GT007139,,False,,False,False,False,False,False,False,False,False,False,False
CRM000040,GT003989,,False,,False,False,False,False,False,False,False,False,False,False
CRM000041,GT004625,USR000024,False,,False,False,False,False,False,False,False,False,False,False
CRM000042,GT000928,USR000025,False,,False,False,False,False,False,False,False,False,False,False
CRM000043,GT004926,USR000026,False,,False,True,False,False,True,False,False,False,False,False
CRM000044,GT002302,USR000027,False,,False,False,False,False,False,False,False,False,True,False
CRM000045,GT000936,USR000028,False,,False,False,False,False,False,False,False,False,False,False
CRM000046,GT000918,USR000029,False,,False,False,False,False,False,False,False,False,False,False
CRM000047,GT002169,USR000030,False,,False,False,False,False,False,False,False,False,False,False
CRM000048,GT006991,,False,,False,False,False,False,False,False,True,False,True,False
CRM000049,GT001798,USR000031,False,,False,False,False,False,False,False,False,False,False,False
CRM000050,GT005683,USR000032,False,,False,False,False,False,False,False,False,False,True,False
CRM000051,GT006023,,False,,False,False,False,False,False,False,False,False,False,False
CRM000052,GT009662,USR000033,False,,False,False,False,False,False,False,False,False,False,False
CRM000053,GT004589,USR000034,False,,False,False,False,False,False,False,False,False,False,False
CRM000054,GT007745,,False,,False,False,False,False,False,False,False,False,False,False
CRM000055,GT000346,,False,,False,False,False,False,False,False,False,False,True,True
CRM000056,GT006437,USR000035,False,,False,False,False,True,False,False,False,False,False,False
CRM000057,GT009805,,False,,False,False,False,False,False,False,False,False,False,False
CRM000058,GT000474,,False,,True,False,False,False,True,False,False,False,True,False
CRM000059,GT009080,,False,,False,True,False,False,False,False,False,False,False,False
CRM000060,GT001565,USR000036,False,,False,True,False,False,True,False,False,False,False,False
CRM000061,GT006748,USR000037,False,,False,False,False,False,False,False,False,False,False,False
CRM000062,GT000252,USR000038,False,,False,False,False,False,False,False,False,False,True,False
CRM000063,GT000616,USR000039,False,,False,False,False,False,False,False,False,False,False,False
CRM000064,GT001356,,False,,False,False,False,False,False,False,False,False,False,False
CRM000065,GT009013,USR000040,False,,False,False,False,False,False,True,False,False,False,False
CRM000066,GT007828,,False,,False,False,False,False,False,False,False,False,False,False
CRM000067,GT006611,,False,,False,False,False,False,False,True,False,False,False,False
CRM000068,GT006485,,False,,False,False,False,False,False,False,False,False,False,False
CRM000069,GT002953,USR000041,False,,False,True,False,False,False,True,False,False,False,False
CRM000070,GT005283,USR000042,False,,False,False,False,False,False,False,False,False,False,False
CRM000071,GT004823,USR000043,False,,False,False,False,False,False,False,False,False,False,False
CRM000072,GT009509,USR000044,False,,False,False,False,False,False,False,False,False,True,False
CRM000073,GT004550,,False,,False,False,False,False,True,False,False,False,False,False
CRM000074,GT007467,,False,,False,False,False,False,False,False,False,False,False,False
CRM000075,GT003597,USR000045,False,,False,False,False,False,False,False,False,False,False,False
CRM000076,GT009255,,False,,False,False,False,False,False,False,False,False,False,False
CRM000077,GT008524,USR000046,False,,False,False,False,False,False,False,False,False,False,False
CRM000078,GT009920,USR000047,False,,False,False,False,False,False,False,False,False,False,False
CRM000079,GT002282,,False,,False,False,False,False,False,False,False,False,False,True
CRM000080,GT008706,USR000048,False,,False,False,False,False,False,False,False,False,True,True
CRM000081,GT004774,,False,,False,False,False,False,False,False,False,False,False,False
CRM000082,GT005102,USR000049,False,,False,False,True,False,False,False,False,False,False,True
CRM000083,GT005422,USR000050,False,,False,False,False,False,False,False,False,False,False,False
CRM000084,GT000923,USR000051,False,,False,True,False,False,False,False,False,False,False,False
CRM000085,GT008813,USR000052,False,,False,True,False,False,False,False,False,False,False,False
CRM000086,GT006040,,False,,False,False,False,False,False,False,False,False,False,False
CRM000087,GT001059,,False,,False,False,False,False,False,False,False,True,False,False
CRM000088,GT007390,,False,,False,False,False,False,False,False,False,False,False,False
CRM000089,GT001140,,False,,False,False,False,False,False,False,False,False,False,False
CRM000090,GT003822,,False,,False,False,False,False,False,False,False,False,False,False
CRM000091,GT006690,,False,,False,False,False,False,False,False,False,False,True,False
CRM000092,GT004658,,False,,False,False,False,False,False,False,False,False,False,False
CRM000093,GT000651,USR000053,False,,False,False,False,False,False,False,False,False,False,False
CRM000094,GT006216,,False,,False,False,False,False,False,False,False,False,False,False
CRM000095,GT003676,,False,,False,False,False,False,False,False,False,False,True,False
CRM000096,GT003823,USR000054,False,,False,False,False,False,False,False,False,False,False,False
CRM000097,GT001634,USR000055,False,,True,False,False,False,False,False,False,False,False,False
CRM000098,GT001842,USR000056,False,,False,False,False,False,False,False,False,False,False,False
CRM000099,GT009932,,False,,False,False,False,False,False,False,False,False,True,False
CRM000100,GT005872,USR000057,False,,False,False,False,False,False,False,False,False,False,True
CRM000101,GT007809,USR000058,False,,False,False,False,False,False,False,False,False,True,False
CRM000102,GT003846,USR000059,False,,False,False,False,False,False,False,False,False,False,False
CRM000103,GT001548,,False,,False,False,False,False,False,False,False,False,False,False
CRM000104,GT006067,,False,,False,False,False,False,False,False,False,False,False,False
CRM000105,GT004057,,False,,False,False,False,False,False,False,False,False,False,False
CRM000106,GT004043,,False,,False,False,False,False,False,False,False,False,False,False
CRM000107,GT000883,,False,,True,False,False,False,False,False,False,False,True,False
CRM000108,GT004216,USR000060,False,,True,False,False,False,False,False,False,False,False,False
CRM000109,GT000521,,False,,False,False,False,False,False,False,False,False,False,False
CRM000110,GT009020,USR000061,False,,False,False,False,False,False,False,False,False,False,False
CRM000111,GT003757,USR000062,False,,False,False,False,False,False,False,False,False,True,False
CRM000112,GT007151,,False,,False,False,False,False,True,False,False,False,False,False
CRM000113,GT005881,USR000063,False,,False,False,False,False,False,False,False,True,False,False
CRM000114,GT004411,USR000064,False,,False,False,False,False,False,False,False,False,True,False
CRM000115,GT003396,USR000065,False,,False,False,False,False,False,False,False,False,False,False
CRM000116,GT000318,USR000066,False,,False,True,False,False,False,False,False,False,False,False
CRM000117,GT006537,,False,,False,False,False,False,False,False,False,False,False,False
CRM000118,GT001001,USR000067,False,,False,True,False,False,False,False,False,False,False,False
CRM000119,GT002361,USR000068,False,,False,False,False,False,False,False,False,False,True,False
CRM000120,GT009587,USR000069,False,,False,False,False,False,True,False,False,False,False,False
CRM000121,GT003767,USR000070,False,,False,False,False,False,False,False,False,False,False,False
CRM000122,GT003635,,False,,False,True,False,False,False,False,False,False,False,True
CRM000123,GT006897,USR000071,False,,False,False,False,False,False,False,False,False,False,False
CRM000124,GT002709,,False,,False,False,False,False,False,False,False,False,False,False
CRM000125,GT003690,,False,,False,False,False,False,False,False,True,False,False,False
CRM000126,GT003086,USR000072,False,,False,False,False,False,False,False,False,False,True,False
CRM000127,GT006952,USR000073,False,,False,False,False,False,False,False,False,False,False,False
CRM000128,GT000775,USR000074,False,,False,True,False,False,False,False,False,False,False,False
CRM000129,GT003819,,False,,False,False,False,False,False,False,False,False,True,False
CRM000130,GT009973,,False,,False,False,False,False,False,False,False,False,False,False
CRM000131,GT006402,USR000075,False,,False,False,False,False,False,False,False,False,True,False
CRM000132,GT004754,USR000076,False,,False,False,False,False,False,False,False,False,False,False
CRM000133,GT002907,USR000077,False,,False,False,False,False,False,False,False,False,False,False
CRM000134,GT000226,USR000078,False,,False,False,False,False,False,False,False,False,True,False
CRM000135,GT009098,USR000079,False,,False,False,False,True,False,False,False,False,True,False
CRM000136,GT009210,,False,,False,False,False,False,False,False,False,True,False,False
CRM000137,GT009787,,False,,False,False,False,False,False,False,False,False,False,False
CRM000138,GT004800,USR000080,False,,True,False,False,False,False,False,True,False,False,False
CRM000139,GT005929,USR000081,False,,False,False,False,False,False,False,False,False,False,False
CRM000140,GT002905,,False,,False,False,False,False,False,False,False,False,False,False
CRM000141,GT008287,USR000082,False,,False,False,False,False,False,False,False,False,False,False
CRM000142,GT005823,USR000083,False,,False,False,False,False,False,False,False,False,True,False
CRM000143,GT002980,USR000084,False,,False,False,False,False,False,False,False,False,False,False
CRM000144,GT002965,USR000085,False,,False,False,False,False,False,False,False,False,False,False
CRM000145,GT003573,USR000086,False,,False,False,False,False,False,False,False,False,False,False
CRM000146,GT006702,,False,,False,False,False,False,False,False,False,False,True,False
CRM000147,GT007695,USR000087,False,,False,False,False,False,False,False,False,False,True,False
CRM000148,GT001044,,False,,False,False,False,False,False,False,False,True,False,False
CRM000149,GT009288,,False,,False,False,False,False,False,False,False,False,True,False
CRM000150,GT007528,,False,,False,False,False,False,False,False,False,False,True,False
CRM000151,GT008050,USR000088,False,,False,False,False,False,False,False,False,False,True,True
CRM000152,GT001982,USR000089,False,,False,False,False,False,False,False,False,False,False,True
CRM000153,GT001435,USR000090,False,,False,True,True,False,False,False,False,False,False,False
CRM000154,GT007340,,False,,False,False,False,False,False,False,False,False,False,False
CRM000155,GT009386,USR000091,False,,False,False,False,False,False,False,False,False,False,False
CRM000156,GT003480,USR000092,False,,False,False,False,False,False,False,False,False,False,False
CRM000157,GT001006,,False,,False,False,False,False,False,False,False,False,False,False
CRM000158,GT003274,USR000093,False,,False,False,False,True,False,False,True,False,False,False
CRM000159,GT008381,,False,,False,False,False,False,False,False,False,False,False,True
CRM000160,GT008239,USR000094,False,,False,False,False,False,False,False,False,False,False,False
CRM000161,GT002357,USR000095,False,,False,False,False,False,False,False,False,False,False,False
CRM000162,GT001555,USR000096,False,,False,False,False,False,False,False,False,False,False,False
CRM000163,GT004961,,False,,False,False,False,False,False,False,False,False,False,True
CRM000164,GT003213,,False,,False,False,True,False,False,False,False,False,False,False
CRM000165,GT008508,USR000097,False,,False,False,False,False,False,False,False,False,True,False
CRM000166,GT004654,,False,,False,False,True,False,False,False,False,False,False,False
CRM000167,GT002280,USR000098,False,,False,False,False,False,False,False,False,False,False,True
CRM000168,GT004313,USR000099,False,,False,False,False,False,False,False,False,False,False,True
CRM000169,GT002237,,False,,False,False,False,False,False,False,False,False,False,True
CRM000170,GT007037,USR000100,False,,False,False,False,False,False,False,False,False,False,False
CRM000171,GT009721,USR000101,False,,False,False,False,False,False,False,False,False,False,True
CRM000172,GT006078,,False,,False,False,False,False,False,False,False,False,False,False
CRM000173,GT002390,,False,,False,False,False,False,False,False,False,False,False,False
CRM000174,GT008122,USR000102,False,,False,False,False,False,False,False,False,False,True,False
CRM000175,GT003659,USR000103,False,,False,False,False,False,False,False,False,False,False,False
CRM000176,GT000886,USR000104,False,,False,False,False,False,False,False,False,False,False,True
CRM000177,GT001543,,False,,False,False,False,False,False,False,False,False,True,False
CRM000178,GT008351,,False,,False,False,False,False,False,False,False,False,False,False
CRM000179,GT002278,,False,,True,False,False,False,False,False,False,False,False,False
CRM000180,GT007824,,False,,False,False,True,False,False,False,False,False,False,False
CRM000181,GT000827,USR000105,False,,False,False,False,False,False,False,False,False,True,False
CRM000182,GT008399,,False,,False,True,False,False,False,False,False,False,False,False
CRM000183,GT007147,,False,,False,False,False,False,False,False,False,False,False,True
CRM000184,GT000887,,False,,False,True,False,True,False,False,False,False,False,False
CRM000185,GT000424,,False,,False,True,False,False,False,False,False,False,False,False
CRM000186,GT002529,USR000106,False,,False,False,False,False,False,False,False,False,False,False
CRM000187,GT006464,USR000107,False,,False,True,False,False,False,False,False,False,False,False
CRM000188,GT005731,,False,,False,False,False,False,False,False,False,False,False,False
CRM000189,GT002865,USR000108,False,,False,False,False,False,False,False,False,False,False,False
CRM000190,GT009785,,False,,False,False,False,True,False,False,False,False,False,False
CRM000191,GT001028,,False,,False,False,False,False,False,False,False,False,True,False
CRM000192,GT006623,USR000109,False,,False,True,False,False,False,False,False,False,False,True
CRM000193,GT005319,USR000110,False,,False,False,False,False,False,False,True,False,False,False
CRM000194,GT009900,USR000111,False,,False,False,False,False,False,False,False,False,False,False
CRM000195,GT009546,USR000112,False,,False,False,False,False,False,False,False,False,True,False
CRM000196,GT004801,,False,,False,False,False,False,False,False,False,False,False,False
CRM000197,GT004490,,False,,False,False,False,False,False,False,False,False,True,False
CRM000198,GT003577,USR000113,False,,False,False,True,False,False,False,False,True,False,False
CRM000199,GT001723,USR000114,False,,False,False,False,False,False,False,False,False,False,False
CRM000200,GT006814,USR000115,False,,False,False,False,False,False,False,False,False,False,False
CRM000201,GT008870,,False,,False,False,False,False,False,False,False,False,False,False
CRM000202,GT004766,,False,,False,False,False,True,False,False,False,False,False,False
CRM000203,GT009179,USR000116,False,,False,False,False,False,False,False,False,False,False,False
CRM000204,GT002465,USR000117,False,,False,False,False,False,False,False,False,False,False,True
CRM000205,GT002683,,False,,False,False,False,False,False,False,False,False,False,False
CRM000206,GT009548,USR000118,False,,False,False,False,False,False,False,False,False,False,False
CRM000207,GT009197,USR000119,False,,False,False,False,False,False,False,False,False,False,True
CRM000208,GT005132,USR000120,False,,False,False,False,False,False,False,False,False,False,False
CRM000209,GT005509,USR000121,False,,False,False,False,False,False,True,False,False,False,False
CRM000210,GT003543,USR000122,False,,False,False,False,False,False,False,False,False,False,False
CRM000211,GT000283,,False,,False,False,False,False,False,False,False,False,False,False
CRM000212,GT009852,USR000123,False,,False,False,True,False,False,True,False,False,False,False
CRM000213,GT005089,USR000124,False,,False,False,False,False,False,False,False,False,False,False
CRM000214,GT008072,USR000125,False,,False,False,False,False,False,False,False,False,False,False
CRM000215,GT001613,USR000126,False,,False,False,False,False,False,False,False,False,False,False
CRM000216,GT005899,USR000127,False,,False,False,False,False,False,False,False,False,False,False
CRM000217,GT009868,USR000128,False,,False,False,False,False,False,False,False,False,False,False
CRM000218,GT003130,,False,,False,False,False,False,False,False,False,False,False,False
CRM000219,GT004670,,False,,False,False,False,False,False,False,False,False,False,False
CRM000220,GT002728,USR000129,False,,False,False,True,False,False,False,False,False,False,False
CRM000221,GT007373,USR000130,False,,False,False,False,False,False,False,False,False,False,False
CRM000222,GT000687,,False,,False,False,False,False,False,False,False,False,False,True
CRM000223,GT007312,USR000131,False,,False,False,False,False,False,False,False,False,False,False
CRM000224,GT008347,,False,,False,False,False,False,False,True,False,False,False,False
CRM000225,GT002494,,False,,False,True,False,False,False,False,False,False,False,False
CRM000226,GT003468,,False,,False,True,False,False,False,False,False,False,False,False
CRM000227,GT008767,USR000132,False,,False,False,True,False,False,False,False,False,False,False
CRM000228,GT001566,,False,,False,False,False,False,False,False,False,False,True,True
CRM000229,GT009148,USR000133,False,,False,False,False,False,False,False,False,False,False,False
CRM000230,GT000931,USR000134,False,,False,False,True,False,True,False,False,False,False,False
CRM000231,GT000371,USR000135,False,,False,False,False,False,False,False,False,False,False,False
CRM000232,GT008119,,False,,False,True,False,False,True,False,False,False,False,False
CRM000233,GT000654,,False,,False,False,False,False,False,False,True,False,False,False
CRM000234,GT005681,USR000136,False,,False,False,False,False,False,True,False,False,False,False
CRM000235,GT008860,,False,,False,False,False,False,False,False,False,False,False,False
CRM000236,GT006739,USR000137,False,,False,False,False,False,False,False,False,False,False,False
CRM000237,GT009823,USR000138,False,,False,False,False,False,False,False,False,False,True,False
CRM000238,GT006810,USR000139,False,,False,True,False,False,False,False,False,False,False,False
CRM000239,GT003352,USR000140,False,,False,False,False,False,False,False,False,False,False,False
CRM000240,GT009371,,False,,False,False,False,False,True,False,False,False,False,False
CRM000241,GT000794,,False,,False,False,False,False,False,False,False,False,False,True
CRM000242,GT006817,,False,,False,False,False,False,False,False,False,False,False,False
CRM000243,GT001089,,False,,False,False,False,False,False,False,False,False,False,False
CRM000244,GT003872,,False,,False,False,False,True,False,False,False,False,False,False
CRM000245,GT005003,USR000141,False,,False,False,False,False,False,False,False,True,False,False
CRM000246,GT000537,USR000142,False,,False,False,False,False,False,False,True,False,False,False
CRM000247,GT004065,USR000143,False,,False,False,False,False,False,False,False,False,False,False
CRM000248,GT005376,USR000144,False,,False,False,False,False,False,False,False,False,True,False
CRM000249,GT002800,,False,,False,False,False,False,False,False,False,False,False,False
CRM000250,GT004069,,False,,False,False,False,False,False,False,False,False,False,False
CRM000251,GT007795,USR000145,False,,False,True,False,False,False,False,False,False,False,False
CRM000252,GT001910,USR000146,False,,False,False,False,False,False,False,False,False,False,False
CRM000253,GT003102,,False,,False,False,False,False,False,False,False,False,True,False
CRM000254,GT002771,USR000147,False,,False,False,False,False,False,False,False,False,False,False
CRM000255,GT002503,USR000148,False,,False,False,False,False,False,False,False,False,False,False
CRM000256,GT000374,USR000149,False,,False,False,False,False,False,False,False,True,False,True
CRM000257,GT009565,USR000150,False,,False,False,False,False,False,False,False,False,True,False
CRM000258,GT005094,,False,,False,False,False,False,False,False,False,False,True,True
CRM000259,GT003279,USR000151,False,,False,False,False,False,False,False,False,False,False,False
CRM000260,GT008807,USR000152,False,,True,False,False,False,False,False,False,False,True,False
CRM000261,GT000219,USR000153,False,,False,False,False,False,False,False,False,False,False,False
CRM000262,GT001066,USR000154,False,,False,False,False,False,False,True,False,False,True,False
CRM000263,GT000187,USR000155,False,,False,False,False,False,False,False,False,False,False,False
CRM000264,GT000304,USR000156,False,,False,False,False,False,False,False,False,False,False,False
CRM000265,GT000026,USR000157,False,,False,False,False,True,False,False,False,False,False,False
CRM000266,GT006079,,False,,False,False,False,False,False,False,False,False,False,False
CRM000267,GT007173,USR000158,False,,False,False,False,False,False,False,False,False,False,True
CRM000268,GT003552,,False,,False,True,False,False,False,False,False,False,False,False
CRM000269,GT009280,USR000159,False,,False,False,False,False,True,False,False,False,True,False
CRM000270,GT007553,USR000160,False,,False,False,False,False,False,False,False,False,False,False
CRM000271,GT009882,,False,,True,False,False,False,False,False,False,False,False,True
CRM000272,GT007681,USR000161,False,,False,False,False,False,False,False,False,False,False,False
CRM000273,GT005227,USR000162,False,,False,False,False,False,False,False,False,False,False,False
CRM000274,GT000562,USR000163,False,,False,False,False,False,False,False,False,False,True,False
CRM000275,GT001203,USR000164,False,,False,False,False,False,False,False,False,False,True,True
CRM000276,GT003277,USR000165,False,,False,False,False,False,False,False,False,False,False,False
CRM000277,GT001369,USR000166,False,,False,True,False,False,False,False,False,False,False,True
CRM000278,GT006366,,False,,False,False,False,False,False,False,False,False,False,False
CRM000279,GT000696,USR000167,False,,False,True,False,False,False,False,False,False,False,True
CRM000280,GT005428,,False,,False,False,False,False,False,False,False,False,True,False
CRM000281,GT003644,,False,,False,True,False,False,False,False,False,False,False,False
CRM000282,GT003849,,False,,False,False,False,False,False,False,False,False,False,False
CRM000283,GT000793,USR000168,False,,False,False,False,False,False,False,False,False,False,False
CRM000284,GT007188,,False,,False,True,False,False,False,False,False,False,False,False
CRM000285,GT007635,USR000169,False,,False,False,False,False,True,False,True,False,False,False
CRM000286,GT003200,USR000170,False,,False,True,False,False,False,False,False,False,False,False
CRM000287,GT003772,,False,,False,False,False,False,False,False,False,False,False,False
CRM000288,GT006922,USR000171,False,,False,False,False,False,False,False,False,False,False,False
CRM000289,GT001328,,False,,False,True,False,False,False,False,False,False,False,False
CRM000290,GT006141,USR000172,False,,False,True,False,False,False,False,False,False,False,False
CRM000291,GT003433,,False,,False,False,True,False,False,False,False,False,False,False
CRM000292,GT007004,,False,,False,True,False,False,False,False,False,False,False,False
CRM000293,GT006346,,False,,False,False,False,False,False,False,False,False,False,False
CRM000294,GT002812,USR000173,False,,False,False,False,False,False,False,False,False,False,False
CRM000295,GT003928,USR000174,False,,False,False,False,False,False,False,False,False,False,False
CRM000296,GT002973,USR000175,False,,False,False,False,False,False,False,False,False,False,False
CRM000297,GT007585,,False,,False,False,False,False,False,False,False,False,False,False
CRM000298,GT007905,USR000176,False,,False,True,False,False,False,False,True,False,False,False
CRM000299,GT002383,USR000177,False,,False,False,False,False,False,False,False,False,False,False
CRM000300,GT004930,USR000178,False,,False,False,False,False,False,False,False,False,False,False
CRM000301,GT007561,,False,,False,False,False,False,False,False,False,False,True,False
CRM000302,GT005458,,False,,False,True,False,False,False,False,False,False,False,True
CRM000303,GT000155,,False,,False,False,False,False,False,False,False,False,False,False
CRM000304,GT000881,USR000179,False,,False,True,False,False,False,False,False,False,False,False
CRM000305,GT003855,USR000180,False,,False,False,False,False,False,True,False,False,False,True
CRM000306,GT008429,USR000181,False,,False,False,False,False,False,False,False,False,True,False
CRM000307,GT004283,,False,,False,False,False,False,False,False,False,False,False,False
CRM000308,GT006229,USR000182,False,,False,False,False,False,False,False,False,False,False,False
CRM000309,GT005644,USR000183,False,,False,False,False,False,False,False,False,False,False,False
CRM000310,GT000812,USR000184,False,,False,False,True,False,False,False,False,False,True,False
CRM000311,GT004780,,False,,False,False,False,False,False,False,False,False,False,False
CRM000312,GT004324,,False,,False,False,True,False,False,False,False,False,False,False
CRM000313,GT004586,,False,,False,False,False,False,False,False,False,False,False,False
CRM000314,GT009111,,False,,False,False,False,False,False,False,False,False,False,False
CRM000315,GT003008,USR000185,False,,False,False,False,False,False,False,False,False,False,False
CRM000316,GT009775,,False,,False,False,False,False,False,False,False,False,False,False
CRM000317,GT004723,,False,,False,False,False,False,False,False,False,False,False,False
CRM000318,GT004781,USR000186,False,,False,False,False,False,False,False,False,False,False,False
CRM000319,GT007121,USR000187,False,,False,False,False,False,False,False,False,False,False,False
CRM000320,GT004775,USR000188,False,,False,False,False,False,False,False,False,False,False,False
CRM000321,GT000592,USR000189,False,,False,False,False,False,False,False,False,False,False,True
CRM000322,GT005621,,False,,False,False,False,False,False,False,False,False,False,False
CRM000323,GT000872,USR000190,False,,False,False,False,False,False,False,False,False,True,False
CRM000324,GT009292,,False,,False,True,False,False,False,False,False,False,False,False
CRM000325,GT003125,USR000191,False,,False,False,False,False,False,False,False,False,False,False
CRM000326,GT009334,USR000192,False,,False,False,False,False,False,False,False,False,False,False
CRM000327,GT005190,,False,,False,False,False,False,False,False,False,False,False,False
CRM000328,GT007813,USR000193,False,,False,False,False,False,False,False,False,False,False,False
CRM000329,GT005071,,False,,False,False,False,False,False,False,False,False,False,False
CRM000330,GT002118,USR000194,False,,False,False,False,False,False,False,False,False,True,False
CRM000331,GT009971,,False,,False,False,False,False,False,False,False,False,False,False
CRM000332,GT006335,,False,,False,False,False,False,False,False,False,False,True,True
CRM000333,GT004513,,False,,False,False,True,False,False,False,False,False,True,False
CRM000334,GT009399,USR000195,False,,False,False,False,False,False,False,False,False,False,False
CRM000335,GT005565,USR000196,False,,False,True,False,False,False,False,False,False,False,False
CRM000336,GT004070,USR000197,False,,False,False,False,False,False,False,False,False,True,False
CRM000337,GT001993,USR000198,False,,False,False,False,False,False,False,False,False,False,False
CRM000338,GT003346,,False,,False,False,False,False,True,False,False,False,True,False
CRM000339,GT008117,USR000199,False,,False,False,False,False,False,False,False,False,False,False
CRM000340,GT001620,,False,,False,False,False,False,False,False,False,False,False,False
CRM000341,GT004633,,False,,False,False,False,True,False,False,False,False,True,False
CRM000342,GT006419,,False,,False,False,False,False,False,False,False,False,False,False
CRM000343,GT004451,,False,,False,False,False,False,True,False,False,False,False,False
CRM000344,GT003999,,False,,False,False,False,False,False,False,False,False,False,False
CRM000345,GT000370,USR000200,False,,False,False,False,False,False,False,False,False,False,False
CRM000346,GT008159,,False,,False,False,False,False,False,False,False,False,False,False
CRM000347,GT000740,,False,,False,False,False,False,False,False,False,False,False,False
CRM000348,GT004336,USR000201,False,,False,True,False,False,False,False,False,False,False,False
CRM000349,GT000848,USR000202,False,,False,False,False,False,False,False,False,False,False,False
CRM000350,GT003152,USR000203,False,,False,False,False,False,False,False,False,False,True,False
CRM000351,GT007808,,False,,False,False,False,False,False,False,False,False,False,False
CRM000352,GT009252,USR000204,False,,False,False,False,False,False,False,False,False,False,False
CRM000353,GT000402,,False,,False,False,False,False,False,False,False,False,False,False
CRM000354,GT003027,USR000205,False,,False,False,False,False,False,False,False,False,False,False
CRM000355,GT006883,,False,,False,False,False,False,False,False,False,False,True,False
CRM000356,GT003727,,False,,False,False,False,False,False,True,False,False,True,True
CRM000357,GT009874,USR000206,False,,False,True,False,False,False,False,False,False,False,False
CRM000358,GT001428,,False,,False,False,False,False,False,False,False,False,False,False
CRM000359,GT001387,USR000207,False,,False,False,False,False,False,False,False,False,False,False
CRM000360,GT007279,USR000208,False,,False,False,False,False,False,False,False,False,True,False
CRM000361,GT006941,,False,,False,False,False,False,False,False,False,False,False,False
CRM000362,GT009365,,False,,False,False,False,True,False,False,False,False,False,False
CRM000363,GT000743,,False,,False,False,False,False,False,False,False,False,True,False
CRM000364,GT000164,USR000209,False,,False,False,False,False,False,False,False,False,True,False
CRM000365,GT001291,USR000210,False,,False,False,False,False,False,False,False,False,False,False
CRM000366,GT009222,,False,,False,False,False,False,False,False,False,False,False,False
CRM000367,GT004347,USR000211,False,,True,False,False,True,False,False,False,False,False,False
CRM000368,GT004298,USR000212,False,,False,False,False,False,False,False,False,False,True,False
CRM000369,GT002710,USR000213,False,,False,False,False,False,False,False,False,False,False,False
CRM000370,GT001952,,False,,True,False,False,False,False,False,False,False,False,False
CRM000371,GT001175,,False,,False,True,False,False,False,False,True,False,False,False
CRM000372,GT007530,USR000214,False,,False,False,False,False,False,False,True,False,False,True
CRM000373,GT000430,,False,,False,False,False,False,False,False,False,False,False,False
CRM000374,GT007412,,False,,False,False,False,False,False,False,False,False,False,False
CRM000375,GT005013,,False,,False,False,False,False,False,False,False,False,False,False
CRM000376,GT001811,USR000215,False,,False,True,False,False,False,False,False,False,False,False
CRM000377,GT002303,,False,,False,False,False,False,False,False,False,False,False,False
CRM000378,GT000436,USR000216,False,,False,False,False,False,False,False,False,False,False,False
CRM000379,GT008424,USR000217,False,,False,True,False,False,False,False,False,False,False,False
CRM000380,GT005967,USR000218,False,,False,False,False,False,False,False,False,False,False,False
CRM000381,GT007352,USR000219,False,,False,False,False,False,False,False,False,False,False,False
CRM000382,GT005393,USR000220,False,,False,False,False,False,False,False,False,False,True,False
CRM000383,GT000601,USR000221,False,,False,False,False,False,False,False,False,False,False,False
CRM000384,GT007103,USR000222,False,,True,False,False,False,False,False,False,False,False,False
CRM000385,GT008894,USR000223,False,,True,False,False,False,False,False,False,False,False,False
CRM000386,GT002655,USR000224,False,,False,False,False,False,False,False,False,False,False,False
CRM000387,GT003910,,False,,False,False,True,False,False,False,False,False,False,False
CRM000388,GT009916,USR000225,False,,False,False,False,False,False,False,False,False,False,False
CRM000389,GT006167,,False,,False,False,False,False,False,False,False,False,False,False
CRM000390,GT001313,USR000226,False,,False,False,True,False,False,False,False,False,False,False
CRM000391,GT001742,,False,,False,False,False,False,False,False,False,False,False,False
CRM000392,GT002589,,False,,False,False,False,False,False,False,False,False,False,False
CRM000393,GT009278,,False,,False,False,False,False,False,False,False,False,False,False
CRM000394,GT008087,USR000227,False,,False,False,False,False,False,False,False,False,False,False
CRM000395,GT000166,,False,,False,False,False,False,False,False,False,False,False,False
CRM000396,GT002007,USR000228,False,,False,False,False,False,False,False,False,False,True,False
CRM000397,GT002512,USR000229,False,,False,False,False,False,False,False,False,False,False,False
CRM000398,GT005274,,False,,False,False,False,False,False,False,False,False,False,True
CRM000399,GT001931,USR000230,False,,False,False,False,True,False,False,False,False,False,False
CRM000400,GT006862,,False,,False,False,False,False,False,False,False,False,False,False
CRM000401,GT000380,,False,,False,True,True,False,False,False,False,False,False,False
CRM000402,GT000317,,False,,False,False,False,False,False,True,False,True,True,False
CRM000403,GT000929,USR000231,False,,False,False,False,False,False,False,False,False,False,True
CRM000404,GT008549,,False,,False,False,False,False,False,False,False,False,False,False
CRM000405,GT007690,USR000232,False,,False,False,False,False,False,False,False,False,False,False
CRM000406,GT005601,USR000233,False,,True,False,False,False,False,False,False,False,False,False
CRM000407,GT007343,,False,,False,False,False,False,False,False,False,False,False,False
CRM000408,GT000099,USR000234,False,,False,False,False,False,False,True,False,False,False,False
CRM000409,GT002408,,False,,False,False,False,False,False,False,False,False,False,False
CRM000410,GT005188,USR000235,False,,False,False,False,False,False,False,False,False,False,True
CRM000411,GT008046,,False,,False,False,False,False,False,False,False,False,True,False
CRM000412,GT005903,,False,,False,False,False,False,True,False,False,False,False,False
CRM000413,GT003322,,False,,False,False,False,False,False,False,False,False,True,False
CRM000414,GT002515,USR000236,False,,False,False,False,False,False,False,False,False,False,False
CRM000415,GT008598,USR000237,False,,False,False,False,False,True,False,False,False,False,False
CRM000416,GT008539,,False,,False,False,False,False,False,False,False,False,False,False
CRM000417,GT001040,,False,,False,False,False,False,False,False,False,False,False,False
CRM000418,GT008030,USR000238,False,,False,False,False,False,False,False,False,False,False,False
CRM000419,GT003520,USR000239,False,,False,False,False,False,False,False,False,False,False,True
CRM000420,GT004019,USR000240,False,,False,False,False,False,False,False,False,False,False,False
CRM000421,GT000648,USR000241,False,,False,False,False,False,False,False,False,False,True,False
CRM000422,GT004162,USR000242,False,,False,False,False,False,False,False,False,False,True,False
CRM000423,GT006907,,False,,False,False,False,False,False,False,False,False,True,False
CRM000424,GT003356,,False,,False,False,False,False,False,False,False,False,False,False
CRM000425,GT005991,,False,,False,False,False,False,False,False,False,False,False,True
CRM000426,GT006660,USR000243,False,,False,False,False,False,False,True,False,False,False,False
CRM000427,GT009709,,False,,False,False,False,False,False,False,False,False,False,False
CRM000428,GT005754,USR000244,False,,False,False,False,False,False,False,False,False,False,False
CRM000429,GT006418,,False,,True,False,False,True,False,False,False,False,True,False
CRM000430,GT009598,USR000245,False,,False,False,False,False,False,False,False,False,False,False
CRM000431,GT003241,USR000246,False,,False,False,False,False,False,False,False,False,False,False
CRM000432,GT003332,,False,,False,False,False,False,False,False,False,False,False,False
CRM000433,GT007112,USR000247,False,,False,True,False,False,False,False,False,False,False,False
CRM000434,GT006433,USR000248,False,,False,False,False,True,False,False,False,False,True,False
CRM000435,GT003297,USR000249,False,,False,False,False,False,False,False,False,False,True,False
CRM000436,GT009342,,False,,False,False,False,False,True,False,False,False,False,False
CRM000437,GT009777,USR000250,False,,False,True,False,False,False,False,False,False,False,False
CRM000438,GT009946,USR000251,False,,False,False,False,False,False,False,False,True,False,False
CRM000439,GT006969,USR000252,False,,False,False,False,False,False,False,False,False,True,False
CRM000440,GT008311,USR000253,False,,False,False,False,False,False,False,False,False,False,False
CRM000441,GT009007,,False,,False,False,False,False,False,False,False,False,False,False
CRM000442,GT005993,USR000254,False,,False,False,False,False,False,False,False,False,False,False
CRM000443,GT009051,USR000255,False,,False,False,False,False,False,False,False,False,False,False
CRM000444,GT005513,USR000256,False,,False,False,False,False,False,False,False,False,False,False
CRM000445,GT003256,,False,,False,False,False,False,False,False,True,False,False,False
CRM000446,GT005199,USR000257,False,,False,False,False,False,False,False,False,False,True,False
CRM000447,GT001616,USR000258,False,,False,False,False,False,False,False,False,False,False,False
CRM000448,GT009723,,False,,False,True,False,False,False,True,False,False,False,False
CRM000449,GT003338,USR000259,False,,False,False,False,False,False,False,False,False,False,False
CRM000450,GT001259,USR000260,False,,False,False,False,False,False,False,False,False,True,False
CRM000451,GT008297,,False,,False,False,True,False,False,False,False,False,False,False
CRM000452,GT007436,USR000261,False,,False,False,False,False,False,False,False,False,False,False
CRM000453,GT008459,,False,,False,False,False,False,False,True,False,False,False,False
CRM000454,GT009233,,False,,False,False,False,False,False,False,False,False,False,False
CRM000455,GT007825,USR000262,False,,False,False,False,False,False,False,False,False,False,False
CRM000456,GT006007,USR000263,False,,False,False,False,False,False,False,False,False,False,False
CRM000457,GT008501,USR000264,False,,False,False,False,False,False,False,False,False,False,False
CRM000458,GT001598,USR000265,False,,False,False,False,False,False,False,False,False,True,False
CRM000459,GT002313,USR000266,False,,False,False,False,False,False,False,False,False,False,False
CRM000460,GT005791,USR000267,False,,False,False,False,False,False,False,False,False,False,False
CRM000461,GT004751,USR000268,False,,False,False,False,True,False,False,False,False,False,False
CRM000462,GT009337,USR000269,False,,True,False,False,False,False,False,False,False,False,False
CRM000463,GT003318,USR000270,False,,False,False,False,False,False,False,False,False,False,False
CRM000464,GT000689,USR000271,False,,False,False,False,False,False,False,False,False,False,False
CRM000465,GT002864,,False,,False,False,False,False,False,False,False,False,True,False
CRM000466,GT001788,USR000272,False,,False,True,False,False,False,False,False,False,False,False
CRM000467,GT004255,USR000273,False,,False,True,False,False,False,False,False,False,False,False
CRM000468,GT001065,,False,,False,False,False,False,False,False,False,False,False,False
CRM000469,GT006215,USR000274,False,,False,True,False,False,False,False,False,False,False,False
CRM000470,GT003886,,False,,False,False,False,False,False,False,False,False,False,False
CRM000471,GT002299,,False,,False,False,False,False,False,False,False,False,True,False
CRM000472,GT008877,,False,,False,False,False,False,False,False,False,False,False,False
CRM000473,GT009885,USR000275,False,,False,True,False,False,False,False,False,False,False,False
CRM000474,GT006851,USR000276,False,,False,False,False,False,False,False,False,False,False,False
CRM000475,GT001075,USR000277,False,,False,False,False,False,False,False,False,False,False,True
CRM000476,GT005265,USR000278,False,,False,False,False,False,False,False,False,False,False,False
CRM000477,GT006998,USR000279,False,,False,False,False,False,False,False,False,False,False,True
CRM000478,GT004683,USR000280,False,,False,False,False,False,False,False,False,False,False,False
CRM000479,GT001690,USR000281,False,,False,False,False,False,False,False,True,False,False,False
CRM000480,GT003482,USR000282,False,,False,False,False,False,False,False,False,False,False,False
CRM000481,GT008953,,False,,False,False,False,False,False,False,False,False,False,False
CRM000482,GT000411,USR000283,False,,False,False,False,False,False,False,False,False,True,False
CRM000483,GT000519,,False,,False,False,False,False,False,False,False,False,False,False
CRM000484,GT006975,,False,,False,False,False,False,False,False,False,False,False,False
CRM000485,GT008293,USR000284,False,,False,False,False,False,False,False,False,False,False,False
CRM000486,GT006165,,False,,False,False,False,False,False,False,False,False,False,False
CRM000487,GT009011,USR000285,False,,False,False,False,False,False,False,False,False,False,False
CRM000488,GT005143,,False,,False,False,False,False,False,False,False,False,False,False
CRM000489,GT006492,,False,,False,False,False,False,False,False,False,False,True,False
CRM000490,GT004322,,False,,False,False,False,False,False,False,False,True,False,True
CRM000491,GT007917,USR000286,False,,False,False,True,False,False,False,False,False,True,False
CRM000492,GT000349,,False,,False,False,False,False,False,False,False,False,True,False
CRM000493,GT003924,USR000287,False,,False,False,False,False,False,False,False,True,False,False
CRM000494,GT003632,USR000288,False,,False,False,False,False,False,False,False,False,False,False
CRM000495,GT001098,,False,,False,False,False,False,True,False,False,False,False,False
CRM000496,GT004784,USR000289,False,,False,False,False,True,False,False,True,False,False,False
CRM000497,GT007445,,False,,False,False,False,False,False,False,True,False,True,False
CRM000498,GT001492,USR000290,False,,False,True,False,False,False,False,False,False,False,False
CRM000499,GT002006,USR000291,False,,False,False,False,False,False,False,False,False,False,True
CRM000500,GT009006,USR000292,False,,False,False,False,False,False,False,False,False,False,False
CRM000501,GT000192,USR000293,False,,False,False,False,False,False,False,False,False,True,False
CRM000502,GT005113,USR000294,False,,True,False,False,False,False,False,True,False,False,False
CRM000503,GT000617,USR000295,False,,False,False,False,False,False,False,False,False,False,False
CRM000504,GT002957,USR000296,False,,False,True,False,False,False,True,False,False,False,False
CRM000505,GT008058,USR000297,False,,False,False,False,False,False,False,False,False,False,True
CRM000506,GT006089,,False,,False,False,False,False,False,False,False,False,False,False
CRM000507,GT008908,,False,,False,False,False,False,False,False,False,False,False,False
CRM000508,GT004890,,False,,False,False,False,False,False,False,False,False,False,False
CRM000509,GT001096,USR000298,False,,False,False,False,False,False,False,False,False,False,False
CRM000510,GT000770,,False,,False,False,False,False,False,False,False,False,True,False
CRM000511,GT005290,,False,,False,False,False,False,False,False,False,False,True,True
CRM000512,GT009188,,False,,False,False,False,False,False,False,False,False,False,False
CRM000513,GT009857,,False,,False,False,False,False,False,False,False,False,False,False
CRM000514,GT007512,,False,,False,False,False,False,False,False,False,False,False,False
CRM000515,GT000699,USR000299,False,,False,False,False,False,False,False,False,False,False,False
CRM000516,GT001751,USR000300,False,,False,False,False,False,False,False,False,False,True,False
CRM000517,GT006322,USR000301,False,,False,False,False,False,False,False,False,False,False,False
CRM000518,GT009108,,False,,False,False,False,False,False,False,False,False,False,False
CRM000519,GT004827,USR000302,False,,False,False,False,False,False,False,False,False,False,False
CRM000520,GT002774,USR000303,False,,False,False,False,False,False,False,False,False,False,False
CRM000521,GT001206,USR000304,False,,False,False,False,False,False,False,False,False,True,False
CRM000522,GT007517,,False,,False,False,False,False,False,False,False,False,True,False
CRM000523,GT009069,USR000305,False,,False,True,False,False,False,False,False,False,False,True
CRM000524,GT007283,USR000306,False,,False,False,True,False,False,False,False,False,False,False
CRM000525,GT001617,,False,,False,False,False,False,False,False,False,False,True,False
CRM000526,GT006166,USR000307,False,,False,False,False,False,False,False,True,False,False,False
CRM000527,GT008993,USR000308,False,,False,False,False,False,False,False,False,False,False,False
CRM000528,GT004785,,False,,False,False,False,False,False,False,False,False,False,False
CRM000529,GT000392,USR000309,False,,False,False,False,False,False,False,False,False,False,False
CRM000530,GT002727,USR000310,False,,False,False,False,False,False,False,False,False,False,False
CRM000531,GT006576,,False,,False,True,False,False,False,False,False,False,False,False
CRM000532,GT001266,USR000311,False,,False,False,False,False,False,False,False,False,False,True
CRM000533,GT003511,,False,,False,False,False,False,False,True,True,False,False,False
CRM000534,GT009802,USR000312,False,,False,False,False,False,False,False,False,False,True,False
CRM000535,GT001312,USR000313,False,,False,True,False,False,False,False,True,False,False,False
CRM000536,GT004373,USR000314,False,,False,True,False,False,False,False,False,False,False,False
CRM000537,GT006480,USR000315,False,,False,False,False,False,False,False,False,False,True,False
CRM000538,GT002134,USR000316,False,,False,True,False,False,False,False,True,False,False,False
CRM000539,GT008096,USR000317,False,,False,False,False,False,False,False,False,False,False,False
CRM000540,GT001727,USR000318,False,,False,False,True,False,False,False,False,False,False,False
CRM000541,GT005981,USR000319,False,,False,False,False,False,False,False,False,False,False,False
CRM000542,GT000376,,False,,False,False,True,False,False,False,False,False,False,False
CRM000543,GT009997,,False,,False,False,True,False,False,False,False,False,False,False
CRM000544,GT005273,USR000320,False,,False,False,False,False,False,False,False,False,False,False
CRM000545,GT002403,USR000321,False,,False,False,False,False,False,False,False,False,False,False
CRM000546,GT001362,USR000322,False,,False,True,False,False,False,False,False,False,False,False
CRM000547,GT000407,USR000323,False,,False,False,False,False,False,False,False,False,True,False
CRM000548,GT002680,,False,,False,False,False,False,False,False,False,False,False,False
CRM000549,GT008425,USR000324,False,,False,True,False,False,False,False,False,False,False,False
CRM000550,GT002497,,False,,False,True,False,False,True,False,False,False,False,False
CRM000551,GT009392,USR000325,False,,False,False,False,False,False,False,False,False,False,True
CRM000552,GT009925,USR000326,False,,False,False,False,False,False,False,False,False,True,False
CRM000553,GT005741,USR000327,False,,False,False,False,False,False,False,False,False,False,False
CRM000554,GT001174,USR000328,False,,False,False,False,False,False,False,False,False,True,False
CRM000555,GT003418,,False,,False,True,False,False,False,False,False,False,False,False
CRM000556,GT003740,,False,,False,True,False,False,False,False,False,False,False,False
CRM000557,GT006493,USR000329,False,,False,False,False,False,False,False,False,False,False,False
CRM000558,GT006901,USR000330,False,,False,False,False,False,False,False,False,False,False,False
CRM000559,GT001697,USR000331,False,,False,False,False,False,False,False,False,False,False,False
CRM000560,GT006555,,False,,False,False,False,False,False,False,False,False,False,False
CRM000561,GT005119,USR000332,False,,False,False,False,False,False,False,False,False,False,False
CRM000562,GT005066,,False,,False,False,False,False,False,False,False,False,False,False
CRM000563,GT001214,,False,,False,False,False,False,False,False,False,False,False,False
CRM000564,GT009032,USR000333,False,,False,False,False,False,False,False,False,False,True,False
CRM000565,GT000290,USR000334,False,,False,False,False,False,False,False,False,False,False,False
CRM000566,GT007509,,False,,False,False,False,False,False,False,False,False,False,False
CRM000567,GT002932,USR000335,False,,False,False,False,False,False,False,False,False,False,False
CRM000568,GT007702,,False,,False,False,False,False,False,False,False,False,False,False
CRM000569,GT003144,,False,,False,False,False,False,False,False,False,False,False,True
CRM000570,GT008043,,False,,False,False,False,False,False,False,False,False,True,False
CRM000571,GT006184,USR000336,False,,False,False,False,False,False,False,False,False,False,False
CRM000572,GT009625,USR000337,False,,False,False,False,False,False,False,False,False,False,False
CRM000573,GT008974,USR000338,False,,False,False,False,False,False,False,False,False,False,False
CRM000574,GT003535,USR000339,False,,True,False,False,False,False,False,False,False,True,False
CRM000575,GT007020,,False,,False,False,False,False,False,False,False,False,True,False
CRM000576,GT006868,,False,,False,False,False,False,False,False,False,False,False,False
CRM000577,GT002074,USR000340,False,,False,False,False,True,False,False,False,False,False,False
CRM000578,GT007644,USR000341,False,,False,False,False,False,False,False,False,False,False,False
CRM000579,GT005440,USR000342,False,,False,False,False,False,False,False,False,False,False,True
CRM000580,GT009174,USR000343,False,,False,False,False,False,False,False,False,False,False,False
CRM000581,GT005116,,False,,False,False,False,False,False,False,True,False,False,False
CRM000582,GT008692,,False,,False,False,False,False,False,False,False,False,True,False
CRM000583,GT003110,USR000344,False,,False,False,False,False,False,False,False,False,False,False
CRM000584,GT003537,,False,,False,False,False,False,False,False,False,False,False,False
CRM000585,GT005563,,False,,False,False,False,True,False,False,False,False,False,False
CRM000586,GT000710,,False,,False,True,True,False,False,False,False,False,False,False
CRM000587,GT004381,,False,,False,False,False,False,False,False,False,False,True,False
CRM000588,GT008919,,False,,False,False,False,False,False,False,False,False,False,True
CRM000589,GT006574,,False,,False,False,False,False,False,False,False,False,True,False
CRM000590,GT009349,USR000345,False,,False,False,False,False,False,False,False,False,False,False
CRM000591,GT009212,,False,,False,False,False,False,False,False,False,False,False,False
CRM000592,GT001042,USR000346,False,,False,False,False,False,False,False,False,False,False,False
CRM000593,GT002583,,False,,False,True,False,False,False,False,False,False,False,False
CRM000594,GT007385,,False,,False,True,False,False,False,False,False,False,False,False
CRM000595,GT004467,,False,,False,False,True,False,False,False,False,False,False,False
CRM000596,GT007919,USR000347,False,,False,False,False,False,False,False,False,False,True,True
CRM000597,GT004803,USR000348,False,,False,False,False,False,False,False,False,False,False,False
CRM000598,GT001954,USR000349,False,,False,False,False,False,False,False,False,False,False,False
CRM000599,GT005587,,False,,False,False,False,False,False,False,False,False,False,False
CRM000600,GT008889,,False,,False,False,False,False,False,False,True,False,False,False
CRM000601,GT000223,USR000350,False,,False,False,False,False,False,False,False,False,True,False
CRM000602,GT005111,,False,,False,False,False,False,False,False,False,False,False,True
CRM000603,GT005579,USR000351,False,,False,False,False,False,False,True,False,False,True,False
CRM000604,GT009138,USR000352,False,,False,False,False,False,False,False,False,False,False,False
CRM000605,GT000530,,False,,False,False,False,False,False,False,False,False,False,False
CRM000606,GT004017,,False,,False,True,False,False,False,False,False,False,False,False
CRM000607,GT007108,,False,,False,False,False,False,False,False,False,False,True,False
CRM000608,GT002041,USR000353,False,,False,False,False,False,False,False,False,False,False,False
CRM000609,GT006635,USR000354,False,,False,False,False,False,False,False,False,False,True,False
CRM000610,GT002572,USR000355,False,,False,False,True,False,False,False,False,False,False,False
CRM000611,GT005300,USR000356,False,,False,True,False,False,False,False,False,False,False,False
CRM000612,GT001069,USR000357,False,,False,False,False,True,False,False,False,False,False,False
CRM000613,GT005456,,False,,False,True,False,False,False,False,False,False,False,False
CRM000614,GT004947,USR000358,False,,False,False,False,False,False,False,False,False,False,False
CRM000615,GT002152,,False,,False,False,False,False,False,False,False,False,False,False
CRM000616,GT000141,,False,,False,False,False,False,False,False,False,False,True,False
CRM000617,GT007857,USR000359,False,,False,False,False,False,False,False,False,False,True,False
CRM000618,GT004565,,False,,False,False,False,False,False,False,False,False,True,False
CRM000619,GT004941,USR000360,False,,False,False,False,False,False,False,False,False,False,False
CRM000620,GT003719,USR000361,False,,False,False,False,False,False,False,False,False,False,False
CRM000621,GT003648,,False,,False,False,False,False,False,False,False,False,False,False
CRM000622,GT005676,USR000362,False,,False,False,False,False,False,False,False,False,True,False
CRM000623,GT005541,USR000363,False,,False,False,False,False,False,False,False,False,False,False
CRM000624,GT003578,,False,,False,False,False,False,False,False,False,False,False,False
CRM000625,GT005810,USR000364,False,,False,False,False,False,False,False,False,False,False,False
CRM000626,GT003608,USR000365,False,,False,False,False,False,True,False,False,False,False,False
CRM000627,GT004429,USR000366,False,,False,False,False,False,False,False,False,False,True,True
CRM000628,GT003619,USR000367,False,,False,True,False,False,False,False,False,False,False,False
CRM000629,GT000250,USR000368,False,,False,False,False,False,False,False,False,False,False,True
CRM000630,GT000672,USR000369,False,,False,False,False,False,False,False,False,False,False,False
CRM000631,GT004744,USR000370,False,,False,False,False,False,False,False,False,False,False,False
CRM000632,GT001401,USR000371,False,,False,False,False,False,False,False,False,False,False,False
CRM000633,GT006331,USR000372,False,,False,False,False,False,True,False,False,False,False,False
CRM000634,GT008407,,False,,False,False,False,False,False,False,False,False,False,True
CRM000635,GT004192,,False,,False,False,False,False,True,False,False,False,False,True
CRM000636,GT009171,,False,,False,False,False,False,False,True,False,False,True,False
CRM000637,GT009272,USR000373,False,,False,False,False,False,False,False,False,False,True,False
CRM000638,GT008266,USR000374,False,,False,False,False,False,False,False,False,False,False,False
CRM000639,GT004590,,False,,False,False,False,False,False,True,False,False,False,False
CRM000640,GT003528,USR000375,False,,False,False,False,False,False,False,False,False,False,False
CRM000641,GT000605,,False,,False,False,False,False,False,False,False,False,False,True
CRM000642,GT007156,USR000376,False,,False,False,False,False,False,False,False,False,False,False
CRM000643,GT001983,,False,,False,False,False,False,False,False,False,False,False,False
CRM000644,GT007601,USR000377,False,,False,False,False,False,False,False,False,False,False,False
CRM000645,GT008605,USR000378,False,,False,False,False,False,False,False,False,False,True,False
CRM000646,GT004971,,False,,False,False,False,False,False,False,False,False,True,False
CRM000647,GT006061,USR000379,False,,False,True,False,False,False,False,False,False,False,False
CRM000648,GT006291,,False,,False,False,False,False,False,False,False,False,False,False
CRM000649,GT002638,USR000380,False,,False,False,False,False,False,False,False,False,False,False
CRM000650,GT003057,,False,,False,False,False,False,False,False,False,False,False,False
CRM000651,GT003124,,False,,False,False,False,False,False,False,False,False,False,True
CRM000652,GT008534,,False,,False,False,False,False,False,False,False,False,False,True
CRM000653,GT007451,USR000381,False,,True,True,False,False,False,False,False,False,False,False
CRM000654,GT006159,USR000382,False,,False,False,False,False,False,False,False,False,True,False
CRM000655,GT003753,,False,,False,False,False,False,False,False,False,False,False,False
CRM000656,GT004511,,False,,False,False,False,False,False,False,False,False,False,False
CRM000657,GT006884,USR000383,False,,False,False,False,True,False,False,False,False,False,False
CRM000658,GT008194,,False,,False,False,False,False,False,False,False,False,False,False
CRM000659,GT004724,,False,,False,False,False,False,False,False,False,False,False,False
CRM000660,GT008086,USR000384,False,,False,False,False,True,False,False,False,False,False,False
CRM000661,GT004585,,False,,False,True,False,False,False,False,False,False,False,False
CRM000662,GT002482,,False,,False,False,False,False,False,False,False,False,False,False
CRM000663,GT000994,,False,,False,False,False,False,False,False,False,False,False,False
CRM000664,GT002994,USR000385,False,,False,True,False,False,False,False,False,False,False,False
CRM000665,GT004619,USR000386,False,,False,False,False,False,False,False,False,False,False,False
CRM000666,GT007405,USR000387,False,,False,True,False,False,False,False,False,False,False,True
CRM000667,GT008709,USR000388,False,,False,False,False,False,False,False,False,False,False,False
CRM000668,GT004172,USR000389,False,,False,False,False,False,False,False,False,False,True,False
CRM000669,GT003100,USR000390,False,,False,False,False,False,False,False,False,False,False,False
CRM000670,GT005248,USR000391,False,,False,False,False,False,False,False,False,False,False,False
CRM000671,GT002459,USR000392,False,,False,False,False,False,False,False,False,False,False,False
CRM000672,GT007484,,False,,True,True,False,False,False,False,False,False,False,True
CRM000673,GT002576,USR000393,False,,False,False,False,False,False,False,False,False,False,False
CRM000674,GT007277,,False,,False,False,False,False,False,True,False,False,False,False
CRM000675,GT006500,USR000394,False,,False,True,False,False,False,False,False,False,False,False
CRM000676,GT003183,,False,,False,False,False,False,False,False,False,False,False,False
CRM000677,GT008016,USR000395,False,,False,False,False,False,False,False,False,False,False,False
CRM000678,GT008376,,False,,False,False,False,False,False,False,False,False,False,False
CRM000679,GT006572,USR000396,False,,False,False,False,False,False,False,False,False,True,False
CRM000680,GT000943,USR000397,False,,False,True,False,False,True,False,False,False,False,False
CRM000681,GT004613,,False,,False,False,False,False,False,False,False,False,False,False
CRM000682,GT001940,USR000398,False,,False,False,False,False,False,True,False,False,True,False
CRM000683,GT004804,USR000399,False,,False,False,False,False,False,False,False,False,False,False
CRM000684,GT000552,USR000400,False,,False,False,False,False,False,True,False,False,False,False
CRM000685,GT000847,USR000401,False,,False,False,False,False,False,False,False,False,True,True
CRM000686,GT005361,USR000402,False,,False,False,False,False,False,False,False,False,False,False
CRM000687,GT007120,,False,,False,False,False,False,False,False,False,False,False,False
CRM000688,GT001663,USR000403,False,,False,False,False,False,False,False,False,False,True,False
CRM000689,GT005542,,False,,False,False,False,False,False,False,False,False,False,False
CRM000690,GT007107,USR000404,False,,False,False,False,False,False,False,False,False,True,False
CRM000691,GT008389,,False,,False,False,False,False,False,True,False,False,False,False
CRM000692,GT004401,USR000405,False,,False,False,False,False,False,False,False,False,False,False
CRM000693,GT009794,,False,,False,False,False,False,False,False,True,False,False,False
CRM000694,GT008184,USR000406,False,,False,False,False,False,False,False,False,False,False,False
CRM000695,GT003500,USR000407,False,,False,False,False,False,False,False,False,False,False,False
CRM000696,GT001698,,False,,False,False,False,False,False,False,False,False,True,False
CRM000697,GT002005,USR000408,False,,False,True,False,False,False,False,False,False,False,False
CRM000698,GT009169,USR000409,False,,False,False,False,False,False,False,False,False,False,False
CRM000699,GT004210,,False,,False,False,False,False,False,False,False,False,False,False
CRM000700,GT008384,USR000410,False,,False,True,False,False,False,False,False,False,False,False
CRM000701,GT002468,USR000411,False,,False,True,False,False,False,False,False,False,False,False
CRM000702,GT007076,USR000412,False,,False,False,False,False,False,False,False,False,False,False
CRM000703,GT006241,,False,,False,False,False,False,False,False,False,False,False,False
CRM000704,GT000907,,False,,False,False,False,False,False,False,False,False,False,True
CRM000705,GT001522,USR000413,False,,False,False,False,False,False,False,False,False,False,False
CRM000706,GT005893,,False,,False,False,False,False,False,False,False,False,False,False
CRM000707,GT005434,USR000414,False,,False,True,False,False,False,False,False,False,False,False
CRM000708,GT007222,,False,,False,False,False,False,True,False,False,False,False,False
CRM000709,GT002311,,False,,False,False,False,False,False,False,False,False,False,True
CRM000710,GT005360,USR000415,False,,False,False,False,False,False,False,False,False,False,False
CRM000711,GT008246,USR000416,False,,False,True,False,False,False,False,False,False,False,False
CRM000712,GT009616,USR000417,False,,False,False,False,False,False,False,False,False,False,False
CRM000713,GT007574,USR000418,False,,False,False,False,False,False,False,False,False,True,False
CRM000714,GT008765,,False,,False,False,False,False,False,False,False,False,False,False
CRM000715,GT002037,USR000419,False,,False,False,False,False,False,False,False,False,False,False
CRM000716,GT004867,,False,,True,False,False,False,False,False,False,False,False,False
CRM000717,GT009745,,False,,False,False,False,False,False,False,False,False,False,False
CRM000718,GT006149,,False,,False,False,False,False,False,False,False,False,False,False
CRM000719,GT001513,,False,,False,False,False,False,False,False,False,False,False,False
CRM000720,GT003856,USR000420,False,,False,False,False,False,False,False,False,False,False,False
CRM000721,GT001886,USR000421,False,,False,False,False,False,False,False,False,False,False,False
CRM000722,GT008267,USR000422,False,,False,False,False,False,False,False,True,False,False,True
CRM000723,GT001546,USR000423,False,,False,False,False,False,False,False,False,False,False,False
CRM000724,GT004392,,False,,False,True,False,False,False,False,False,False,False,True
CRM000725,GT004881,USR000424,False,,False,False,False,False,False,False,False,False,False,False
CRM000726,GT005033,USR000425,False,,False,False,False,False,False,False,False,False,False,False
CRM000727,GT008365,USR000426,False,,False,False,False,False,True,False,False,False,True,False
CRM000728,GT000458,USR000427,False,,False,False,False,False,False,False,False,False,False,False
CRM000729,GT001853,USR000428,False,,False,False,False,False,False,False,False,False,True,False
CRM000730,GT002012,,False,,False,False,False,False,False,False,False,False,False,True
CRM000731,GT004498,,False,,False,False,False,False,False,False,False,False,False,False
CRM000732,GT009159,USR000429,False,,False,False,False,False,False,False,False,False,False,False
CRM000733,GT007290,USR000430,False,,False,False,False,False,False,False,False,False,True,True
CRM000734,GT004450,,False,,False,False,False,False,False,False,False,False,True,False
CRM000735,GT003381,USR000431,False,,False,True,False,False,False,False,True,False,False,True
CRM000736,GT008082,,False,,False,False,False,False,False,False,False,False,False,False
CRM000737,GT006443,USR000432,False,,False,False,False,False,False,False,False,False,False,False
CRM000738,GT008928,USR000433,False,,False,True,False,False,False,False,False,False,False,True
CRM000739,GT000522,USR000434,False,,False,False,False,False,False,False,True,False,False,False
CRM000740,GT008098,USR000435,False,,False,False,False,False,False,False,False,False,False,True
CRM000741,GT009880,,False,,False,False,False,False,False,False,False,False,False,False
CRM000742,GT004994,,False,,False,False,False,False,False,False,False,False,False,False
CRM000743,GT000753,USR000436,False,,False,False,True,False,False,False,False,False,True,False
CRM000744,GT000969,USR000437,False,,False,False,False,False,False,False,False,False,False,False
CRM000745,GT009091,,False,,False,False,True,False,False,False,False,False,False,False
CRM000746,GT001796,USR000438,False,,False,False,False,False,False,False,False,False,False,False
CRM000747,GT007719,USR000439,False,,False,False,False,False,False,False,False,False,False,False
CRM000748,GT007560,,False,,False,False,False,False,False,False,False,False,False,False
CRM000749,GT004053,,False,,False,False,False,False,True,False,False,False,False,False
CRM000750,GT002290,,False,,False,False,False,False,False,False,False,False,False,False
CRM000751,GT001182,,False,,False,False,False,False,False,False,False,False,False,False
CRM000752,GT002884,,False,,False,False,False,False,False,False,False,False,False,False
CRM000753,GT006352,USR000440,False,,False,False,False,False,False,False,False,False,False,False
CRM000754,GT008305,USR000441,False,,False,False,False,False,False,False,False,False,False,False
CRM000755,GT004831,,False,,False,False,False,False,False,False,True,False,False,True
CRM000756,GT001192,USR000442,False,,False,False,False,False,False,False,True,False,False,False
CRM000757,GT008227,,False,,False,True,False,False,False,False,False,False,False,False
CRM000758,GT005034,USR000443,False,,False,True,False,False,False,False,False,False,False,False
CRM000759,GT004452,USR000444,False,,False,False,False,False,False,False,False,False,False,False
CRM000760,GT007403,USR000445,False,,False,False,False,False,False,False,False,False,False,False
CRM000761,GT001815,,False,,True,False,False,False,False,False,False,False,False,False
CRM000762,GT000332,USR000446,False,,False,False,False,False,False,False,False,False,False,False
CRM000763,GT002559,,False,,False,False,False,False,False,False,False,False,False,False
CRM000764,GT004659,USR000447,False,,False,False,False,False,False,False,False,False,False,True
CRM000765,GT001852,,False,,False,False,True,False,False,False,False,False,True,False
CRM000766,GT000348,USR000448,False,,False,False,False,False,False,False,False,False,False,False
CRM000767,GT000798,,False,,False,False,False,False,False,False,False,False,True,False
CRM000768,GT003548,USR000449,False,,False,False,False,True,False,False,False,False,False,False
CRM000769,GT004433,USR000450,False,,False,False,False,False,False,False,False,False,False,False
CRM000770,GT001778,,False,,False,False,False,False,False,False,False,False,False,False
CRM000771,GT004895,USR000451,False,,False,False,False,False,False,False,False,False,False,False
CRM000772,GT006348,USR000452,False,,False,True,False,False,False,False,True,False,False,False
CRM000773,GT003467,,False,,True,True,False,False,False,False,False,False,False,False
CRM000774,GT005213,,False,,False,False,False,False,False,False,False,False,True,False
CRM000775,GT001896,USR000453,False,,False,False,False,False,False,False,False,False,False,False
CRM000776,GT003662,,False,,False,False,False,False,False,False,False,False,False,False
CRM000777,GT003817,USR000454,False,,False,False,False,False,False,False,False,False,True,False
CRM000778,GT006737,USR000455,False,,False,False,False,False,False,False,False,False,False,False
CRM000779,GT007771,,False,,False,False,False,False,False,False,False,False,False,False
CRM000780,GT003201,,False,,False,False,False,False,False,False,False,False,False,True
CRM000781,GT006718,USR000456,False,,False,True,False,False,False,False,False,False,False,False
CRM000782,GT002522,USR000457,False,,False,False,False,False,False,False,False,False,False,False
CRM000783,GT008796,,False,,False,False,False,False,False,False,False,False,False,False
CRM000784,GT001275,,False,,False,False,False,False,False,False,False,False,True,False
CRM000785,GT005978,,False,,False,False,False,False,False,False,False,False,False,False
CRM000786,GT002354,USR000458,False,,False,False,False,False,False,False,False,False,True,False
CRM000787,GT003212,USR000459,False,,False,False,False,False,False,False,False,False,False,False
CRM000788,GT001908,USR000460,False,,False,False,False,False,False,False,False,False,True,False
CRM000789,GT005247,USR000461,False,,False,False,False,False,False,False,False,False,False,False
CRM000790,GT008973,,False,,False,False,False,False,False,False,False,False,True,False
CRM000791,GT009744,USR000462,False,,False,False,False,False,False,False,False,False,False,False
CRM000792,GT001055,,False,,False,False,False,False,False,False,False,True,True,False
CRM000793,GT000817,,False,,False,False,False,False,False,False,False,False,False,False
CRM000794,GT003865,,False,,False,False,False,False,False,False,False,False,False,True
CRM000795,GT009499,USR000463,False,,False,False,False,False,False,False,False,False,False,False
CRM000796,GT007268,,False,,True,False,False,True,False,False,False,False,False,False
CRM000797,GT003519,USR000464,False,,False,False,False,False,False,False,False,False,False,False
CRM000798,GT009549,USR000465,False,,False,False,False,False,False,False,False,False,False,False
CRM000799,GT008875,,False,,False,True,False,False,False,False,False,False,False,False
CRM000800,GT004034,,False,,False,False,False,False,False,False,False,False,False,False
CRM000801,GT009492,,False,,False,False,False,False,False,False,False,False,False,False
CRM000802,GT008145,USR000466,False,,False,False,False,False,False,False,False,False,False,False
CRM000803,GT007013,USR000467,False,,False,False,False,False,False,False,False,False,True,False
CRM000804,GT007651,USR000468,False,,False,False,False,False,False,False,False,False,True,True
CRM000805,GT009361,USR000469,False,,False,False,False,False,False,False,False,False,True,False
CRM000806,GT007205,,False,,False,True,False,False,False,False,False,False,False,True
CRM000807,GT006678,USR000470,False,,False,True,False,False,False,False,False,False,False,True
CRM000808,GT004632,,False,,False,False,False,False,False,False,False,False,False,False
CRM000809,GT009593,,False,,False,False,False,False,False,False,False,False,True,False
CRM000810,GT002751,USR000471,False,,False,False,False,False,False,False,False,False,False,False
CRM000811,GT008739,USR000472,False,,False,False,False,False,False,False,False,False,False,False
CRM000812,GT002399,,False,,False,False,False,False,False,False,False,False,False,False
CRM000813,GT002312,USR000473,False,,False,False,False,False,False,False,False,False,False,False
CRM000814,GT002271,,False,,False,False,False,False,False,False,False,False,False,False
CRM000815,GT008972,,False,,False,False,False,False,False,False,False,False,False,True
CRM000816,GT007330,USR000474,False,,False,False,False,False,False,False,True,False,True,False
CRM000817,GT002571,USR000475,False,,False,False,False,False,False,False,False,False,False,False
CRM000818,GT007023,,False,,False,False,False,False,False,False,False,False,False,False
CRM000819,GT001430,USR000476,False,,False,False,False,False,False,True,False,False,True,False
CRM000820,GT001249,USR000477,False,,False,False,False,False,False,False,False,False,False,False
CRM000821,GT006683,,False,,False,False,False,False,False,False,False,False,False,False
CRM000822,GT002148,,False,,False,False,False,False,False,False,False,False,False,True
CRM000823,GT006430,USR000478,False,,False,False,False,False,False,False,False,False,True,False
CRM000824,GT009170,USR000479,False,,False,True,False,False,False,False,False,False,False,False
CRM000825,GT008359,,False,,False,False,False,False,False,False,False,False,False,False
CRM000826,GT006144,,False,,False,False,False,False,False,False,False,False,False,False
CRM000827,GT004954,,False,,False,False,False,False,False,False,False,False,False,False
CRM000828,GT004290,,False,,False,False,False,False,False,False,False,False,False,False
CRM000829,GT007034,USR000480,False,,False,False,False,False,False,True,False,False,False,True
CRM000830,GT007620,USR000481,False,,False,False,False,False,False,False,False,False,False,True
CRM000831,GT006522,USR000482,False,,False,False,False,False,False,False,False,False,False,False
CRM000832,GT004770,USR000483,False,,False,False,False,False,False,False,False,False,False,False
CRM000833,GT007396,,False,,False,False,False,False,False,False,False,False,False,False
CRM000834,GT003486,USR000484,False,,False,False,False,False,False,False,False,False,True,False
CRM000835,GT002606,,False,,False,False,False,False,False,False,False,False,False,True
CRM000836,GT000491,USR000485,False,,False,False,False,False,False,False,False,False,False,False
CRM000837,GT001973,USR000486,False,,True,False,False,False,False,False,False,False,False,False
CRM000838,GT009707,,False,,False,False,False,False,False,False,False,False,False,False
CRM000839,GT006325,USR000487,False,,False,False,False,False,False,False,False,False,False,False
CRM000840,GT003759,,False,,False,True,False,False,False,False,False,False,False,False
CRM000841,GT009552,USR000488,False,,False,False,False,False,False,False,False,False,False,False
CRM000842,GT000682,USR000489,False,,False,False,False,False,False,False,False,False,False,False
CRM000843,GT003231,,False,,False,False,False,False,False,False,False,False,False,False
CRM000844,GT004202,,False,,False,False,False,False,False,False,False,False,False,False
CRM000845,GT002466,USR000490,False,,False,False,False,False,False,False,False,False,False,False
CRM000846,GT008140,USR000491,False,,False,False,False,False,False,False,False,False,False,True
CRM000847,GT002657,USR000492,False,,False,False,False,False,False,False,False,False,False,False
CRM000848,GT004871,USR000493,False,,False,False,False,False,False,True,False,False,False,False
CRM000849,GT009698,USR000494,False,,False,False,False,True,False,True,False,False,True,False
CRM000850,GT004919,,False,,False,False,False,False,False,False,False,False,False,False
CRM000851,GT002384,USR000495,False,,False,False,False,False,False,False,False,False,False,False
CRM000852,GT005954,,False,,False,False,False,False,False,False,False,False,False,False
CRM000853,GT008582,,False,,False,False,False,False,False,False,False,False,False,False
CRM000854,GT003566,,False,,False,False,False,False,False,False,False,False,False,False
CRM000855,GT000757,,False,,False,False,False,False,False,False,False,False,False,False
CRM000856,GT004217,,False,,False,True,False,False,True,False,False,False,False,False
CRM000857,GT008042,,False,,False,False,False,False,False,False,False,False,False,False
CRM000858,GT001547,USR000496,False,,False,False,False,False,False,False,False,False,False,False
CRM000859,GT003047,USR000497,False,,False,False,False,False,True,True,False,False,True,False
CRM000860,GT001978,,False,,False,False,False,False,True,False,False,False,True,False
CRM000861,GT009029,,False,,False,False,False,False,False,False,False,False,False,False
CRM000862,GT008375,USR000498,False,,False,False,False,False,False,False,False,False,False,False
CRM000863,GT001381,,False,,False,False,False,False,False,False,False,False,False,False
CRM000864,GT001272,USR000499,False,,False,False,False,True,False,False,False,False,False,False
CRM000865,GT002316,,False,,False,False,False,False,False,False,False,False,False,False
CRM000866,GT007632,,False,,False,False,False,False,False,False,False,False,False,False
CRM000867,GT000875,USR000500,False,,False,False,False,False,False,False,False,False,False,False
CRM000868,GT005653,USR000501,False,,False,False,False,False,False,False,True,True,True,False
CRM000869,GT007040,USR000502,False,,False,False,False,False,False,False,False,False,False,False
CRM000870,GT009183,,False,,False,False,False,False,False,False,False,False,True,False
CRM000871,GT009679,,False,,False,False,False,False,False,False,False,False,True,False
CRM000872,GT004344,,False,,True,False,False,False,False,False,False,False,False,False
CRM000873,GT008540,USR000503,False,,True,False,False,False,False,False,False,False,False,False
CRM000874,GT008457,,False,,False,False,False,False,False,False,False,False,False,False
CRM000875,GT006151,,False,,False,False,False,False,False,False,False,False,False,False
CRM000876,GT005524,,False,,False,False,False,False,False,False,False,False,False,False
CRM000877,GT000104,,False,,False,False,False,False,False,False,False,False,False,False
CRM000878,GT007972,USR000504,False,,False,False,False,False,False,False,False,False,False,False
CRM000879,GT004763,,False,,False,False,False,False,False,False,False,False,False,False
CRM000880,GT001323,USR000505,False,,False,False,False,False,False,False,False,False,False,True
CRM000881,GT004462,,False,,False,False,False,False,False,False,False,False,False,False
CRM000882,GT003828,USR000506,False,,False,False,False,False,False,False,False,False,False,False
CRM000883,GT006981,,False,,False,False,False,False,False,False,False,False,True,False
CRM000884,GT000297,USR000507,False,,False,False,False,False,False,False,False,False,False,False
CRM000885,GT002999,USR000508,False,,False,False,False,False,False,False,False,False,False,False
CRM000886,GT008234,USR000509,False,,False,True,True,False,True,False,False,False,False,False
CRM000887,GT004630,USR000510,False,,False,False,False,False,False,False,False,False,True,False
CRM000888,GT002939,USR000511,False,,False,False,False,False,False,False,False,False,False,False
CRM000889,GT008543,USR000512,False,,False,False,False,False,False,False,False,False,False,False
CRM000890,GT002273,USR000513,False,,False,False,False,False,False,False,False,False,True,True
CRM000891,GT009847,USR000514,False,,False,False,False,False,False,False,True,False,False,False
CRM000892,GT002918,,False,,False,False,False,False,False,False,True,False,True,False
CRM000893,GT002330,USR000515,False,,False,False,False,False,False,False,False,False,False,False
CRM000894,GT008960,USR000516,False,,False,False,False,False,True,False,False,False,True,True
CRM000895,GT000183,USR000517,False,,False,False,False,False,False,False,False,False,False,False
CRM000896,GT008806,USR000518,False,,False,False,False,False,False,False,False,False,False,False
CRM000897,GT005588,USR000519,False,,True,False,False,False,False,False,False,False,False,False
CRM000898,GT008048,USR000520,False,,False,False,False,False,False,False,False,False,False,True
CRM000899,GT004223,USR000521,False,,False,False,False,False,False,False,False,False,False,False
CRM000900,GT002546,,False,,False,False,False,False,False,True,False,False,False,False
CRM000901,GT004443,,False,,False,False,False,False,False,False,False,False,False,False
CRM000902,GT001918,,False,,False,False,False,False,False,False,False,False,False,False
CRM000903,GT000363,USR000522,False,,False,False,False,False,True,False,False,False,False,False
CRM000904,GT003412,USR000523,False,,False,False,False,False,False,False,False,False,False,False
CRM000905,GT002356,USR000524,False,,False,True,False,False,False,False,False,False,False,False
CRM000906,GT001079,USR000525,False,,False,False,False,False,False,False,False,False,False,False
CRM000907,GT007301,USR000526,False,,False,True,False,False,False,False,False,False,False,False
CRM000908,GT000150,,False,,False,False,False,False,False,False,False,False,False,False
CRM000909,GT008618,,False,,False,False,False,False,False,False,False,False,False,False
CRM000910,GT000127,,False,,False,False,False,False,False,False,False,False,False,False
CRM000911,GT002360,USR000527,False,,False,False,False,False,False,False,False,False,False,False
CRM000912,GT005250,USR000528,False,,False,True,False,False,False,False,False,False,False,False
CRM000913,GT007714,,False,,False,False,False,False,False,False,True,False,True,False
CRM000914,GT004949,,False,,False,False,False,False,False,False,False,False,False,False
CRM000915,GT004691,,False,,False,False,False,False,False,False,False,False,False,False
CRM000916,GT006132,USR000529,False,,False,False,False,False,False,False,False,False,False,False
CRM000917,GT003283,,False,,False,False,False,False,False,False,False,False,False,False
CRM000918,GT004131,,False,,False,True,False,True,False,False,False,False,False,False
CRM000919,GT004059,USR000530,False,,False,False,False,False,False,False,False,False,False,True
CRM000920,GT002670,USR000531,False,,False,False,False,False,False,False,False,False,False,False
CRM000921,GT005352,USR000532,False,,False,False,False,False,False,True,False,False,False,True
CRM000922,GT009912,,False,,False,False,False,False,False,False,False,False,False,False
CRM000923,GT006203,USR000533,False,,False,False,False,False,False,False,False,False,False,False
CRM000924,GT000961,USR000534,False,,False,False,False,False,False,False,False,False,True,False
CRM000925,GT002551,,False,,False,False,False,False,False,False,False,False,False,False
CRM000926,GT006895,USR000535,False,,False,False,False,False,False,False,False,False,False,False
CRM000927,GT005494,USR000536,False,,False,False,False,False,False,False,False,False,True,False
CRM000928,GT003701,,False,,False,False,False,False,False,False,False,False,False,False
CRM000929,GT002557,,False,,False,False,False,False,False,False,False,False,True,False
CRM000930,GT004891,,False,,False,False,False,True,False,False,False,False,False,False
CRM000931,GT008699,USR000537,False,,False,True,False,False,False,True,False,False,False,False
CRM000932,GT003529,USR000538,False,,False,False,False,False,False,False,False,False,False,False
CRM000933,GT007114,USR000539,False,,False,False,False,False,False,True,False,False,False,False
CRM000934,GT004225,,False,,False,False,False,False,False,False,False,False,True,False
CRM000935,GT004665,,False,,False,False,False,False,False,False,False,False,True,False
CRM000936,GT009301,,False,,False,False,False,False,False,False,False,False,False,False
CRM000937,GT002746,USR000540,False,,False,False,True,False,False,False,False,False,True,True
CRM000938,GT008851,,False,,False,False,False,False,False,False,False,False,False,False
CRM000939,GT000987,,False,,False,False,False,False,False,False,False,False,True,False
CRM000940,GT007462,,False,,False,False,False,False,False,True,False,False,False,False
CRM000941,GT008693,,False,,False,False,False,False,False,False,False,False,True,False
CRM000942,GT008112,USR000541,False,,False,False,False,False,False,False,False,False,True,False
CRM000943,GT008303,USR000542,False,,False,False,False,False,False,False,False,False,True,False
CRM000944,GT009776,,False,,False,False,False,False,False,False,False,False,False,False
CRM000945,GT007295,USR000543,False,,False,False,False,False,False,False,False,False,False,False
CRM000946,GT001909,,False,,True,False,False,False,False,False,False,False,False,False
CRM000947,GT006945,USR000544,False,,False,False,False,False,False,False,False,False,False,False
CRM000948,GT008179,,False,,False,False,False,False,False,False,False,False,False,False
CRM000949,GT005648,,False,,False,False,False,False,False,False,False,False,False,False
CRM000950,GT000915,,False,,False,False,False,False,False,False,False,False,False,True
CRM000951,GT003729,,False,,False,False,False,False,False,False,False,False,False,False
CRM000952,GT006014,USR000545,False,,False,False,False,False,False,False,False,False,False,False
CRM000953,GT009432,,False,,False,False,False,False,False,False,False,False,False,False
CRM000954,GT001537,,False,,False,False,False,False,False,False,False,False,False,False
CRM000955,GT007479,,False,,False,False,False,False,False,False,False,False,False,True
CRM000956,GT009831,USR000546,False,,True,False,False,False,False,False,False,False,True,False
CRM000957,GT009927,,False,,False,False,False,False,False,False,False,False,False,False
CRM000958,GT002826,USR000547,False,,False,False,False,False,False,False,False,False,False,False
CRM000959,GT007313,,False,,False,True,True,False,False,False,False,False,False,True
CRM000960,GT001627,,False,,False,False,False,False,False,False,False,False,False,False
CRM000961,GT000642,,False,,False,False,False,False,False,False,False,False,True,False
CRM000962,GT006127,,False,,False,False,False,False,False,False,False,False,True,False
CRM000963,GT004014,USR000548,False,,False,True,False,False,False,False,False,False,False,False
CRM000964,GT003513,,False,,False,False,False,False,False,False,False,False,False,False
CRM000965,GT000081,,False,,False,False,False,False,False,False,False,False,False,True
CRM000966,GT002021,USR000549,False,,False,True,False,False,False,False,False,False,False,False
CRM000967,GT000316,,False,,False,True,False,False,False,False,False,False,False,False
CRM000968,GT008130,,False,,False,False,False,False,False,False,False,False,True,False
CRM000969,GT000843,USR000550,False,,False,False,False,False,False,False,False,False,False,False
CRM000970,GT001558,,False,,False,True,False,False,False,False,False,False,False,False
CRM000971,GT000644,,False,,False,False,False,False,False,False,False,False,False,False
CRM000972,GT008166,USR000551,False,,False,True,False,False,False,False,False,False,False,False
CRM000973,GT006034,USR000552,False,,False,False,False,False,False,False,False,False,True,False
CRM000974,GT002071,,False,,False,False,False,False,False,False,False,False,False,False
CRM000975,GT001968,,False,,False,False,False,False,False,False,False,False,False,False
CRM000976,GT001560,,False,,False,False,False,False,False,False,False,False,False,False
CRM000977,GT004326,USR000553,False,,False,False,False,False,False,False,False,False,False,False
CRM000978,GT009261,USR000554,False,,False,False,False,False,False,False,False,False,False,True
CRM000979,GT009496,,False,,False,False,False,False,False,False,False,False,False,False
CRM000980,GT009676,USR000555,False,,False,False,False,False,False,False,False,False,True,False
CRM000981,GT007721,,False,,False,False,False,False,False,False,False,False,False,False
CRM000982,GT003497,USR000556,False,,False,False,False,False,False,False,False,False,True,False
CRM000983,GT005351,USR000557,False,,False,False,False,False,False,False,False,False,False,False
CRM000984,GT003067,USR000558,False,,False,False,False,False,False,False,False,False,False,False
CRM000985,GT006905,,False,,False,False,False,False,False,False,False,False,True,False
CRM000986,GT003281,,False,,False,False,False,False,False,False,False,False,False,True
CRM000987,GT008775,,False,,False,False,False,False,False,False,False,False,False,False
CRM000988,GT002137,USR000559,False,,False,False,False,False,False,False,False,False,True,False
CRM000989,GT003721,USR000560,False,,False,False,False,False,False,False,False,False,False,False
CRM000990,GT007492,USR000561,False,,False,False,False,False,False,False,False,False,False,True
CRM000991,GT001185,,False,,False,True,False,False,False,True,False,False,False,False
CRM000992,GT000595,USR000562,False,,False,False,False,False,False,False,False,False,False,False
CRM000993,GT001050,,False,,False,False,False,False,False,False,False,False,False,True
CRM000994,GT006892,USR000563,False,,False,False,False,False,False,False,False,False,True,False
CRM000995,GT009617,,False,,False,False,False,False,False,False,False,False,True,False
CRM000996,GT004642,USR000564,False,,False,False,False,False,False,False,False,False,True,False
CRM000997,GT004327,,False,,False,False,False,False,False,False,True,False,False,False
CRM000998,GT000916,USR000565,False,,False,False,False,False,False,False,False,False,False,False
CRM000999,GT001012,USR000566,False,,False,False,False,False,False,False,False,False,False,False
CRM001000,GT002060,USR000567,False,,False,False,False,False,True,False,False,False,False,False
CRM001001,GT003029,,False,,False,False,False,False,False,False,False,False,False,False
CRM001002,GT003439,USR000568,False,,False,False,False,False,False,False,False,False,False,False
CRM001003,GT005975,,False,,False,False,False,False,True,False,False,False,True,False
CRM001004,GT008903,USR000569,False,,False,False,False,False,False,False,False,False,True,False
CRM001005,GT000948,USR000570,False,,True,False,False,False,False,False,False,False,False,False
CRM001006,GT001288,USR000571,False,,False,False,False,False,False,False,False,False,False,False
CRM001007,GT001920,,False,,False,False,False,False,False,False,False,False,False,False
CRM001008,GT008216,,False,,False,False,False,False,False,False,False,False,False,False
CRM001009,GT008559,USR000572,False,,False,False,False,False,False,False,True,False,False,False
CRM001010,GT004983,USR000573,False,,False,False,False,False,False,False,False,False,False,False
CRM001011,GT001660,USR000574,False,,False,False,False,False,False,False,False,False,False,False
CRM001012,GT006478,,False,,False,False,False,False,False,False,False,False,False,False
CRM001013,GT001827,USR000575,False,,False,False,False,True,False,False,False,False,False,False
CRM001014,GT008190,USR000576,False,,False,False,False,False,False,False,False,False,False,True
CRM001015,GT002136,,False,,False,False,False,False,False,False,False,False,False,True
CRM001016,GT008454,USR000577,False,,False,True,True,False,False,False,False,False,False,False
CRM001017,GT008151,USR000578,False,,False,False,False,False,False,False,False,False,False,False
CRM001018,GT006147,,False,,False,False,False,False,False,False,False,False,False,False
CRM001019,GT004647,USR000579,False,,False,False,False,False,False,False,False,False,False,False
CRM001020,GT006823,,False,,False,True,False,False,False,False,False,False,False,False
CRM001021,GT002405,,False,,False,False,False,False,False,False,False,False,False,False
CRM001022,GT000347,,False,,False,False,False,False,False,False,False,False,False,False
CRM001023,GT006224,,False,,False,False,False,False,False,False,False,False,False,False
CRM001024,GT001903,,False,,False,False,False,True,False,False,False,False,False,False
CRM001025,GT007261,,False,,False,False,False,False,False,True,False,False,False,False
CRM001026,GT008660,,False,,False,False,False,False,True,False,False,False,False,False
CRM001027,GT003858,USR000580,False,,False,True,False,False,False,False,False,False,False,False
CRM001028,GT003426,USR000581,False,,False,False,False,False,False,False,False,False,True,False
CRM001029,GT001248,USR000582,False,,False,False,False,False,False,True,False,False,False,False
CRM001030,GT008063,USR000583,False,,False,False,False,False,False,False,False,False,True,True
CRM001031,GT003832,USR000584,False,,False,False,False,False,False,False,False,False,False,False
CRM001032,GT009647,,False,,False,False,False,False,False,False,False,False,True,False
CRM001033,GT004762,USR000585,False,,False,False,False,False,False,True,False,False,False,False
CRM001034,GT005699,USR000586,False,,False,False,False,False,False,False,False,False,False,False
CRM001035,GT003242,,False,,False,True,False,False,False,False,False,False,False,False
CRM001036,GT005210,,False,,False,False,False,False,False,False,False,False,False,False
CRM001037,GT007328,USR000587,False,,False,False,False,False,False,False,False,False,False,False
CRM001038,GT002641,USR000588,False,,False,False,False,False,False,False,False,False,False,False
CRM001039,GT006222,,False,,False,False,False,False,False,False,False,False,False,False
CRM001040,GT009865,USR000589,False,,False,False,False,False,False,False,False,False,False,False
CRM001041,GT003766,,False,,False,False,False,False,False,True,False,False,False,True
CRM001042,GT009190,USR000590,False,,False,False,False,False,False,True,False,False,True,False
CRM001043,GT000778,,False,,False,False,False,False,False,False,False,False,False,False
CRM001044,GT009720,USR000591,False,,False,False,False,False,False,False,False,False,False,False
CRM001045,GT009504,USR000592,False,,False,False,False,False,False,False,False,False,False,False
CRM001046,GT003495,,False,,True,False,False,False,False,False,False,False,False,False
CRM001047,GT001474,USR000593,False,,True,False,False,False,False,False,False,False,False,False
CRM001048,GT005894,,False,,False,False,False,False,False,False,False,False,False,False
CRM001049,GT000270,USR000594,False,,False,True,False,False,False,False,False,False,False,False
CRM001050,GT008410,USR000595,False,,False,False,False,False,False,False,False,False,True,True
CRM001051,GT001094,USR000596,False,,False,False,False,False,False,False,False,False,False,False
CRM001052,GT009204,,False,,False,False,False,False,False,False,False,False,False,True
CRM001053,GT002252,USR000597,False,,False,True,False,False,False,False,False,False,False,False
CRM001054,GT003624,USR000598,False,,False,False,False,False,False,False,False,False,False,True
CRM001055,GT000274,USR000599,False,,False,True,False,False,False,False,False,False,False,True
CRM001056,GT003785,USR000600,False,,False,False,False,False,False,False,False,False,False,False
CRM001057,GT000645,USR000601,False,,False,False,False,False,False,False,False,False,True,False
CRM001058,GT009271,,False,,False,False,False,False,False,False,False,False,False,False
CRM001059,GT008181,,False,,False,False,False,False,False,False,False,False,False,False
CRM001060,GT009772,USR000602,False,,False,False,False,False,False,False,False,False,False,False
CRM001061,GT004499,USR000603,False,,False,False,False,False,True,False,False,False,False,False
CRM001062,GT006266,,False,,False,True,False,False,False,True,False,False,False,False
CRM001063,GT005136,USR000604,False,,False,False,False,False,False,False,False,False,False,False
CRM001064,GT009752,USR000605,False,,False,False,False,True,False,False,False,False,False,False
CRM001065,GT005521,USR000606,False,,False,False,False,False,False,False,False,False,False,False
CRM001066,GT007984,USR000607,False,,True,False,False,False,False,False,False,False,False,True
CRM001067,GT003187,,False,,False,True,False,False,False,True,False,False,False,False
CRM001068,GT007339,USR000608,False,,False,False,False,False,False,False,False,False,False,False
CRM001069,GT004219,USR000609,False,,False,False,False,False,False,False,False,False,True,False
CRM001070,GT002213,,False,,False,False,False,False,False,False,False,False,True,False
CRM001071,GT001506,USR000610,False,,True,True,False,False,False,False,False,False,False,False
CRM001072,GT009460,USR000611,False,,False,False,False,False,False,False,False,False,False,False
CRM001073,GT002033,USR000612,False,,False,False,False,False,False,False,False,False,False,False
CRM001074,GT005454,USR000613,False,,False,False,False,False,False,True,False,False,False,False
CRM001075,GT001172,,False,,False,False,False,False,False,False,False,False,False,False
CRM001076,GT008772,,False,,False,False,False,False,False,False,False,False,False,False
CRM001077,GT001975,,False,,False,False,True,False,False,False,False,False,False,False
CRM001078,GT006613,USR000614,False,,False,False,False,False,False,False,True,False,False,False
CRM001079,GT005349,USR000615,False,,False,True,False,False,False,False,True,False,False,False
CRM001080,GT007074,USR000616,False,,False,False,False,False,False,False,False,False,False,False
CRM001081,GT005845,,False,,False,False,True,False,False,True,False,False,True,False
CRM001082,GT001588,USR000617,False,,False,False,False,False,False,True,False,False,False,False
CRM001083,GT000575,USR000618,False,,True,False,True,False,False,False,False,False,False,False
CRM001084,GT006775,USR000619,False,,False,False,False,False,False,True,False,False,True,False
CRM001085,GT009035,USR000620,False,,False,False,False,False,False,False,False,False,False,False
CRM001086,GT004853,,False,,False,False,False,False,False,False,False,False,False,False
CRM001087,GT009996,USR000621,False,,False,False,False,False,False,False,False,False,False,False
CRM001088,GT005559,,False,,False,False,False,False,False,False,False,False,False,False
CRM001089,GT003220,,False,,False,False,False,False,False,False,False,False,True,False
CRM001090,GT002047,USR000622,False,,False,False,False,False,False,False,False,False,False,False
CRM001091,GT005801,USR000623,False,,False,False,False,False,False,False,False,False,False,False
CRM001092,GT009126,,False,,False,False,False,False,False,False,False,False,False,False
CRM001093,GT000372,,False,,False,False,False,False,False,False,False,False,False,False
CRM001094,GT005108,,False,,False,False,False,False,False,True,False,False,True,False
CRM001095,GT009875,,False,,False,False,False,False,False,False,True,False,False,False
CRM001096,GT007910,,False,,False,True,False,False,False,False,False,False,False,False
CRM001097,GT007211,,False,,False,False,False,False,False,False,False,False,False,False
CRM001098,GT002843,,False,,False,False,False,False,True,False,False,False,True,False
CRM001099,GT007737,USR000624,False,,False,False,True,False,False,False,False,False,False,True
CRM001100,GT008291,,False,,False,False,False,False,False,False,False,False,True,True
CRM001101,GT001294,USR000625,False,,False,False,True,False,False,False,False,False,True,False
CRM001102,GT001181,USR000626,False,,False,False,False,False,False,False,False,False,False,False
CRM001103,GT001711,,False,,False,False,False,False,False,False,False,False,True,False
CRM001104,GT005635,USR000627,False,,False,False,False,False,False,False,False,False,False,False
CRM001105,GT005575,,False,,False,False,False,False,False,False,False,False,False,False
CRM001106,GT003838,USR000628,False,,False,False,False,False,False,False,False,False,False,False
CRM001107,GT009749,,False,,False,False,False,False,False,False,True,False,False,False
CRM001108,GT007424,USR000629,False,,False,False,False,False,False,False,False,False,True,False
CRM001109,GT005245,USR000630,False,,False,False,False,False,False,False,False,True,False,False
CRM001110,GT001843,USR000631,False,,False,True,False,False,False,False,False,False,False,False
CRM001111,GT000728,USR000632,False,,False,False,False,False,False,False,False,False,False,False
CRM001112,GT004856,USR000633,False,,False,False,False,False,False,False,False,False,False,False
CRM001113,GT009021,,False,,False,False,False,False,False,False,False,False,False,False
CRM001114,GT007026,,False,,False,False,False,False,False,False,False,False,False,False
CRM001115,GT009154,USR000634,False,,False,True,False,False,False,False,False,False,False,False
CRM001116,GT002722,USR000635,False,,False,True,False,False,False,False,False,False,False,False
CRM001117,GT003861,USR000636,False,,False,False,False,False,False,False,False,False,False,False
CRM001118,GT004787,,False,,False,False,False,False,False,False,False,False,False,False
CRM001119,GT002262,,False,,False,False,False,False,True,False,False,False,False,False
CRM001120,GT006244,USR000637,False,,True,False,False,True,False,False,False,False,False,False
CRM001121,GT001472,USR000638,False,,False,False,False,False,False,False,False,False,False,False
CRM001122,GT005341,,False,,False,False,False,False,False,False,False,False,False,False
CRM001123,GT004790,,False,,False,False,False,False,False,False,False,False,False,False
CRM001124,GT003172,,False,,False,False,False,False,False,False,False,False,False,False
CRM001125,GT003030,USR000639,False,,False,False,False,False,False,False,False,False,True,False
CRM001126,GT003931,USR000640,False,,False,True,False,False,False,False,False,False,False,False
CRM001127,GT002881,,False,,False,False,False,False,False,False,False,False,False,False
CRM001128,GT003600,,False,,False,False,False,False,False,False,False,False,False,False
CRM001129,GT003407,USR000641,False,,False,True,True,False,False,False,False,False,False,False
CRM001130,GT003955,USR000642,False,,False,False,False,False,False,False,False,False,False,False
CRM001131,GT002334,,False,,False,False,False,False,False,False,False,False,False,False
CRM001132,GT000900,,False,,False,False,False,False,False,False,False,False,False,False
CRM001133,GT004163,USR000643,False,,False,False,False,False,False,False,False,False,False,False
CRM001134,GT007124,,False,,False,False,False,False,False,False,False,False,False,False
CRM001135,GT002386,,False,,False,False,False,False,True,False,False,False,False,True
CRM001136,GT006258,USR000644,False,,False,False,False,False,False,False,False,False,False,False
CRM001137,GT003826,,False,,False,False,False,False,False,False,False,False,False,False
CRM001138,GT008308,,False,,False,False,False,False,True,False,False,False,False,False
CRM001139,GT004320,,False,,False,False,False,False,False,False,False,False,True,False
CRM001140,GT002915,USR000645,False,,False,True,False,False,False,False,False,False,False,False
CRM001141,GT005884,USR000646,False,,False,False,False,False,False,False,False,False,True,False
CRM001142,GT005670,,False,,False,False,False,False,False,False,False,False,False,True
CRM001143,GT008174,USR000647,False,,False,False,False,False,False,False,False,False,False,False
CRM001144,GT000139,USR000648,False,,False,True,False,False,False,False,False,False,False,False
CRM001145,GT009902,,False,,False,False,True,False,False,False,False,False,True,True
CRM001146,GT008339,USR000649,False,,False,True,False,False,False,False,False,False,False,False
CRM001147,GT009826,USR000650,False,,False,True,False,False,False,False,False,False,False,False
CRM001148,GT008504,,False,,False,False,False,False,False,False,False,False,True,False
CRM001149,GT000711,USR000651,False,,True,False,False,False,False,False,False,False,False,False
CRM001150,GT008495,USR000652,False,,False,True,False,False,True,True,False,False,False,False
CRM001151,GT000398,USR000653,False,,True,False,False,False,False,False,False,False,False,True
CRM001152,GT003128,,False,,False,False,False,False,False,False,False,False,True,False
CRM001153,GT004786,,False,,False,False,False,False,False,False,False,False,False,False
CRM001154,GT006381,USR000654,False,,False,False,False,False,False,False,False,False,False,False
CRM001155,GT001872,USR000655,False,,False,False,False,False,False,False,False,True,False,False
CRM001156,GT000353,USR000656,False,,False,False,False,False,False,False,False,False,False,False
CRM001157,GT009671,USR000657,False,,False,False,False,False,False,False,False,False,False,False
CRM001158,GT009093,USR000658,False,,False,False,False,False,True,False,False,False,False,True
CRM001159,GT004132,USR000659,False,,False,False,False,False,False,False,False,False,False,False
CRM001160,GT003423,USR000660,False,,False,False,False,False,False,False,False,False,False,False
CRM001161,GT009554,,False,,False,False,False,True,False,False,False,False,False,False
CRM001162,GT006675,,False,,False,False,False,False,False,False,False,False,False,False
CRM001163,GT007876,USR000661,False,,False,False,False,False,False,False,False,False,True,False
CRM001164,GT006628,,False,,False,False,False,False,False,False,False,False,False,False
CRM001165,GT009965,,False,,False,False,False,False,False,False,False,False,False,False
CRM001166,GT001039,,False,,True,False,False,False,False,False,False,False,False,False
CRM001167,GT000782,USR000662,False,,False,False,False,False,False,False,False,False,False,True
CRM001168,GT002900,,False,,False,False,False,False,False,False,False,False,False,False
CRM001169,GT000853,USR000663,False,,False,True,False,False,True,False,False,False,False,False
CRM001170,GT007783,USR000664,False,,False,False,False,False,False,False,False,False,False,False
CRM001171,GT004868,,False,,False,False,False,False,False,False,False,False,False,False
CRM001172,GT003399,,False,,False,False,False,False,False,False,False,False,True,False
CRM001173,GT005114,USR000665,False,,False,True,False,False,False,False,False,False,False,True
CRM001174,GT005623,,False,,False,False,False,False,False,False,False,False,False,False
CRM001175,GT004730,USR000666,False,,False,False,False,False,False,False,False,False,False,False
CRM001176,GT001769,USR000667,False,,False,False,False,False,False,False,False,False,False,False
CRM001177,GT007272,USR000668,False,,False,False,False,False,False,False,False,False,False,False
CRM001178,GT002277,,False,,False,False,True,False,False,False,False,False,False,False
CRM001179,GT000807,,False,,False,False,False,False,False,False,False,False,False,False
CRM001180,GT002604,,False,,True,False,True,False,True,False,True,False,False,False
CRM001181,GT003885,,False,,False,True,False,False,False,False,False,False,False,False
CRM001182,GT007063,,False,,False,False,False,False,False,False,False,False,False,False
CRM001183,GT009260,,False,,False,False,False,False,False,False,False,False,False,False
CRM001184,GT005366,USR000669,False,,False,False,False,False,False,True,False,False,False,False
CRM001185,GT003063,USR000670,False,,False,False,False,False,False,False,False,False,False,False
CRM001186,GT008905,,False,,False,False,False,False,False,False,False,False,False,False
CRM001187,GT000295,USR000671,False,,False,False,False,False,True,False,False,False,False,False
CRM001188,GT001948,,False,,False,False,False,False,False,False,False,False,False,False
CRM001189,GT007703,,False,,False,False,False,False,False,False,False,False,False,False
CRM001190,GT003126,USR000672,False,,False,False,False,False,False,False,False,False,True,False
CRM001191,GT009498,USR000673,False,,False,False,False,False,False,False,False,False,False,False
CRM001192,GT000832,,False,,False,False,False,False,False,False,False,False,False,False
CRM001193,GT000869,,False,,False,False,False,False,False,False,False,False,False,False
CRM001194,GT007018,USR000674,False,,False,False,False,True,False,False,False,False,False,False
CRM001195,GT002605,,False,,False,True,False,False,False,False,False,False,False,False
CRM001196,GT003604,USR000675,False,,False,True,False,False,False,False,False,False,False,False
CRM001197,GT006188,USR000676,False,,False,False,False,False,False,False,False,False,False,True
CRM001198,GT005566,USR000677,False,,False,True,False,False,False,False,False,False,False,False
CRM001199,GT006681,,False,,False,False,False,False,False,False,False,True,False,False
CRM001200,GT005523,,False,,False,False,False,False,False,False,False,False,True,False
CRM001201,GT000986,USR000678,False,,False,False,False,False,False,True,False,True,False,False
CRM001202,GT001212,USR000679,False,,False,False,False,False,False,False,False,False,True,False
CRM001203,GT004371,USR000680,False,,False,False,False,False,False,False,False,False,False,False
CRM001204,GT000206,USR000681,False,,False,False,False,False,False,False,False,False,False,True
CRM001205,GT003514,USR000682,False,,False,False,False,False,False,False,True,False,True,False
CRM001206,GT004760,USR000683,False,,False,False,False,False,False,False,False,False,False,False
CRM001207,GT009850,,False,,False,False,False,False,False,False,False,False,False,False
CRM001208,GT001631,USR000684,False,,True,False,False,False,False,False,False,False,False,True
CRM001209,GT004944,USR000685,False,,True,False,False,False,False,False,False,False,False,False
CRM001210,GT007052,USR000686,False,,False,True,False,False,False,False,False,False,False,True
CRM001211,GT007080,,False,,False,False,False,False,False,True,False,True,False,False
CRM001212,GT003236,USR000687,False,,False,False,False,False,False,False,False,False,True,False
CRM001213,GT004998,USR000688,False,,False,False,False,False,False,False,False,False,False,False
CRM001214,GT000377,USR000689,False,,False,False,False,False,False,False,False,False,False,False
CRM001215,GT001556,USR000690,False,,False,True,False,False,True,False,False,False,False,False
CRM001216,GT006388,,False,,False,False,False,False,False,False,False,False,False,False
CRM001217,GT007125,,False,,False,False,False,False,False,False,False,False,False,False
CRM001218,GT002340,,False,,False,False,False,False,False,False,False,False,False,False
CRM001219,GT000852,USR000691,False,,False,False,False,False,True,False,False,False,False,False
CRM001220,GT003391,,False,,False,False,False,False,False,False,False,False,False,False
CRM001221,GT005421,,False,,False,False,False,False,False,True,False,False,False,False
CRM001222,GT000697,USR000692,False,,False,False,False,True,False,True,False,False,True,False
CRM001223,GT008187,,False,,False,False,False,False,False,False,False,False,False,True
CRM001224,GT003937,USR000693,False,,False,False,False,False,False,False,False,False,False,False
CRM001225,GT000790,USR000694,False,,False,False,False,False,False,True,False,False,False,False
CRM001226,GT002896,USR000695,False,,False,False,False,False,False,False,True,False,True,False
CRM001227,GT001757,USR000696,False,,False,True,False,False,False,False,False,False,False,False
CRM001228,GT002492,USR000697,False,,False,False,False,False,False,False,False,False,False,False
CRM001229,GT008510,,False,,False,True,False,False,False,False,False,False,False,False
CRM001230,GT006923,,False,,True,False,False,False,False,False,False,False,False,False
CRM001231,GT005939,USR000698,False,,True,False,False,False,False,False,False,False,False,False
CRM001232,GT007348,,False,,False,False,False,False,False,False,False,True,False,False
CRM001233,GT006162,,False,,False,False,False,False,False,False,False,False,True,False
CRM001234,GT005479,USR000699,False,,False,False,False,False,False,False,False,False,True,False
CRM001235,GT002175,,False,,False,False,False,False,False,False,False,False,False,False
CRM001236,GT005690,,False,,False,False,False,False,False,False,False,False,False,False
CRM001237,GT005000,,False,,False,False,False,False,False,False,False,False,False,False
CRM001238,GT007956,,False,,False,False,False,False,False,False,False,False,False,False
CRM001239,GT008168,,False,,False,False,False,False,False,False,False,False,False,False
CRM001240,GT004862,,False,,False,False,True,False,False,False,False,False,False,False
CRM001241,GT008954,,False,,False,True,False,False,False,False,False,False,False,False
CRM001242,GT005057,USR000700,False,,False,False,False,False,False,False,False,False,False,False
CRM001243,GT009678,USR000701,False,,False,False,False,False,False,False,False,False,False,False
CRM001244,GT000828,,False,,False,False,False,False,False,True,False,False,False,False
CRM001245,GT000584,USR000702,False,,False,False,False,False,True,True,False,False,False,False
CRM001246,GT006095,,False,,False,False,False,False,False,False,False,False,True,False
CRM001247,GT009589,USR000703,False,,False,False,False,False,False,False,False,True,False,False
CRM001248,GT000086,USR000704,False,,False,False,False,False,False,False,False,False,False,False
CRM001249,GT007554,USR000705,False,,False,False,False,False,False,False,False,False,True,False
CRM001250,GT006272,,False,,False,False,False,False,False,False,False,False,False,False
CRM001251,GT005933,,False,,False,False,False,False,False,False,False,False,False,False
CRM001252,GT006993,USR000706,False,,False,False,False,False,False,False,False,False,False,False
CRM001253,GT008873,USR000707,False,,False,False,False,False,False,False,False,False,False,False
CRM001254,GT008842,USR000708,False,,False,False,False,False,True,False,True,False,False,False
CRM001255,GT004350,,False,,False,False,False,False,False,True,False,False,False,True
CRM001256,GT000691,,False,,False,False,False,False,False,False,False,False,False,False
CRM001257,GT007572,USR000709,False,,False,True,False,False,False,False,False,False,False,False
CRM001258,GT002886,,False,,False,False,False,False,False,False,False,False,False,False
CRM001259,GT002769,,False,,False,False,False,False,True,False,False,False,False,True
CRM001260,GT001586,,False,,False,False,False,False,False,True,False,False,False,False
CRM001261,GT006653,,False,,True,True,False,False,False,False,False,False,False,False
CRM001262,GT005383,,False,,False,False,False,False,True,False,False,False,False,False
CRM001263,GT002002,,False,,False,True,False,False,False,False,False,False,False,False
CRM001264,GT007578,USR000710,False,,False,False,False,False,False,False,False,False,True,False
CRM001265,GT008156,,False,,False,False,False,False,False,False,False,False,True,False
CRM001266,GT006877,,False,,False,False,False,False,False,False,False,False,False,False
CRM001267,GT005733,,False,,False,False,False,False,False,False,False,False,False,False
CRM001268,GT008943,USR000711,False,,False,False,False,False,False,False,False,False,False,True
CRM001269,GT002941,USR000712,False,,False,False,False,False,False,False,False,False,False,False
CRM001270,GT006882,,False,,False,False,False,False,False,False,False,False,True,False
CRM001271,GT006008,,False,,False,False,False,False,False,False,False,False,False,False
CRM001272,GT005915,USR000713,False,,False,False,False,False,False,False,False,False,True,False
CRM001273,GT003504,,False,,False,False,False,False,False,False,False,False,False,False
CRM001274,GT002743,USR000714,False,,False,False,False,False,False,False,False,False,False,False
CRM001275,GT000626,USR000715,False,,False,False,False,False,False,False,False,False,False,False
CRM001276,GT007324,USR000716,False,,False,False,False,False,False,False,False,False,False,False
CRM001277,GT005835,USR000717,False,,False,False,False,False,False,False,False,False,False,False
CRM001278,GT001136,USR000718,False,,False,False,False,False,False,False,False,False,False,False
CRM001279,GT004992,USR000719,False,,True,False,False,False,False,False,False,False,False,True
CRM001280,GT000809,,False,,False,False,False,False,False,False,False,False,False,True
CRM001281,GT002733,USR000720,False,,False,False,False,False,False,False,False,True,True,False
CRM001282,GT003438,,False,,False,False,False,False,False,False,False,False,False,True
CRM001283,GT007671,USR000721,False,,False,False,False,False,False,False,False,True,True,False
CRM001284,GT008728,USR000722,False,,False,False,False,False,False,False,False,False,False,False
CRM001285,GT002366,USR000723,False,,False,False,False,False,False,False,False,False,False,False
CRM001286,GT009325,,False,,False,False,False,False,False,False,False,False,False,False
CRM001287,GT001824,,False,,False,False,False,False,False,False,False,False,False,False
CRM001288,GT008281,USR000724,False,,False,False,False,False,False,False,False,False,False,False
CRM001289,GT008377,USR000725,False,,False,False,False,False,False,False,False,False,True,False
CRM001290,GT003704,,False,,False,False,False,False,False,False,False,False,False,False
CRM001291,GT004074,USR000726,False,,False,True,False,False,False,True,False,False,False,False
CRM001292,GT006864,USR000727,False,,False,False,False,False,False,False,False,False,False,False
CRM001293,GT007416,USR000728,False,,False,False,False,False,False,False,False,False,False,False
CRM001294,GT005307,USR000729,False,,False,True,False,False,False,False,False,False,False,False
CRM001295,GT005814,,False,,False,False,False,False,False,False,False,False,False,False
CRM001296,GT002184,USR000730,False,,False,False,False,False,False,True,False,False,False,False
CRM001297,GT002377,USR000731,False,,False,False,False,False,False,False,False,False,False,False
CRM001298,GT003018,USR000732,False,,False,False,True,False,False,False,False,False,False,False
CRM001299,GT007805,USR000733,False,,False,False,False,False,False,False,False,False,False,False
CRM001300,GT007764,,False,,False,False,False,False,False,False,False,False,False,False
CRM001301,GT003926,,False,,False,False,False,False,False,False,False,False,True,False
CRM001302,GT009645,USR000734,False,,False,False,False,False,False,False,False,False,False,False
CRM001303,GT004029,USR000735,False,,False,False,False,False,False,False,False,False,False,False
CRM001304,GT004133,USR000736,False,,True,False,False,False,False,False,False,False,False,False
CRM001305,GT008531,,False,,False,False,False,False,False,False,False,False,False,False
CRM001306,GT007872,,False,,False,False,False,False,False,False,False,False,False,False
CRM001307,GT004514,USR000737,False,,False,False,False,False,False,False,False,False,False,False
CRM001308,GT003462,,False,,False,False,False,False,False,False,False,False,False,False
CRM001309,GT002858,USR000738,False,,False,False,False,False,False,False,False,False,False,False
CRM001310,GT008966,USR000739,False,,False,False,False,False,False,False,False,False,False,False
CRM001311,GT000895,,False,,False,False,False,False,False,False,False,False,False,False
CRM001312,GT007952,,False,,False,False,False,False,False,False,False,False,False,False
CRM001313,GT004938,USR000740,False,,False,True,False,False,False,False,False,False,False,False
CRM001314,GT002417,USR000741,False,,False,False,False,False,False,True,False,False,False,False
CRM001315,GT003098,,False,,False,True,False,False,False,False,False,False,False,False
CRM001316,GT009081,,False,,False,False,False,False,False,False,False,False,False,False
CRM001317,GT008259,USR000742,False,,False,False,False,False,False,False,False,False,False,False
CRM001318,GT006160,USR000743,False,,False,False,False,True,False,False,False,False,True,False
CRM001319,GT007715,,False,,False,False,False,False,False,False,False,False,False,False
CRM001320,GT008414,USR000744,False,,False,False,False,False,False,False,False,False,False,False
CRM001321,GT003683,,False,,False,False,False,False,True,False,False,False,False,False
CRM001322,GT002243,USR000745,False,,False,False,False,False,False,False,False,False,False,False
CRM001323,GT000343,,False,,False,False,False,False,False,False,False,False,False,False
CRM001324,GT005556,USR000746,False,,False,True,False,False,False,False,False,False,False,False
CRM001325,GT000294,USR000747,False,,False,False,False,False,False,False,False,False,True,False
CRM001326,GT006439,USR000748,False,,False,False,False,False,False,True,False,False,False,False
CRM001327,GT005843,,False,,False,False,False,False,False,False,False,False,False,False
CRM001328,GT008625,,False,,False,False,False,False,False,False,False,False,False,False
CRM001329,GT003170,,False,,False,False,False,False,False,False,False,False,False,False
CRM001330,GT007950,USR000749,False,,False,False,True,False,False,False,False,False,False,True
CRM001331,GT005015,,False,,False,False,False,False,False,False,False,False,False,True
CRM001332,GT001992,,False,,False,False,False,False,False,True,False,False,False,False
CRM001333,GT006453,USR000750,False,,False,False,False,False,False,False,False,False,False,False
CRM001334,GT005876,,False,,False,False,False,False,False,False,False,False,False,False
CRM001335,GT009966,USR000751,False,,False,False,False,False,False,False,False,False,False,False
CRM001336,GT007254,USR000752,False,,False,False,False,False,False,False,False,False,False,False
CRM001337,GT003364,USR000753,False,,False,True,True,False,False,False,False,False,False,False
CRM001338,GT009314,USR000754,False,,False,False,False,False,False,False,False,False,False,False
CRM001339,GT000315,,False,,False,False,False,False,False,True,False,False,False,False
CRM001340,GT004247,USR000755,False,,False,False,False,False,False,False,False,False,False,False
CRM001341,GT000744,,False,,False,False,False,False,False,False,False,False,False,False
CRM001342,GT004931,USR000756,False,,False,False,True,False,False,False,False,False,False,False
CRM001343,GT007724,,False,,False,False,False,False,False,False,False,False,False,False
CRM001344,GT000485,,False,,False,False,False,False,True,False,False,False,True,False
CRM001345,GT003405,,False,,False,False,False,False,False,False,False,False,False,False
CRM001346,GT006625,,False,,False,False,False,False,False,False,False,False,False,False
CRM001347,GT003380,,False,,False,False,False,False,False,False,False,False,False,False
CRM001348,GT007291,USR000757,False,,False,False,False,False,False,False,True,False,False,False
CRM001349,GT003703,USR000758,False,,False,False,False,False,False,False,False,False,False,False
CRM001350,GT006866,USR000759,False,,False,False,False,False,False,False,False,False,False,False
CRM001351,GT005084,USR000760,False,,False,False,False,False,False,False,True,False,False,False
CRM001352,GT001186,USR000761,False,,False,False,False,False,False,False,False,False,False,False
CRM001353,GT005704,USR000762,False,,False,False,False,False,False,False,False,False,True,False
CRM001354,GT005324,,False,,False,False,False,False,False,False,False,False,False,False
CRM001355,GT003930,,False,,False,False,False,False,False,False,False,False,True,False
CRM001356,GT008594,USR000763,False,,False,False,False,False,False,False,False,True,False,False
CRM001357,GT006075,USR000764,False,,False,False,False,False,False,False,False,False,False,False
CRM001358,GT006858,USR000765,False,,True,False,False,False,False,False,False,False,False,False
CRM001359,GT001457,USR000766,False,,False,False,False,False,True,False,False,False,False,False
CRM001360,GT003894,,False,,False,False,False,False,False,False,False,False,False,False
CRM001361,GT003083,,False,,False,False,False,False,False,False,False,False,False,False
CRM001362,GT007393,USR000767,False,,False,False,False,False,False,False,False,True,True,False
CRM001363,GT001231,USR000768,False,,False,False,False,False,False,False,False,False,False,False
CRM001364,GT003998,USR000769,False,,False,False,False,False,False,False,False,False,True,False
CRM001365,GT004155,,False,,False,False,False,False,False,False,False,False,False,False
CRM001366,GT002406,,False,,False,False,False,False,False,False,False,False,True,False
CRM001367,GT003474,,False,,False,False,False,False,False,False,False,False,False,False
CRM001368,GT001144,,False,,False,False,False,False,False,True,False,False,False,False
CRM001369,GT002586,,False,,False,False,False,False,False,False,False,False,False,False
CRM001370,GT003329,USR000770,False,,False,False,False,False,False,False,False,False,False,False
CRM001371,GT004765,,False,,False,False,False,False,False,False,False,False,False,False
CRM001372,GT008102,USR000771,False,,False,False,False,False,False,False,False,False,False,False
CRM001373,GT006499,,False,,False,False,False,False,False,False,False,False,False,False
CRM001374,GT004937,,False,,False,True,False,False,False,False,False,False,False,False
CRM001375,GT008991,,False,,False,False,False,False,False,False,False,False,False,False
CRM001376,GT006356,,False,,False,False,False,False,False,False,False,False,True,False
CRM001377,GT009855,,False,,False,False,False,False,False,False,False,True,False,False
CRM001378,GT000563,USR000772,False,,False,False,False,False,False,False,False,False,False,False
CRM001379,GT007213,,False,,False,False,False,False,False,False,False,False,True,True
CRM001380,GT004535,USR000773,False,,False,False,False,False,False,False,False,False,False,False
CRM001381,GT008302,,False,,False,False,False,False,False,False,False,False,False,False
CRM001382,GT008704,,False,,False,False,False,False,False,False,False,False,True,False
CRM001383,GT005323,USR000774,False,,False,True,False,False,False,False,False,False,False,False
CRM001384,GT006688,USR000775,False,,False,False,False,False,True,False,False,False,False,False
CRM001385,GT006408,USR000776,False,,False,False,False,False,False,False,False,False,False,False
CRM001386,GT003628,USR000777,False,,False,False,False,False,False,False,False,False,False,False
CRM001387,GT000410,,False,,False,False,False,False,False,False,False,False,True,False
CRM001388,GT000594,USR000778,False,,False,True,False,False,True,False,False,False,False,False
CRM001389,GT005968,,False,,False,False,False,False,False,False,False,False,False,False
CRM001390,GT004705,USR000779,False,,False,False,False,False,False,False,False,False,False,False
CRM001391,GT003319,USR000780,False,,False,False,False,False,False,False,False,False,True,False
CRM001392,GT008646,,False,,False,False,True,False,False,False,True,False,False,False
CRM001393,GT006997,,False,,False,False,False,False,False,False,False,False,False,False
CRM001394,GT009124,,False,,False,False,False,False,False,False,False,False,False,False
CRM001395,GT009220,USR000781,False,,False,False,False,False,False,False,True,False,False,False
CRM001396,GT007739,,False,,False,False,False,False,False,False,False,False,True,False
CRM001397,GT005088,,False,,False,False,False,False,False,False,False,False,False,False
CRM001398,GT006714,USR000782,False,,False,False,False,False,False,False,False,False,False,False
CRM001399,GT007871,,False,,False,False,False,False,False,False,False,False,False,False
CRM001400,GT004608,USR000783,False,,False,False,False,False,False,False,False,False,False,False
CRM001401,GT001157,,False,,False,False,False,False,False,False,False,False,False,False
CRM001402,GT001202,,False,,False,False,False,False,False,False,False,False,True,False
CRM001403,GT004795,USR000784,False,,False,False,False,False,False,False,False,False,False,False
CRM001404,GT008834,USR000785,False,,False,False,False,True,False,False,False,False,False,False
CRM001405,GT009053,,False,,False,False,False,False,False,False,False,False,False,False
CRM001406,GT005249,USR000786,False,,False,False,False,False,False,False,False,False,False,False
CRM001407,GT005936,,False,,False,False,False,False,False,True,False,False,False,True
CRM001408,GT005679,USR000787,False,,False,True,False,False,False,False,False,False,False,False
CRM001409,GT005860,,False,,False,False,False,False,False,False,False,False,False,True
CRM001410,GT000842,,False,,False,False,False,False,False,False,False,False,False,False
CRM001411,GT005218,,False,,False,False,False,False,False,False,False,False,False,False
CRM001412,GT008448,USR000788,False,,False,False,False,False,False,False,False,False,True,False
CRM001413,GT005133,USR000789,False,,False,False,False,False,False,False,False,False,False,False
CRM001414,GT002337,USR000790,False,,False,False,False,False,False,False,False,False,False,False
CRM001415,GT000860,USR000791,False,,False,False,False,False,False,False,False,False,True,True
CRM001416,GT008515,USR000792,False,,False,False,False,False,False,False,False,False,True,False
CRM001417,GT002200,USR000793,False,,False,False,False,False,False,False,False,False,False,False
CRM001418,GT009178,USR000794,False,,False,False,False,False,False,False,False,False,False,False
CRM001419,GT000937,USR000795,False,,False,False,False,False,False,False,False,False,False,True
CRM001420,GT003562,USR000796,False,,False,False,False,False,False,False,False,False,False,True
CRM001421,GT008990,,False,,False,False,False,False,False,False,False,False,False,False
CRM001422,GT006476,,False,,False,True,False,False,False,False,False,False,False,False
CRM001423,GT000379,,False,,False,False,False,True,False,False,False,False,False,False
CRM001424,GT001748,USR000797,False,,False,False,False,False,False,False,False,False,False,False
CRM001425,GT007099,USR000798,False,,False,False,False,False,False,False,False,False,False,False
CRM001426,GT008468,,False,,False,False,False,False,False,False,False,False,False,False
CRM001427,GT005803,,False,,False,True,False,False,False,False,False,False,False,False
CRM001428,GT001467,USR000799,False,,False,False,False,False,False,False,False,False,False,False
CRM001429,GT000702,,False,,False,False,False,False,False,False,True,False,False,False
CRM001430,GT009959,USR000800,False,,False,False,False,False,False,False,False,False,True,False
CRM001431,GT008060,USR000801,False,,False,False,False,False,False,False,False,False,False,True
CRM001432,GT008369,USR000802,False,,False,False,False,False,False,False,False,False,True,False
CRM001433,GT006747,,False,,False,False,False,False,False,False,False,False,False,False
CRM001434,GT001049,USR000803,False,,False,False,False,False,False,False,False,False,False,False
CRM001435,GT008021,USR000804,False,,False,False,False,False,False,False,False,False,False,False
CRM001436,GT005546,,False,,False,False,False,False,False,False,False,False,False,False
CRM001437,GT000465,USR000805,False,,False,False,False,False,False,False,False,False,False,False
CRM001438,GT008005,,False,,False,False,False,False,False,False,False,False,True,False
CRM001439,GT005171,,False,,False,False,False,False,False,False,False,False,False,False
CRM001440,GT006686,,False,,False,False,False,False,False,False,False,False,False,True
CRM001441,GT000088,,False,,False,False,False,False,False,False,False,False,True,False
CRM001442,GT006295,,False,,False,False,False,False,False,False,False,False,False,False
CRM001443,GT003887,,False,,False,False,False,False,True,False,False,False,False,False
CRM001444,GT004673,USR000806,False,,False,False,False,False,False,False,False,False,False,False
CRM001445,GT005720,,False,,False,False,False,False,False,False,False,False,False,False
CRM001446,GT006155,USR000807,False,,False,False,False,False,False,False,False,False,False,False
CRM001447,GT008022,USR000808,False,,False,False,False,False,False,False,False,False,False,False
CRM001448,GT008189,USR000809,False,,False,False,False,False,False,False,False,False,False,False
CRM001449,GT001866,USR000810,False,,False,False,False,False,False,False,False,False,False,False
CRM001450,GT009782,USR000811,False,,False,False,False,False,False,False,False,False,False,True
CRM001451,GT009114,USR000812,False,,False,False,False,False,False,False,False,False,False,False
CRM001452,GT001766,USR000813,False,,False,True,False,False,False,True,False,False,False,False
CRM001453,GT006856,,False,,False,False,False,False,False,False,False,False,False,False
CRM001454,GT003959,USR000814,False,,False,False,False,False,False,False,False,False,False,True
CRM001455,GT005285,,False,,False,False,False,False,False,False,False,False,True,False
CRM001456,GT005394,USR000815,False,,True,False,False,False,False,False,False,False,True,False
CRM001457,GT006671,USR000816,False,,False,False,False,False,False,False,False,False,False,False
CRM001458,GT000512,,False,,False,False,False,False,False,False,False,False,False,False
CRM001459,GT003710,USR000817,False,,False,False,False,False,False,False,False,False,False,False
CRM001460,GT001450,,False,,False,False,False,False,False,False,False,False,True,False
CRM001461,GT001194,USR000818,False,,False,False,False,False,False,False,True,False,False,True
CRM001462,GT001626,,False,,False,True,False,False,False,False,False,False,False,False
CRM001463,GT009761,USR000819,False,,False,False,False,False,False,False,False,False,True,True
CRM001464,GT005135,USR000820,False,,False,False,False,False,False,False,False,False,False,False
CRM001465,GT005725,USR000821,False,,False,False,False,False,False,False,False,False,False,False
CRM001466,GT006809,USR000822,False,,False,False,False,False,False,False,False,False,False,False
CRM001467,GT007540,,False,,False,False,False,False,False,False,False,False,True,False
CRM001468,GT003882,,False,,False,True,False,False,False,False,False,False,False,False
CRM001469,GT003162,USR000823,False,,False,False,False,False,True,False,False,False,False,False
CRM001470,GT003531,,False,,False,False,True,False,False,False,False,False,False,True
CRM001471,GT007873,USR000824,False,,False,False,False,False,False,False,False,False,False,False
CRM001472,GT003579,,False,,False,False,False,False,False,False,False,False,False,False
CRM001473,GT009619,,False,,False,False,False,False,False,False,False,False,False,False
CRM001474,GT002042,,False,,False,False,False,False,False,False,False,False,False,False
CRM001475,GT008824,USR000825,False,,False,False,False,False,False,False,False,False,False,False
CRM001476,GT008496,USR000826,False,,False,False,False,False,False,False,False,False,False,False
CRM001477,GT007466,,False,,False,False,False,False,False,False,False,False,False,False
CRM001478,GT009533,USR000827,False,,False,False,False,False,False,False,False,False,False,False
CRM001479,GT008849,USR000828,False,,False,False,False,False,False,False,False,False,False,False
CRM001480,GT005468,USR000829,False,,False,False,True,False,False,True,False,False,False,False
CRM001481,GT008570,USR000830,False,,True,False,False,False,False,False,False,False,True,True
CRM001482,GT001498,,False,,False,False,False,True,False,False,False,False,False,False
CRM001483,GT008217,USR000831,False,,False,False,False,False,False,False,False,False,False,False
CRM001484,GT008676,USR000832,False,,False,False,False,False,False,False,False,False,True,False
CRM001485,GT002874,,False,,False,False,False,False,False,False,False,False,False,False
CRM001486,GT002117,USR000833,False,,False,False,False,False,False,False,False,False,False,False
CRM001487,GT007288,,False,,False,False,False,False,False,False,False,False,False,True
CRM001488,GT000359,USR000834,False,,False,False,False,False,False,False,False,False,False,False
CRM001489,GT006523,USR000835,False,,True,False,False,False,False,False,False,False,False,False
CRM001490,GT004339,USR000836,False,,False,False,False,False,False,False,False,False,False,False
CRM001491,GT002314,,False,,False,False,False,False,False,True,False,False,False,False
CRM001492,GT003430,,False,,False,False,True,False,False,False,False,False,True,False
CRM001493,GT008154,,False,,False,False,False,False,False,False,False,False,False,False
CRM001494,GT000957,,False,,False,False,False,False,False,False,False,False,False,False
CRM001495,GT004460,USR000837,False,,False,False,False,False,False,False,False,False,True,False
CRM001496,GT004477,USR000838,False,,False,False,False,False,False,False,False,False,False,False
CRM001497,GT001274,USR000839,False,,False,False,False,True,False,False,False,False,False,False
CRM001498,GT007720,,False,,False,False,False,False,False,False,False,False,False,False
CRM001499,GT002914,USR000840,False,,False,False,False,False,False,False,True,False,True,False
CRM001500,GT002982,,False,,False,True,False,False,False,False,False,False,False,False
CRM001501,GT005278,USR000841,False,,False,False,False,False,False,False,False,False,False,False
CRM001502,GT008371,USR000842,False,,False,False,False,False,False,False,False,False,False,False
CRM001503,GT004859,,False,,False,False,False,False,False,True,False,False,False,False
CRM001504,GT001479,USR000843,False,,False,False,False,True,False,False,False,False,False,False
CRM001505,GT009022,USR000844,False,,False,True,False,False,False,False,False,False,False,False
CRM001506,GT002686,,False,,False,False,False,False,False,False,False,False,True,False
CRM001507,GT008038,,False,,False,False,False,False,False,False,False,False,False,False
CRM001508,GT009604,,False,,False,False,False,False,False,False,False,False,False,False
CRM001509,GT007638,USR000845,False,,False,False,False,False,False,False,False,False,False,True
CRM001510,GT007531,USR000846,False,,False,False,False,False,False,False,True,False,False,False
CRM001511,GT005241,,False,,False,False,False,False,False,False,False,False,False,False
CRM001512,GT005780,USR000847,False,,False,False,False,False,False,False,False,False,True,True
CRM001513,GT005026,,False,,False,False,False,False,True,False,False,False,False,False
CRM001514,GT006558,USR000848,False,,False,False,False,False,False,False,False,False,False,False
CRM001515,GT001719,,False,,False,False,False,False,False,False,False,False,False,False
CRM001516,GT004706,USR000849,False,,False,False,False,False,False,True,False,False,True,False
CRM001517,GT009643,USR000850,False,,False,False,False,False,False,False,False,False,False,False
CRM001518,GT009486,,False,,False,True,False,False,False,True,False,False,False,False
CRM001519,GT009352,USR000851,False,,False,True,False,False,False,False,False,False,False,False
CRM001520,GT005977,,False,,False,False,False,False,False,False,False,False,False,False
CRM001521,GT003618,,False,,False,False,False,False,False,True,False,False,False,False
CRM001522,GT005163,,False,,False,False,False,False,False,False,False,False,False,False
CRM001523,GT005951,USR000852,False,,False,False,False,False,False,False,False,False,False,False
CRM001524,GT004046,,False,,False,False,False,False,False,False,False,False,False,False
CRM001525,GT001366,USR000853,False,,False,False,False,False,False,False,False,False,False,False
CRM001526,GT000803,,False,,False,False,False,False,False,False,False,False,True,False
CRM001527,GT001113,,False,,False,True,False,False,False,False,False,False,False,False
CRM001528,GT006801,USR000854,False,,False,False,False,False,False,False,False,False,False,False
CRM001529,GT007407,USR000855,False,,False,False,False,False,False,False,False,False,False,False
CRM001530,GT004873,USR000856,False,,False,False,False,False,False,False,False,False,True,False
CRM001531,GT002799,USR000857,False,,False,True,False,False,False,False,False,False,False,False
CRM001532,GT007666,USR000858,False,,False,True,False,False,False,False,False,False,False,False
CRM001533,GT001670,,False,,False,False,False,False,False,False,False,False,False,False
CRM001534,GT008306,,False,,False,False,False,False,False,True,False,False,False,False
CRM001535,GT007159,,False,,False,False,False,False,False,False,False,False,False,False
CRM001536,GT006912,USR000859,False,,False,False,False,False,False,False,False,False,False,False
CRM001537,GT007884,,False,,False,False,False,False,False,False,False,False,True,False
CRM001538,GT006665,USR000860,False,,False,False,False,False,False,False,False,False,False,True
CRM001539,GT009079,USR000861,False,,False,False,False,False,False,False,False,False,False,False
CRM001540,GT004061,USR000862,False,,True,False,False,False,False,False,False,False,False,False
CRM001541,GT000618,,False,,False,False,False,False,False,False,False,False,False,False
CRM001542,GT001438,,False,,False,True,False,False,False,False,False,False,False,False
CRM001543,GT001845,USR000863,False,,False,False,False,False,False,False,False,False,False,True
CRM001544,GT001591,,False,,False,False,False,False,False,False,False,False,False,False
CRM001545,GT002544,USR000864,False,,False,False,False,False,False,False,False,False,False,False
CRM001546,GT008926,,False,,False,False,False,False,False,False,False,False,False,True
CRM001547,GT008188,USR000865,False,,False,False,False,False,False,False,False,False,False,False
CRM001548,GT008700,USR000866,False,,False,True,False,False,False,False,False,False,False,False
CRM001549,GT008280,USR000867,False,,False,False,False,False,False,False,False,False,True,False
CRM001550,GT002412,,False,,False,False,False,False,False,False,False,False,False,False
CRM001551,GT004121,USR000868,False,,False,False,False,False,False,False,False,False,True,False
CRM001552,GT005709,,False,,False,False,True,False,False,False,False,False,False,False
CRM001553,GT008018,,False,,False,False,False,False,False,False,False,False,False,True
CRM001554,GT002556,,False,,False,False,False,False,False,False,False,False,True,False
CRM001555,GT001464,USR000869,False,,False,True,False,False,False,False,False,False,False,False
CRM001556,GT002245,USR000870,False,,False,False,False,False,False,False,False,False,False,False
CRM001557,GT009751,,False,,False,False,False,True,False,False,False,False,False,False
CRM001558,GT003367,USR000871,False,,False,False,False,False,False,False,False,False,False,False
CRM001559,GT000001,,False,,False,False,False,False,False,False,False,False,False,True
CRM001560,GT006413,USR000872,False,,False,False,False,False,False,False,False,False,False,False
CRM001561,GT003323,USR000873,False,,False,False,False,False,False,False,False,False,False,False
CRM001562,GT007375,,False,,False,False,False,False,False,False,False,False,False,False
CRM001563,GT006315,,False,,False,False,False,False,True,False,False,False,False,False
CRM001564,GT000734,,False,,False,False,False,False,False,False,False,False,False,False
CRM001565,GT000010,,False,,False,False,False,False,False,False,False,False,False,False
CRM001566,GT001754,USR000874,False,,False,False,False,False,False,False,False,False,False,False
CRM001567,GT002120,USR000875,False,,False,False,False,False,False,False,False,False,False,False
CRM001568,GT000855,USR000876,False,,False,True,False,False,False,False,False,False,False,False
CRM001569,GT005846,,False,,False,False,False,False,False,True,False,False,False,False
CRM001570,GT001998,,False,,False,False,False,False,False,False,False,False,False,False
CRM001571,GT002658,USR000877,False,,False,False,False,False,False,False,False,False,False,False
CRM001572,GT004987,,False,,False,False,False,False,False,False,False,False,False,False
CRM001573,GT002675,,False,,False,False,False,False,False,False,False,False,False,False
CRM001574,GT007778,,False,,False,False,False,False,False,False,False,False,False,False
CRM001575,GT001490,,False,,False,False,False,False,False,False,False,False,False,False
CRM001576,GT008945,USR000878,False,,False,False,False,False,False,False,False,False,True,False
CRM001577,GT003850,USR000879,False,,False,False,False,False,True,False,False,False,False,False
CRM001578,GT002286,USR000880,False,,False,False,False,False,False,False,False,False,False,True
CRM001579,GT000355,,False,,False,False,False,True,False,False,False,False,True,False
CRM001580,GT004117,USR000881,False,,False,False,False,False,False,False,False,False,True,False
CRM001581,GT001092,USR000882,False,,True,False,False,False,False,False,False,False,False,False
CRM001582,GT002550,USR000883,False,,False,False,False,False,False,False,False,False,False,False
CRM001583,GT008091,USR000884,False,,False,True,False,False,False,False,False,False,False,False
CRM001584,GT002925,,False,,False,False,False,False,False,False,False,False,False,False
CRM001585,GT007425,,False,,False,False,False,False,False,False,False,False,True,False
CRM001586,GT006914,USR000885,False,,False,False,False,False,False,False,False,False,False,False
CRM001587,GT001339,USR000886,False,,False,False,True,False,False,False,False,False,False,True
CRM001588,GT000149,,False,,False,False,False,False,False,False,True,False,False,False
CRM001589,GT001508,,False,,False,False,False,False,False,False,False,False,True,False
CRM001590,GT005331,USR000887,False,,False,False,False,False,False,False,False,False,False,False
CRM001591,GT008317,USR000888,False,,False,False,False,False,False,False,False,False,False,True
CRM001592,GT006774,USR000889,False,,False,False,False,True,False,False,False,False,False,False
CRM001593,GT000320,USR000890,False,,False,False,False,False,False,False,False,False,False,False
CRM001594,GT003050,USR000891,False,,False,False,False,False,False,False,False,False,False,False
CRM001595,GT006481,USR000892,False,,False,True,False,False,False,False,False,False,False,False
CRM001596,GT009748,,False,,False,False,False,False,False,False,False,False,False,False
CRM001597,GT008737,,False,,False,False,False,False,False,False,False,False,False,False
CRM001598,GT007565,USR000893,False,,False,False,False,False,False,False,False,False,False,False
CRM001599,GT004113,USR000894,False,,False,False,False,False,False,False,False,False,False,True
CRM001600,GT009031,,False,,False,False,False,False,False,False,False,False,False,False
CRM001601,GT002008,,False,,False,False,False,False,False,False,False,False,True,False
CRM001602,GT006538,USR000895,False,,False,False,False,False,False,False,False,False,False,False
CRM001603,GT001007,,False,,False,True,False,False,False,False,False,False,False,False
CRM001604,GT003105,,False,,False,False,False,False,False,False,False,False,False,False
CRM001605,GT001236,USR000896,False,,False,False,False,False,False,False,False,False,False,True
CRM001606,GT000243,,False,,False,False,False,False,False,False,False,False,True,False
CRM001607,GT007495,USR000897,False,,False,False,False,False,False,False,False,False,False,True
CRM001608,GT007705,,False,,False,True,False,False,False,True,False,False,False,False
CRM001609,GT008881,,False,,True,False,False,False,False,False,False,False,False,False
CRM001610,GT001060,USR000898,False,,False,False,False,False,False,False,False,False,False,False
CRM001611,GT005667,USR000899,False,,False,False,False,False,False,False,False,False,False,False
CRM001612,GT006902,,False,,False,True,False,False,True,False,False,False,False,False
CRM001613,GT007179,,False,,False,False,False,False,False,False,False,False,False,False
CRM001614,GT000688,USR000900,False,,False,False,False,False,False,False,False,False,True,True
CRM001615,GT001442,,False,,False,False,False,False,True,False,False,False,False,False
CRM001616,GT002967,,False,,False,True,False,False,False,False,False,False,False,False
CRM001617,GT001437,USR000901,False,,False,False,False,False,False,False,False,False,False,False
CRM001618,GT001132,USR000902,False,,False,False,False,False,False,False,False,False,False,False
CRM001619,GT001099,,False,,False,False,False,False,False,False,False,False,False,False
CRM001620,GT008443,USR000903,False,,False,False,False,False,False,False,False,False,False,False
CRM001621,GT009658,USR000904,False,,False,True,False,False,False,False,False,False,False,False
CRM001622,GT008406,USR000905,False,,False,True,False,False,False,False,False,False,False,False
CRM001623,GT004376,USR000906,False,,False,False,False,False,False,False,False,False,False,False
CRM001624,GT006099,USR000907,False,,False,False,False,False,False,False,False,False,False,False
CRM001625,GT004725,,False,,False,False,False,False,False,False,False,False,False,False
CRM001626,GT001686,,False,,False,False,False,False,False,False,False,False,False,False
CRM001627,GT008485,USR000908,False,,False,False,False,False,False,False,False,False,False,False
CRM001628,GT003006,,False,,False,False,False,False,False,False,False,False,False,False
CRM001629,GT002231,USR000909,False,,False,False,False,False,False,False,False,False,True,False
CRM001630,GT005616,,False,,False,False,False,False,False,False,False,False,True,True
CRM001631,GT009798,,False,,False,False,False,False,False,False,False,False,False,False
CRM001632,GT001682,,False,,False,True,False,False,False,False,False,False,False,False
CRM001633,GT008896,,False,,False,True,False,False,False,False,False,False,False,False
CRM001634,GT004583,USR000910,False,,False,True,False,False,False,False,False,False,False,False
CRM001635,GT001793,USR000911,False,,False,False,False,False,False,False,False,False,True,False
CRM001636,GT002672,USR000912,False,,False,False,False,False,False,False,False,False,False,False
CRM001637,GT007216,USR000913,False,,False,False,False,False,False,False,False,False,False,False
CRM001638,GT009810,,False,,False,False,False,False,False,False,False,False,False,False
CRM001639,GT008447,USR000914,False,,False,False,False,False,False,False,False,False,False,False
CRM001640,GT009385,USR000915,False,,False,False,False,False,False,False,False,False,False,False
CRM001641,GT000787,USR000916,False,,False,False,False,False,False,False,False,False,True,False
CRM001642,GT000231,,False,,False,False,False,False,False,False,False,False,False,False
CRM001643,GT001810,,False,,False,False,False,False,False,False,True,False,False,False
CRM001644,GT003146,,False,,False,False,False,False,False,False,False,False,False,False
CRM001645,GT007785,USR000917,False,,False,False,False,False,False,False,False,False,False,True
CRM001646,GT004303,USR000918,False,,False,False,False,False,False,False,False,False,False,False
CRM001647,GT001318,USR000919,False,,False,False,False,False,False,False,False,False,False,False
CRM001648,GT005493,USR000920,False,,False,False,False,False,False,True,False,False,False,False
CRM001649,GT007304,USR000921,False,,True,False,False,False,False,False,False,False,False,False
CRM001650,GT003469,USR000922,False,,False,False,False,False,False,False,False,False,False,False
CRM001651,GT007049,USR000923,False,,False,False,False,False,False,False,False,False,False,False
CRM001652,GT006624,USR000924,False,,False,False,False,False,False,False,False,False,True,False
CRM001653,GT007245,,False,,False,False,False,False,False,False,False,False,False,False
CRM001654,GT002847,USR000925,False,,False,False,False,False,False,False,False,False,False,False
CRM001655,GT007583,USR000926,False,,False,False,False,False,False,False,False,False,True,False
CRM001656,GT009184,USR000927,False,,False,False,False,False,False,False,False,False,True,False
CRM001657,GT002908,USR000928,False,,False,False,False,False,False,False,False,False,False,False
CRM001658,GT000635,USR000929,False,,False,False,False,False,False,False,False,False,False,False
CRM001659,GT006771,,False,,False,False,False,False,False,False,False,False,False,False
CRM001660,GT008263,USR000930,False,,False,False,False,False,False,False,False,False,True,False
CRM001661,GT000263,,False,,False,False,False,False,False,False,False,False,True,False
CRM001662,GT002487,USR000931,False,,False,False,False,False,False,False,False,False,False,False
CRM001663,GT006921,,False,,False,False,False,False,False,False,False,False,False,False
CRM001664,GT007843,,False,,False,False,False,False,False,False,False,False,False,False
CRM001665,GT002229,USR000932,False,,False,False,False,False,False,False,False,False,False,False
CRM001666,GT006003,,False,,False,True,False,False,False,False,False,False,False,False
CRM001667,GT007061,,False,,False,False,False,False,False,False,False,False,True,False
CRM001668,GT002614,,False,,True,False,False,False,False,False,False,False,False,False
CRM001669,GT006703,USR000933,False,,False,False,False,False,False,False,False,False,False,False
CRM001670,GT008845,USR000934,False,,False,False,False,False,False,False,False,False,False,False
CRM001671,GT007428,,False,,False,False,False,False,False,False,False,False,False,False
CRM001672,GT001801,USR000935,False,,False,False,False,False,False,False,False,False,False,False
CRM001673,GT006557,,False,,False,False,False,False,False,False,False,False,False,False
CRM001674,GT002193,USR000936,False,,False,False,False,False,False,False,False,False,False,False
CRM001675,GT001534,USR000937,False,,False,False,False,False,False,False,False,False,True,False
CRM001676,GT000344,,False,,False,False,False,False,False,False,False,True,True,False
CRM001677,GT008523,,False,,False,False,False,False,False,False,False,False,False,False
CRM001678,GT009304,,False,,False,False,False,False,False,False,False,False,False,False
CRM001679,GT007750,USR000938,False,,False,True,False,False,False,False,False,False,False,False
CRM001680,GT003793,,False,,False,False,False,False,False,True,False,False,False,False
CRM001681,GT006672,USR000939,False,,False,False,False,False,False,False,False,False,False,False
CRM001682,GT000884,,False,,False,False,False,False,False,False,False,False,False,False
CRM001683,GT002479,USR000940,False,,False,False,False,False,False,False,False,False,False,False
CRM001684,GT009384,,False,,False,False,False,True,False,False,False,False,False,False
CRM001685,GT000917,USR000941,False,,False,False,False,False,False,False,False,False,False,False
CRM001686,GT008144,,False,,False,False,False,False,False,False,False,False,False,False
CRM001687,GT004459,USR000942,False,,False,False,False,False,False,False,False,False,False,False
CRM001688,GT001308,USR000943,False,,False,True,False,False,False,False,False,False,False,False
CRM001689,GT006630,USR000944,False,,False,False,False,False,False,False,False,False,False,False
CRM001690,GT003461,USR000945,False,,False,False,False,False,False,False,False,False,False,True
CRM001691,GT003678,USR000946,False,,False,False,False,False,False,False,False,False,True,False
CRM001692,GT005891,USR000947,False,,False,False,False,False,False,False,False,False,False,False
CRM001693,GT001689,USR000948,False,,False,False,False,False,False,False,False,False,False,True
CRM001694,GT006219,,False,,False,False,False,False,False,False,False,False,False,False
CRM001695,GT003280,USR000949,False,,False,True,False,False,False,False,False,False,False,False
CRM001696,GT003933,USR000950,False,,False,False,False,False,False,False,False,False,False,False
CRM001697,GT003923,USR000951,False,,False,False,False,False,False,False,False,False,False,False
CRM001698,GT003209,USR000952,False,,False,False,False,False,False,False,False,False,True,False
CRM001699,GT004251,,False,,False,False,False,False,False,False,False,False,False,False
CRM001700,GT004882,USR000953,False,,False,False,False,False,True,False,False,False,True,False
CRM001701,GT006068,,False,,False,False,False,False,False,False,False,False,False,False
CRM001702,GT009208,,False,,False,True,False,False,False,True,False,False,False,False
CRM001703,GT003456,USR000954,False,,False,False,False,False,False,False,False,False,False,False
CRM001704,GT000105,USR000955,False,,False,False,False,False,False,False,False,False,True,False
CRM001705,GT000444,USR000956,False,,False,True,False,False,False,True,False,False,False,True
CRM001706,GT009192,USR000957,False,,False,False,False,False,False,False,False,False,False,False
CRM001707,GT003371,USR000958,False,,False,False,False,False,False,False,False,False,False,False
CRM001708,GT002369,,False,,False,True,False,False,False,False,False,False,False,False
CRM001709,GT005539,USR000959,False,,False,False,False,False,False,False,False,False,False,False
CRM001710,GT006415,USR000960,False,,False,True,False,False,False,False,False,False,False,False
CRM001711,GT004052,,False,,False,False,False,False,False,False,False,False,False,False
CRM001712,GT002960,USR000961,False,,False,False,False,False,False,True,False,True,False,False
CRM001713,GT006240,,False,,False,False,False,False,True,True,False,False,False,False
CRM001714,GT007149,USR000962,False,,False,False,False,False,False,False,False,False,False,False
CRM001715,GT006276,,False,,False,False,False,False,False,False,False,False,False,True
CRM001716,GT007993,USR000963,False,,False,False,False,False,False,False,False,False,False,False
CRM001717,GT002748,,False,,False,False,False,False,True,False,False,False,False,False
CRM001718,GT007429,USR000964,False,,False,True,False,False,False,False,False,False,False,False
CRM001719,GT005762,,False,,False,False,False,False,False,False,False,False,False,False
CRM001720,GT007482,,False,,False,False,False,False,False,False,False,False,True,False
CRM001721,GT004615,,False,,False,False,False,False,False,False,False,False,False,False
CRM001722,GT006130,USR000965,False,,False,False,False,False,False,False,False,False,False,False
CRM001723,GT006733,,False,,False,True,False,False,False,False,False,False,False,False
CRM001724,GT000949,USR000966,False,,False,False,False,False,False,False,False,False,False,False
CRM001725,GT005573,USR000967,False,,False,False,False,False,False,False,False,False,False,False
CRM001726,GT003273,,False,,False,False,False,False,False,False,False,False,False,False
CRM001727,GT005337,USR000968,False,,False,False,False,True,False,False,False,False,False,False
CRM001728,GT005242,USR000969,False,,False,False,False,False,False,False,False,False,False,False
CRM001729,GT005527,USR000970,False,,False,False,False,False,False,False,False,False,False,False
CRM001730,GT006011,,False,,False,True,False,False,False,False,False,False,False,False
CRM001731,GT004839,USR000971,False,,False,False,False,False,False,False,False,False,False,False
CRM001732,GT002685,USR000972,False,,False,False,False,False,False,False,False,False,False,False
CRM001733,GT004160,USR000973,False,,False,False,False,False,False,False,False,False,True,True
CRM001734,GT004129,,False,,False,False,False,False,False,False,False,False,False,False
CRM001735,GT009316,USR000974,False,,False,False,False,False,False,False,False,False,True,False
CRM001736,GT003493,,False,,False,False,False,False,False,False,False,False,False,False
CRM001737,GT009127,,False,,False,False,False,False,False,False,False,False,False,False
CRM001738,GT007913,,False,,False,False,False,False,False,False,False,False,False,False
CRM001739,GT008404,,False,,False,False,False,False,False,True,False,False,False,False
CRM001740,GT003261,,False,,False,False,False,False,False,False,False,False,False,False
CRM001741,GT000667,,False,,False,False,True,False,False,False,False,False,False,False
CRM001742,GT002716,USR000975,False,,False,False,True,False,False,False,False,False,False,False
CRM001743,GT000590,,False,,False,False,False,False,False,False,False,False,True,False
CRM001744,GT002660,USR000976,False,,False,False,False,False,False,False,False,False,False,True
CRM001745,GT005372,USR000977,False,,False,True,False,False,False,False,False,False,False,True
CRM001746,GT002202,,False,,False,False,False,False,False,False,False,False,False,False
CRM001747,GT001830,,False,,False,False,False,False,False,False,False,False,False,False
CRM001748,GT007059,USR000978,False,,True,False,False,False,False,False,False,False,False,False
CRM001749,GT000325,,False,,True,True,False,False,False,False,False,False,False,False
CRM001750,GT000432,,False,,False,False,False,False,False,False,False,False,True,True
CRM001751,GT009911,,False,,False,False,False,False,False,False,False,False,True,False
CRM001752,GT002159,,False,,False,False,False,False,False,False,False,False,False,False
CRM001753,GT003177,,False,,False,False,False,False,False,False,False,False,False,False
CRM001754,GT009267,,False,,False,False,False,False,False,False,False,False,False,False
CRM001755,GT000591,,False,,False,False,False,False,False,False,True,False,False,False
CRM001756,GT005256,,False,,False,False,False,False,False,False,False,False,True,False
CRM001757,GT008067,,False,,False,False,False,False,True,False,False,False,False,False
CRM001758,GT008912,,False,,False,False,False,False,False,True,False,False,False,True
CRM001759,GT009861,USR000979,False,,False,False,False,False,False,False,False,False,True,False
CRM001760,GT006705,USR000980,False,,False,False,False,False,False,False,False,False,False,False
CRM001761,GT000475,USR000981,False,,False,False,False,False,False,False,False,False,False,True
CRM001762,GT009189,USR000982,False,,False,False,False,False,False,False,False,False,False,False
CRM001763,GT007510,,False,,False,False,False,False,False,False,False,False,False,False
CRM001764,GT004507,USR000983,False,,False,False,False,False,False,False,False,False,False,False
CRM001765,GT006728,USR000984,False,,False,False,False,False,False,False,False,False,False,False
CRM001766,GT003908,,False,,False,False,False,False,False,False,False,False,False,False
CRM001767,GT001638,USR000985,False,,False,False,False,False,False,True,False,False,True,True
CRM001768,GT003835,USR000986,False,,False,False,False,False,False,False,False,False,False,False
CRM001769,GT006044,,False,,False,False,False,False,False,False,False,False,False,False
CRM001770,GT001412,USR000987,False,,False,False,False,False,False,True,False,False,False,False
CRM001771,GT007973,USR000988,False,,False,False,False,False,False,False,False,False,False,True
CRM001772,GT001820,USR000989,False,,False,False,False,False,False,False,False,False,False,False
CRM001773,GT005365,USR000990,False,,False,False,False,False,False,False,False,False,False,False
CRM001774,GT006109,USR000991,False,,False,False,False,False,False,False,False,False,False,False
CRM001775,GT009100,,False,,False,False,False,False,False,False,False,False,True,False
CRM001776,GT003654,USR000992,False,,False,False,False,False,False,False,False,False,False,False
CRM001777,GT009513,,False,,False,False,False,False,False,False,False,False,False,False
CRM001778,GT004071,,False,,True,False,False,False,False,False,False,False,False,False
CRM001779,GT000334,USR000993,False,,False,False,False,False,False,False,False,False,False,False
CRM001780,GT007338,,False,,False,False,True,False,False,False,False,False,False,False
CRM001781,GT004957,USR000994,False,,False,False,False,False,False,False,False,False,False,False
CRM001782,GT003509,USR000995,False,,False,False,True,False,False,False,False,False,False,False
CRM001783,GT002767,USR000996,False,,False,False,False,False,False,True,False,False,False,False
CRM001784,GT001135,USR000997,False,,False,False,False,False,False,False,False,False,False,False
CRM001785,GT006790,,False,,False,False,False,True,False,False,False,False,False,False
CRM001786,GT009853,,False,,False,False,False,False,False,False,False,False,False,False
CRM001787,GT001418,,False,,False,False,True,False,True,False,False,False,False,False
CRM001788,GT000447,USR000998,False,,False,False,False,False,False,False,False,False,False,False
CRM001789,GT000406,USR000999,False,,False,False,False,False,False,False,False,False,False,False
CRM001790,GT004098,USR001000,False,,False,False,False,False,False,False,False,False,False,False
CRM001791,GT001063,USR001001,False,,False,False,False,False,False,False,False,False,False,False
CRM001792,GT004032,,False,,False,False,False,False,False,False,False,False,False,True
CRM001793,GT004506,,False,,False,False,False,False,False,False,False,False,False,False
CRM001794,GT007874,,False,,False,False,False,False,False,False,False,False,True,False
CRM001795,GT004236,,False,,False,False,False,False,False,False,False,False,False,False
CRM001796,GT008395,USR001002,False,,False,False,False,False,False,False,False,False,False,False
CRM001797,GT003373,USR001003,False,,False,False,False,False,False,False,False,False,False,False
CRM001798,GT006071,USR001004,False,,False,False,False,False,False,False,False,False,False,False
CRM001799,GT001502,,False,,False,True,False,False,False,False,False,False,False,True
CRM001800,GT005052,USR001005,False,,False,True,False,False,False,True,False,False,False,False
CRM001801,GT003349,USR001006,False,,False,True,False,False,False,False,False,False,False,False
CRM001802,GT003025,,False,,False,False,False,False,True,False,False,False,False,True
CRM001803,GT000345,USR001007,False,,False,False,False,False,False,False,False,False,False,False
CRM001804,GT004007,USR001008,False,,False,False,False,False,False,False,False,False,True,False
CRM001805,GT007354,,False,,False,True,False,False,False,False,False,False,False,True
CRM001806,GT006323,USR001009,False,,False,False,False,True,False,False,False,False,False,False
CRM001807,GT005343,,False,,False,False,False,False,False,False,False,False,False,True
CRM001808,GT009507,USR001010,False,,False,False,False,False,False,False,False,False,False,False
CRM001809,GT003671,,False,,False,True,False,False,False,False,False,False,False,False
CRM001810,GT003197,,False,,False,True,False,False,False,False,False,False,False,False
CRM001811,GT001677,USR001011,False,,False,False,False,False,False,False,False,False,False,False
CRM001812,GT003754,USR001012,False,,False,False,False,False,False,False,False,False,True,False
CRM001813,GT009849,,False,,False,False,False,False,False,False,False,False,False,False
CRM001814,GT009340,USR001013,False,,False,False,False,False,False,False,False,False,False,False
CRM001815,GT004368,USR001014,False,,False,False,False,False,True,False,False,False,False,False
CRM001816,GT004479,USR001015,False,,False,False,False,False,False,False,False,False,False,False
CRM001817,GT000210,USR001016,False,,False,False,False,False,False,False,False,False,False,False
CRM001818,GT009610,USR001017,False,,False,False,False,False,False,False,False,False,False,True
CRM001819,GT008550,,False,,False,False,False,False,True,False,False,False,False,True
CRM001820,GT008516,,False,,False,False,False,False,False,False,False,False,False,False
CRM001821,GT002850,,False,,False,False,False,False,False,False,False,False,False,True
CRM001822,GT006404,USR001018,False,,False,False,False,False,False,False,False,False,False,False
CRM001823,GT009566,USR001019,False,,False,False,False,False,False,False,False,False,False,False
CRM001824,GT006104,,False,,False,True,False,False,False,False,False,False,False,False
CRM001825,GT003375,USR001020,False,,False,False,False,False,False,False,False,False,False,False
CRM001826,GT003447,,False,,False,True,False,False,True,False,False,False,False,False
CRM001827,GT009110,,False,,False,False,False,False,False,False,False,False,False,False
CRM001828,GT000018,,False,,False,False,False,False,False,False,False,False,False,False
CRM001829,GT007631,USR001021,False,,False,False,False,False,False,False,True,False,False,False
CRM001830,GT004636,USR001022,False,,False,False,False,False,False,False,False,False,True,False
CRM001831,GT003034,USR001023,False,,False,False,False,False,False,False,False,False,False,False
CRM001832,GT001928,,False,,False,False,False,False,False,False,False,False,True,False
CRM001833,GT009344,,False,,False,False,False,False,False,False,False,False,False,False
CRM001834,GT004126,USR001024,False,,False,False,False,False,False,False,False,False,True,True
CRM001835,GT009960,USR001025,False,,False,False,False,False,False,False,False,False,False,False
CRM001836,GT004737,,False,,False,False,False,False,False,False,False,False,False,False
CRM001837,GT009696,USR001026,False,,False,False,False,False,True,False,False,False,False,False
CRM001838,GT005862,USR001027,False,,False,False,False,False,False,False,False,False,False,False
CRM001839,GT008097,,False,,False,False,False,False,False,False,False,False,False,False
CRM001840,GT003061,,False,,False,False,False,False,False,False,False,False,False,False
CRM001841,GT008408,,False,,False,False,False,False,False,False,False,False,True,False
CRM001842,GT000804,USR001028,False,,False,False,False,True,False,False,False,False,False,False
CRM001843,GT009892,USR001029,False,,False,False,False,False,False,False,False,False,True,True
CRM001844,GT001100,,False,,False,False,False,False,False,False,False,False,False,False
CRM001845,GT007563,USR001030,False,,False,False,False,False,False,False,False,False,False,False
CRM001846,GT007654,USR001031,False,,False,False,False,False,False,False,False,False,False,False
CRM001847,GT003246,,False,,False,False,False,False,True,False,False,False,False,False
CRM001848,GT006896,USR001032,False,,False,False,False,False,False,False,False,False,False,False
CRM001849,GT002580,,False,,False,False,False,False,False,False,False,False,False,False
CRM001850,GT005103,,False,,False,False,False,False,False,False,False,False,False,False
CRM001851,GT002682,USR001033,False,,False,False,False,False,False,False,False,False,True,False
CRM001852,GT006263,,False,,False,False,False,False,False,False,False,False,False,False
CRM001853,GT003406,,False,,False,False,False,False,False,True,False,False,False,False
CRM001854,GT002509,USR001034,False,,False,False,False,False,False,False,False,False,False,False
CRM001855,GT008654,,False,,False,True,False,False,False,False,False,False,False,False
CRM001856,GT009409,USR001035,False,,False,False,False,True,False,False,False,False,False,False
CRM001857,GT006696,USR001036,False,,False,False,False,False,False,False,False,False,True,False
CRM001858,GT008814,USR001037,False,,False,False,False,False,False,False,False,False,False,False
CRM001859,GT001150,,False,,False,False,False,False,False,False,False,False,False,False
CRM001860,GT003265,,False,,False,False,False,False,False,False,False,False,False,False
CRM001861,GT007323,,False,,False,False,True,False,False,False,False,False,False,False
CRM001862,GT006590,,False,,False,False,False,False,False,False,False,False,False,False
CRM001863,GT002238,,False,,False,False,False,False,False,True,False,False,True,False
CRM001864,GT008332,USR001038,False,,False,False,False,False,False,False,False,False,False,False
CRM001865,GT006816,USR001039,False,,False,False,False,False,False,False,False,False,False,False
CRM001866,GT005641,,False,,False,False,False,False,False,False,False,False,False,False
CRM001867,GT008563,USR001040,False,,False,False,False,False,False,False,False,False,False,False
CRM001868,GT002274,USR001041,False,,False,False,False,False,False,False,False,False,False,False
CRM001869,GT004340,USR001042,False,,False,True,False,False,False,False,False,False,False,True
CRM001870,GT001310,,False,,False,True,False,False,True,False,False,False,False,False
CRM001871,GT008667,USR001043,False,,False,True,False,True,False,False,True,False,False,False
CRM001872,GT003360,USR001044,False,,False,False,False,False,False,True,False,False,False,False
CRM001873,GT004593,USR001045,False,,False,True,False,False,False,False,False,False,False,False
CRM001874,GT004701,,False,,False,False,False,False,False,False,False,False,False,False
CRM001875,GT009042,,False,,False,False,False,False,False,False,False,False,False,False
CRM001876,GT004903,USR001046,False,,False,False,True,False,False,False,False,False,False,False
CRM001877,GT004671,USR001047,False,,False,False,False,False,False,False,True,False,False,False
CRM001878,GT009665,,False,,False,False,False,False,False,False,False,False,False,True
CRM001879,GT003591,,False,,False,False,False,False,False,False,False,False,False,False
CRM001880,GT006724,,False,,False,False,False,False,False,True,False,False,False,True
CRM001881,GT008135,,False,,False,False,False,False,False,True,False,False,False,False
CRM001882,GT001031,USR001048,False,,False,False,False,False,False,False,False,False,False,False
CRM001883,GT009951,,False,,False,False,False,False,False,True,False,False,False,False
CRM001884,GT004968,,False,,False,False,False,False,False,False,False,False,False,False
CRM001885,GT007602,USR001049,False,,False,False,False,False,False,False,False,False,False,False
CRM001886,GT001417,USR001050,False,,False,False,False,False,False,False,False,False,False,True
CRM001887,GT009576,,False,,False,False,False,False,True,False,False,False,True,False
CRM001888,GT006570,USR001051,False,,False,False,False,False,False,False,False,False,False,False
CRM001889,GT007434,,False,,False,False,False,False,False,False,False,False,False,False
CRM001890,GT004655,,False,,False,False,False,False,False,False,False,False,False,False
CRM001891,GT009793,USR001052,False,,False,False,False,False,False,False,False,False,False,True
CRM001892,GT007483,,False,,True,False,False,False,True,False,False,False,True,False
CRM001893,GT007746,USR001053,False,,False,True,False,False,False,False,False,False,False,False
CRM001894,GT005289,,False,,False,False,False,False,False,True,False,False,False,False
CRM001895,GT001519,USR001054,False,,False,False,False,False,False,True,False,False,False,False
CRM001896,GT008211,USR001055,False,,True,False,False,False,False,False,False,False,False,False
CRM001897,GT000973,USR001056,False,,False,False,False,False,False,False,False,True,False,False
CRM001898,GT003355,,False,,False,False,False,False,False,False,False,False,False,False
CRM001899,GT003229,USR001057,False,,False,False,False,False,False,False,False,False,False,False
CRM001900,GT006015,USR001058,False,,False,True,True,False,False,False,False,False,False,False
CRM001901,GT009799,,False,,False,False,True,False,False,False,False,False,False,False
CRM001902,GT001142,,False,,False,False,False,False,False,True,False,False,True,False
CRM001903,GT008502,,False,,False,False,False,False,False,False,False,False,False,False
CRM001904,GT000367,,False,,False,False,False,False,False,False,False,False,False,False
CRM001905,GT009763,,False,,False,False,False,False,True,False,False,False,False,False
CRM001906,GT005904,,False,,False,False,False,False,False,True,False,False,False,False
CRM001907,GT004543,USR001059,False,,False,False,False,False,False,False,False,False,False,True
CRM001908,GT002489,USR001060,False,,False,False,False,False,False,False,False,False,True,True
CRM001909,GT002921,USR001061,False,,False,False,False,False,False,False,False,False,False,False
CRM001910,GT003165,USR001062,False,,False,False,False,False,False,False,False,False,False,False
CRM001911,GT000673,USR001063,False,,False,False,False,False,False,False,False,False,False,False
CRM001912,GT002644,,False,,False,False,False,False,False,False,False,False,False,False
CRM001913,GT009373,,False,,False,False,False,False,True,False,False,False,False,False
CRM001914,GT006425,USR001064,False,,False,False,False,False,False,False,False,False,True,False
CRM001915,GT001254,USR001065,False,,False,False,False,False,False,False,False,False,False,False
CRM001916,GT004551,USR001066,False,,False,False,False,False,False,False,False,False,False,False
CRM001917,GT009336,USR001067,False,,False,False,False,False,False,False,False,False,False,False
CRM001918,GT006431,USR001068,False,,False,False,False,False,False,False,False,False,True,True
CRM001919,GT005757,,False,,False,False,False,False,False,False,False,False,False,False
CRM001920,GT000822,USR001069,False,,False,False,False,False,False,False,False,False,False,False
CRM001921,GT005998,,False,,False,False,False,False,True,True,False,False,False,False
CRM001922,GT004607,USR001070,False,,False,False,False,False,False,False,False,False,False,False
CRM001923,GT008867,USR001071,False,,False,False,False,False,False,False,False,False,False,True
CRM001924,GT003313,USR001072,False,,False,False,False,False,False,False,False,False,False,False
CRM001925,GT006985,,False,,False,False,False,False,False,False,False,False,False,False
CRM001926,GT004852,USR001073,False,,False,False,False,False,False,False,False,False,True,False
CRM001927,GT008141,USR001074,False,,False,False,False,False,False,False,True,False,True,False
CRM001928,GT009290,USR001075,False,,False,False,False,False,False,False,False,False,False,False
CRM001929,GT004068,USR001076,False,,False,False,False,False,False,False,False,False,False,False
CRM001930,GT000305,USR001077,False,,False,False,False,False,False,False,False,False,False,False
CRM001931,GT004596,,False,,False,False,False,False,False,False,False,False,False,False
CRM001932,GT007546,USR001078,False,,False,False,False,False,False,False,False,False,False,False
CRM001933,GT002445,,False,,False,False,False,False,False,False,False,False,False,False
CRM001934,GT006077,,False,,False,False,False,False,False,False,False,False,False,False
CRM001935,GT004136,USR001079,False,,False,False,False,False,False,False,False,False,False,False
CRM001936,GT008871,USR001080,False,,False,False,False,False,False,False,False,False,False,False
CRM001937,GT004466,USR001081,False,,False,False,False,False,False,False,False,False,False,False
CRM001938,GT000044,,False,,False,False,False,False,False,False,False,False,False,False
CRM001939,GT001967,USR001082,False,,False,False,False,False,False,False,False,False,False,False
CRM001940,GT001725,,False,,False,False,False,False,False,False,False,False,False,False
CRM001941,GT000055,USR001083,False,,False,False,False,False,False,False,False,False,False,False
CRM001942,GT002153,USR001084,False,,False,False,False,False,False,False,False,False,False,False
CRM001943,GT004033,,False,,False,False,False,False,False,False,False,False,False,False
CRM001944,GT007753,,False,,False,False,False,False,False,False,False,False,False,False
CRM001945,GT005529,,False,,False,False,False,False,False,False,False,False,False,False
CRM001946,GT005177,,False,,False,False,False,False,False,False,False,False,False,False
CRM001947,GT002199,USR001085,False,,False,False,False,False,False,False,False,False,True,False
CRM001948,GT002305,,False,,False,False,False,False,False,False,False,False,False,False
CRM001949,GT002948,USR001086,False,,False,False,False,False,False,False,False,False,False,False
CRM001950,GT005955,USR001087,False,,False,False,False,False,False,False,False,False,False,True
CRM001951,GT006556,,False,,False,False,False,False,False,False,False,False,False,True
CRM001952,GT002439,USR001088,False,,False,False,False,False,False,False,False,False,True,False
CRM001953,GT001538,,False,,False,False,False,False,False,False,False,False,True,False
CRM001954,GT000449,,False,,False,False,False,False,False,False,False,False,False,False
CRM001955,GT009400,USR001089,False,,False,False,False,False,False,False,False,False,False,False
CRM001956,GT002998,,False,,False,False,False,False,False,False,False,False,False,False
CRM001957,GT007600,USR001090,False,,False,False,False,False,False,False,False,False,True,False
CRM001958,GT005605,USR001091,False,,False,False,False,False,False,False,False,False,False,False
CRM001959,GT002548,,False,,False,True,False,False,False,False,False,False,False,False
CRM001960,GT008337,USR001092,False,,True,False,False,False,True,False,False,False,False,False
CRM001961,GT002050,USR001093,False,,False,False,False,False,False,False,False,False,False,True
CRM001962,GT005082,USR001094,False,,False,False,False,False,False,True,False,False,True,False
CRM001963,GT007717,USR001095,False,,False,False,False,False,False,False,False,False,False,False
CRM001964,GT000926,USR001096,False,,True,False,False,False,False,False,False,False,False,True
CRM001965,GT005336,USR001097,False,,False,False,False,False,False,False,False,False,True,False
CRM001966,GT002796,USR001098,False,,False,False,False,False,False,False,False,False,False,False
CRM001967,GT008624,,False,,False,False,False,False,False,False,False,False,True,False
CRM001968,GT000431,,False,,False,False,False,False,False,False,False,False,False,False
CRM001969,GT001736,USR001099,False,,False,False,False,False,False,False,False,False,False,False
CRM001970,GT003175,USR001100,False,,False,False,False,False,False,False,False,False,False,False
CRM001971,GT005180,USR001101,False,,True,False,False,False,True,False,False,False,False,False
CRM001972,GT005729,,False,,False,False,False,False,False,False,False,False,False,False
CRM001973,GT006757,USR001102,False,,False,False,False,False,False,False,False,False,True,False
CRM001974,GT006692,USR001103,False,,False,False,False,True,False,False,False,False,False,False
CRM001975,GT008049,,False,,False,False,False,False,False,False,False,False,False,False
CRM001976,GT001305,,False,,False,False,False,False,False,False,False,False,False,False
CRM001977,GT009433,,False,,False,False,False,False,False,False,False,False,False,True
CRM001978,GT005864,,False,,False,False,False,False,False,False,False,False,False,True
CRM001979,GT009055,,False,,False,False,False,False,False,False,False,False,False,False
CRM001980,GT003159,USR001104,False,,False,False,False,False,False,False,False,False,False,True
CRM001981,GT003833,USR001105,False,,False,True,False,False,False,True,False,False,False,False
CRM001982,GT005624,USR001106,False,,False,False,False,False,False,False,False,False,False,False
CRM001983,GT005236,,False,,True,False,False,False,False,False,False,False,False,False
CRM001984,GT005758,,False,,False,True,False,False,False,False,False,False,False,False
CRM001985,GT002188,USR001107,False,,False,False,False,False,False,True,False,False,False,False
CRM001986,GT008068,USR001108,False,,False,True,False,False,False,False,False,False,False,False
CRM001987,GT001505,USR001109,False,,False,True,False,False,True,False,False,False,False,False
CRM001988,GT008836,,False,,False,False,False,False,False,False,False,False,False,False
CRM001989,GT004119,,False,,False,False,True,False,False,False,False,False,False,False
CRM001990,GT008982,,False,,False,False,False,False,False,False,False,False,True,True
CRM001991,GT006648,,False,,False,False,False,False,False,False,False,False,False,False
CRM001992,GT008696,,False,,False,False,False,False,False,False,False,False,False,False
CRM001993,GT004697,USR001110,False,,False,False,False,False,False,False,False,False,False,False
CRM001994,GT003169,,False,,False,False,False,False,False,False,False,False,False,False
CRM001995,GT009422,USR001111,False,,False,False,False,False,False,False,False,False,False,False
CRM001996,GT001226,,False,,False,False,False,False,False,False,False,False,False,False
CRM001997,GT008065,USR001112,False,,False,False,False,False,False,False,False,False,False,False
CRM001998,GT006376,USR001113,False,,False,False,False,False,False,False,False,False,False,False
CRM001999,GT002916,USR001114,False,,False,False,False,False,False,False,False,False,False,False
CRM002000,GT009213,,False,,False,False,False,False,False,False,False,False,False,True
CRM002001,GT006826,,False,,False,True,False,False,False,False,False,False,False,False
CRM002002,GT009300,USR001115,False,,False,False,False,False,False,False,False,False,False,False
CRM002003,GT009457,USR001116,False,,False,False,False,False,False,False,False,False,True,False
CRM002004,GT003869,USR001117,False,,False,True,False,False,False,False,False,True,False,True
CRM002005,GT009364,USR001118,False,,False,False,False,False,False,False,False,False,False,False
CRM002006,GT007692,USR001119,False,,False,False,False,False,False,False,False,False,False,False
CRM002007,GT002949,,False,,False,False,False,False,False,False,False,False,False,True
CRM002008,GT006016,USR001120,False,,False,False,False,False,False,False,False,False,True,False
CRM002009,GT006564,,False,,False,False,True,False,False,False,False,False,False,False
CRM002010,GT006713,,False,,False,False,False,False,False,True,False,False,False,False
CRM002011,GT004151,,False,,False,False,False,False,False,False,False,False,False,False
CRM002012,GT007925,,False,,False,False,False,False,False,False,False,False,False,False
CRM002013,GT007135,,False,,False,False,False,False,False,True,False,False,False,False
CRM002014,GT001465,,False,,False,False,False,False,False,False,False,False,False,True
CRM002015,GT002913,,False,,False,False,False,False,False,False,False,False,False,False
CRM002016,GT002170,USR001121,False,,False,False,False,False,False,False,False,False,False,False
CRM002017,GT008147,USR001122,False,,False,False,False,False,False,False,False,False,False,False
CRM002018,GT009078,,False,,False,False,True,False,False,False,False,False,False,False
CRM002019,GT000805,USR001123,False,,False,False,False,False,False,True,False,False,False,True
CRM002020,GT003558,USR001124,False,,False,False,False,False,False,False,False,False,False,False
CRM002021,GT007948,,False,,False,False,False,True,False,False,False,False,False,False
CRM002022,GT006730,USR001125,False,,False,False,False,False,False,False,False,False,True,False
CRM002023,GT008907,,False,,False,False,False,False,False,False,False,False,False,False
CRM002024,GT001861,,False,,False,False,False,False,False,False,False,False,False,False
CRM002025,GT003348,,False,,False,False,False,False,False,True,False,False,False,False
CRM002026,GT001011,USR001126,False,,False,True,False,False,False,False,False,False,False,False
CRM002027,GT007465,USR001127,False,,False,False,False,False,False,False,False,False,False,False
CRM002028,GT002480,,False,,False,False,False,False,False,False,False,False,False,True
CRM002029,GT002978,USR001128,False,,False,False,False,False,False,False,False,True,False,False
CRM002030,GT009906,USR001129,False,,False,True,False,False,False,False,False,False,False,False
CRM002031,GT009389,USR001130,False,,False,False,False,False,False,False,False,False,False,False
CRM002032,GT001225,,False,,False,False,False,False,False,False,False,False,False,False
CRM002033,GT008298,,False,,False,False,False,False,False,False,False,False,True,False
CRM002034,GT001657,,False,,False,False,False,False,False,False,False,True,False,False
CRM002035,GT005462,,False,,False,False,False,False,False,False,False,False,True,False
CRM002036,GT000870,,False,,False,False,False,False,True,False,False,False,False,False
CRM002037,GT004736,,False,,False,False,False,False,False,False,False,False,False,False
CRM002038,GT009050,,False,,False,False,False,False,False,False,False,False,False,False
CRM002039,GT009710,,False,,False,False,False,False,False,False,False,True,False,True
CRM002040,GT004135,USR001131,False,,False,False,False,False,False,False,False,False,False,False
CRM002041,GT007653,USR001132,False,,False,False,False,False,False,False,False,False,True,False
CRM002042,GT000542,USR001133,False,,False,False,False,False,False,False,False,False,False,False
CRM002043,GT003258,,False,,False,False,False,False,False,False,False,False,False,False
CRM002044,GT004268,USR001134,False,,False,False,False,False,False,False,False,False,False,False
CRM002045,GT008073,USR001135,False,,False,False,False,False,False,True,False,False,False,False
CRM002046,GT006064,USR001136,False,,False,False,False,False,False,False,False,False,True,False
CRM002047,GT007473,,False,,False,False,True,True,True,True,False,False,False,False
CRM002048,GT002817,USR001137,False,,False,False,False,False,False,False,False,False,False,False
CRM002049,GT009784,,False,,False,False,False,False,False,True,False,False,False,False
CRM002050,GT006257,,False,,False,False,False,False,False,False,False,False,False,False
CRM002051,GT008241,USR001138,False,,False,False,False,False,False,False,False,False,False,False
CRM002052,GT001756,USR001139,False,,False,False,False,False,False,False,False,False,False,False
CRM002053,GT008415,,False,,False,False,False,False,False,False,False,False,True,False
CRM002054,GT002749,,False,,False,False,False,False,False,False,False,False,False,True
CRM002055,GT006639,USR001140,False,,False,False,False,False,False,True,False,True,False,False
CRM002056,GT006334,USR001141,False,,False,True,False,False,False,False,False,False,False,False
CRM002057,GT007915,USR001142,False,,False,False,False,False,False,False,False,False,False,False
CRM002058,GT005519,,False,,False,True,False,False,False,False,False,False,False,False
CRM002059,GT004457,USR001143,False,,False,False,False,False,False,False,False,False,False,False
CRM002060,GT002653,,False,,False,False,True,False,False,False,False,False,False,False
CRM002061,GT006470,USR001144,False,,False,False,True,False,False,False,False,False,False,False
CRM002062,GT008678,USR001145,False,,False,True,False,False,False,False,False,False,False,False
CRM002063,GT001859,,False,,False,False,False,False,False,True,False,False,False,False
CRM002064,GT004757,,False,,False,False,False,False,False,False,False,False,False,False
CRM002065,GT009719,USR001146,False,,False,False,False,True,False,False,False,False,False,False
CRM002066,GT003860,,False,,False,False,False,False,False,True,False,False,False,False
CRM002067,GT006513,,False,,False,False,False,False,False,True,False,False,False,False
CRM002068,GT009381,,False,,False,True,False,False,False,False,False,False,False,False
CRM002069,GT009788,USR001147,False,,False,False,False,False,False,False,False,False,False,False
CRM002070,GT008260,,False,,False,False,False,False,False,False,False,False,False,False
CRM002071,GT003934,,False,,False,False,False,False,False,False,False,False,False,False
CRM002072,GT009570,USR001148,False,,False,False,False,False,False,False,False,False,False,False
CRM002073,GT000151,USR001149,False,,False,False,False,False,False,False,False,False,False,False
CRM002074,GT006112,USR001150,False,,False,False,False,False,False,False,False,False,True,False
CRM002075,GT009357,USR001151,False,,False,False,False,False,False,False,False,False,False,False
CRM002076,GT000217,USR001152,False,,False,False,False,False,False,False,False,False,False,False
CRM002077,GT005014,,False,,False,False,False,False,False,False,False,False,False,False
CRM002078,GT000814,USR001153,False,,False,False,False,False,True,False,False,False,False,False
CRM002079,GT003408,USR001154,False,,False,False,False,False,False,False,False,False,False,False
CRM002080,GT006423,USR001155,False,,False,False,False,False,False,False,False,False,False,False
CRM002081,GT003298,,False,,False,False,False,False,False,True,False,False,False,False
CRM002082,GT003206,,False,,False,False,False,False,False,False,False,False,False,False
CRM002083,GT009466,USR001156,False,,False,False,False,False,False,False,False,True,False,False
CRM002084,GT003046,,False,,False,False,False,False,False,False,False,False,False,False
CRM002085,GT007822,USR001157,False,,False,False,False,False,True,False,False,False,False,False
CRM002086,GT005850,USR001158,False,,False,False,False,False,False,False,False,False,True,False
CRM002087,GT009071,USR001159,False,,False,False,False,False,False,False,False,False,False,False
CRM002088,GT003401,,False,,False,False,False,False,False,False,False,False,False,False
CRM002089,GT004418,USR001160,False,,False,False,False,False,False,False,False,False,False,False
CRM002090,GT005338,,False,,False,False,False,False,True,False,False,False,True,False
CRM002091,GT000718,USR001161,False,,False,False,False,False,False,False,False,False,False,False
CRM002092,GT002310,,False,,False,False,False,False,False,False,False,False,False,False
CRM002093,GT001605,,False,,False,False,False,False,False,False,True,False,False,False
CRM002094,GT006752,USR001162,False,,False,True,False,False,False,False,False,False,False,False
CRM002095,GT008735,,False,,True,False,False,False,False,False,False,False,False,False
CRM002096,GT005295,,False,,False,False,False,False,False,False,False,False,False,False
CRM002097,GT001739,,False,,False,False,False,False,False,True,False,False,False,False
CRM002098,GT009987,USR001163,False,,False,False,True,False,False,False,False,False,False,False
CRM002099,GT002094,USR001164,False,,False,False,False,False,False,False,False,False,False,False
CRM002100,GT002420,USR001165,False,,False,False,False,False,False,False,False,False,False,False
CRM002101,GT007006,,False,,False,False,False,False,True,False,False,False,True,True
CRM002102,GT001724,,False,,False,False,False,False,False,False,False,False,False,False
CRM002103,GT001717,,False,,False,False,False,False,False,False,False,False,False,False
CRM002104,GT000684,USR001166,False,,False,False,False,False,False,True,False,False,False,True
CRM002105,GT009690,USR001167,False,,False,False,False,False,False,False,False,False,False,False
CRM002106,GT007794,USR001168,False,,False,False,False,False,False,False,False,False,False,True
CRM002107,GT008036,USR001169,False,,False,False,False,False,False,False,False,False,True,True
CRM002108,GT008731,,False,,False,False,False,False,False,False,False,False,False,False
CRM002109,GT002860,USR001170,False,,False,False,False,False,False,False,False,False,False,False
CRM002110,GT009454,,False,,False,False,False,False,False,False,False,False,True,True
CRM002111,GT001436,,False,,False,False,False,False,False,False,False,False,False,False
CRM002112,GT007680,,False,,False,False,False,False,True,False,False,False,False,False
CRM002113,GT006641,,False,,False,False,False,False,False,False,False,False,False,False
CRM002114,GT007303,,False,,True,False,False,False,True,False,False,False,False,False
CRM002115,GT009410,,False,,False,False,False,False,False,False,True,False,False,True
CRM002116,GT005540,USR001171,False,,False,False,False,False,False,False,False,False,False,False
CRM002117,GT009164,,False,,False,False,False,True,False,False,False,False,True,False
CRM002118,GT001936,USR001172,False,,False,False,False,False,False,False,False,False,False,False
CRM002119,GT001791,USR001173,False,,False,True,False,False,False,False,False,False,False,False
CRM002120,GT008885,,False,,False,False,False,False,False,False,False,False,False,True
CRM002121,GT002834,,False,,False,False,False,False,False,False,False,False,True,False
CRM002122,GT007776,,False,,False,False,False,False,False,False,False,False,False,False
CRM002123,GT008763,,False,,False,False,False,False,False,False,False,False,False,True
CRM002124,GT001693,,False,,True,True,False,False,False,False,False,False,False,False
CRM002125,GT007975,,False,,False,False,False,False,False,False,False,False,False,False
CRM002126,GT008393,,False,,False,False,False,False,False,False,False,False,False,False
CRM002127,GT001379,,False,,False,True,False,False,False,False,False,False,False,True
CRM002128,GT000089,,False,,False,False,False,False,False,False,False,False,False,False
CRM002129,GT009483,USR001174,False,,False,False,False,False,False,False,False,False,False,False
CRM002130,GT007571,,False,,False,True,False,False,False,False,False,False,False,False
CRM002131,GT007157,USR001175,False,,False,False,False,False,False,False,False,False,False,False
CRM002132,GT000157,USR001176,False,,False,False,True,False,False,False,False,False,False,False
CRM002133,GT005139,,False,,False,False,False,False,False,False,False,False,False,False
CRM002134,GT009241,USR001177,False,,False,False,False,False,False,False,False,False,False,False
CRM002135,GT002141,,False,,False,False,False,False,False,False,False,False,True,False
CRM002136,GT001459,,False,,False,False,False,False,False,False,False,False,False,False
CRM002137,GT004832,USR001178,False,,False,True,False,False,False,False,False,False,False,False
CRM002138,GT003275,,False,,False,False,False,False,False,False,True,False,False,False
CRM002139,GT006407,,False,,False,False,False,False,False,False,False,False,False,False
CRM002140,GT003843,USR001179,False,,False,False,False,False,False,False,False,False,True,False
CRM002141,GT002121,USR001180,False,,False,False,False,False,False,False,False,False,False,True
CRM002142,GT004812,,False,,False,False,False,False,True,False,False,False,False,False
CRM002143,GT005806,USR001181,False,,False,False,False,False,False,False,False,False,False,False
CRM002144,GT000663,USR001182,False,,False,False,False,False,False,False,False,False,False,False
CRM002145,GT001553,,False,,False,False,False,False,False,False,False,False,False,False
CRM002146,GT000009,USR001183,False,,False,False,False,False,False,False,False,False,False,False
CRM002147,GT005633,USR001184,False,,True,False,False,False,False,False,False,False,False,False
CRM002148,GT006583,USR001185,False,,False,False,False,False,False,False,False,False,False,False
CRM002149,GT002597,USR001186,False,,False,False,False,False,False,False,False,False,False,False
CRM002150,GT005782,,False,,False,False,False,False,False,True,False,False,False,False
CRM002151,GT003023,,False,,False,False,False,False,False,False,False,False,False,True
CRM002152,GT005516,,False,,False,False,False,False,False,False,False,False,False,False
CRM002153,GT006959,USR001187,False,,False,False,False,False,False,False,False,False,False,False
CRM002154,GT003444,,False,,True,False,True,False,False,False,True,False,False,False
CRM002155,GT008680,,False,,False,True,False,False,False,False,False,False,False,False
CRM002156,GT000245,USR001188,False,,False,False,False,False,True,True,False,False,False,False
CRM002157,GT009555,USR001189,False,,False,False,False,False,False,False,False,False,False,False
CRM002158,GT002381,USR001190,False,,False,False,False,False,False,False,False,False,False,False
CRM002159,GT000162,USR001191,False,,False,False,False,False,False,False,False,False,False,False
CRM002160,GT007747,USR001192,False,,False,False,False,False,False,True,False,False,False,True
CRM002161,GT008165,USR001193,False,,False,False,False,False,False,False,False,False,False,False
CRM002162,GT004380,,False,,False,False,False,False,False,False,False,False,False,False
CRM002163,GT007526,USR001194,False,,False,False,False,False,False,False,False,False,False,False
CRM002164,GT006869,USR001195,False,,False,False,False,False,False,False,False,False,False,False
CRM002165,GT005124,,False,,False,False,False,False,False,False,False,False,False,False
CRM002166,GT000795,USR001196,False,,False,False,False,False,False,False,False,False,False,False
CRM002167,GT006754,,False,,False,False,False,False,False,False,False,False,True,False
CRM002168,GT007955,USR001197,False,,False,False,False,False,False,False,False,False,False,False
CRM002169,GT000536,,False,,False,False,False,False,False,False,False,False,False,False
CRM002170,GT004087,USR001198,False,,False,False,False,False,False,False,False,False,False,True
CRM002171,GT005016,,False,,False,False,False,False,False,False,False,False,False,False
CRM002172,GT009889,,False,,False,False,False,False,False,False,False,False,False,False
CRM002173,GT004922,,False,,False,False,False,False,False,False,False,False,True,False
CRM002174,GT005068,,False,,False,False,False,True,False,False,False,False,False,False
CRM002175,GT002952,USR001199,False,,False,False,False,False,False,False,False,True,False,False
CRM002176,GT007994,USR001200,False,,False,False,False,False,False,False,False,False,False,False
CRM002177,GT009642,USR001201,False,,False,False,False,False,False,True,False,False,False,False
CRM002178,GT009929,USR001202,False,,True,False,False,False,False,False,True,False,False,False
CRM002179,GT007057,USR001203,False,,False,False,False,False,False,False,False,False,True,False
CRM002180,GT003196,,False,,False,False,False,False,False,False,False,False,False,False
CRM002181,GT006434,,False,,False,False,False,False,False,False,False,False,False,True
CRM002182,GT003271,USR001204,False,,False,False,False,False,False,False,False,False,False,True
CRM002183,GT006837,USR001205,False,,False,True,False,False,False,False,False,False,False,False
CRM002184,GT005330,USR001206,False,,False,True,False,False,False,True,False,False,False,False
CRM002185,GT009003,USR001207,False,,False,False,False,False,False,False,False,False,False,False
CRM002186,GT004229,USR001208,False,,False,True,False,False,False,False,False,False,False,False
CRM002187,GT009109,USR001209,False,,False,False,False,False,False,False,False,False,False,False
CRM002188,GT003871,USR001210,False,,False,False,False,False,False,False,False,False,False,False
CRM002189,GT004581,USR001211,False,,False,False,False,False,False,False,False,False,False,False
CRM002190,GT003160,USR001212,False,,False,False,False,False,False,False,False,False,False,False
CRM002191,GT002736,,False,,False,False,False,False,False,False,False,False,False,False
CRM002192,GT006087,,False,,False,False,False,False,False,False,False,False,False,False
CRM002193,GT009303,USR001213,False,,False,False,False,False,False,False,False,False,False,False
CRM002194,GT004010,,False,,True,False,False,False,False,False,False,False,False,False
CRM002195,GT002573,USR001214,False,,False,False,False,False,False,False,False,False,False,False
CRM002196,GT003191,USR001215,False,,False,False,False,False,True,True,False,False,False,False
CRM002197,GT003587,,False,,False,False,False,False,False,False,False,False,False,False
CRM002198,GT002197,,False,,False,False,False,False,False,False,False,False,False,False
CRM002199,GT002750,,False,,False,False,False,False,False,False,False,False,False,False
CRM002200,GT009479,,False,,False,False,False,False,False,False,False,False,False,False
CRM002201,GT000783,,False,,False,False,False,False,False,False,False,False,False,False
CRM002202,GT003009,,False,,False,False,False,False,False,False,False,False,True,False
CRM002203,GT003127,,False,,False,False,False,False,False,False,False,False,False,False
CRM002204,GT008577,,False,,False,False,False,False,False,False,False,False,False,False
CRM002205,GT004752,USR001216,False,,False,False,False,False,False,False,False,False,False,False
CRM002206,GT000489,USR001217,False,,False,False,False,False,False,False,False,False,False,False
CRM002207,GT006873,USR001218,False,,False,True,False,False,False,True,False,False,False,False
CRM002208,GT000011,,False,,False,False,False,False,False,False,True,False,False,False
CRM002209,GT001581,USR001219,False,,False,False,False,False,False,False,False,False,True,False
CRM002210,GT007282,USR001220,False,,False,False,False,False,True,False,False,True,False,False
CRM002211,GT008769,USR001221,False,,False,False,False,True,False,True,False,False,False,False
CRM002212,GT009104,,False,,False,False,False,False,False,False,False,False,False,False
CRM002213,GT001571,,False,,False,False,False,False,False,False,False,False,False,False
CRM002214,GT009836,,False,,False,False,False,False,False,False,False,False,False,False
CRM002215,GT007461,,False,,False,False,False,False,False,False,False,False,False,False
CRM002216,GT009734,USR001222,False,,False,False,False,False,False,False,False,False,False,False
CRM002217,GT006410,USR001223,False,,False,False,False,False,False,False,False,False,False,False
CRM002218,GT006114,USR001224,False,,False,False,False,False,False,False,False,False,False,False
CRM002219,GT005809,USR001225,False,,False,False,False,False,False,False,False,False,False,False
CRM002220,GT004317,USR001226,False,,False,False,False,False,True,False,False,False,False,False
CRM002221,GT000416,USR001227,False,,False,False,False,False,False,False,False,False,False,False
CRM002222,GT003014,,False,,False,False,False,False,False,False,False,False,False,False
CRM002223,GT000181,USR001228,False,,False,False,False,False,False,False,False,False,False,False
CRM002224,GT002740,,False,,False,False,False,False,False,False,False,False,False,False
CRM002225,GT008224,,False,,False,False,False,False,True,False,False,False,False,False
CRM002226,GT000577,USR001229,False,,False,False,False,False,False,False,False,False,False,False
CRM002227,GT002991,USR001230,False,,False,False,False,False,False,False,False,False,False,False
CRM002228,GT006857,USR001231,False,,False,False,False,False,False,False,False,False,False,False
CRM002229,GT000974,,False,,False,True,False,False,False,False,False,False,False,False
CRM002230,GT001768,USR001232,False,,False,False,False,False,False,False,False,False,True,False
CRM002231,GT006466,USR001233,False,,False,False,False,False,False,False,False,False,False,False
CRM002232,GT000234,,False,,False,False,False,False,False,False,False,False,False,False
CRM002233,GT000253,USR001234,False,,False,False,False,False,False,False,False,False,False,False
CRM002234,GT002349,,False,,False,True,False,False,False,False,False,False,False,False
CRM002235,GT005058,,False,,False,False,False,False,False,False,False,False,False,False
CRM002236,GT009500,,False,,False,False,False,True,False,False,False,False,True,False
CRM002237,GT008471,,False,,False,False,False,False,False,False,False,False,False,False
CRM002238,GT004331,,False,,False,False,False,False,False,False,False,False,False,False
CRM002239,GT002795,,False,,False,False,False,False,False,False,False,False,False,True
CRM002240,GT002449,USR001235,False,,False,False,False,False,False,False,False,False,False,False
CRM002241,GT008104,USR001236,False,,False,False,False,False,False,False,False,False,True,False
CRM002242,GT004552,USR001237,False,,False,False,False,False,False,False,False,False,False,False
CRM002243,GT003238,,False,,False,False,False,False,False,False,False,False,False,False
CRM002244,GT009843,USR001238,False,,False,False,False,False,False,True,False,False,True,False
CRM002245,GT000772,,False,,False,False,False,False,False,False,False,False,False,False
CRM002246,GT006706,,False,,False,False,False,False,False,False,True,True,False,False
CRM002247,GT003491,,False,,False,False,False,False,False,False,False,False,False,False
CRM002248,GT002761,,False,,False,False,False,False,False,False,False,False,False,False
CRM002249,GT004955,,False,,False,False,False,False,False,False,False,False,False,False
CRM002250,GT006360,,False,,False,False,False,False,False,False,False,False,False,False
CRM002251,GT000486,USR001239,False,,False,False,False,False,False,False,False,False,False,False
CRM002252,GT005032,USR001240,False,,False,False,False,False,False,False,False,False,False,False
CRM002253,GT004211,,False,,False,False,False,False,False,False,False,False,True,False
CRM002254,GT009155,,False,,False,False,False,False,True,False,False,False,False,False
CRM002255,GT004808,,False,,False,False,False,False,False,False,False,False,False,False
CRM002256,GT004081,,False,,False,False,False,False,False,False,False,False,False,False
CRM002257,GT006685,USR001241,False,,False,False,False,False,False,False,False,False,False,False
CRM002258,GT004088,USR001242,False,,False,True,False,False,False,False,False,False,False,False
CRM002259,GT006260,USR001243,False,,False,False,False,False,True,False,False,False,False,True
CRM002260,GT003639,,False,,True,False,False,False,False,False,False,False,False,False
CRM002261,GT001848,USR001244,False,,False,False,False,False,False,False,False,False,False,False
CRM002262,GT006960,,False,,False,False,False,False,False,False,False,False,False,False
CRM002263,GT006269,USR001245,False,,False,False,False,False,False,False,False,False,False,False
CRM002264,GT007889,USR001246,False,,False,False,False,False,False,False,False,False,False,False
CRM002265,GT001383,,False,,False,False,False,False,False,False,False,False,False,False
CRM002266,GT004245,,False,,False,False,False,True,False,False,False,False,False,False
CRM002267,GT002009,,False,,False,False,False,False,False,False,False,False,True,False
CRM002268,GT008721,,False,,False,False,False,False,False,False,False,False,False,False
CRM002269,GT001409,,False,,False,False,False,False,False,False,True,False,False,False
CRM002270,GT000898,USR001247,False,,False,False,False,False,False,False,False,True,False,False
CRM002271,GT002935,,False,,False,False,False,False,False,False,False,False,False,False
CRM002272,GT000532,,False,,True,False,False,False,False,False,False,False,True,False
CRM002273,GT008925,USR001248,False,,False,False,False,False,False,False,False,False,True,False
CRM002274,GT009135,,False,,False,False,False,False,False,False,False,False,False,False
CRM002275,GT008740,,False,,False,False,False,False,False,False,False,False,False,True
CRM002276,GT009715,,False,,False,False,False,False,False,False,False,False,False,False
CRM002277,GT009657,USR001249,False,,False,False,False,False,False,False,False,False,False,False
CRM002278,GT008400,,False,,False,False,False,False,False,False,False,False,True,False
CRM002279,GT006745,USR001250,False,,False,False,False,False,False,False,False,False,False,False
CRM002280,GT005232,USR001251,False,,False,False,False,False,False,False,False,False,False,False
CRM002281,GT002835,USR001252,False,,False,True,False,False,False,False,False,False,False,False
CRM002282,GT004727,,False,,False,True,False,False,False,False,False,False,False,False
CRM002283,GT001349,USR001253,False,,False,False,False,False,False,False,False,False,False,False
CRM002284,GT001255,USR001254,False,,False,False,False,False,False,False,False,False,False,False
CRM002285,GT004427,USR001255,False,,False,False,False,False,False,False,False,False,False,True
CRM002286,GT007507,USR001256,False,,False,False,False,False,False,False,False,False,False,False
CRM002287,GT009083,,False,,False,True,False,False,False,False,False,False,False,False
CRM002288,GT003088,,False,,False,False,False,False,False,False,False,False,False,False
CRM002289,GT008810,,False,,False,False,False,False,False,False,False,False,False,True
CRM002290,GT006836,USR001257,False,,False,False,False,False,False,False,False,False,False,False
CRM002291,GT006854,,False,,False,False,False,False,False,False,False,False,False,False
CRM002292,GT002407,,False,,False,True,False,False,False,False,False,False,False,True
CRM002293,GT009806,USR001258,False,,False,False,False,False,False,True,False,False,True,False
CRM002294,GT001340,,False,,False,False,False,False,False,False,False,False,True,False
CRM002295,GT005558,USR001259,False,,False,False,False,False,False,False,False,False,False,False
CRM002296,GT000607,USR001260,False,,False,False,False,False,False,False,False,False,False,False
CRM002297,GT007496,USR001261,False,,False,False,False,False,False,False,False,False,False,False
CRM002298,GT009539,,False,,False,True,False,False,False,False,False,False,False,True
CRM002299,GT003789,,False,,False,False,False,False,False,False,False,False,False,False
CRM002300,GT002149,,False,,False,False,False,False,False,False,False,False,False,False
CRM002301,GT005096,USR001262,False,,False,False,True,False,False,False,False,False,True,True
CRM002302,GT000938,USR001263,False,,False,False,False,False,False,False,True,False,False,False
CRM002303,GT001242,USR001264,False,,False,False,False,False,False,False,False,False,False,False
CRM002304,GT005694,,False,,False,False,False,False,False,True,False,False,False,False
CRM002305,GT003252,USR001265,False,,False,False,False,False,False,False,False,False,False,False
CRM002306,GT005046,,False,,False,False,False,False,False,False,False,False,False,False
CRM002307,GT000676,,False,,False,False,False,False,False,True,False,False,False,False
CRM002308,GT008336,,False,,False,False,False,False,False,False,False,False,False,False
CRM002309,GT004400,USR001266,False,,False,False,False,False,False,False,False,False,False,False
CRM002310,GT007947,,False,,False,False,False,False,False,False,False,False,False,False
CRM002311,GT005581,USR001267,False,,False,False,False,False,False,False,False,False,False,False
CRM002312,GT007349,,False,,False,False,False,False,False,False,False,False,False,False
CRM002313,GT009858,USR001268,False,,False,True,False,False,False,False,False,False,False,False
CRM002314,GT009226,USR001269,False,,False,True,False,False,False,False,False,False,False,False
CRM002315,GT006633,,False,,False,False,True,False,False,False,False,False,False,False
CRM002316,GT009940,,False,,False,False,False,False,False,False,False,False,False,False
CRM002317,GT000871,,False,,False,False,False,False,False,False,False,False,False,False
CRM002318,GT001871,,False,,False,False,False,False,False,True,False,False,False,False
CRM002319,GT008486,USR001270,False,,False,False,False,False,False,False,False,False,False,False
CRM002320,GT001168,USR001271,False,,False,False,False,False,False,False,False,False,False,False
CRM002321,GT003561,,False,,False,False,False,False,False,False,False,False,False,False
CRM002322,GT000538,,False,,False,False,False,False,False,False,False,False,False,False
CRM002323,GT009376,,False,,False,False,False,False,False,False,False,False,True,False
CRM002324,GT006359,USR001272,False,,False,False,True,False,False,False,False,False,False,False
CRM002325,GT008787,USR001273,False,,False,False,False,False,False,False,False,False,False,False
CRM002326,GT004661,,False,,False,False,False,False,False,False,False,True,False,False
CRM002327,GT006732,,False,,False,False,False,False,False,False,False,False,False,True
CRM002328,GT009618,,False,,False,False,False,False,False,False,False,False,False,False
CRM002329,GT000403,USR001274,False,,False,False,False,False,False,False,False,False,False,False
CRM002330,GT009411,,False,,False,False,False,False,False,True,False,False,True,False
CRM002331,GT006412,,False,,False,False,False,False,False,False,False,False,False,True
CRM002332,GT003215,,False,,False,False,False,False,False,False,False,False,False,True
CRM002333,GT000615,USR001275,False,,False,False,False,False,False,False,False,False,False,False
CRM002334,GT001564,USR001276,False,,False,False,False,False,False,False,False,False,True,False
CRM002335,GT005306,USR001277,False,,False,False,False,False,False,False,False,False,False,False
CRM002336,GT003487,USR001278,False,,False,False,False,False,False,False,False,False,False,True
CRM002337,GT006507,,False,,False,False,False,False,False,False,False,False,False,False
CRM002338,GT006777,USR001279,False,,False,False,False,False,False,True,False,False,False,False
CRM002339,GT005164,,False,,False,False,False,False,False,False,False,False,False,False
CRM002340,GT001015,,False,,False,False,False,False,False,False,False,False,False,False
CRM002341,GT005146,USR001280,False,,False,False,False,False,False,False,False,False,False,False
CRM002342,GT006918,USR001281,False,,False,False,False,False,False,False,False,False,True,False
CRM002343,GT005764,,False,,False,True,False,False,False,False,False,False,False,False
CRM002344,GT009590,,False,,False,False,False,False,False,False,False,False,False,False
CRM002345,GT001743,,False,,False,False,False,False,True,False,False,False,False,False
CRM002346,GT002110,,False,,False,False,False,False,False,False,False,False,False,False
CRM002347,GT003119,USR001282,False,,False,False,False,False,False,False,False,False,False,False
CRM002348,GT004492,,False,,False,False,False,False,False,False,False,False,False,False
CRM002349,GT007853,,False,,False,False,False,False,False,False,False,False,False,False
CRM002350,GT007625,USR001283,False,,False,False,False,False,False,False,False,False,True,False
CRM002351,GT006020,,False,,False,False,True,False,False,False,False,False,False,True
CRM002352,GT009004,USR001284,False,,False,True,False,False,False,False,False,False,False,False
CRM002353,GT004745,,False,,False,False,False,False,False,False,False,False,True,False
CRM002354,GT000892,,False,,False,False,False,True,False,False,False,False,True,False
CRM002355,GT009205,,False,,False,True,False,False,False,False,True,False,False,False
CRM002356,GT001227,,False,,False,False,False,False,False,False,False,False,False,False
CRM002357,GT000739,,False,,False,False,False,False,False,False,False,False,True,False
CRM002358,GT009824,USR001285,False,,False,False,False,False,False,False,False,False,True,False
CRM002359,GT002648,USR001286,False,,False,False,False,False,False,False,False,False,False,False
CRM002360,GT006395,,False,,False,False,False,False,True,False,False,False,False,False
CRM002361,GT009597,USR001287,False,,True,False,False,False,False,False,False,False,True,False
CRM002362,GT006796,USR001288,False,,False,False,False,False,False,False,False,False,False,False
CRM002363,GT000655,USR001289,False,,False,False,False,False,False,False,False,False,False,False
CRM002364,GT009970,USR001290,False,,False,False,False,False,False,False,False,False,False,False
CRM002365,GT008458,,False,,False,False,False,False,False,False,False,False,True,False
CRM002366,GT007559,USR001291,False,,False,False,True,False,False,False,False,False,True,False
CRM002367,GT002625,,False,,False,False,False,False,False,False,False,False,True,False
CRM002368,GT008671,USR001292,False,,False,False,False,False,False,False,False,False,False,False
CRM002369,GT001350,,False,,False,False,False,False,False,False,False,False,False,False
CRM002370,GT005572,USR001293,False,,False,False,False,False,False,False,False,False,False,False
CRM002371,GT006420,USR001294,False,,False,False,False,False,True,False,False,False,False,False
CRM002372,GT002093,USR001295,False,,False,False,False,False,False,False,False,False,False,False
CRM002373,GT005382,USR001296,False,,False,False,False,False,False,False,False,False,False,False
CRM002374,GT000288,USR001297,False,,False,False,False,False,False,False,False,False,False,False
CRM002375,GT007642,USR001298,False,,False,False,False,False,False,False,False,False,False,True
CRM002376,GT000714,USR001299,False,,False,False,False,False,True,False,False,False,False,False
CRM002377,GT001423,,False,,False,False,False,False,False,False,False,False,False,False
CRM002378,GT005240,USR001300,False,,False,False,False,False,False,False,False,False,False,False
CRM002379,GT004383,,False,,False,False,False,False,False,False,False,False,False,False
CRM002380,GT004707,USR001301,False,,False,False,False,False,False,False,False,False,False,False
CRM002381,GT009505,USR001302,False,,False,False,False,False,False,False,False,False,False,False
CRM002382,GT006365,USR001303,False,,True,False,False,False,False,False,False,False,False,False
CRM002383,GT009545,USR001304,False,,False,False,False,False,False,False,False,False,False,False
CRM002384,GT004104,,False,,False,False,False,False,False,False,False,False,False,False
CRM002385,GT005934,USR001305,False,,False,False,False,False,False,False,False,False,False,True
CRM002386,GT003043,USR001306,False,,False,False,True,False,False,False,False,False,False,False
CRM002387,GT008178,USR001307,False,,False,True,False,False,False,False,False,False,False,True
CRM002388,GT004934,,False,,False,False,False,False,False,False,False,False,False,False
CRM002389,GT005260,USR001308,False,,False,False,False,False,False,False,False,False,False,False
CRM002390,GT002097,USR001309,False,,False,True,False,False,False,False,False,False,False,False
CRM002391,GT004463,USR001310,False,,False,False,False,False,False,False,False,False,False,False
CRM002392,GT005548,USR001311,False,,False,False,False,False,True,False,False,False,False,False
CRM002393,GT003698,,False,,False,False,False,False,False,False,False,False,False,True
CRM002394,GT003244,USR001312,False,,False,False,False,False,False,False,False,False,True,False
CRM002395,GT009691,USR001313,False,,False,False,False,False,False,False,False,False,True,False
CRM002396,GT003795,,False,,False,False,False,False,False,False,False,False,True,False
CRM002397,GT002103,,False,,False,False,False,False,False,False,False,False,False,False
CRM002398,GT003969,,False,,False,False,False,False,False,False,False,False,False,False
CRM002399,GT005152,,False,,False,False,False,False,False,True,False,False,False,False
CRM002400,GT000913,USR001314,False,,False,False,False,False,False,False,False,False,False,False
CRM002401,GT004746,,False,,False,False,False,False,False,False,False,False,True,False
CRM002402,GT007967,USR001315,False,,False,True,False,False,False,False,False,False,False,False
CRM002403,GT004469,USR001316,False,,False,False,False,False,False,False,False,False,True,False
CRM002404,GT006863,,False,,False,False,False,False,False,False,False,False,False,False
CRM002405,GT005636,USR001317,False,,False,False,False,False,False,False,False,False,False,False
CRM002406,GT002111,USR001318,False,,False,False,False,False,False,False,False,False,False,False
CRM002407,GT009023,USR001319,False,,False,False,True,False,True,True,False,False,False,False
CRM002408,GT009519,USR001320,False,,False,False,False,False,True,False,False,False,True,False
CRM002409,GT004293,USR001321,False,,False,False,False,False,False,False,False,False,False,False
CRM002410,GT005234,USR001322,False,,False,False,False,False,False,False,False,False,False,False
CRM002411,GT000275,,False,,False,False,False,False,False,False,False,False,True,False
CRM002412,GT009087,USR001323,False,,False,False,False,False,False,True,False,False,False,False
CRM002413,GT002564,,False,,False,False,False,False,False,False,False,False,False,False
CRM002414,GT003327,,False,,False,False,False,False,False,False,False,False,False,False
CRM002415,GT006483,USR001324,False,,False,False,False,False,False,False,False,False,False,False
CRM002416,GT005831,,False,,False,True,False,False,False,False,False,False,False,False
CRM002417,GT007834,,False,,False,False,False,False,False,False,False,False,False,False
CRM002418,GT008626,USR001325,False,,False,False,False,False,False,False,False,False,False,False
CRM002419,GT007032,USR001326,False,,False,False,False,False,False,False,False,False,True,False
CRM002420,GT008473,,False,,False,False,True,False,True,False,False,False,False,False
CRM002421,GT007835,USR001327,False,,False,False,False,False,False,False,False,False,False,True
CRM002422,GT000174,USR001328,False,,False,False,False,False,False,False,False,False,False,False
CRM002423,GT002070,,False,,False,False,False,False,False,False,False,False,False,False
CRM002424,GT002133,USR001329,False,,False,True,False,False,False,False,False,False,False,False
CRM002425,GT008913,,False,,False,False,False,False,False,False,False,False,False,False
CRM002426,GT000481,USR001330,False,,False,False,False,False,False,False,False,False,False,False
CRM002427,GT008134,,False,,False,False,True,False,False,False,False,False,False,True
CRM002428,GT008872,USR001331,False,,False,False,False,False,False,False,False,False,True,False
CRM002429,GT001938,USR001332,False,,False,False,False,False,False,False,True,False,False,False
CRM002430,GT008734,,False,,False,False,False,False,False,False,False,False,False,True
CRM002431,GT009165,,False,,False,True,False,False,False,False,False,False,False,False
CRM002432,GT009413,USR001333,False,,False,False,False,False,False,False,False,False,False,False
CRM002433,GT003139,,False,,False,False,False,False,False,False,False,False,False,True
CRM002434,GT000130,USR001334,False,,False,False,False,False,False,False,False,False,False,True
CRM002435,GT001158,USR001335,False,,False,False,False,False,False,False,False,False,False,False
CRM002436,GT002398,USR001336,False,,False,False,False,False,False,False,False,False,False,False
CRM002437,GT008631,,False,,False,False,False,False,False,False,False,False,False,False
CRM002438,GT005807,USR001337,False,,False,False,False,False,False,True,False,False,False,False
CRM002439,GT008013,USR001338,False,,False,False,False,True,False,False,False,False,True,False
CRM002440,GT002460,USR001339,False,,False,False,False,False,False,False,False,False,False,True
CRM002441,GT009481,,False,,False,False,False,False,False,False,False,False,False,False
CRM002442,GT003873,,False,,False,True,False,False,False,False,False,False,False,False
CRM002443,GT004076,USR001340,False,,False,False,False,False,False,False,True,False,True,False
CRM002444,GT001865,USR001341,False,,False,False,False,False,False,False,False,False,False,False
CRM002445,GT005844,,False,,False,False,False,False,False,False,False,False,False,False
CRM002446,GT005298,,False,,False,False,False,False,False,False,False,False,False,False
CRM002447,GT001831,USR001342,False,,False,False,False,False,False,False,False,False,False,False
CRM002448,GT001531,USR001343,False,,False,True,False,False,False,False,False,False,False,False
CRM002449,GT003574,,False,,False,False,False,False,False,True,False,False,False,False
CRM002450,GT007387,USR001344,False,,False,False,False,False,False,False,False,False,False,False
CRM002451,GT006637,,False,,False,False,False,False,False,False,False,False,False,False
CRM002452,GT007176,,False,,False,False,False,False,False,False,False,False,False,False
CRM002453,GT001101,USR001345,False,,False,False,False,False,False,True,False,False,False,False
CRM002454,GT003325,,False,,False,False,False,False,False,False,False,False,False,False
CRM002455,GT004361,USR001346,False,,False,True,True,False,False,False,False,False,False,False
CRM002456,GT006012,,False,,False,False,False,False,False,False,False,False,False,True
CRM002457,GT000741,,False,,False,False,False,True,False,False,True,False,False,False
CRM002458,GT007260,USR001347,False,,False,False,False,False,False,False,False,False,False,False
CRM002459,GT008449,,False,,False,False,False,False,False,False,False,False,False,False
CRM002460,GT000132,USR001348,False,,False,False,False,False,False,False,False,False,True,False
CRM002461,GT000005,USR001349,False,,True,False,False,False,False,False,False,False,False,False
CRM002462,GT001595,USR001350,False,,False,False,False,False,False,False,False,False,False,False
CRM002463,GT005140,USR001351,False,,False,False,False,False,False,False,False,False,False,True
CRM002464,GT009623,,False,,False,False,False,False,False,False,False,False,False,False
CRM002465,GT008752,USR001352,False,,False,False,False,False,False,False,False,False,False,False
CRM002466,GT007926,,False,,False,False,False,False,False,False,False,False,False,True
CRM002467,GT009835,,False,,False,True,False,False,True,False,False,True,False,False
CRM002468,GT005647,,False,,False,True,False,False,False,False,False,False,False,False
CRM002469,GT001557,,False,,False,False,False,False,False,False,False,False,False,False
CRM002470,GT004447,,False,,False,False,False,False,True,False,False,False,False,False
CRM002471,GT002208,USR001353,False,,False,False,False,False,False,False,False,False,False,False
CRM002472,GT002335,USR001354,False,,False,False,False,False,False,False,False,False,False,False
CRM002473,GT008597,USR001355,False,,False,False,False,False,False,True,False,False,False,True
CRM002474,GT009700,USR001356,False,,False,False,False,False,False,False,False,False,False,False
CRM002475,GT009771,USR001357,False,,False,False,False,False,False,False,False,False,False,False
CRM002476,GT008547,,False,,False,True,False,False,False,False,False,False,False,False
CRM002477,GT008818,,False,,False,False,False,False,False,False,False,False,False,False
CRM002478,GT005611,,False,,False,False,False,False,False,False,False,False,False,False
CRM002479,GT004917,,False,,False,False,False,False,False,False,False,False,False,False
CRM002480,GT005466,USR001358,False,,False,False,False,False,False,False,False,False,False,False
CRM002481,GT007628,,False,,False,False,False,False,False,False,False,False,False,False
CRM002482,GT009203,,False,,False,False,False,False,False,False,False,False,False,False
CRM002483,GT008927,,False,,False,False,False,False,False,False,False,False,False,False
CRM002484,GT000337,,False,,False,False,False,False,False,False,False,False,False,False
CRM002485,GT004030,USR001359,False,,False,False,False,False,False,False,False,False,True,False
CRM002486,GT001082,USR001360,False,,False,False,False,False,False,False,False,False,False,False
CRM002487,GT004863,USR001361,False,,False,False,False,False,False,False,False,False,False,False
CRM002488,GT001836,USR001362,False,,False,False,False,False,False,False,False,False,True,False
CRM002489,GT004609,,False,,False,True,False,True,False,True,False,False,False,False
CRM002490,GT004618,,False,,False,False,False,False,True,False,False,False,False,False
CRM002491,GT003682,USR001363,False,,False,False,False,False,False,False,False,False,False,False
CRM002492,GT003909,,False,,False,False,False,False,False,False,True,False,False,False
CRM002493,GT001156,USR001364,False,,False,False,False,False,False,False,False,False,False,False
CRM002494,GT003979,USR001365,False,,False,False,False,False,True,False,False,False,False,False
CRM002495,GT008817,USR001366,False,,False,False,False,False,False,False,False,False,True,False
CRM002496,GT001784,,False,,False,False,False,False,False,False,False,False,True,False
CRM002497,GT000619,USR001367,False,,False,False,False,False,False,False,True,True,True,False
CRM002498,GT000861,,False,,False,False,False,False,False,False,False,False,False,False
CRM002499,GT006283,,False,,False,False,False,False,False,False,False,False,True,False
CRM002500,GT009331,,False,,False,False,False,False,False,False,False,True,False,False
CRM002501,GT005614,USR001368,False,,False,False,False,False,False,False,False,False,False,False
CRM002502,GT003963,,False,,False,False,False,False,False,False,False,False,True,True
CRM002503,GT005375,,False,,False,False,False,False,False,False,False,False,False,False
CRM002504,GT009329,USR001369,False,,False,False,False,False,False,False,False,False,False,True
CRM002505,GT000802,,False,,False,False,False,False,False,False,True,False,False,False
CRM002506,GT007137,,False,,False,False,False,False,False,False,False,False,False,False
CRM002507,GT000730,USR001370,False,,False,False,False,False,False,False,False,False,True,False
CRM002508,GT008742,USR001371,False,,False,False,True,False,False,False,False,False,False,False
CRM002509,GT004534,,False,,False,False,False,False,False,False,False,False,False,False
CRM002510,GT003370,,False,,False,True,False,False,False,True,False,False,False,True
CRM002511,GT000988,USR001372,False,,False,False,False,False,False,False,False,False,False,False
CRM002512,GT002912,,False,,False,False,False,False,False,False,False,False,False,False
CRM002513,GT004807,,False,,False,False,False,False,False,False,False,False,False,False
CRM002514,GT001674,USR001373,False,,False,False,False,False,False,False,False,False,False,False
CRM002515,GT000352,USR001374,False,,False,False,False,False,False,False,False,True,True,True
CRM002516,GT009898,USR001375,False,,False,False,False,False,False,False,False,False,False,False
CRM002517,GT004297,USR001376,False,,False,False,False,True,False,False,False,True,False,False
CRM002518,GT003715,,False,,False,False,False,False,False,False,False,False,True,False
CRM002519,GT001996,USR001377,False,,False,False,False,False,False,False,False,False,True,False
CRM002520,GT005515,USR001378,False,,False,False,False,False,False,True,False,False,False,False
CRM002521,GT008600,USR001379,False,,False,False,False,True,False,False,False,False,False,False
CRM002522,GT008307,USR001380,False,,False,False,False,False,False,False,False,False,False,False
CRM002523,GT007951,USR001381,False,,False,False,False,False,False,False,False,False,False,False
CRM002524,GT006929,USR001382,False,,False,False,False,False,False,False,False,False,False,False
CRM002525,GT001407,,False,,False,False,False,False,True,False,False,False,False,False
CRM002526,GT009132,,False,,False,False,False,False,False,False,False,False,True,False
CRM002527,GT008622,,False,,False,False,False,False,False,False,False,False,False,False
CRM002528,GT002176,USR001383,False,,False,True,False,False,False,False,False,False,False,False
CRM002529,GT002857,,False,,False,False,False,False,False,False,False,False,False,True
CRM002530,GT001076,,False,,False,False,False,False,False,False,False,False,False,False
CRM002531,GT005734,USR001384,False,,False,False,False,False,False,False,False,False,False,False
CRM002532,GT005134,USR001385,False,,False,False,False,False,False,False,False,False,False,False
CRM002533,GT003813,USR001386,False,,False,False,False,False,False,False,False,False,False,False
CRM002534,GT001390,,False,,False,False,False,False,False,False,False,False,False,False
CRM002535,GT002993,USR001387,False,,False,False,False,False,False,False,False,False,False,False
CRM002536,GT007198,USR001388,False,,False,True,False,False,False,False,False,False,False,True
CRM002537,GT006738,USR001389,False,,False,False,False,False,False,False,False,False,False,False
CRM002538,GT000358,USR001390,False,,False,False,False,False,False,False,False,False,False,False
CRM002539,GT003149,USR001391,False,,False,False,False,False,False,False,False,False,True,False
CRM002540,GT004667,USR001392,False,,False,False,False,False,False,False,False,False,False,False
CRM002541,GT005517,USR001393,False,,False,False,False,False,False,False,False,False,False,False
CRM002542,GT009383,USR001394,False,,False,False,False,False,False,False,False,False,False,False
CRM002543,GT006084,USR001395,False,,False,False,False,False,False,False,False,False,False,False
CRM002544,GT006861,USR001396,False,,False,False,False,False,False,False,False,False,False,False
CRM002545,GT006073,,False,,False,False,False,False,False,False,False,False,False,False
CRM002546,GT009933,USR001397,False,,False,False,False,False,False,False,False,False,False,False
CRM002547,GT009470,USR001398,False,,False,False,False,False,True,False,True,False,False,False
CRM002548,GT005840,,False,,False,False,False,False,False,False,False,False,True,False
CRM002549,GT000516,USR001399,False,,False,False,False,False,False,True,False,False,False,False
CRM002550,GT006442,USR001400,False,,False,False,False,False,False,False,False,False,False,False
CRM002551,GT009936,USR001401,False,,False,False,False,False,False,False,False,False,True,False
CRM002552,GT005193,USR001402,False,,False,False,False,False,False,False,False,False,False,False
CRM002553,GT004861,USR001403,False,,False,False,False,False,False,False,False,False,False,False
CRM002554,GT009218,USR001404,False,,False,False,False,False,False,False,True,False,True,False
CRM002555,GT004062,,False,,False,False,False,False,False,False,False,False,False,False
CRM002556,GT009370,USR001405,False,,False,True,False,False,False,False,False,False,False,False
CRM002557,GT004241,,False,,False,False,False,False,False,False,False,False,False,True
CRM002558,GT001628,USR001406,False,,True,False,False,False,False,False,False,False,False,False
CRM002559,GT002181,USR001407,False,,False,False,False,False,False,False,False,False,True,False
CRM002560,GT009263,USR001408,False,,False,False,False,False,False,False,False,False,False,False
CRM002561,GT006185,USR001409,False,,False,False,False,False,False,False,False,False,False,False
CRM002562,GT003315,,False,,False,False,False,False,False,False,False,False,True,False
CRM002563,GT002205,USR001410,False,,False,False,False,False,False,False,False,False,True,False
CRM002564,GT005480,USR001411,False,,False,False,False,False,True,False,False,False,False,False
CRM002565,GT001551,,False,,False,False,False,False,False,False,False,False,False,False
CRM002566,GT005664,USR001412,False,,False,False,False,False,False,False,False,False,True,True
CRM002567,GT008318,USR001413,False,,False,False,False,False,False,False,False,False,False,False
CRM002568,GT007929,USR001414,False,,False,False,False,True,False,False,False,False,True,False
CRM002569,GT006043,USR001415,False,,False,False,False,False,False,False,False,False,False,False
CRM002570,GT001130,USR001416,False,,False,False,False,False,False,False,False,False,False,False
CRM002571,GT009128,,False,,True,False,False,False,False,False,False,False,True,False
CRM002572,GT002662,,False,,False,False,False,False,False,False,False,False,False,False
CRM002573,GT008720,,False,,False,False,False,False,False,False,False,False,True,False
CRM002574,GT008480,USR001417,False,,False,False,False,False,True,False,False,False,False,False
CRM002575,GT003638,USR001418,False,,True,True,False,False,False,False,False,False,False,False
CRM002576,GT000296,USR001419,False,,False,False,False,False,False,False,False,False,False,False
CRM002577,GT000203,USR001420,False,,False,False,False,False,False,False,False,False,False,False
CRM002578,GT006518,USR001421,False,,False,False,False,False,False,False,False,False,False,False
CRM002579,GT006876,USR001422,False,,False,False,False,False,False,False,False,False,False,False
CRM002580,GT001835,,False,,False,False,False,True,False,False,False,False,False,False
CRM002581,GT007983,USR001423,False,,False,False,False,False,False,False,False,False,False,False
CRM002582,GT002185,USR001424,False,,False,True,False,False,False,False,False,False,False,False
CRM002583,GT004078,,False,,False,False,True,False,False,False,False,False,True,False
CRM002584,GT008378,USR001425,False,,False,False,True,False,False,False,False,False,False,False
CRM002585,GT009315,USR001426,False,,False,False,False,False,True,True,False,False,True,False
CRM002586,GT009607,,False,,False,False,False,False,False,False,False,False,False,False
CRM002587,GT003317,USR001427,False,,False,True,False,False,False,False,False,False,False,False
CRM002588,GT001345,USR001428,False,,False,True,False,False,False,False,False,False,False,False
CRM002589,GT003498,USR001429,False,,False,False,False,False,False,False,False,False,True,False
CRM002590,GT001456,USR001430,False,,False,False,False,False,False,False,False,False,False,False
CRM002591,GT006006,,False,,False,True,False,False,False,False,False,False,False,False
CRM002592,GT001148,,False,,False,False,False,False,False,False,False,False,False,False
CRM002593,GT005170,USR001431,False,,False,False,False,False,False,False,False,False,False,False
CRM002594,GT006316,,False,,False,False,False,False,False,False,False,False,False,True
CRM002595,GT000227,USR001432,False,,False,False,False,False,False,False,False,False,False,True
CRM002596,GT008880,,False,,False,True,False,False,False,False,False,False,False,False
CRM002597,GT002882,USR001433,False,,False,False,False,False,False,True,False,False,False,False
CRM002598,GT000559,,False,,False,False,False,False,False,False,False,False,False,False
CRM002599,GT007914,USR001434,False,,False,False,False,True,False,False,False,False,True,False
CRM002600,GT003571,USR001435,False,,False,False,False,False,False,False,False,False,True,False
CRM002601,GT009491,USR001436,False,,False,False,False,False,False,False,False,False,False,False
CRM002602,GT005472,,False,,False,False,False,False,False,False,False,False,False,False
CRM002603,GT003752,USR001437,False,,False,False,False,False,False,False,False,False,False,False
CRM002604,GT001051,USR001438,False,,False,False,False,False,False,False,False,False,True,False
CRM002605,GT005316,,False,,False,False,False,False,False,False,False,False,False,True
CRM002606,GT000641,,False,,False,False,False,False,False,False,False,False,False,False
CRM002607,GT005121,,False,,False,True,False,False,False,False,False,False,False,False
CRM002608,GT005309,USR001439,False,,False,True,False,False,False,False,False,False,False,False
CRM002609,GT008607,,False,,False,False,False,False,False,False,False,False,False,False
CRM002610,GT002283,,False,,False,False,False,False,False,False,False,False,False,False
CRM002611,GT005678,USR001440,False,,False,False,False,False,False,False,False,False,False,False
CRM002612,GT002536,USR001441,False,,False,False,False,False,False,False,False,False,False,False
CRM002613,GT007682,USR001442,False,,False,False,False,False,True,False,False,False,False,False
CRM002614,GT001240,USR001443,False,,True,False,True,False,False,False,False,False,False,False
CRM002615,GT000956,,False,,False,False,False,False,False,False,False,False,False,True
CRM002616,GT002052,USR001444,False,,False,False,False,False,False,False,False,False,True,False
CRM002617,GT007793,,False,,False,False,False,False,False,False,False,False,True,True
CRM002618,GT008020,USR001445,False,,False,False,False,False,False,False,False,False,False,False
CRM002619,GT007360,,False,,False,False,False,False,True,False,False,False,False,True
CRM002620,GT007062,,False,,False,False,False,False,False,False,False,False,False,False
CRM002621,GT000738,USR001446,False,,False,False,False,False,False,False,False,False,False,False
CRM002622,GT000606,,False,,False,False,False,False,False,False,False,False,False,False
CRM002623,GT005744,,False,,False,False,False,False,False,False,False,False,False,False
CRM002624,GT001525,USR001447,False,,False,False,False,False,False,False,False,False,False,False
CRM002625,GT004391,,False,,False,False,False,False,False,False,False,False,False,False
CRM002626,GT005369,USR001448,False,,False,False,False,False,False,False,False,False,True,False
CRM002627,GT001715,,False,,False,False,False,False,False,False,False,False,True,False
CRM002628,GT003386,USR001449,False,,False,False,False,False,False,False,False,False,True,False
CRM002629,GT006090,,False,,False,False,False,False,False,False,False,False,False,False
CRM002630,GT001569,USR001450,False,,False,False,False,False,False,False,False,False,False,False
CRM002631,GT007697,USR001451,False,,True,False,False,False,False,False,False,False,False,True
CRM002632,GT006303,,False,,False,False,False,False,False,False,False,False,True,False
CRM002633,GT000391,USR001452,False,,False,False,False,False,False,False,False,False,False,False
CRM002634,GT004408,,False,,False,False,False,False,False,False,False,False,False,False
CRM002635,GT004582,USR001453,False,,False,False,False,False,False,False,True,False,False,False
CRM002636,GT003680,,False,,False,False,False,False,True,False,False,False,True,False
CRM002637,GT000831,USR001454,False,,False,False,False,False,False,False,False,False,True,False
CRM002638,GT002281,USR001455,False,,False,True,False,False,False,False,False,False,False,False
CRM002639,GT002297,,False,,False,False,False,False,False,False,False,False,False,False
CRM002640,GT007217,USR001456,False,,False,False,False,False,False,False,False,False,False,False
CRM002641,GT007826,USR001457,False,,False,False,False,False,True,False,False,False,False,False
CRM002642,GT005536,,False,,False,False,True,False,False,False,False,False,False,False
CRM002643,GT002593,USR001458,False,,False,True,False,False,False,False,False,False,False,False
CRM002644,GT009514,USR001459,False,,False,False,False,False,False,False,False,False,False,False
CRM002645,GT009585,,False,,False,False,False,False,False,False,False,False,True,False
CRM002646,GT002696,,False,,False,False,False,False,False,False,False,False,False,False
CRM002647,GT008070,USR001460,False,,False,False,False,False,False,False,False,False,True,False
CRM002648,GT008859,USR001461,False,,False,False,True,False,False,False,False,False,False,False
CRM002649,GT009905,USR001462,False,,False,False,False,False,False,False,False,False,False,False
CRM002650,GT005370,,False,,False,False,False,False,False,False,False,False,False,False
CRM002651,GT001713,,False,,False,False,False,False,False,False,False,False,False,False
CRM002652,GT004349,USR001463,False,,False,False,False,False,False,False,False,False,True,False
CRM002653,GT003044,USR001464,False,,False,False,False,False,True,False,False,False,False,True
CRM002654,GT004797,,False,,False,True,False,False,False,False,False,False,False,False
CRM002655,GT007273,,False,,False,False,False,False,False,False,False,False,False,False
CRM002656,GT005262,USR001465,False,,False,False,False,False,False,False,False,False,False,False
CRM002657,GT000070,USR001466,False,,False,False,False,False,False,False,False,False,False,False
CRM002658,GT007959,USR001467,False,,False,False,False,False,False,False,False,False,False,False
CRM002659,GT006924,,False,,False,False,True,False,False,False,False,False,False,False
CRM002660,GT005941,,False,,False,False,False,False,False,True,False,False,False,False
CRM002661,GT002496,USR001468,False,,False,False,False,False,False,False,False,False,False,False
CRM002662,GT007865,,False,,False,False,False,False,False,False,False,False,False,False
CRM002663,GT006245,USR001469,False,,False,False,False,False,False,False,False,False,True,False
CRM002664,GT007321,USR001470,False,,False,False,False,False,False,False,False,False,False,False
CRM002665,GT005080,,False,,False,False,False,False,False,False,False,False,False,False
CRM002666,GT000992,,False,,False,True,False,False,True,False,True,False,False,False
CRM002667,GT006521,USR001471,False,,False,False,False,False,False,False,False,False,False,False
CRM002668,GT008279,USR001472,False,,False,False,False,False,False,False,False,False,False,False
CRM002669,GT008610,USR001473,False,,False,True,False,False,False,False,False,False,False,False
CRM002670,GT005008,USR001474,False,,False,False,False,False,False,True,False,False,False,False
CRM002671,GT009119,,False,,False,False,False,False,False,False,False,False,False,False
CRM002672,GT002178,USR001475,False,,False,False,False,True,False,False,False,False,False,False
CRM002673,GT001121,USR001476,False,,False,False,False,False,False,False,False,False,False,False
CRM002674,GT007493,USR001477,False,,True,False,False,False,False,False,False,False,False,False
CRM002675,GT009408,USR001478,False,,False,False,False,False,False,False,False,False,True,False
CRM002676,GT007946,USR001479,False,,False,True,False,False,False,False,False,False,False,False
CRM002677,GT002036,,False,,False,False,False,False,False,False,False,False,False,True
CRM002678,GT001706,,False,,False,False,False,False,False,False,True,False,False,False
CRM002679,GT009430,,False,,False,False,False,False,True,False,False,False,False,False
CRM002680,GT004356,,False,,False,False,False,False,False,False,False,False,True,True
CRM002681,GT009139,USR001480,False,,False,False,False,False,False,False,False,False,False,False
CRM002682,GT006627,,False,,False,False,False,False,False,False,False,False,False,False
CRM002683,GT008301,,False,,False,False,False,False,False,True,False,False,False,True
CRM002684,GT000968,USR001481,False,,False,False,False,False,False,False,False,False,True,False
CRM002685,GT004165,,False,,False,False,False,False,False,False,False,False,False,False
CRM002686,GT006534,,False,,False,False,False,False,False,False,False,False,True,False
CRM002687,GT005820,USR001482,False,,False,False,False,False,False,False,False,False,False,False
CRM002688,GT004412,USR001483,False,,False,False,False,False,False,False,False,False,False,False
CRM002689,GT007773,USR001484,False,,False,False,False,False,False,False,False,False,False,False
CRM002690,GT007082,USR001485,False,,False,False,False,False,False,False,False,False,True,False
CRM002691,GT003477,,False,,False,False,False,False,False,True,False,False,False,False
CRM002692,GT000821,USR001486,False,,False,False,False,False,False,False,False,True,False,False
CRM002693,GT008743,USR001487,False,,False,False,False,False,True,False,False,False,True,False
CRM002694,GT002394,,False,,False,False,False,False,False,False,False,False,False,False
CRM002695,GT008724,,False,,False,False,False,False,False,False,False,False,False,False
CRM002696,GT007673,USR001488,False,,False,True,False,False,False,False,False,False,False,False
CRM002697,GT003136,,False,,False,False,False,False,False,False,False,False,False,True
CRM002698,GT002106,USR001489,False,,False,False,False,False,False,False,False,False,False,True
CRM002699,GT009417,USR001490,False,,False,False,False,False,False,False,False,False,False,False
CRM002700,GT007718,USR001491,False,,False,False,False,True,False,False,False,False,True,False
CRM002701,GT006017,USR001492,False,,False,False,True,False,True,False,False,False,True,False
CRM002702,GT006183,USR001493,False,,False,False,False,False,False,False,False,False,False,True
CRM002703,GT008299,,False,,False,False,False,False,False,False,False,False,False,False
CRM002704,GT004639,,False,,False,False,False,False,False,True,False,False,False,False
CRM002705,GT004817,,False,,False,False,False,False,False,False,False,False,False,False
CRM002706,GT002102,USR001494,False,,False,False,False,False,False,False,False,False,False,True
CRM002707,GT005759,USR001495,False,,False,True,False,False,False,False,False,False,False,False
CRM002708,GT004720,USR001496,False,,False,False,False,False,False,False,False,False,False,False
CRM002709,GT001888,USR001497,False,,False,False,False,False,False,False,False,False,True,False
CRM002710,GT005948,,False,,False,False,False,False,False,False,False,False,True,False
CRM002711,GT001504,,False,,False,False,False,False,False,False,False,False,False,False
CRM002712,GT005475,,False,,False,False,False,False,False,False,False,False,False,False
CRM002713,GT001630,,False,,False,False,False,False,False,True,False,False,True,False
CRM002714,GT001169,,False,,False,True,False,False,False,True,False,False,False,False
CRM002715,GT008730,,False,,False,False,False,False,False,False,False,False,True,False
CRM002716,GT009681,,False,,False,False,False,False,False,False,False,False,False,False
CRM002717,GT003666,USR001498,False,,False,False,False,False,True,False,False,False,False,True
CRM002718,GT009404,USR001499,False,,True,False,False,False,False,False,False,False,False,False
CRM002719,GT009819,USR001500,False,,False,False,False,False,False,False,False,False,False,True
CRM002720,GT001196,,False,,False,True,False,False,False,False,False,False,False,False
CRM002721,GT000108,USR001501,False,,False,False,False,False,True,False,False,False,False,False
CRM002722,GT004037,,False,,False,False,False,False,False,False,False,False,False,False
CRM002723,GT000873,USR001502,False,,False,False,False,False,False,False,False,False,True,False
CRM002724,GT008653,,False,,False,False,False,False,True,False,False,False,False,False
CRM002725,GT000414,,False,,False,False,False,False,False,False,False,False,True,False
CRM002726,GT005914,USR001503,False,,False,False,False,False,False,False,False,False,False,False
CRM002727,GT002493,,False,,False,False,False,False,False,True,False,False,False,False
CRM002728,GT006767,USR001504,False,,False,True,False,False,False,False,False,False,False,False
CRM002729,GT002698,,False,,False,False,False,False,False,False,False,False,False,False
CRM002730,GT006138,,False,,False,True,False,False,False,False,False,False,False,False
CRM002731,GT006740,USR001505,False,,False,False,False,False,False,False,True,False,False,False
CRM002732,GT002987,USR001506,False,,False,False,False,False,False,False,False,False,False,True
CRM002733,GT008617,,False,,False,False,False,False,False,False,False,False,True,False
CRM002734,GT003750,USR001507,False,,False,False,False,False,True,False,False,False,False,False
CRM002735,GT000955,,False,,False,False,False,False,False,False,False,False,False,False
CRM002736,GT009553,,False,,False,False,False,False,False,False,False,False,True,False
CRM002737,GT008163,,False,,False,False,False,False,False,True,False,False,False,False
CRM002738,GT006469,,False,,False,False,False,False,False,False,False,False,False,False
CRM002739,GT007192,USR001508,False,,False,False,False,False,False,False,False,False,True,False
CRM002740,GT001623,USR001509,False,,False,False,False,True,False,False,False,False,False,False
CRM002741,GT003481,USR001510,False,,False,False,False,False,False,False,False,False,False,False
CRM002742,GT005802,,False,,False,True,False,False,False,False,False,False,False,False
CRM002743,GT007042,USR001511,False,,False,False,False,False,False,False,False,False,False,False
CRM002744,GT003342,,False,,False,False,False,False,False,False,False,False,True,False
CRM002745,GT006879,,False,,False,False,False,False,True,False,False,False,False,False
CRM002746,GT005691,USR001512,False,,False,False,False,False,False,False,False,False,False,False
CRM002747,GT001107,,False,,False,False,False,False,False,False,False,False,False,False
CRM002748,GT003889,,False,,False,False,True,False,False,False,False,True,False,False
CRM002749,GT007803,USR001513,False,,False,False,False,False,False,False,False,False,False,False
CRM002750,GT000254,,False,,False,False,True,False,False,False,False,False,False,False
CRM002751,GT006337,USR001514,False,,False,False,False,False,False,False,False,False,False,False
CRM002752,GT006761,,False,,False,False,False,True,False,False,False,False,False,False
CRM002753,GT001813,USR001515,False,,False,False,False,False,False,False,False,False,True,False
CRM002754,GT004341,USR001516,False,,False,True,False,False,False,False,False,False,False,False
CRM002755,GT004275,USR001517,False,,False,False,False,False,False,False,False,False,True,False
CRM002756,GT009670,USR001518,False,,False,False,False,False,False,False,False,False,False,False
CRM002757,GT003099,USR001519,False,,False,False,False,False,False,False,False,False,False,False
CRM002758,GT009289,USR001520,False,,True,False,False,True,False,False,False,False,False,False
CRM002759,GT005402,USR001521,False,,False,False,False,False,False,True,False,False,False,False
CRM002760,GT006261,,False,,False,False,False,False,False,False,False,False,True,False
CRM002761,GT001661,,False,,False,False,False,False,False,False,False,False,False,False
CRM002762,GT008766,USR001522,False,,False,False,False,True,False,False,False,False,False,False
CRM002763,GT004130,USR001523,False,,False,False,False,False,False,False,False,False,False,False
CRM002764,GT004363,,False,,False,False,False,False,False,False,False,False,False,False
CRM002765,GT009631,,False,,False,True,False,False,False,False,False,False,False,False
CRM002766,GT009922,USR001524,False,,False,False,False,False,False,False,False,False,False,False
CRM002767,GT008984,,False,,False,False,False,False,False,False,True,False,False,False
CRM002768,GT001002,USR001525,False,,False,False,False,False,False,False,False,False,True,False
CRM002769,GT002656,,False,,False,False,False,False,False,False,False,False,False,False
CRM002770,GT004249,USR001526,False,,False,False,False,False,False,False,False,False,False,False
CRM002771,GT009129,USR001527,False,,False,False,False,False,False,True,False,False,False,False
CRM002772,GT009182,USR001528,False,,False,False,False,False,False,False,False,False,False,False
CRM002773,GT004201,USR001529,False,,False,True,False,False,False,False,False,False,False,False
CRM002774,GT002179,,False,,False,False,False,False,False,False,False,False,False,False
CRM002775,GT006995,,False,,False,False,False,False,False,False,False,False,False,False
CRM002776,GT001188,USR001530,False,,False,True,False,True,False,False,False,False,False,False
CRM002777,GT005238,USR001531,False,,False,False,False,False,False,False,False,False,False,False
CRM002778,GT005865,,False,,False,False,False,False,False,False,False,False,True,False
CRM002779,GT004105,USR001532,False,,False,False,False,False,False,False,False,False,False,False
CRM002780,GT003093,USR001533,False,,False,False,False,False,False,False,False,False,False,False
CRM002781,GT009453,,False,,False,True,False,False,False,False,False,False,False,False
CRM002782,GT003507,USR001534,False,,False,False,False,False,False,False,False,False,False,False
CRM002783,GT007940,USR001535,False,,False,False,False,False,False,False,False,False,True,False
CRM002784,GT000737,USR001536,False,,False,False,False,False,False,False,False,False,True,False
CRM002785,GT009800,USR001537,False,,False,False,False,False,False,False,False,False,False,False
CRM002786,GT003687,USR001538,False,,False,True,False,False,False,True,False,False,False,False
CRM002787,GT008782,USR001539,False,,False,False,False,False,False,False,False,False,False,False
CRM002788,GT008121,USR001540,False,,False,False,True,False,False,False,False,False,False,False
CRM002789,GT002687,USR001541,False,,False,False,False,False,False,False,False,False,False,False
CRM002790,GT000551,,False,,False,False,False,False,False,False,False,False,False,False
CRM002791,GT008474,USR001542,False,,False,False,False,False,False,False,False,False,False,False
CRM002792,GT002866,USR001543,False,,False,False,False,False,False,False,False,False,False,True
CRM002793,GT007399,USR001544,False,,False,False,False,False,False,False,False,False,True,False
CRM002794,GT005630,USR001545,False,,True,False,False,False,False,False,False,False,False,False
CRM002795,GT006299,,False,,False,True,False,False,False,False,False,False,False,False
CRM002796,GT008019,,False,,False,False,False,False,False,False,False,False,False,False
CRM002797,GT007091,,False,,False,False,False,False,False,False,False,False,False,False
CRM002798,GT002191,,False,,False,False,False,False,False,False,False,False,False,False
CRM002799,GT001083,,False,,False,False,False,False,False,False,False,False,True,False
CRM002800,GT008207,USR001546,False,,False,False,True,False,False,False,False,False,False,False
CRM002801,GT005511,USR001547,False,,False,False,False,False,False,False,False,False,False,True
CRM002802,GT006989,USR001548,False,,False,False,False,False,False,False,False,False,True,False
CRM002803,GT003411,,False,,False,False,False,False,False,False,False,False,False,False
CRM002804,GT009242,,False,,True,False,False,False,False,False,False,False,True,False
CRM002805,GT004643,USR001549,False,,False,False,False,False,False,False,False,False,False,False
CRM002806,GT005492,USR001550,False,,True,False,False,False,False,False,False,False,False,False
CRM002807,GT006173,USR001551,False,,False,False,False,False,False,False,False,False,False,False
CRM002808,GT008795,USR001552,False,,False,False,False,False,False,False,False,False,True,False
CRM002809,GT007775,USR001553,False,,False,False,False,False,False,False,False,False,False,False
CRM002810,GT006382,,False,,False,False,False,False,False,False,False,False,False,False
CRM002811,GT007418,,False,,False,False,False,False,False,False,False,False,False,False
CRM002812,GT002300,USR001554,False,,False,True,False,False,False,False,False,False,False,False
CRM002813,GT009323,USR001555,False,,False,False,False,False,False,False,False,False,True,False
CRM002814,GT003942,,False,,False,False,False,False,False,True,False,False,False,False
CRM002815,GT008269,,False,,False,False,True,True,False,True,False,False,False,False
CRM002816,GT005138,,False,,False,False,False,False,False,False,False,False,False,False
CRM002817,GT007153,,False,,False,False,False,False,False,False,False,False,True,False
CRM002818,GT006268,USR001556,False,,False,False,False,False,False,False,False,False,False,False
CRM002819,GT009666,USR001557,False,,False,False,False,False,False,False,False,False,False,False
CRM002820,GT002649,USR001558,False,,False,False,False,False,False,False,False,False,False,False
CRM002821,GT004134,,False,,False,False,False,False,False,False,False,False,False,False
CRM002822,GT005583,USR001559,False,,False,False,False,False,True,False,False,False,False,False
CRM002823,GT009437,,False,,False,False,False,False,False,True,False,False,False,False
CRM002824,GT005937,,False,,False,False,False,False,False,False,False,False,True,False
CRM002825,GT003515,USR001560,False,,True,False,False,False,False,False,False,False,True,False
CRM002826,GT003726,USR001561,False,,False,False,False,False,False,False,False,False,False,False
CRM002827,GT002099,USR001562,False,,False,True,False,False,False,False,False,False,False,False
CRM002828,GT001987,USR001563,False,,False,False,False,False,False,False,False,False,False,False
CRM002829,GT001277,USR001564,False,,False,False,False,False,False,False,False,False,False,False
CRM002830,GT009012,,False,,False,False,False,False,False,False,False,False,False,False
CRM002831,GT005411,USR001565,False,,False,False,False,False,False,False,False,False,True,False
CRM002832,GT003583,,False,,False,False,False,False,False,False,False,False,False,False
CRM002833,GT003782,USR001566,False,,False,False,False,False,False,True,False,False,False,False
CRM002834,GT000579,USR001567,False,,False,False,False,False,False,False,False,False,False,False
CRM002835,GT001864,,False,,False,False,False,False,False,False,False,False,False,False
CRM002836,GT005059,,False,,False,False,False,False,False,False,False,False,False,False
CRM002837,GT001223,,False,,False,False,True,False,False,False,False,False,False,False
CRM002838,GT009414,USR001568,False,,False,False,False,False,False,False,False,False,True,False
CRM002839,GT000047,USR001569,False,,False,False,False,False,False,False,False,True,False,False
CRM002840,GT005344,,False,,False,False,False,False,False,False,False,False,False,False
CRM002841,GT002348,USR001570,False,,False,False,False,False,False,False,False,False,False,False
CRM002842,GT004594,,False,,False,False,False,False,False,False,False,False,False,False
CRM002843,GT002870,USR001571,False,,False,False,False,False,False,False,False,False,True,False
CRM002844,GT000045,,False,,False,False,False,False,False,False,False,False,True,False
CRM002845,GT001129,USR001572,False,,False,False,False,False,False,True,False,False,True,False
CRM002846,GT008228,,False,,False,False,False,False,False,False,False,False,False,False
CRM002847,GT005804,,False,,False,False,False,False,True,False,False,False,False,False
CRM002848,GT004531,USR001573,False,,False,False,False,False,False,False,False,False,False,False
CRM002849,GT003413,,False,,False,False,False,False,False,False,False,False,True,False
CRM002850,GT004693,,False,,False,False,False,False,False,True,False,False,False,False
CRM002851,GT000891,,False,,False,False,False,False,False,False,False,False,False,False
CRM002852,GT009060,USR001574,False,,False,False,False,False,False,False,False,False,False,False
CRM002853,GT003778,USR001575,False,,False,False,False,False,True,False,False,False,False,False
CRM002854,GT004294,USR001576,False,,False,False,False,False,True,False,False,False,True,False
CRM002855,GT003339,,False,,False,False,False,False,False,False,False,False,False,False
CRM002856,GT009442,,False,,False,True,False,False,True,False,False,False,False,False
CRM002857,GT009116,USR001577,False,,False,True,True,False,False,False,False,False,False,False
CRM002858,GT003636,,False,,False,False,True,False,False,False,False,False,False,False
CRM002859,GT003011,USR001578,False,,False,False,True,False,False,False,False,False,False,True
CRM002860,GT008910,,False,,False,False,False,False,False,False,False,False,False,False
CRM002861,GT009909,USR001579,False,,False,False,False,False,False,False,False,False,False,False
CRM002862,GT003808,USR001580,False,,False,False,False,False,False,False,False,False,True,False
CRM002863,GT002791,,False,,False,False,False,False,False,False,False,False,False,False
CRM002864,GT002976,,False,,False,False,False,False,False,False,False,False,False,True
CRM002865,GT002946,USR001581,False,,False,False,True,False,False,True,False,False,False,False
CRM002866,GT009224,,False,,False,False,False,False,True,False,False,False,False,False
CRM002867,GT004599,,False,,False,False,False,False,False,False,False,False,False,False
CRM002868,GT006082,,False,,False,False,False,False,False,False,True,False,False,False
CRM002869,GT008652,USR001582,False,,False,False,False,False,False,False,False,False,False,False
CRM002870,GT001413,,False,,False,False,False,False,False,True,False,False,False,False
CRM002871,GT003898,,False,,False,True,False,False,False,False,False,False,False,False
CRM002872,GT008262,USR001583,False,,False,False,True,False,False,False,False,False,False,False
CRM002873,GT006086,USR001584,False,,False,False,False,False,False,False,False,False,False,False
CRM002874,GT006526,,False,,False,False,False,False,False,False,False,False,False,False
CRM002875,GT007541,USR001585,False,,False,False,True,True,False,True,False,False,False,False
CRM002876,GT008304,USR001586,False,,False,False,False,False,False,False,False,False,False,False
CRM002877,GT009308,USR001587,False,,False,False,False,False,False,False,False,False,True,False
CRM002878,GT008379,USR001588,False,,False,False,False,False,False,False,False,False,False,False
CRM002879,GT005609,USR001589,False,,False,False,False,False,False,False,False,False,False,False
CRM002880,GT008315,,False,,False,False,False,True,False,False,False,False,False,False
CRM002881,GT008386,,False,,False,True,False,False,False,False,True,False,False,False
CRM002882,GT002964,USR001590,False,,False,False,True,False,False,False,False,False,False,False
CRM002883,GT009738,,False,,False,True,False,False,False,False,False,False,False,True
CRM002884,GT004276,,False,,False,False,False,False,False,False,False,False,True,False
CRM002885,GT006157,,False,,False,False,False,False,False,False,False,False,True,True
CRM002886,GT005577,USR001591,False,,False,False,False,False,False,False,False,False,False,True
CRM002887,GT004517,USR001592,False,,False,False,True,False,False,False,False,False,False,False
CRM002888,GT004483,USR001593,False,,False,False,False,False,False,False,False,False,False,False
CRM002889,GT008237,,False,,False,False,False,False,False,True,False,False,True,False
CRM002890,GT000373,USR001594,False,,False,False,False,False,False,False,False,False,False,False
CRM002891,GT009870,,False,,False,False,False,False,False,False,False,False,False,False
CRM002892,GT000629,,False,,False,False,False,False,False,False,False,False,False,False
CRM002893,GT006403,,False,,False,False,False,False,False,False,False,False,True,False
CRM002894,GT001127,USR001595,False,,False,False,False,False,False,False,False,False,True,False
CRM002895,GT007663,USR001596,False,,False,False,False,False,False,False,False,False,True,True
CRM002896,GT006108,USR001597,False,,False,False,False,False,False,False,False,False,False,False
CRM002897,GT003550,USR001598,False,,False,False,False,False,False,False,False,False,False,False
CRM002898,GT001849,USR001599,False,,False,False,False,False,False,False,False,False,False,False
CRM002899,GT009273,,False,,False,False,False,False,False,False,False,False,False,False
CRM002900,GT003681,,False,,False,False,False,False,False,False,False,False,False,True
CRM002901,GT004103,,False,,False,False,False,False,False,False,False,False,False,False
CRM002902,GT004953,,False,,False,False,False,False,False,False,False,False,False,False
CRM002903,GT006807,,False,,False,False,False,False,False,False,False,False,True,True
CRM002904,GT001917,,False,,False,False,False,False,False,False,False,False,False,False
CRM002905,GT005507,,False,,False,False,False,False,False,False,False,False,False,False
CRM002906,GT000021,USR001600,False,,False,False,False,False,False,False,False,False,True,False
CRM002907,GT004442,USR001601,False,,False,False,False,False,False,False,False,False,False,False
CRM002908,GT006161,USR001602,False,,False,False,False,False,False,False,False,False,False,False
CRM002909,GT000213,USR001603,False,,False,False,False,False,False,False,False,False,False,True
CRM002910,GT008781,,False,,False,False,False,False,False,False,False,False,False,False
CRM002911,GT004287,USR001604,False,,False,False,False,False,False,False,False,False,False,False
CRM002912,GT003442,,False,,False,False,False,False,False,True,False,False,False,False
CRM002913,GT004148,USR001605,False,,False,False,False,False,False,False,False,False,False,False
CRM002914,GT001056,USR001606,False,,False,True,False,False,False,False,False,False,False,True
CRM002915,GT001359,USR001607,False,,False,True,False,False,False,False,False,False,False,False
CRM002916,GT004286,USR001608,False,,False,False,False,False,False,True,False,False,False,False
CRM002917,GT006076,,False,,False,True,False,False,False,False,False,False,False,False
CRM002918,GT000573,,False,,False,False,False,False,False,False,False,False,False,False
CRM002919,GT009102,USR001609,False,,False,False,False,False,True,False,False,False,False,False
CRM002920,GT007623,USR001610,False,,False,False,False,False,False,True,False,False,False,False
CRM002921,GT008470,USR001611,False,,False,False,False,False,False,False,False,True,False,False
CRM002922,GT002758,,False,,False,False,False,False,False,False,False,False,True,False
CRM002923,GT009229,,False,,False,True,False,False,True,False,False,False,False,False
CRM002924,GT006209,USR001612,False,,False,False,False,False,False,False,False,False,False,False
CRM002925,GT009536,,False,,False,True,False,False,False,False,False,False,False,False
CRM002926,GT004601,USR001613,False,,False,True,False,False,False,False,False,False,False,False
CRM002927,GT005414,,False,,False,False,False,False,False,True,False,False,False,False
CRM002928,GT006170,,False,,False,False,False,False,False,False,False,False,False,False
CRM002929,GT008176,USR001614,False,,False,True,False,False,False,False,False,False,False,False
CRM002930,GT004829,,False,,False,False,False,False,False,False,False,False,False,False
CRM002931,GT003019,USR001615,False,,False,False,False,False,False,False,False,False,False,False
CRM002932,GT001574,USR001616,False,,True,False,False,False,False,False,False,False,False,False
CRM002933,GT002320,USR001617,False,,False,False,False,False,True,False,False,False,False,False
CRM002934,GT009854,,False,,False,False,False,False,False,False,False,False,False,False
CRM002935,GT007672,USR001618,False,,False,False,False,False,True,False,False,False,False,False
CRM002936,GT005942,USR001619,False,,False,False,False,False,False,False,False,False,False,False
CRM002937,GT009540,USR001620,False,,False,False,True,False,False,False,False,False,False,False
CRM002938,GT009418,,False,,False,True,False,False,False,False,False,False,False,False
CRM002939,GT008001,USR001621,False,,False,False,False,False,False,True,False,False,False,False
CRM002940,GT001495,,False,,False,True,False,False,False,False,False,False,False,False
CRM002941,GT009827,USR001622,False,,False,False,False,False,False,False,False,False,True,False
CRM002942,GT001385,USR001623,False,,False,False,False,False,False,False,False,False,False,False
CRM002943,GT003890,USR001624,False,,False,False,False,False,False,False,True,False,True,False
CRM002944,GT005418,,False,,False,False,False,False,False,False,False,False,False,False
CRM002945,GT008031,USR001625,False,,False,True,False,False,False,False,False,False,False,False
CRM002946,GT002992,USR001626,False,,False,False,False,False,False,False,True,False,False,False
CRM002947,GT000441,USR001627,False,,False,True,False,False,False,False,False,False,False,False
CRM002948,GT003673,,False,,False,False,False,False,False,False,False,False,False,False
CRM002949,GT004178,,False,,False,False,False,False,False,False,False,False,False,True
CRM002950,GT000925,,False,,False,False,False,False,False,False,False,False,False,False
CRM002951,GT001095,USR001628,False,,False,False,False,False,False,True,False,False,False,False
CRM002952,GT009140,,False,,False,True,False,False,False,False,False,False,False,False
CRM002953,GT003003,,False,,False,False,False,False,False,False,False,False,False,False
CRM002954,GT003020,,False,,False,False,False,False,False,False,False,False,False,False
CRM002955,GT003787,USR001629,False,,False,False,False,False,False,False,False,False,False,False
CRM002956,GT006143,USR001630,False,,False,False,False,True,False,True,False,False,False,False
CRM002957,GT004844,,False,,False,False,False,False,False,False,False,False,False,False
CRM002958,GT002844,,False,,False,False,False,False,False,False,False,False,False,False
CRM002959,GT003134,USR001631,False,,False,False,False,False,False,False,False,False,False,True
CRM002960,GT001822,,False,,False,False,False,False,False,False,False,False,False,False
CRM002961,GT001332,,False,,False,True,False,False,False,False,False,False,False,False
CRM002962,GT007440,USR001632,False,,False,False,False,False,False,False,False,False,False,False
CRM002963,GT008713,,False,,False,False,False,False,False,False,False,False,False,False
CRM002964,GT004577,USR001633,False,,False,False,False,False,False,False,False,False,False,True
CRM002965,GT006899,USR001634,False,,False,False,False,False,False,False,False,False,False,False
CRM002966,GT008167,USR001635,False,,False,False,False,False,False,False,False,False,True,False
CRM002967,GT002095,,False,,False,False,True,False,False,False,False,False,False,False
CRM002968,GT005604,USR001636,False,,False,True,True,False,False,False,False,False,False,False
CRM002969,GT007471,USR001637,False,,False,False,False,False,False,False,False,False,False,False
CRM002970,GT003596,USR001638,False,,False,False,False,False,False,False,True,False,False,False
CRM002971,GT008776,,False,,False,False,False,False,False,False,False,False,False,True
CRM002972,GT004980,USR001639,False,,False,False,False,False,False,False,False,False,False,False
CRM002973,GT007233,USR001640,False,,False,False,False,False,False,False,False,False,False,False
CRM002974,GT006119,,False,,False,False,False,False,False,False,False,False,True,False
CRM002975,GT009231,USR001641,False,,False,False,False,False,False,False,False,False,False,False
CRM002976,GT002986,,False,,False,False,False,False,False,False,False,False,False,False
CRM002977,GT000378,USR001642,False,,False,False,False,False,False,True,False,False,False,False
CRM002978,GT005512,,False,,False,False,False,False,False,False,False,False,False,False
CRM002979,GT002035,,False,,False,False,False,False,False,False,False,False,False,False
CRM002980,GT009613,USR001643,False,,False,False,False,False,False,False,False,False,False,False
CRM002981,GT009002,,False,,False,False,False,False,False,False,True,False,True,False
CRM002982,GT005467,USR001644,False,,False,False,True,False,False,False,False,False,False,False
CRM002983,GT000386,,False,,False,False,False,False,True,False,False,False,False,False
CRM002984,GT007118,,False,,False,False,False,False,False,False,False,False,False,False
CRM002985,GT001684,USR001645,False,,False,False,False,False,False,False,False,False,False,False
CRM002986,GT009274,,False,,False,False,False,False,False,False,False,False,False,False
CRM002987,GT009890,,False,,False,False,True,False,False,False,False,False,False,False
CRM002988,GT002622,USR001646,False,,False,False,False,False,False,False,False,False,False,False
CRM002989,GT002450,,False,,False,False,False,False,False,False,False,False,False,False
CRM002990,GT009307,USR001647,False,,True,False,False,False,False,False,False,False,False,False
CRM002991,GT007584,USR001648,False,,False,False,False,False,False,False,False,False,False,False
CRM002992,GT000845,USR001649,False,,False,False,False,False,False,False,False,False,False,False
CRM002993,GT002101,,False,,False,False,False,False,False,True,False,False,True,False
CRM002994,GT002020,USR001650,False,,False,False,False,False,False,False,False,False,False,False
CRM002995,GT001180,,False,,False,False,False,False,False,False,False,False,False,False
CRM002996,GT007350,USR001651,False,,False,False,False,False,False,False,False,False,False,True
CRM002997,GT002225,USR001652,False,,False,False,False,False,False,False,False,False,False,False
CRM002998,GT004475,USR001653,False,,False,False,True,False,False,False,False,False,False,False
CRM002999,GT003147,USR001654,False,,False,False,False,False,False,False,False,False,False,False
CRM003000,GT001116,USR001655,False,,False,True,False,False,False,False,True,False,False,False
CRM003001,GT009338,USR001656,False,,False,False,False,False,False,False,False,False,False,False
CRM003002,GT004064,,False,,False,False,False,False,False,False,False,False,False,False
CRM003003,GT005483,USR001657,False,,False,False,False,False,False,False,True,False,False,False
CRM003004,GT009638,USR001658,False,,False,False,False,False,False,False,False,False,False,False
CRM003005,GT002725,USR001659,False,,False,False,False,False,False,False,False,False,False,False
CRM003006,GT004548,,False,,False,True,False,False,False,False,False,False,False,False
CRM003007,GT005742,,False,,False,False,False,False,False,False,False,False,False,False
CRM003008,GT009949,USR001660,False,,False,False,False,False,False,False,False,False,False,False
CRM003009,GT002704,USR001661,False,,False,True,False,False,False,False,False,False,False,False
CRM003010,GT000774,USR001662,False,,False,False,False,False,False,False,False,False,False,False
CRM003011,GT005514,USR001663,False,,False,False,False,True,False,True,False,False,True,False
CRM003012,GT003437,USR001664,False,,False,False,False,False,False,False,False,False,True,False
CRM003013,GT001760,,False,,False,False,False,False,False,False,False,False,True,False
CRM003014,GT009817,USR001665,False,,False,False,False,False,False,False,False,False,False,False
CRM003015,GT009214,USR001666,False,,False,False,False,False,False,False,False,False,False,False
CRM003016,GT009726,USR001667,False,,True,False,False,False,False,False,False,False,False,False
CRM003017,GT004806,USR001668,False,,False,True,False,False,False,False,False,False,False,True
CRM003018,GT008077,USR001669,False,,False,False,False,False,False,False,False,False,False,False
CRM003019,GT009981,,False,,False,False,False,False,False,False,False,False,False,False
CRM003020,GT009172,,False,,False,True,False,False,False,False,True,False,False,False
CRM003021,GT006979,,False,,False,False,False,False,False,False,False,False,False,False
CRM003022,GT009163,,False,,False,True,False,False,False,False,True,False,False,False
CRM003023,GT002539,USR001670,False,,False,False,False,False,False,False,False,False,False,False
CRM003024,GT002116,,False,,False,False,False,False,False,False,False,False,False,False
CRM003025,GT002969,USR001671,False,,False,False,False,False,False,False,False,False,False,False
CRM003026,GT005553,USR001672,False,,False,False,False,False,False,True,False,False,False,False
CRM003027,GT008125,,False,,False,False,False,False,False,False,False,False,False,False
CRM003028,GT006047,USR001673,False,,False,True,False,False,False,False,False,False,False,False
CRM003029,GT002738,,False,,False,False,False,True,False,False,False,False,False,False
CRM003030,GT000036,,False,,False,False,False,True,False,False,False,False,False,False
CRM003031,GT006181,,False,,False,False,False,False,False,False,False,False,True,False
CRM003032,GT000534,USR001674,False,,False,False,False,False,False,False,False,False,False,False
CRM003033,GT006644,USR001675,False,,False,False,False,False,False,False,False,False,False,False
CRM003034,GT009764,USR001676,False,,False,False,False,False,False,False,False,False,False,False
CRM003035,GT004410,,False,,False,False,False,False,False,False,False,False,False,False
CRM003036,GT009809,USR001677,False,,True,True,False,False,False,False,False,False,False,False
CRM003037,GT003657,USR001678,False,,False,False,False,True,True,False,False,False,False,False
CRM003038,GT001054,USR001679,False,,False,False,False,False,False,False,False,False,False,True
CRM003039,GT000911,USR001680,False,,False,False,False,False,False,False,False,False,True,False
CRM003040,GT002832,USR001681,False,,False,False,False,False,False,False,False,False,False,False
CRM003041,GT006898,USR001682,False,,False,False,False,False,False,False,False,False,False,False
CRM003042,GT004001,USR001683,False,,False,False,True,False,False,False,False,False,False,True
CRM003043,GT001070,USR001684,False,,True,False,False,False,False,False,False,False,True,False
CRM003044,GT007827,USR001685,False,,False,True,False,False,False,False,False,False,False,False
CRM003045,GT003431,,False,,False,False,False,False,False,False,False,False,False,False
CRM003046,GT002897,,False,,False,False,False,False,False,False,False,False,False,False
CRM003047,GT003503,USR001686,False,,False,False,False,False,False,True,False,False,False,False
CRM003048,GT007981,USR001687,False,,False,False,False,False,True,False,False,False,False,False
CRM003049,GT001184,USR001688,False,,False,False,False,False,False,False,False,False,False,False
CRM003050,GT009962,USR001689,False,,False,False,False,False,False,False,False,False,False,False
CRM003051,GT009811,USR001690,False,,False,False,False,False,False,False,False,False,False,False
CRM003052,GT006687,,False,,False,False,False,False,False,False,False,False,False,False
CRM003053,GT001518,,False,,False,True,False,False,False,False,False,False,False,False
CRM003054,GT002540,USR001691,False,,False,False,False,False,False,False,False,False,False,False
CRM003055,GT002132,USR001692,False,,False,False,False,False,False,False,False,False,False,False
CRM003056,GT003734,,False,,False,False,False,False,False,False,False,False,True,False
CRM003057,GT001141,USR001693,False,,False,False,False,False,False,False,False,False,False,False
CRM003058,GT008218,,False,,False,False,False,False,False,False,False,False,False,False
CRM003059,GT007404,,False,,False,False,False,False,False,False,False,False,False,False
CRM003060,GT006591,USR001694,False,,False,False,False,False,False,True,False,False,False,False
CRM003061,GT004282,USR001695,False,,False,False,False,False,False,False,False,False,False,False
CRM003062,GT008744,USR001696,False,,True,True,False,False,False,False,False,False,False,False
CRM003063,GT005999,,False,,False,False,False,False,True,False,False,False,True,False
CRM003064,GT006454,,False,,True,False,False,True,False,False,False,False,True,False
CRM003065,GT009195,USR001697,False,,False,False,False,False,False,False,False,False,True,False
CRM003066,GT003387,USR001698,False,,False,False,False,False,False,False,False,False,False,True
CRM003067,GT005716,USR001699,False,,False,False,False,False,False,False,False,False,False,False
CRM003068,GT004090,,False,,False,False,False,False,False,False,False,False,True,False
CRM003069,GT008093,USR001700,False,,False,False,False,False,False,False,False,False,False,True
CRM003070,GT000007,,False,,False,False,False,False,False,False,False,False,False,False
CRM003071,GT001870,,False,,False,True,False,False,False,False,False,False,False,False
CRM003072,GT007615,USR001701,False,,True,False,False,False,False,False,False,False,False,False
CRM003073,GT007617,USR001702,False,,False,False,False,False,False,False,False,False,True,False
CRM003074,GT006319,USR001703,False,,False,False,False,False,False,False,False,False,False,False
CRM003075,GT003368,USR001704,False,,False,False,False,False,False,False,False,False,True,False
CRM003076,GT002019,USR001705,False,,False,True,False,False,False,False,False,False,False,False
CRM003077,GT005409,,False,,False,False,False,False,True,False,True,True,True,False
CRM003078,GT003880,USR001706,False,,False,False,False,False,False,False,False,False,False,False
CRM003079,GT000298,USR001707,False,,False,False,False,False,False,False,False,False,False,False
CRM003080,GT000480,USR001708,False,,False,False,False,False,True,False,False,False,False,False
CRM003081,GT001841,USR001709,False,,False,False,False,False,False,True,False,False,True,False
CRM003082,GT002043,,False,,False,False,False,False,False,False,False,False,False,False
CRM003083,GT001587,,False,,False,False,False,False,False,False,False,False,False,False
CRM003084,GT002760,USR001710,False,,False,False,False,False,False,False,False,False,True,False
CRM003085,GT008014,USR001711,False,,False,False,True,False,False,False,False,False,True,False
CRM003086,GT005721,USR001712,False,,False,False,False,False,False,False,False,False,False,False
CRM003087,GT003378,,False,,False,False,False,False,False,False,False,False,False,False
CRM003088,GT002816,,False,,False,False,False,False,False,False,False,False,False,False
CRM003089,GT001771,,False,,False,False,False,False,False,False,False,False,True,False
CRM003090,GT004759,,False,,False,True,False,False,False,False,False,False,False,False
CRM003091,GT002877,,False,,False,False,False,False,False,False,False,False,True,False
CRM003092,GT006259,USR001713,False,,False,False,False,False,False,False,False,False,False,False
CRM003093,GT008989,,False,,False,False,False,False,False,False,False,False,True,False
CRM003094,GT009265,USR001714,False,,False,False,False,False,False,False,False,False,False,False
CRM003095,GT008616,,False,,False,True,False,False,True,False,False,False,False,False
CRM003096,GT000665,USR001715,False,,False,False,False,False,False,False,False,False,True,False
CRM003097,GT005883,USR001716,False,,False,False,False,False,False,False,False,False,False,False
CRM003098,GT004616,USR001717,False,,False,False,False,False,False,False,False,False,False,False
CRM003099,GT006288,USR001718,False,,False,False,False,False,False,False,False,False,False,False
CRM003100,GT004179,USR001719,False,,False,False,False,False,False,False,False,False,False,False
CRM003101,GT000440,,False,,False,False,False,False,False,False,False,False,False,False
CRM003102,GT001019,USR001720,False,,False,False,False,False,True,False,False,False,False,False
CRM003103,GT001229,USR001721,False,,True,False,False,False,False,False,False,False,False,False
CRM003104,GT000726,USR001722,False,,False,False,False,False,False,False,False,False,False,False
CRM003105,GT008987,USR001723,False,,False,False,False,False,False,False,False,False,False,False
CRM003106,GT007851,,False,,False,True,False,False,False,True,False,False,False,False
CRM003107,GT008962,USR001724,False,,False,False,False,False,True,False,False,False,False,False
CRM003108,GT003664,USR001725,False,,False,False,False,False,False,False,False,False,False,False
CRM003109,GT006700,USR001726,False,,False,False,False,False,False,False,False,False,False,False
CRM003110,GT007749,,False,,False,False,False,False,False,False,False,False,False,False
CRM003111,GT006606,USR001727,False,,False,False,False,False,False,False,False,False,False,False
CRM003112,GT001926,USR001728,False,,False,False,False,False,False,False,False,False,False,False
CRM003113,GT003489,,False,,False,False,False,False,False,False,False,False,False,False
CRM003114,GT001716,,False,,False,False,False,False,False,False,False,False,False,False
CRM003115,GT008525,USR001729,False,,False,False,False,False,False,False,False,False,False,False
CRM003116,GT009697,,False,,False,False,False,False,False,False,False,False,False,False
CRM003117,GT002317,,False,,False,False,False,False,False,False,False,False,False,False
CRM003118,GT007588,USR001730,False,,False,False,False,False,False,False,False,False,False,False
CRM003119,GT004674,USR001731,False,,False,False,False,False,False,False,False,False,False,False
CRM003120,GT008717,,False,,False,False,False,False,False,False,False,False,False,False
CRM003121,GT000876,USR001732,False,,False,False,False,False,False,False,False,False,False,False
CRM003122,GT005070,USR001733,False,,False,False,False,False,False,False,False,False,False,False
CRM003123,GT000632,,False,,False,False,False,False,False,False,False,False,False,False
CRM003124,GT008946,USR001734,False,,False,True,False,False,True,False,False,False,False,True
CRM003125,GT009986,USR001735,False,,False,False,False,False,False,False,False,False,False,False
CRM003126,GT009512,USR001736,False,,False,False,False,False,False,False,False,False,False,False
CRM003127,GT009074,USR001737,False,,False,False,False,True,False,False,False,False,True,False
CRM003128,GT009250,,False,,False,False,False,False,False,False,False,False,True,False
CRM003129,GT005543,USR001738,False,,False,False,True,False,False,False,False,False,True,False
CRM003130,GT004717,USR001739,False,,False,True,False,False,False,False,False,False,False,False
CRM003131,GT005508,USR001740,False,,False,False,False,False,False,False,False,False,True,False
CRM003132,GT003950,,False,,False,False,False,False,False,False,False,False,False,False
CRM003133,GT004604,USR001741,False,,False,False,False,False,False,True,False,False,False,False
CRM003134,GT007132,,False,,False,False,False,False,False,False,False,False,False,False
CRM003135,GT002287,,False,,False,False,False,False,False,False,False,False,False,False
CRM003136,GT002323,USR001742,False,,False,False,False,False,False,False,False,False,True,False
CRM003137,GT000467,USR001743,False,,False,False,False,False,False,False,False,False,False,False
CRM003138,GT004715,USR001744,False,,False,False,False,False,True,False,False,False,False,False
CRM003139,GT008500,,False,,False,False,False,False,False,False,False,False,True,False
CRM003140,GT002694,,False,,False,True,False,False,False,False,False,False,False,False
CRM003141,GT007995,,False,,False,True,False,False,False,False,False,False,False,False
CRM003142,GT003049,USR001745,False,,False,False,False,False,False,False,False,False,False,True
CRM003143,GT005756,USR001746,False,,False,False,False,False,False,False,False,False,True,False
CRM003144,GT008193,USR001747,False,,False,False,False,False,False,False,False,False,False,True
CRM003145,GT005445,USR001748,False,,False,False,False,False,False,False,False,False,False,False
CRM003146,GT002543,,False,,False,False,False,True,False,False,False,False,True,False
CRM003147,GT004561,USR001749,False,,False,False,False,False,False,False,False,False,False,True
CRM003148,GT006445,USR001750,False,,False,False,False,False,False,False,False,False,False,False
CRM003149,GT000003,,False,,False,False,False,False,False,False,False,False,False,False
CRM003150,GT008812,USR001751,False,,False,False,False,False,False,False,False,False,False,False
CRM003151,GT004205,USR001752,False,,False,False,False,False,False,True,False,False,False,False
CRM003152,GT004964,USR001753,False,,False,False,False,False,False,False,False,False,False,False
CRM003153,GT004653,USR001754,False,,False,False,False,False,False,False,False,False,False,False
CRM003154,GT004027,,False,,False,False,False,False,False,False,False,False,False,True
CRM003155,GT008374,USR001755,False,,False,False,False,False,False,False,False,False,False,False
CRM003156,GT007089,USR001756,False,,False,False,False,False,False,False,False,False,False,False
CRM003157,GT001102,USR001757,False,,False,False,False,False,False,False,False,False,True,False
CRM003158,GT007568,,False,,False,False,False,False,False,False,False,False,False,False
CRM003159,GT007085,USR001758,False,,False,False,False,False,False,False,False,False,True,False
CRM003160,GT006667,,False,,False,False,False,False,True,True,False,False,False,False
CRM003161,GT003784,USR001759,False,,False,False,False,False,False,False,False,False,False,False
CRM003162,GT007701,,False,,False,False,False,False,False,False,False,False,True,False
CRM003163,GT009737,,False,,False,False,False,False,False,False,False,False,True,False
CRM003164,GT007007,USR001760,False,,False,False,False,False,False,False,False,False,True,False
CRM003165,GT006847,,False,,False,False,False,False,False,False,False,False,False,False
CRM003166,GT003724,USR001761,False,,False,False,False,False,False,False,False,False,False,False
CRM003167,GT002416,,False,,False,False,False,False,False,False,False,False,False,True
CRM003168,GT007539,,False,,False,True,False,False,False,False,False,True,False,False
CRM003169,GT006406,USR001762,False,,False,False,False,False,False,False,False,False,False,False
CRM003170,GT006891,,False,,False,False,False,False,False,False,False,False,True,False
CRM003171,GT009097,USR001763,False,,False,False,True,False,False,False,False,False,False,False
CRM003172,GT002270,,False,,False,False,False,False,False,True,False,False,False,False
CRM003173,GT006607,USR001764,False,,False,False,False,False,False,False,False,False,False,True
CRM003174,GT004936,USR001765,False,,False,True,False,False,False,False,False,False,False,False
CRM003175,GT004171,,False,,False,False,False,False,False,False,False,False,False,False
CRM003176,GT007643,,False,,False,False,False,False,False,False,False,False,False,False
CRM003177,GT005212,USR001766,False,,False,False,False,False,True,False,False,False,False,False
CRM003178,GT001122,USR001767,False,,False,False,False,False,False,False,False,False,False,False
CRM003179,GT003464,USR001768,False,,False,False,False,False,False,False,False,False,False,False
CRM003180,GT002080,USR001769,False,,False,False,False,False,False,False,False,False,False,False
CRM003181,GT008822,USR001770,False,,False,False,False,False,False,False,False,False,True,False
CRM003182,GT006307,,False,,False,False,False,False,False,False,False,False,False,False
CRM003183,GT005081,USR001771,False,,False,False,False,False,False,False,False,False,False,False
CRM003184,GT001046,,False,,False,False,False,False,False,False,False,False,True,False
CRM003185,GT005649,USR001772,False,,False,False,False,False,False,False,False,False,False,True
CRM003186,GT008182,USR001773,False,,False,False,False,False,False,False,False,False,False,False
CRM003187,GT000692,USR001774,False,,False,False,False,False,False,False,False,False,False,True
CRM003188,GT005661,,False,,False,False,False,False,True,False,False,False,False,False
CRM003189,GT007909,,False,,False,False,False,False,False,False,False,False,False,False
CRM003190,GT000390,USR001775,False,,False,False,False,False,False,False,False,False,False,False
CRM003191,GT009648,,False,,False,False,False,False,False,False,False,False,False,False
CRM003192,GT006584,USR001776,False,,False,False,False,False,False,False,False,False,False,False
CRM003193,GT008322,USR001777,False,,False,False,False,True,False,False,False,False,False,False
CRM003194,GT004063,USR001778,False,,False,False,False,False,False,False,False,False,True,False
CRM003195,GT001014,USR001779,False,,False,False,False,False,False,False,False,False,True,False
CRM003196,GT007965,,False,,False,False,False,False,False,False,False,False,True,False
CRM003197,GT005986,USR001780,False,,False,False,False,True,False,False,False,False,False,False
CRM003198,GT000375,,False,,False,False,False,False,False,False,False,False,False,False
CRM003199,GT001665,USR001781,False,,False,False,False,False,False,False,False,False,False,False
CRM003200,GT007368,USR001782,False,,False,False,False,False,False,False,False,False,False,False
CRM003201,GT000153,USR001783,False,,False,False,False,False,False,False,False,False,False,False
CRM003202,GT003106,USR001784,False,,False,False,False,False,False,False,False,False,False,False
CRM003203,GT008923,,False,,False,False,False,False,False,False,False,False,True,False
CRM003204,GT001388,USR001785,False,,False,False,False,False,False,False,False,False,False,False
CRM003205,GT000544,,False,,False,False,False,False,False,False,False,False,False,False
CRM003206,GT007224,USR001786,False,,False,False,False,False,False,False,False,False,False,True
CRM003207,GT008487,,False,,False,False,False,False,False,False,False,False,False,False
CRM003208,GT002990,,False,,False,False,False,False,True,False,False,False,False,False
CRM003209,GT007581,USR001787,False,,False,False,False,False,False,False,False,False,False,False
CRM003210,GT007832,,False,,False,False,False,False,False,False,False,False,False,False
CRM003211,GT000473,USR001788,False,,False,False,False,False,False,False,False,False,False,False
CRM003212,GT006916,USR001789,False,,False,True,False,False,False,False,False,False,False,False
CRM003213,GT003527,,False,,False,False,False,False,False,False,False,False,False,False
CRM003214,GT008000,USR001790,False,,False,False,False,False,False,False,False,False,False,True
CRM003215,GT004224,USR001791,False,,False,False,False,False,False,False,False,False,False,False
CRM003216,GT008254,,False,,False,False,False,False,False,False,False,False,False,False
CRM003217,GT005585,USR001792,False,,False,False,False,False,False,False,False,False,False,False
CRM003218,GT001705,,False,,False,True,False,False,False,False,False,False,False,False
CRM003219,GT004828,,False,,False,False,False,False,False,False,False,False,True,False
CRM003220,GT006575,USR001793,False,,False,False,False,False,False,False,False,False,False,False
CRM003221,GT007622,,False,,False,True,False,False,False,False,False,True,False,False
CRM003222,GT001179,,False,,False,True,False,False,False,False,False,False,False,False
CRM003223,GT002765,,False,,False,False,False,False,False,True,False,False,False,False
CRM003224,GT001799,,False,,False,True,False,False,False,False,False,False,False,False
CRM003225,GT004243,,False,,False,False,False,False,False,False,False,False,True,False
CRM003226,GT002139,,False,,False,False,False,False,False,False,True,False,False,False
CRM003227,GT006699,USR001794,False,,False,False,False,False,True,False,False,False,False,False
CRM003228,GT007840,USR001795,False,,False,False,False,False,False,False,False,False,False,False
CRM003229,GT004237,USR001796,False,,False,False,False,False,False,False,False,False,True,False
CRM003230,GT001901,,False,,False,False,False,False,False,False,True,False,False,False
CRM003231,GT005591,USR001797,False,,False,False,False,False,False,False,False,False,False,False
CRM003232,GT000433,USR001798,False,,False,False,True,False,False,False,False,False,False,True
CRM003233,GT005790,,False,,False,False,False,False,False,True,False,False,True,True
CRM003234,GT005470,,False,,False,False,False,False,False,True,False,False,True,False
CRM003235,GT000693,USR001799,False,,False,False,False,False,False,False,False,False,False,False
CRM003236,GT006085,,False,,False,False,False,False,False,False,False,False,False,False
CRM003237,GT004956,USR001800,False,,False,False,False,False,False,False,False,False,False,False
CRM003238,GT003656,USR001801,False,,False,True,False,False,False,False,False,False,False,True
CRM003239,GT007603,,False,,False,False,False,False,False,True,False,False,False,False
CRM003240,GT002553,USR001802,False,,False,False,False,False,False,False,False,False,False,False
CRM003241,GT004722,USR001803,False,,False,False,False,False,False,False,False,False,False,False
CRM003242,GT006154,USR001804,False,,False,False,False,False,False,False,False,False,False,False
CRM003243,GT001781,,False,,False,True,False,False,False,False,False,False,False,False
CRM003244,GT003897,,False,,False,False,False,False,False,False,False,False,False,False
CRM003245,GT008719,USR001805,False,,False,False,False,False,False,False,False,False,False,False
CRM003246,GT008761,,False,,False,False,False,False,False,False,False,False,False,False
CRM003247,GT000493,,False,,False,False,False,False,False,False,False,False,True,False
CRM003248,GT003051,,False,,False,False,True,False,False,False,False,False,False,False
CRM003249,GT000077,USR001806,False,,False,False,False,False,False,False,False,False,False,False
CRM003250,GT007201,,False,,False,False,False,False,False,False,False,False,True,False
CRM003251,GT009934,USR001807,False,,False,False,False,False,False,False,False,False,False,False
CRM003252,GT008002,USR001808,False,,False,False,False,False,False,False,False,False,False,False
CRM003253,GT005040,,False,,False,False,False,False,False,False,False,False,False,False
CRM003254,GT008937,USR001809,False,,False,False,False,False,False,False,False,False,True,False
CRM003255,GT002607,USR001810,False,,False,False,False,False,False,False,False,False,False,False
CRM003256,GT009446,USR001811,False,,False,False,False,False,False,False,False,False,True,False
CRM003257,GT007240,USR001812,False,,False,False,False,False,False,False,False,False,False,True
CRM003258,GT003848,USR001813,False,,False,False,False,False,False,False,False,False,False,False
CRM003259,GT003771,USR001814,False,,False,False,False,False,False,False,False,False,False,False
CRM003260,GT007730,,False,,False,False,False,False,False,False,False,False,False,False
CRM003261,GT003773,USR001815,False,,False,False,False,False,False,False,False,False,False,False
CRM003262,GT000186,,False,,False,False,False,False,False,False,False,False,False,False
CRM003263,GT006527,USR001816,False,,False,False,False,False,False,False,False,False,False,True
CRM003264,GT008164,,False,,False,False,False,False,False,False,False,False,False,False
CRM003265,GT001235,USR001817,False,,False,False,False,False,False,False,False,False,False,False
CRM003266,GT002239,USR001818,False,,False,False,False,False,False,False,False,False,False,True
CRM003267,GT005913,USR001819,False,,False,False,False,False,True,False,False,False,False,False
CRM003268,GT006839,USR001820,False,,False,False,False,False,False,False,False,False,False,False
CRM003269,GT007411,,False,,False,False,False,False,False,False,False,False,False,False
CRM003270,GT004981,USR001821,False,,False,False,False,False,False,False,False,False,False,False
CRM003271,GT009424,USR001822,False,,False,False,False,False,False,False,False,False,False,False
CRM003272,GT006781,,False,,False,True,False,False,False,False,False,False,False,False
CRM003273,GT005792,USR001823,False,,False,False,False,False,False,False,False,False,False,False
CRM003274,GT004167,USR001824,False,,False,False,False,False,False,False,False,False,False,False
CRM003275,GT006768,,False,,False,False,False,False,False,False,False,False,False,False
CRM003276,GT009682,USR001825,False,,False,False,False,False,False,False,False,False,False,False
CRM003277,GT002414,USR001826,False,,True,False,False,False,False,False,False,False,True,False
CRM003278,GT009573,USR001827,False,,False,False,False,False,False,False,False,False,False,False
CRM003279,GT000742,,False,,False,True,False,False,False,False,False,False,False,False
CRM003280,GT003803,USR001828,False,,False,True,False,True,False,False,False,False,False,False
CRM003281,GT001348,,False,,False,False,False,False,False,False,False,False,True,False
CRM003282,GT003539,,False,,False,False,False,False,False,False,False,False,False,False
CRM003283,GT000311,,False,,False,False,False,False,False,False,False,False,True,True
CRM003284,GT007738,USR001829,False,,False,False,False,False,False,False,False,False,False,False
CRM003285,GT003987,USR001830,False,,False,False,False,False,False,False,False,False,False,False
CRM003286,GT000659,USR001831,False,,False,True,False,False,False,False,False,False,False,False
CRM003287,GT005980,,False,,False,False,False,False,False,False,False,False,False,False
CRM003288,GT001193,,False,,False,False,False,False,False,False,False,False,True,False
CRM003289,GT002189,,False,,False,False,False,False,False,False,False,False,True,False
CRM003290,GT001608,,False,,False,False,False,False,False,False,False,False,False,False
CRM003291,GT001391,USR001832,False,,False,False,False,False,False,False,False,False,False,True
CRM003292,GT007438,USR001833,False,,False,False,False,False,False,False,False,False,False,False
CRM003293,GT005781,,False,,False,False,False,False,False,False,False,False,False,True
CRM003294,GT009887,USR001834,False,,False,False,False,False,False,False,False,False,False,False
CRM003295,GT004545,,False,,False,False,False,False,False,False,False,False,True,True
CRM003296,GT000117,USR001835,False,,False,False,False,False,False,False,False,False,False,False
CRM003297,GT007870,USR001836,False,,False,False,False,False,False,False,False,False,True,False
CRM003298,GT006267,,False,,False,False,False,False,False,False,False,False,False,False
CRM003299,GT008648,USR001837,False,,False,False,False,False,False,False,False,False,False,False
CRM003300,GT004662,USR001838,False,,False,False,False,False,False,False,True,False,False,False
CRM003301,GT004099,USR001839,False,,False,False,False,False,False,False,False,False,False,False
CRM003302,GT002613,,False,,False,False,False,False,False,False,False,False,False,False
CRM003303,GT003496,,False,,False,False,False,False,False,False,False,False,False,False
CRM003304,GT005673,USR001840,False,,False,True,False,False,False,False,False,False,False,False
CRM003305,GT005127,USR001841,False,,False,False,True,False,False,False,False,False,False,False
CRM003306,GT009820,,False,,False,False,False,False,False,True,False,False,False,False
CRM003307,GT000008,,False,,False,False,False,False,False,False,False,False,False,False
CRM003308,GT000023,,False,,False,False,False,False,False,False,False,False,False,False
CRM003309,GT001219,USR001842,False,,False,False,False,False,False,False,False,False,False,False
CRM003310,GT007141,,False,,False,False,False,False,False,False,False,False,False,False
CRM003311,GT005029,USR001843,False,,False,False,False,False,False,False,False,False,False,False
CRM003312,GT004067,USR001844,False,,False,False,False,False,False,False,False,False,False,False
CRM003313,GT008566,USR001845,False,,False,False,False,False,False,False,False,False,False,True
CRM003314,GT002626,USR001846,False,,False,False,False,False,False,False,False,False,False,False
CRM003315,GT006024,,False,,False,False,False,False,False,False,False,False,False,False
CRM003316,GT005157,USR001847,False,,False,False,False,False,False,True,False,False,False,False
CRM003317,GT004271,USR001848,False,,False,False,False,False,False,False,False,False,False,False
CRM003318,GT009235,USR001849,False,,False,True,False,False,False,False,False,False,False,False
CRM003319,GT008452,,False,,False,False,False,False,False,False,False,False,False,False
CRM003320,GT001503,,False,,False,False,False,False,False,True,False,False,True,True
CRM003321,GT003670,USR001850,False,,False,True,False,False,False,False,False,False,False,False
CRM003322,GT003429,USR001851,False,,False,False,True,False,False,False,False,False,True,True
CRM003323,GT002910,,False,,False,False,False,False,False,False,False,False,False,False
CRM003324,GT003663,USR001852,False,,False,False,False,False,False,False,False,False,False,False
CRM003325,GT000107,USR001853,False,,False,True,False,False,False,False,False,False,False,True
CRM003326,GT004456,USR001854,False,,False,False,False,False,False,False,False,False,False,False
CRM003327,GT004898,,False,,False,False,False,False,False,False,False,False,False,False
CRM003328,GT007182,USR001855,False,,False,False,False,False,False,False,False,False,False,False
CRM003329,GT004416,,False,,False,False,False,False,False,False,False,False,False,False
CRM003330,GT001315,,False,,False,False,False,False,False,False,False,False,False,False
CRM003331,GT007589,,False,,False,False,False,False,False,False,False,False,True,False
CRM003332,GT003875,USR001856,False,,False,False,False,False,False,False,False,False,False,False
CRM003333,GT001606,,False,,False,False,False,False,False,False,False,False,False,False
CRM003334,GT002917,USR001857,False,,False,True,False,False,False,False,True,False,False,False
CRM003335,GT006198,,False,,False,False,False,False,False,True,False,False,False,False
CRM003336,GT007271,,False,,False,False,False,False,False,False,False,False,False,False
CRM003337,GT007464,USR001858,False,,False,False,False,False,False,False,False,False,False,False
CRM003338,GT007866,USR001859,False,,False,False,False,False,False,False,False,False,False,False
CRM003339,GT001963,USR001860,False,,False,False,True,False,False,False,False,False,False,True
CRM003340,GT003896,USR001861,False,,False,True,False,False,False,False,False,False,False,False
CRM003341,GT001956,,False,,False,False,False,False,False,False,False,False,False,False
CRM003342,GT004798,USR001862,False,,False,False,False,False,False,False,False,False,True,False
CRM003343,GT000067,USR001863,False,,False,False,False,False,False,False,False,False,True,False
CRM003344,GT009964,USR001864,False,,False,False,False,False,False,False,False,False,False,False
CRM003345,GT001972,USR001865,False,,False,False,False,False,False,False,False,False,True,False
CRM003346,GT006447,USR001866,False,,False,False,False,False,False,False,False,False,True,True
CRM003347,GT009731,,False,,False,False,False,True,False,False,False,False,False,False
CRM003348,GT005686,USR001867,False,,False,False,False,False,False,False,False,False,True,True
CRM003349,GT002507,,False,,False,False,False,False,False,False,True,False,True,False
CRM003350,GT003818,USR001868,False,,False,True,False,False,False,False,False,False,False,False
CRM003351,GT002678,USR001869,False,,False,False,False,False,False,False,False,False,False,False
CRM003352,GT008644,,False,,False,True,False,False,False,False,False,False,False,False
CRM003353,GT006504,USR001870,False,,False,False,False,False,False,False,False,False,False,True
CRM003354,GT009065,USR001871,False,,False,False,False,False,False,False,False,False,False,False
CRM003355,GT000819,USR001872,False,,False,True,False,False,False,False,False,False,False,False
CRM003356,GT001826,,False,,False,False,False,False,False,True,False,False,False,False
CRM003357,GT008312,USR001873,False,,False,False,False,False,True,False,False,False,False,False
CRM003358,GT006022,USR001874,False,,False,False,False,False,False,False,False,False,True,False
CRM003359,GT006345,,False,,False,False,False,False,False,False,False,False,False,False
CRM003360,GT007727,USR001875,False,,False,False,False,False,False,False,False,False,False,False
CRM003361,GT006131,,False,,False,False,False,False,False,False,False,False,False,False
CRM003362,GT004330,USR001876,False,,False,False,False,False,False,False,False,False,False,False
CRM003363,GT002031,,False,,False,False,False,False,False,False,False,False,False,False
CRM003364,GT005859,,False,,False,True,False,False,False,False,False,False,False,False
CRM003365,GT006088,,False,,True,False,False,False,False,False,False,False,False,False
CRM003366,GT007197,,False,,False,True,False,False,True,False,False,False,False,False
CRM003367,GT009668,,False,,False,False,False,False,False,False,False,False,False,True
CRM003368,GT005783,USR001877,False,,False,False,False,False,False,False,False,False,False,False
CRM003369,GT006397,,False,,False,False,False,False,False,False,False,False,False,True
CRM003370,GT003363,,False,,False,False,False,False,False,False,False,False,False,False
CRM003371,GT007879,USR001878,False,,False,False,False,False,False,False,False,False,True,True
CRM003372,GT002220,,False,,False,False,False,False,False,False,False,False,False,False
CRM003373,GT006906,USR001879,False,,False,True,False,False,False,False,False,False,False,False
CRM003374,GT002612,USR001880,False,,False,True,False,False,False,False,False,False,False,True
CRM003375,GT008612,,False,,False,False,False,False,False,False,False,False,True,False
CRM003376,GT005642,,False,,False,False,False,False,False,False,False,False,False,False
CRM003377,GT006512,,False,,False,True,False,False,False,False,False,False,False,False
CRM003378,GT005787,USR001881,False,,False,False,False,False,False,False,False,False,True,False
CRM003379,GT007251,USR001882,False,,False,False,False,False,False,False,False,False,False,False
CRM003380,GT008956,USR001883,False,,False,False,False,False,False,False,False,False,False,True
CRM003381,GT009115,,False,,False,False,False,False,False,False,False,False,False,False
CRM003382,GT006978,USR001884,False,,False,False,True,False,False,False,False,False,False,False
CRM003383,GT008920,USR001885,False,,False,False,False,False,False,False,False,False,True,False
CRM003384,GT006573,,False,,False,False,False,False,False,False,False,False,False,True
CRM003385,GT008886,,False,,False,False,False,False,False,False,False,False,False,False
CRM003386,GT004312,USR001886,False,,False,False,False,False,False,False,False,False,False,False
CRM003387,GT007634,,False,,False,False,False,False,False,False,False,False,True,True
CRM003388,GT001916,USR001887,False,,False,False,False,False,False,False,False,False,True,False
CRM003389,GT003247,USR001888,False,,False,False,False,False,False,False,False,False,False,False
CRM003390,GT008942,USR001889,False,,False,False,False,False,False,False,False,False,False,False
CRM003391,GT007402,,False,,False,False,False,False,False,False,False,False,False,False
CRM003392,GT007174,,False,,False,False,False,False,False,False,False,False,False,False
CRM003393,GT002679,USR001890,False,,False,True,False,False,False,False,False,False,False,False
CRM003394,GT000515,USR001891,False,,False,False,False,False,False,False,False,False,False,False
CRM003395,GT000652,USR001892,False,,False,True,False,False,False,False,False,False,False,False
CRM003396,GT000075,,False,,False,False,False,False,False,False,False,False,True,False
CRM003397,GT008142,USR001893,False,,False,False,False,False,True,False,False,False,False,False
CRM003398,GT000611,,False,,False,False,False,False,False,False,False,False,False,False
CRM003399,GT006830,,False,,False,False,False,False,False,False,False,False,True,False
CRM003400,GT002869,,False,,False,False,False,False,False,False,False,False,True,True
CRM003401,GT002545,USR001894,False,,False,True,False,False,False,False,False,False,False,True
CRM003402,GT009872,,False,,False,False,True,False,False,False,False,False,False,False
CRM003403,GT006631,,False,,False,False,False,False,False,False,False,False,False,False
CRM003404,GT004637,,False,,False,False,False,False,False,True,False,False,False,False
CRM003405,GT007166,,False,,False,False,False,False,False,False,False,False,False,False
CRM003406,GT001805,,False,,False,False,False,False,False,False,False,True,False,False
CRM003407,GT005615,,False,,False,False,False,False,False,False,False,False,False,False
CRM003408,GT000116,,False,,False,False,False,False,False,False,False,False,False,False
CRM003409,GT009840,USR001895,False,,False,False,False,False,False,False,False,False,False,False
CRM003410,GT009322,,False,,False,True,False,False,False,False,False,False,False,False
CRM003411,GT007802,USR001896,False,,False,False,False,False,False,False,False,False,False,False
CRM003412,GT005220,USR001897,False,,False,False,False,False,True,False,False,False,True,False
CRM003413,GT003207,USR001898,False,,False,False,False,False,False,False,False,False,True,False
CRM003414,GT009117,,False,,False,False,False,False,False,False,False,False,False,False
CRM003415,GT007025,,False,,False,False,False,False,False,False,False,False,True,False
CRM003416,GT006225,,False,,False,False,False,False,False,False,False,False,True,False
CRM003417,GT002285,USR001899,False,,False,False,False,False,False,False,False,False,False,False
CRM003418,GT005192,USR001900,False,,False,False,False,False,False,False,False,False,False,False
CRM003419,GT001003,USR001901,False,,False,False,False,False,False,True,False,False,False,False
CRM003420,GT000482,,False,,False,False,False,False,False,False,False,False,True,False
CRM003421,GT007116,USR001902,False,,False,False,True,False,False,False,False,False,False,False
CRM003422,GT007209,USR001903,False,,False,False,False,False,False,False,False,False,False,False
CRM003423,GT004369,,False,,False,False,False,False,False,False,False,False,False,False
CRM003424,GT000080,,False,,True,False,False,False,False,False,False,False,False,True
CRM003425,GT002409,USR001904,False,,False,False,False,False,True,False,False,False,False,False
CRM003426,GT000230,USR001905,False,,False,False,False,False,False,False,False,False,False,True
CRM003427,GT004610,,False,,False,False,False,False,False,False,False,False,False,False
CRM003428,GT002347,,False,,False,False,False,False,True,False,False,False,False,False
CRM003429,GT002308,,False,,False,False,False,False,False,False,False,False,False,False
CRM003430,GT003522,USR001906,False,,False,False,False,False,False,False,False,False,False,True
CRM003431,GT004888,USR001907,False,,False,False,False,False,False,False,False,False,False,False
CRM003432,GT006344,USR001908,False,,False,True,False,False,False,False,False,True,False,False
CRM003433,GT005398,,False,,False,True,False,False,False,False,False,False,False,True
CRM003434,GT009683,,False,,False,True,False,False,False,False,False,False,False,False
CRM003435,GT002292,USR001909,False,,False,False,True,False,False,False,False,False,False,False
CRM003436,GT002358,USR001910,False,,False,False,False,False,False,False,False,False,False,False
CRM003437,GT001446,,False,,False,False,False,False,False,True,False,False,True,False
CRM003438,GT002004,USR001911,False,,False,False,False,False,False,False,False,False,False,False
CRM003439,GT002322,USR001912,False,,False,True,False,False,False,False,True,False,False,False
CRM003440,GT004776,USR001913,False,,False,False,False,False,False,False,False,False,False,False
CRM003441,GT009522,,False,,False,False,False,False,True,False,False,False,False,False
CRM003442,GT004684,USR001914,False,,False,False,True,False,False,False,False,False,True,False
CRM003443,GT004914,USR001915,False,,False,False,False,False,False,False,False,False,False,True
CRM003444,GT005789,USR001916,False,,False,False,False,False,False,False,False,False,False,False
CRM003445,GT005023,USR001917,False,,False,True,False,False,False,False,False,False,False,False
CRM003446,GT000173,USR001918,False,,False,False,False,False,False,False,False,False,False,False
CRM003447,GT008478,,False,,False,False,False,False,False,False,False,False,False,True
CRM003448,GT005315,USR001919,False,,False,False,False,False,False,False,False,False,False,False
CRM003449,GT005652,,False,,False,False,False,False,False,False,False,False,False,False
CRM003450,GT006324,USR001920,False,,False,True,False,False,False,False,False,False,False,False
CRM003451,GT002367,,False,,False,False,False,False,False,True,False,False,False,False
CRM003452,GT008418,,False,,False,False,False,False,False,False,False,False,False,False
CRM003453,GT006835,USR001921,False,,False,False,False,False,False,False,False,False,False,False
CRM003454,GT003449,USR001922,False,,False,False,False,False,False,False,False,False,False,True
CRM003455,GT009914,,False,,False,False,False,False,False,False,False,False,False,True
CRM003456,GT005970,USR001923,False,,False,False,False,False,False,False,False,False,False,False
CRM003457,GT000675,,False,,True,False,False,False,False,False,False,False,False,False
CRM003458,GT002258,USR001924,False,,False,False,False,False,False,False,False,False,False,False
CRM003459,GT007232,,False,,False,False,True,True,False,False,False,False,True,False
CRM003460,GT001664,,False,,False,False,False,False,False,False,False,False,False,False
CRM003461,GT007447,USR001925,False,,False,False,False,False,False,False,False,True,False,False
CRM003462,GT008746,USR001926,False,,False,False,False,True,False,False,False,False,False,False
CRM003463,GT007481,USR001927,False,,False,False,False,False,False,False,False,False,False,False
CRM003464,GT002485,USR001928,False,,False,False,False,True,False,False,False,False,False,False
CRM003465,GT001925,,False,,False,False,False,True,False,False,False,False,False,False
CRM003466,GT000193,,False,,False,False,False,False,False,False,False,False,False,True
CRM003467,GT007676,,False,,False,False,False,False,False,False,False,False,False,False
CRM003468,GT006053,,False,,False,True,False,False,False,False,True,False,False,False
CRM003469,GT003935,,False,,False,False,False,False,False,False,False,False,True,False
CRM003470,GT001858,,False,,False,False,False,False,False,True,False,False,False,False
CRM003471,GT003879,USR001929,False,,False,False,False,False,False,False,False,False,True,False
CRM003472,GT004810,USR001930,False,,False,True,False,False,False,False,False,False,False,False
CRM003473,GT002210,USR001931,False,,False,False,False,False,False,False,True,False,True,False
CRM003474,GT006860,,False,,False,False,False,False,False,False,False,False,False,False
CRM003475,GT009558,USR001932,False,,False,True,False,False,False,False,False,False,False,False
CRM003476,GT009833,USR001933,False,,False,False,False,False,True,False,False,False,False,False
CRM003477,GT001561,,False,,False,False,False,False,False,False,False,False,True,False
CRM003478,GT003974,USR001934,False,,False,False,False,False,False,False,False,False,False,False
CRM003479,GT008934,USR001935,False,,False,False,False,False,False,False,False,False,True,False
CRM003480,GT002128,USR001936,False,,False,False,False,False,False,False,False,False,False,False
CRM003481,GT000134,USR001937,False,,False,False,False,False,False,False,False,False,False,False
CRM003482,GT008691,,False,,False,False,False,False,False,False,False,True,False,False
CRM003483,GT008861,USR001938,False,,False,False,False,False,False,False,False,False,False,False
CRM003484,GT004573,USR001939,False,,False,False,False,False,False,False,False,False,True,False
CRM003485,GT006371,USR001940,False,,False,False,False,False,False,False,False,False,False,False
CRM003486,GT000190,USR001941,False,,False,False,False,False,True,False,False,False,True,False
CRM003487,GT003452,USR001942,False,,False,False,False,False,False,False,False,False,False,False
CRM003488,GT005078,,False,,False,False,False,False,False,False,False,False,False,True
CRM003489,GT007542,,False,,False,False,False,False,False,False,False,False,False,False
CRM003490,GT006961,USR001943,False,,False,False,False,False,False,False,False,False,True,False
CRM003491,GT001579,USR001944,False,,False,False,False,False,False,False,False,False,False,True
CRM003492,GT000558,USR001945,False,,False,False,False,False,False,False,False,False,False,False
CRM003493,GT000780,,False,,False,False,False,False,False,False,False,False,False,False
CRM003494,GT000033,,False,,False,False,False,False,False,False,False,False,False,False
CRM003495,GT000429,,False,,False,False,False,False,False,False,False,False,True,False
CRM003496,GT000896,USR001946,False,,False,False,False,False,False,False,False,False,False,False
CRM003497,GT009511,USR001947,False,,False,False,False,False,False,False,False,False,False,False
CRM003498,GT000525,USR001948,False,,False,False,False,False,False,False,False,False,False,False
CRM003499,GT007274,USR001949,False,,False,False,False,False,False,False,False,False,False,False
CRM003500,GT007833,USR001950,False,,False,True,False,False,False,False,False,False,False,False
CRM003501,GT008595,,False,,False,False,False,False,False,True,False,False,False,False
CRM003502,GT005288,,False,,False,False,False,False,False,False,False,False,False,False
CRM003503,GT005964,,False,,False,False,False,False,False,False,False,False,False,False
CRM003504,GT008397,,False,,False,False,False,False,False,False,False,False,False,True
CRM003505,GT002422,USR001951,False,,False,False,False,False,False,False,False,False,False,False
CRM003506,GT000930,,False,,False,False,False,False,False,False,False,False,False,True
CRM003507,GT001126,USR001952,False,,False,False,False,False,False,False,False,False,True,False
CRM003508,GT006791,,False,,False,False,False,False,False,False,False,False,True,False
CRM003509,GT006968,USR001953,False,,False,False,False,False,False,False,False,False,True,False
CRM003510,GT000336,,False,,False,True,False,False,False,True,False,False,False,False
CRM003511,GT006182,USR001954,False,,False,False,False,False,False,False,False,False,True,False
CRM003512,GT008133,,False,,False,True,False,False,False,False,False,False,False,False
CRM003513,GT008863,USR001955,False,,False,False,False,False,False,False,False,False,False,False
CRM003514,GT004491,,False,,False,True,False,False,False,False,False,False,False,False
CRM003515,GT002481,,False,,False,True,False,False,False,False,False,False,False,False
CRM003516,GT007123,USR001956,False,,False,True,False,False,False,False,False,False,False,False
CRM003517,GT009207,USR001957,False,,False,False,False,False,False,False,False,False,True,False
CRM003518,GT001104,USR001958,False,,False,False,False,False,False,False,False,False,False,False
CRM003519,GT008588,USR001959,False,,False,False,False,False,False,False,False,False,False,False
CRM003520,GT009968,USR001960,False,,False,False,False,False,False,False,False,False,False,False
CRM003521,GT003549,USR001961,False,,False,True,True,False,False,False,False,False,False,False
CRM003522,GT006054,,False,,False,False,False,False,False,False,False,False,False,False
CRM003523,GT004875,USR001962,False,,False,False,False,False,False,False,False,False,False,True
CRM003524,GT001762,USR001963,False,,False,False,False,False,False,False,False,False,False,False
CRM003525,GT009846,USR001964,False,,False,False,False,False,True,False,False,False,False,False
CRM003526,GT000020,USR001965,False,,False,False,False,False,False,False,False,False,False,False
CRM003527,GT007777,USR001966,False,,False,False,True,False,False,False,False,False,False,False
CRM003528,GT002228,,False,,False,False,False,False,False,False,False,False,False,False
CRM003529,GT007529,USR001967,False,,False,False,False,False,False,False,False,False,False,False
CRM003530,GT005423,,False,,False,False,False,False,False,False,False,False,False,False
CRM003531,GT005503,USR001968,False,,False,False,False,False,False,False,False,False,False,True
CRM003532,GT006450,,False,,False,False,False,False,False,False,False,False,True,False
CRM003533,GT000476,USR001969,False,,False,False,False,False,False,False,False,False,True,False
CRM003534,GT007550,,False,,False,False,False,False,True,False,False,False,True,False
CRM003535,GT002943,,False,,False,False,False,False,False,False,False,False,False,False
CRM003536,GT000068,,False,,False,False,False,False,False,False,False,False,False,False
CRM003537,GT008890,USR001970,False,,False,False,False,False,False,False,False,False,False,False
CRM003538,GT003107,USR001971,False,,False,False,False,False,False,False,False,False,False,False
CRM003539,GT005958,USR001972,False,,False,False,False,False,False,True,False,False,False,False
CRM003540,GT008503,USR001973,False,,False,False,False,False,False,False,False,True,False,False
CRM003541,GT007593,,False,,False,False,False,False,False,False,False,False,True,False
CRM003542,GT009913,USR001974,False,,False,False,False,False,False,False,False,False,False,False
CRM003543,GT007090,,False,,False,False,False,False,False,False,False,False,False,False
CRM003544,GT001257,,False,,False,False,False,False,False,False,False,False,False,False
CRM003545,GT004925,,False,,False,False,False,False,False,False,False,False,False,False
CRM003546,GT004993,,False,,False,False,False,False,False,False,False,False,False,False
CRM003547,GT007587,USR001975,False,,False,False,False,False,False,False,False,False,False,False
CRM003548,GT007969,,False,,False,False,False,False,False,False,False,False,False,False
CRM003549,GT009921,,False,,False,False,False,False,False,False,False,False,False,False
CRM003550,GT001404,USR001976,False,,True,False,False,False,False,False,False,False,True,False
CRM003551,GT005074,USR001977,False,,False,False,False,False,False,False,False,False,False,False
CRM003552,GT009162,,False,,False,False,False,False,False,False,False,False,True,False
CRM003553,GT001732,USR001978,False,,False,False,False,False,False,False,False,False,False,False
CRM003554,GT009398,USR001979,False,,False,False,False,False,False,False,False,False,True,False
CRM003555,GT007480,USR001980,False,,False,False,False,False,False,True,False,False,False,False
CRM003556,GT005327,USR001981,False,,False,False,False,False,False,False,False,False,False,False
CRM003557,GT002454,USR001982,False,,False,False,False,False,False,False,False,False,True,False
CRM003558,GT003756,USR001983,False,,False,False,False,False,False,True,False,False,True,False
CRM003559,GT003089,USR001984,False,,False,False,False,True,False,False,False,False,False,False
CRM003560,GT008840,USR001985,False,,False,False,False,False,False,False,False,False,False,False
CRM003561,GT005304,USR001986,False,,False,False,False,False,False,False,False,False,True,True
CRM003562,GT008278,,False,,False,False,False,False,False,False,False,False,False,False
CRM003563,GT006634,,False,,False,False,False,False,False,True,False,False,True,False
CRM003564,GT001834,,False,,False,True,False,False,False,False,False,False,False,False
CRM003565,GT001738,USR001987,False,,False,False,False,False,False,False,False,False,False,True
CRM003566,GT004141,USR001988,False,,False,True,False,False,False,False,False,False,False,False
CRM003567,GT004006,USR001989,False,,False,True,False,False,False,False,False,False,False,False
CRM003568,GT006999,,False,,False,False,False,False,False,False,False,False,True,False
CRM003569,GT007878,,False,,False,False,False,False,False,False,False,False,False,False
CRM003570,GT004664,USR001990,False,,False,False,False,False,False,False,False,False,False,False
CRM003571,GT008994,,False,,False,False,False,False,False,False,False,False,False,False
CRM003572,GT003417,USR001991,False,,False,False,False,False,False,False,False,False,False,False
CRM003573,GT009330,,False,,False,False,False,False,False,False,False,False,False,False
CRM003574,GT008320,,False,,False,False,False,False,False,False,False,False,True,False
CRM003575,GT007001,USR001992,False,,False,False,False,False,False,False,False,False,False,False
CRM003576,GT006416,,False,,True,False,False,False,False,False,False,False,False,False
CRM003577,GT000784,,False,,False,False,False,False,False,False,False,False,False,True
CRM003578,GT003607,,False,,False,False,False,True,False,False,False,True,False,False
CRM003579,GT006092,,False,,False,False,False,True,False,False,False,False,False,False
CRM003580,GT003225,USR001993,False,,False,True,False,False,False,True,False,False,False,False
CRM003581,GT006813,USR001994,False,,False,False,False,False,False,False,False,False,False,False
CRM003582,GT009194,,False,,False,False,False,False,False,False,False,False,False,False
CRM003583,GT001222,USR001995,False,,False,False,False,False,False,False,False,False,False,False
CRM003584,GT009118,,False,,False,False,False,False,False,False,False,False,False,False
CRM003585,GT006964,,False,,False,False,False,False,False,False,False,False,True,False
CRM003586,GT009510,USR001996,False,,False,False,False,False,False,False,False,False,False,False
CRM003587,GT007243,,False,,False,False,False,False,False,False,False,False,False,True
CRM003588,GT005925,USR001997,False,,False,False,False,True,False,False,False,False,False,False
CRM003589,GT008788,,False,,False,False,False,False,False,False,False,False,False,False
CRM003590,GT007497,USR001998,False,,False,False,False,False,False,False,False,False,False,False
CRM003591,GT002739,,False,,False,False,False,False,False,False,True,False,True,False
CRM003592,GT001367,USR001999,False,,False,False,False,False,False,False,False,False,False,False
CRM003593,GT005378,USR002000,False,,False,False,False,False,False,False,False,False,False,False
CRM003594,GT002472,USR002001,False,,False,False,False,False,False,False,False,False,False,False
CRM003595,GT001653,,False,,False,True,False,False,False,False,False,False,False,False
CRM003596,GT008844,,False,,False,False,False,False,False,False,False,False,False,False
CRM003597,GT007374,USR002002,False,,False,False,False,False,False,False,False,False,False,False
CRM003598,GT007033,,False,,False,False,False,False,False,False,False,False,True,False
CRM003599,GT004997,USR002003,False,,False,False,False,False,False,False,False,False,False,False
CRM003600,GT008732,USR002004,False,,False,False,False,False,False,False,False,False,False,False
CRM003601,GT005827,USR002005,False,,False,True,False,False,False,False,False,False,False,False
CRM003602,GT009405,,False,,False,False,False,False,False,False,False,False,False,False
CRM003603,GT009712,USR002006,False,,False,False,False,False,False,False,False,False,True,False
CRM003604,GT001200,USR002007,False,,False,False,False,False,False,False,False,False,False,False
CRM003605,GT001243,,False,,False,False,False,False,False,False,False,False,False,False
CRM003606,GT008253,,False,,False,False,False,False,True,False,False,False,False,False
CRM003607,GT009206,,False,,False,True,False,False,False,False,False,False,False,False
CRM003608,GT002867,USR002008,False,,False,False,True,False,False,False,False,False,True,False
CRM003609,GT008958,USR002009,False,,False,False,False,False,False,False,False,False,False,False
CRM003610,GT002365,USR002010,False,,False,False,False,False,False,False,False,False,True,False
CRM003611,GT002058,USR002011,False,,False,False,False,False,False,False,False,False,True,False
CRM003612,GT004528,USR002012,False,,False,False,False,False,False,False,False,False,False,True
CRM003613,GT006913,,False,,True,False,False,False,False,False,False,False,False,False
CRM003614,GT008128,USR002013,False,,False,False,True,False,False,False,False,False,True,False
CRM003615,GT005291,,False,,False,False,False,False,False,False,False,False,False,False
CRM003616,GT000291,USR002014,False,,False,True,False,False,False,False,False,False,False,False
CRM003617,GT004749,,False,,False,False,False,False,False,False,False,False,False,False
CRM003618,GT000188,USR002015,False,,False,False,False,False,True,True,False,False,False,False
CRM003619,GT005908,,False,,False,False,False,False,False,False,False,False,False,False
CRM003620,GT002794,USR002016,False,,False,True,False,False,False,False,False,False,False,False
CRM003621,GT009688,USR002017,False,,False,False,False,False,False,False,False,False,False,False
CRM003622,GT004985,USR002018,False,,False,False,False,False,False,False,False,False,False,False
CRM003623,GT009441,USR002019,False,,False,False,False,False,False,True,False,False,False,False
CRM003624,GT006875,,False,,False,False,False,False,False,False,False,False,False,False
CRM003625,GT000650,USR002020,False,,False,False,False,False,False,False,False,True,False,False
CRM003626,GT002766,,False,,False,False,False,True,False,False,False,False,False,False
CRM003627,GT004269,USR002021,False,,False,False,False,False,False,False,False,False,False,False
CRM003628,GT006552,USR002022,False,,False,True,False,False,False,False,False,False,False,False
CRM003629,GT003883,,False,,False,False,False,False,False,False,True,False,True,False
CRM003630,GT002029,USR002023,False,,False,False,False,False,False,False,True,False,False,False
CRM003631,GT008417,,False,,False,False,False,False,False,False,False,False,False,False
CRM003632,GT005413,,False,,False,False,False,False,False,False,False,False,False,False
CRM003633,GT005161,,False,,False,False,False,False,False,False,True,False,True,False
CRM003634,GT001191,USR002024,False,,False,False,False,False,False,False,False,False,False,False
CRM003635,GT000800,USR002025,False,,False,True,False,False,False,True,False,False,False,False
CRM003636,GT002195,,False,,True,False,False,False,False,False,False,False,False,False
CRM003637,GT007210,USR002026,False,,False,False,False,False,False,False,False,False,False,False
CRM003638,GT005446,USR002027,False,,False,False,False,False,False,False,False,False,True,False
CRM003639,GT007852,USR002028,False,,False,False,False,False,False,True,False,False,False,False
CRM003640,GT002162,USR002029,False,,False,False,False,False,False,False,False,False,False,False
CRM003641,GT009234,USR002030,False,,False,False,False,False,False,False,False,False,False,False
CRM003642,GT002966,USR002031,False,,False,True,False,False,False,False,False,False,False,True
CRM003643,GT001133,USR002032,False,,False,False,False,False,False,False,True,False,False,False
CRM003644,GT007453,,False,,False,False,False,False,False,False,False,False,False,False
CRM003645,GT008800,,False,,False,False,False,False,False,False,False,False,False,False
CRM003646,GT003984,USR002033,False,,False,False,False,False,False,False,False,False,False,False
CRM003647,GT001018,,False,,False,False,False,False,False,False,False,False,False,False
CRM003648,GT001077,,False,,False,False,False,False,False,True,False,False,False,False
CRM003649,GT004263,USR002034,False,,False,False,False,False,False,False,False,False,False,False
CRM003650,GT007221,USR002035,False,,False,False,False,False,False,True,False,False,False,False
CRM003651,GT006239,USR002036,False,,False,False,False,False,False,False,False,False,False,False
CRM003652,GT009464,USR002037,False,,True,False,False,False,False,False,False,False,False,False
CRM003653,GT001262,USR002038,False,,False,False,False,False,False,False,False,False,False,False
CRM003654,GT004256,USR002039,False,,False,False,False,False,False,False,False,False,True,False
CRM003655,GT008640,,False,,True,False,False,False,False,False,False,False,True,False
CRM003656,GT008897,,False,,False,False,False,False,False,False,False,False,True,False
CRM003657,GT008274,USR002040,False,,False,False,False,False,False,False,False,False,False,False
CRM003658,GT009542,USR002041,False,,False,True,False,False,False,False,False,False,False,False
CRM003659,GT009390,USR002042,False,,False,False,False,False,False,False,True,False,False,False
CRM003660,GT002321,USR002043,False,,False,False,False,False,False,False,False,False,False,False
CRM003661,GT000087,USR002044,False,,False,False,False,False,False,False,True,False,False,False
CRM003662,GT001673,USR002045,False,,False,False,False,False,False,False,False,False,False,False
CRM003663,GT001427,,False,,False,False,False,False,False,False,False,False,True,False
CRM003664,GT007413,USR002046,False,,False,True,False,False,False,False,False,False,False,False
CRM003665,GT000233,,False,,False,False,False,False,False,False,False,False,True,False
CRM003666,GT009753,,False,,False,False,False,False,False,False,False,False,True,False
CRM003667,GT001906,USR002047,False,,False,False,False,False,False,False,False,False,False,False
CRM003668,GT002859,USR002048,False,,False,False,False,False,False,False,False,False,False,False
CRM003669,GT008235,,False,,False,False,False,False,False,False,False,False,True,False
CRM003670,GT009636,USR002049,False,,False,False,False,False,False,False,False,False,False,False
CRM003671,GT006919,,False,,False,False,False,False,False,False,False,False,False,False
CRM003672,GT007677,,False,,False,False,False,False,False,False,False,False,False,False
CRM003673,GT002513,USR002050,False,,False,False,False,False,False,False,False,False,True,False
CRM003674,GT005280,,False,,False,False,False,False,True,False,False,False,False,False
CRM003675,GT007097,USR002051,False,,False,False,False,False,False,False,False,False,False,False
CRM003676,GT009769,USR002052,False,,False,False,False,False,False,False,False,False,False,True
CRM003677,GT009534,USR002053,False,,False,False,False,False,False,False,False,False,False,False
CRM003678,GT000997,,False,,False,True,False,False,False,False,False,False,False,False
CRM003679,GT009143,USR002054,False,,False,False,False,False,False,True,False,False,False,False
CRM003680,GT003631,,False,,False,False,False,False,False,False,False,False,False,False
CRM003681,GT004741,USR002055,False,,False,False,False,False,False,False,False,False,False,False
CRM003682,GT009482,USR002056,False,,False,False,False,False,False,False,False,False,True,False
CRM003683,GT006128,USR002057,False,,False,False,False,False,False,False,False,False,False,False
CRM003684,GT004405,,False,,False,False,False,False,True,False,False,False,False,True
CRM003685,GT006859,USR002058,False,,False,False,False,False,False,False,False,False,False,False
CRM003686,GT009848,USR002059,False,,False,False,False,False,False,False,False,False,True,False
CRM003687,GT001892,,False,,False,False,False,False,False,False,False,False,False,True
CRM003688,GT008139,,False,,False,False,False,False,False,False,False,False,False,True
CRM003689,GT000791,USR002060,False,,False,False,False,False,False,False,False,False,False,False
CRM003690,GT000924,,False,,False,False,False,False,False,False,False,False,False,False
CRM003691,GT001416,USR002061,False,,False,True,False,False,False,False,False,False,False,False
CRM003692,GT001238,,False,,False,False,False,False,False,False,False,False,True,False
CRM003693,GT008433,,False,,False,False,False,False,False,False,False,False,False,False
CRM003694,GT006098,USR002062,False,,False,False,False,False,False,False,False,True,False,False
CRM003695,GT006619,,False,,True,False,False,True,False,False,False,False,False,False
CRM003696,GT000246,USR002063,False,,False,False,False,False,False,True,False,False,True,False
CRM003697,GT001038,,False,,False,False,False,False,False,False,False,False,False,False
CRM003698,GT006314,USR002064,False,,False,False,False,False,False,False,False,False,False,False
CRM003699,GT006820,USR002065,False,,False,False,False,False,False,False,False,False,True,False
CRM003700,GT006652,,False,,False,True,False,False,False,False,False,False,False,False
CRM003701,GT003731,USR002066,False,,False,False,False,False,False,False,False,False,False,False
CRM003702,GT008323,,False,,False,False,False,False,False,False,False,False,False,False
CRM003703,GT005181,,False,,False,False,False,False,False,False,True,False,False,False
CRM003704,GT004428,,False,,False,False,False,False,False,False,False,True,True,False
CRM003705,GT009591,,False,,False,False,False,False,False,False,False,False,False,False
CRM003706,GT001694,USR002067,False,,False,False,False,False,False,False,False,False,False,True
CRM003707,GT005404,USR002068,False,,False,False,False,False,False,False,False,False,False,False
CRM003708,GT008113,,False,,False,False,True,False,False,False,False,False,False,False
CRM003709,GT000144,USR002069,False,,False,True,False,False,False,False,False,False,False,False
CRM003710,GT007736,USR002070,False,,False,False,False,False,False,False,False,False,False,False
CRM003711,GT000056,USR002071,False,,False,False,False,False,False,False,False,False,False,False
CRM003712,GT008325,USR002072,False,,False,False,False,False,False,False,False,False,False,False
CRM003713,GT006351,USR002073,False,,False,False,False,False,False,False,False,False,True,False
CRM003714,GT001770,USR002074,False,,False,True,False,False,False,False,False,False,False,False
CRM003715,GT008074,USR002075,False,,False,False,False,False,False,False,False,False,False,True
CRM003716,GT000079,,False,,False,False,False,False,False,False,False,False,False,False
CRM003717,GT006461,,False,,False,False,False,False,False,False,False,False,False,False
CRM003718,GT003651,USR002076,False,,False,True,True,False,False,False,False,False,False,True
CRM003719,GT009276,USR002077,False,,False,False,False,False,False,True,False,False,False,False
CRM003720,GT001209,USR002078,False,,False,False,False,False,False,False,False,False,False,False
CRM003721,GT006562,USR002079,False,,False,False,False,False,False,False,False,False,False,False
CRM003722,GT003004,USR002080,False,,False,False,False,False,False,False,False,False,False,False
CRM003723,GT006373,,False,,False,False,False,False,False,False,False,False,False,False
CRM003724,GT002470,,False,,False,False,False,False,False,True,False,False,False,False
CRM003725,GT004343,,False,,False,False,False,False,False,False,False,False,False,False
CRM003726,GT008620,USR002081,False,,False,True,False,False,False,False,False,True,False,False
CRM003727,GT000715,,False,,False,False,False,False,False,False,False,True,True,True
CRM003728,GT007101,USR002082,False,,False,False,False,False,False,False,False,False,False,False
CRM003729,GT004748,USR002083,False,,False,False,False,False,False,False,False,False,False,False
CRM003730,GT002802,USR002084,False,,False,False,False,False,False,False,False,False,False,False
CRM003731,GT004058,USR002085,False,,False,False,False,False,False,False,False,False,False,True
CRM003732,GT003976,USR002086,False,,False,False,False,False,False,False,False,False,False,True
CRM003733,GT007646,,False,,False,True,False,False,False,False,False,False,False,False
CRM003734,GT007664,USR002087,False,,False,False,False,False,False,False,False,False,False,False
CRM003735,GT001729,,False,,False,False,True,False,False,False,False,False,True,False
CRM003736,GT009244,,False,,False,False,False,False,False,False,False,False,False,False
CRM003737,GT001295,,False,,False,True,False,False,False,False,False,False,False,False
CRM003738,GT008665,,False,,False,False,False,False,False,False,False,False,True,False
CRM003739,GT003328,USR002088,False,,False,False,False,False,False,False,False,False,True,False
CRM003740,GT008521,USR002089,False,,False,False,False,False,False,False,False,False,False,False
CRM003741,GT004378,USR002090,False,,False,False,False,False,True,False,False,False,False,False
CRM003742,GT007257,,False,,False,True,False,False,False,False,False,False,False,False
CRM003743,GT008770,,False,,False,False,False,False,False,False,False,False,False,False
CRM003744,GT000908,USR002091,False,,False,False,False,False,False,False,False,False,False,False
CRM003745,GT002379,,False,,False,False,False,False,False,False,True,False,False,False
CRM003746,GT009603,,False,,False,False,False,False,False,False,True,False,True,False
CRM003747,GT001307,USR002092,False,,False,False,False,False,False,False,False,False,True,False
CRM003748,GT005221,,False,,False,False,False,False,False,False,False,False,False,False
CRM003749,GT009320,USR002093,False,,False,False,False,False,False,False,False,False,False,False
CRM003750,GT005093,,False,,False,False,False,False,False,False,False,False,True,False
CRM003751,GT003892,,False,,False,False,False,False,False,False,False,False,True,False
CRM003752,GT008895,,False,,False,False,False,False,False,False,False,False,False,False
CRM003753,GT003945,USR002094,False,,False,False,False,False,False,False,False,False,False,False
CRM003754,GT005433,,False,,False,True,False,False,False,False,False,False,False,False
CRM003755,GT006009,,False,,False,False,False,False,False,False,False,False,False,False
CRM003756,GT006497,USR002095,False,,False,True,False,False,False,False,False,False,False,False
CRM003757,GT004028,,False,,False,False,False,False,False,False,False,False,False,False
CRM003758,GT004649,USR002096,False,,False,False,False,False,False,False,False,False,False,False
CRM003759,GT004979,USR002097,False,,False,True,False,True,True,False,False,False,False,False
CRM003760,GT006495,,False,,False,False,False,False,False,False,False,False,True,False
CRM003761,GT004308,USR002098,False,,False,False,False,False,False,False,False,False,False,False
CRM003762,GT003746,USR002099,False,,False,False,False,False,False,False,False,False,False,False
CRM003763,GT004820,,False,,False,False,False,False,False,False,False,False,True,False
CRM003764,GT001913,,False,,False,False,True,False,False,False,False,False,False,False
CRM003765,GT009493,,False,,False,False,False,False,False,False,False,False,False,True
CRM003766,GT007687,,False,,False,False,False,False,False,False,False,False,False,False
CRM003767,GT003965,USR002100,False,,False,False,False,False,False,False,False,False,False,False
CRM003768,GT005342,,False,,False,False,False,False,False,False,False,False,False,False
CRM003769,GT007066,USR002101,False,,False,False,False,False,False,False,False,True,False,False
CRM003770,GT002194,USR002102,False,,False,False,False,False,False,True,False,False,False,False
CRM003771,GT003916,USR002103,False,,False,False,False,False,False,False,False,False,False,False
CRM003772,GT002393,USR002104,False,,False,False,False,False,True,False,False,False,False,False
CRM003773,GT000598,,False,,False,False,False,False,False,False,False,False,False,False
CRM003774,GT006605,USR002105,False,,False,False,False,False,False,False,False,False,False,False
CRM003775,GT000279,,False,,False,False,False,False,False,False,True,False,False,False
CRM003776,GT006852,,False,,False,False,False,False,False,False,False,False,False,False
CRM003777,GT003800,USR002106,False,,False,False,False,False,False,False,False,True,False,False
CRM003778,GT008368,USR002107,False,,False,False,False,False,False,False,False,False,False,False
CRM003779,GT006822,USR002108,False,,True,False,False,False,False,False,False,False,False,False
CRM003780,GT009609,USR002109,False,,False,False,False,False,False,False,True,False,False,False
CRM003781,GT003983,USR002110,False,,False,False,False,False,False,False,False,False,True,False
CRM003782,GT000701,USR002111,False,,False,False,False,False,False,True,False,False,False,False
CRM003783,GT003775,USR002112,False,,False,False,False,False,False,False,False,False,False,False
CRM003784,GT009908,,False,,False,False,False,False,False,False,False,False,True,False
CRM003785,GT004909,,False,,False,False,False,True,False,False,False,False,False,False
CRM003786,GT008157,,False,,False,False,False,False,False,True,False,False,False,False
CRM003787,GT001596,,False,,False,True,False,False,False,False,False,False,False,False
CRM003788,GT008685,USR002113,False,,False,True,False,False,False,False,False,False,False,False
CRM003789,GT001957,,False,,False,False,False,False,False,True,False,False,False,False
CRM003790,GT002836,USR002114,False,,False,False,False,False,False,False,False,False,True,False
CRM003791,GT007807,USR002115,False,,False,False,False,False,True,False,False,False,False,False
CRM003792,GT006002,USR002116,False,,False,False,False,False,False,False,False,False,False,False
CRM003793,GT000698,,False,,False,False,False,False,False,False,False,False,False,True
CRM003794,GT007605,USR002117,False,,False,True,False,False,False,False,False,False,False,False
CRM003795,GT006285,USR002118,False,,False,False,False,False,False,False,False,False,False,True
CRM003796,GT004112,,False,,False,False,False,False,False,False,False,False,False,False
CRM003797,GT009469,USR002119,False,,False,False,False,False,False,False,False,False,False,False
CRM003798,GT003263,USR002120,False,,False,False,False,False,False,False,False,False,False,False
CRM003799,GT009948,USR002121,False,,False,True,False,False,False,False,False,False,False,False
CRM003800,GT006332,USR002122,False,,False,False,False,True,False,False,False,False,False,False
CRM003801,GT004370,,False,,False,False,False,False,False,False,False,False,False,False
CRM003802,GT003977,USR002123,False,,False,True,True,False,False,False,False,False,False,False
CRM003803,GT004982,,False,,False,False,False,False,False,False,False,False,False,False
CRM003804,GT006828,,False,,False,False,False,False,False,False,True,False,False,False
CRM003805,GT002038,,False,,False,False,True,False,False,False,False,False,False,False
CRM003806,GT004495,USR002124,False,,False,False,False,False,False,False,False,False,False,False
CRM003807,GT005551,,False,,False,False,False,False,False,False,False,False,False,False
CRM003808,GT008461,USR002125,False,,False,False,False,False,False,False,False,False,False,True
CRM003809,GT007566,USR002126,False,,False,False,False,False,False,False,False,False,False,False
CRM003810,GT007038,,False,,False,False,False,False,False,False,False,False,False,False
CRM003811,GT004485,USR002127,False,,False,False,False,False,False,False,False,False,False,False
CRM003812,GT005464,,False,,False,False,False,False,False,False,False,False,False,False
CRM003813,GT002255,USR002128,False,,True,False,False,False,False,False,False,False,True,False
CRM003814,GT004191,USR002129,False,,False,False,False,False,False,False,False,False,False,False
CRM003815,GT000148,USR002130,False,,False,False,False,False,False,False,True,False,False,False
CRM003816,GT005666,,False,,False,False,False,False,True,True,True,False,False,False
CRM003817,GT005358,,False,,False,True,False,False,False,False,False,False,False,False
CRM003818,GT006784,,False,,False,False,False,False,False,False,False,False,False,False
CRM003819,GT005400,USR002131,False,,False,False,False,False,False,False,False,False,True,False
CRM003820,GT008690,,False,,False,False,False,False,False,False,False,False,False,False
CRM003821,GT004533,USR002132,False,,False,False,False,False,False,False,False,False,False,False
CRM003822,GT000731,USR002133,False,,False,False,False,False,False,False,False,False,False,False
CRM003823,GT008702,USR002134,False,,False,False,False,False,False,False,False,False,True,False
CRM003824,GT004991,,False,,False,False,False,False,False,False,False,False,True,False
CRM003825,GT009034,USR002135,False,,False,False,False,False,False,False,False,False,False,False
CRM003826,GT002555,USR002136,False,,False,True,False,False,False,False,False,False,False,False
CRM003827,GT005001,USR002137,False,,False,False,False,False,False,False,False,False,False,False
CRM003828,GT009633,,False,,False,False,False,False,False,False,False,False,False,True
CRM003829,GT004864,,False,,False,False,False,False,False,False,False,False,False,True
CRM003830,GT003972,,False,,False,False,False,False,False,False,False,False,False,True
CRM003831,GT001303,USR002138,False,,False,False,False,False,False,False,False,False,False,False
CRM003832,GT002275,USR002139,False,,False,False,False,False,False,False,False,False,False,False
CRM003833,GT004138,,False,,False,False,False,False,False,False,False,False,False,False
CRM003834,GT005586,USR002140,False,,False,False,False,False,False,False,False,False,False,False
CRM003835,GT007227,,False,,False,False,False,False,False,False,False,False,False,False
CRM003836,GT002830,USR002141,False,,False,False,False,False,False,False,False,False,True,False
CRM003837,GT004782,USR002142,False,,False,False,False,False,False,False,False,False,False,False
CRM003838,GT005597,USR002143,False,,False,False,False,False,False,False,False,False,True,False
CRM003839,GT007391,USR002144,False,,False,False,False,False,False,False,False,False,False,False
CRM003840,GT003181,,False,,False,False,False,False,False,False,False,False,False,False
CRM003841,GT007388,USR002145,False,,False,False,False,False,False,False,False,False,False,False
CRM003842,GT000505,USR002146,False,,False,False,False,True,False,False,False,False,False,False
CRM003843,GT002242,USR002147,False,,False,False,False,False,False,False,False,False,True,False
CRM003844,GT008535,USR002148,False,,False,False,False,False,False,False,False,False,False,False
CRM003845,GT005294,,False,,False,True,False,False,False,False,False,False,False,True
CRM003846,GT001286,USR002149,False,,False,False,False,False,False,False,False,False,False,False
CRM003847,GT001499,USR002150,False,,False,False,True,False,False,False,False,False,False,False
CRM003848,GT004175,USR002151,False,,False,False,False,False,False,False,False,False,False,False
CRM003849,GT005377,,False,,False,False,False,True,False,True,False,False,False,False
CRM003850,GT005902,USR002152,False,,False,False,True,False,False,False,False,False,False,False
CRM003851,GT004285,USR002153,False,,False,True,True,False,False,False,False,False,False,False
CRM003852,GT007415,,False,,False,False,False,False,False,False,False,False,False,False
CRM003853,GT000514,USR002154,False,,False,False,True,False,False,False,False,False,True,False
CRM003854,GT003512,USR002155,False,,False,True,False,False,False,False,False,False,False,False
CRM003855,GT009150,USR002156,False,,False,False,True,False,False,False,False,False,False,False
CRM003856,GT007046,USR002157,False,,False,False,False,False,False,False,False,False,False,False
CRM003857,GT001567,USR002158,False,,False,False,False,False,False,False,False,False,True,False
CRM003858,GT007075,USR002159,False,,False,True,False,False,False,False,False,False,False,False
CRM003859,GT009472,USR002160,False,,False,False,False,False,False,False,False,False,False,False
CRM003860,GT007332,USR002161,False,,False,False,True,False,False,False,False,False,True,False
CRM003861,GT004578,USR002162,False,,False,False,False,False,False,False,False,False,False,True
CRM003862,GT000428,,False,,False,False,False,False,False,False,False,False,False,False
CRM003863,GT002721,USR002163,False,,False,False,False,False,False,False,False,False,False,True
CRM003864,GT008967,USR002164,False,,False,False,False,False,False,False,False,False,True,False
CRM003865,GT000571,,False,,False,False,False,False,False,False,False,False,False,False
CRM003866,GT000204,USR002165,False,,False,False,False,False,False,False,False,False,False,False
CRM003867,GT005497,USR002166,False,,False,True,False,False,False,False,False,False,False,True
CRM003868,GT008992,,False,,True,False,False,False,False,False,False,False,False,False
CRM003869,GT009070,,False,,False,False,False,False,False,False,True,False,False,False
CRM003870,GT009601,USR002167,False,,False,False,False,False,False,False,False,False,False,False
CRM003871,GT004967,,False,,False,True,False,False,False,False,False,False,False,False
CRM003872,GT000286,,False,,False,False,False,False,True,False,False,False,True,False
CRM003873,GT005580,USR002168,False,,False,False,False,False,False,False,False,False,False,False
CRM003874,GT003190,USR002169,False,,False,False,False,False,False,False,False,False,False,False
CRM003875,GT000114,USR002170,False,,False,False,False,False,False,False,False,False,False,False
CRM003876,GT008705,USR002171,False,,False,False,False,False,False,False,False,True,False,False
CRM003877,GT001829,,False,,False,False,False,False,False,True,False,False,False,False
CRM003878,GT001376,USR002172,False,,False,False,False,False,False,False,False,False,False,False
CRM003879,GT005314,USR002173,False,,False,False,False,False,True,False,False,False,False,False
CRM003880,GT007797,USR002174,False,,False,False,False,False,False,False,False,False,False,False
CRM003881,GT006963,,False,,False,False,False,False,False,False,False,False,False,False
CRM003882,GT009009,,False,,False,False,False,False,False,False,False,False,False,False
CRM003883,GT009562,,False,,False,False,False,False,False,False,True,False,False,True
CRM003884,GT001357,USR002175,False,,False,False,False,False,False,False,False,False,False,False
CRM003885,GT009160,USR002176,False,,False,False,False,False,False,False,False,False,True,False
CRM003886,GT002668,USR002177,False,,False,False,False,False,False,False,False,False,False,False
CRM003887,GT008295,,False,,False,False,False,False,False,False,False,False,False,False
CRM003888,GT007823,,False,,False,False,True,False,True,False,False,False,True,False
CRM003889,GT007810,USR002178,False,,False,False,False,False,False,False,False,False,False,True
CRM003890,GT009216,,False,,False,False,False,False,False,False,False,False,False,False
CRM003891,GT001403,,False,,False,True,False,False,False,False,False,False,False,False
CRM003892,GT001036,USR002179,False,,False,False,True,False,False,False,False,False,False,False
CRM003893,GT005746,,False,,False,False,False,False,False,False,True,False,True,False
CRM003894,GT007921,USR002180,False,,False,False,False,False,False,False,False,False,False,False
CRM003895,GT005039,,False,,False,False,False,False,False,False,False,False,False,False
CRM003896,GT009142,USR002181,False,,False,False,False,False,False,False,False,False,False,False
CRM003897,GT006853,USR002182,False,,False,False,False,False,False,False,False,False,False,False
CRM003898,GT000129,,False,,False,False,False,False,False,False,False,False,False,False
CRM003899,GT007789,USR002183,False,,False,False,False,False,False,False,False,False,False,False
CRM003900,GT002088,,False,,False,False,False,False,False,False,False,False,False,False
CRM003901,GT008324,USR002184,False,,False,False,False,False,False,False,False,False,True,False
CRM003902,GT007621,,False,,False,False,False,False,False,False,False,False,False,False
CRM003903,GT001420,USR002185,False,,False,False,False,False,True,False,False,False,True,False
CRM003904,GT003488,,False,,False,False,False,False,False,False,False,False,False,False
CRM003905,GT002938,USR002186,False,,False,False,False,False,False,False,False,False,False,False
CRM003906,GT002326,USR002187,False,,False,False,False,False,False,False,False,False,False,False
CRM003907,GT008261,,False,,False,False,False,False,False,False,False,False,True,True
CRM003908,GT003580,USR002188,False,,False,False,False,False,False,False,False,False,False,True
CRM003909,GT005738,,False,,False,False,False,True,False,False,False,False,False,False
CRM003910,GT008398,USR002189,False,,False,False,False,False,False,False,False,False,False,False
CRM003911,GT007000,USR002190,False,,False,True,True,False,False,False,False,False,False,True
CRM003912,GT001384,USR002191,False,,False,False,False,False,False,False,False,False,False,False
CRM003913,GT006309,,False,,False,False,False,False,False,False,False,False,False,False
CRM003914,GT004539,USR002192,False,,False,False,False,False,False,True,False,False,False,True
CRM003915,GT009452,USR002193,False,,False,False,False,False,False,False,True,False,False,True
CRM003916,GT000096,,False,,False,False,False,False,False,False,False,True,False,False
CRM003917,GT002186,USR002194,False,,False,False,False,False,False,False,False,False,True,False
CRM003918,GT008238,USR002195,False,,False,False,False,False,False,False,False,False,True,False
CRM003919,GT005852,,False,,False,False,False,False,False,False,False,False,False,False
CRM003920,GT007427,USR002196,False,,False,False,False,False,False,False,False,False,False,True
CRM003921,GT002535,USR002197,False,,False,True,False,False,False,True,False,False,False,False
CRM003922,GT007949,USR002198,False,,False,False,False,False,False,False,False,False,False,False
CRM003923,GT004164,,False,,False,False,False,False,False,False,False,False,False,False
CRM003924,GT000972,,False,,False,False,False,False,False,False,False,False,False,False
CRM003925,GT007762,USR002199,False,,False,False,False,False,False,False,False,False,False,False
CRM003926,GT008562,,False,,False,False,False,False,False,False,False,False,False,False
CRM003927,GT006056,USR002200,False,,False,False,False,False,False,False,False,False,False,False
CRM003928,GT004458,,False,,False,False,False,False,False,False,False,False,False,False
CRM003929,GT006177,USR002201,False,,False,False,False,False,False,False,False,False,False,False
CRM003930,GT000214,USR002202,False,,False,False,False,False,False,False,False,False,True,False
CRM003931,GT000369,USR002203,False,,False,False,False,False,False,False,False,False,False,False
CRM003932,GT000171,,False,,False,False,False,True,False,True,False,False,True,False
CRM003933,GT001988,,False,,True,False,False,False,False,False,False,False,False,False
CRM003934,GT002533,USR002204,False,,False,True,False,False,False,False,False,False,False,True
CRM003935,GT001511,USR002205,False,,False,False,False,False,True,False,False,False,False,True
CRM003936,GT004382,USR002206,False,,False,False,False,False,False,False,False,False,False,False
CRM003937,GT001550,,False,,False,False,False,False,False,False,False,False,False,False
CRM003938,GT009057,,False,,False,False,False,False,False,False,False,False,False,False
CRM003939,GT000182,USR002207,False,,False,False,False,False,False,False,False,False,False,False
CRM003940,GT003270,USR002208,False,,False,False,False,False,False,False,False,False,False,False
CRM003941,GT002872,,False,,False,False,False,False,False,False,False,False,True,False
CRM003942,GT008929,,False,,False,False,False,False,False,False,False,False,False,True
CRM003943,GT008754,,False,,False,False,False,False,False,False,False,False,False,False
CRM003944,GT006179,,False,,False,False,False,False,False,False,False,False,False,False
CRM003945,GT001382,,False,,False,False,False,False,False,False,False,False,False,False
CRM003946,GT004190,,False,,False,False,False,False,False,False,False,False,False,False
CRM003947,GT007146,,False,,False,False,False,False,False,False,False,False,False,False
CRM003948,GT005141,,False,,False,False,False,False,False,False,False,False,False,False
CRM003949,GT005550,,False,,False,False,False,False,False,False,False,False,False,False
CRM003950,GT001338,,False,,False,False,False,True,True,False,False,False,False,False
CRM003951,GT003990,,False,,False,False,True,False,False,False,False,False,True,False
CRM003952,GT000555,,False,,False,False,False,False,False,False,False,False,False,False
CRM003953,GT003837,,False,,False,False,False,False,False,False,False,False,False,True
CRM003954,GT005761,,False,,False,False,False,False,False,False,False,False,True,False
CRM003955,GT000510,,False,,False,False,False,False,False,False,False,False,True,True
CRM003956,GT006232,,False,,False,True,False,False,False,False,False,False,False,False
CRM003957,GT007357,,False,,False,False,False,False,False,False,True,False,False,True
CRM003958,GT007791,USR002209,False,,False,False,False,False,False,False,False,False,True,False
CRM003959,GT005279,,False,,False,True,False,False,True,False,False,False,False,False
CRM003960,GT002362,,False,,False,False,False,False,False,False,False,False,False,False
CRM003961,GT006580,USR002210,False,,False,False,False,False,False,False,False,False,False,False
CRM003962,GT003623,USR002211,False,,False,False,False,False,False,False,False,False,False,False
CRM003963,GT000037,,False,,True,False,True,False,False,False,False,False,False,False
CRM003964,GT002328,USR002212,False,,False,False,False,False,False,False,False,False,False,False
CRM003965,GT000140,USR002213,False,,False,False,False,False,False,False,False,False,False,False
CRM003966,GT009368,USR002214,False,,False,True,False,False,False,False,False,False,False,False
CRM003967,GT005025,USR002215,False,,False,False,False,False,False,False,False,False,False,False
CRM003968,GT003964,USR002216,False,,False,False,False,False,False,False,False,False,False,False
CRM003969,GT005041,USR002217,False,,False,False,False,False,False,False,False,False,True,True
CRM003970,GT005910,,False,,False,True,True,False,False,False,False,False,False,False
CRM003971,GT004011,USR002218,False,,False,False,False,False,False,False,False,False,False,False
CRM003972,GT007627,USR002219,False,,False,False,False,False,False,False,False,False,False,False
CRM003973,GT001426,,False,,False,False,False,False,False,False,False,False,False,False
CRM003974,GT004558,USR002220,False,,False,False,False,False,False,False,False,False,False,False
CRM003975,GT008682,,False,,False,False,False,False,False,False,False,True,False,False
CRM003976,GT008865,,False,,False,True,False,False,True,False,False,False,False,False
CRM003977,GT004040,,False,,False,False,False,False,False,False,False,False,False,False
CRM003978,GT007253,,False,,False,False,False,False,False,False,False,False,False,False
CRM003979,GT005724,,False,,False,False,False,False,False,False,False,False,False,False
CRM003980,GT001033,USR002221,False,,False,False,False,False,False,False,False,False,False,False
CRM003981,GT000401,USR002222,False,,False,False,False,False,False,False,False,False,False,False
CRM003982,GT008078,USR002223,False,,False,False,False,False,False,False,False,False,True,True
CRM003983,GT003114,,False,,False,False,False,True,False,True,False,False,False,False
CRM003984,GT007448,,False,,False,False,False,False,False,False,False,False,True,False
CRM003985,GT006368,,False,,False,False,False,False,False,False,False,False,True,False
CRM003986,GT000084,USR002224,False,,False,False,False,False,False,False,False,False,True,True
CRM003987,GT003354,USR002225,False,,False,True,False,False,False,False,False,False,False,False
CRM003988,GT002359,USR002226,False,,False,False,False,False,False,False,False,False,False,False
CRM003989,GT007706,USR002227,False,,False,False,False,False,True,False,False,False,False,False
CRM003990,GT001000,USR002228,False,,False,False,False,False,False,False,False,False,True,False
CRM003991,GT005208,USR002229,False,,False,False,False,False,False,False,False,False,False,False
CRM003992,GT005287,,False,,False,False,False,False,False,False,False,False,False,False
CRM003993,GT008852,,False,,False,False,False,False,False,False,False,False,False,False
CRM003994,GT004905,USR002230,False,,False,False,False,False,False,False,False,False,False,False
CRM003995,GT006256,USR002231,False,,False,False,False,False,False,False,False,False,False,False
CRM003996,GT006199,USR002232,False,,False,True,False,False,False,False,False,False,False,False
CRM003997,GT005962,,False,,False,False,False,False,False,False,False,False,False,False
CRM003998,GT000241,,False,,False,False,False,False,False,False,False,False,False,False
CRM003999,GT005828,USR002233,False,,False,False,False,False,False,False,False,False,False,True
CRM004000,GT005889,USR002234,False,,False,False,False,False,False,False,False,False,False,False
CRM004001,GT004802,USR002235,False,,False,False,False,False,False,True,False,False,False,False
CRM004002,GT009141,USR002236,False,,False,False,False,False,False,False,False,False,True,True
CRM004003,GT001037,,False,,False,False,False,False,False,False,False,False,False,False
CRM004004,GT008918,USR002237,False,,False,False,False,False,False,False,False,False,True,False
CRM004005,GT002222,USR002238,False,,False,False,False,False,False,False,False,False,False,False
CRM004006,GT003372,,False,,False,False,False,False,False,False,False,False,False,False
CRM004007,GT007594,USR002239,False,,False,False,False,False,False,False,False,False,False,False
CRM004008,GT001602,USR002240,False,,False,False,False,False,False,False,False,False,False,False
CRM004009,GT007629,USR002241,False,,False,False,False,False,False,False,False,False,False,False
CRM004010,GT000769,USR002242,False,,False,False,False,False,False,False,False,False,False,False
CRM004011,GT009972,USR002243,False,,False,False,False,True,False,False,False,False,False,False
CRM004012,GT006251,USR002244,False,,False,False,False,False,False,False,False,False,True,False
CRM004013,GT009494,USR002245,False,,False,False,False,False,False,False,False,False,True,False
CRM004014,GT002636,,False,,False,False,False,False,False,False,False,False,False,False
CRM004015,GT003584,,False,,False,False,False,False,False,False,False,False,False,False
CRM004016,GT003722,USR002246,False,,False,False,False,False,False,False,False,False,False,False
CRM004017,GT002014,USR002247,False,,False,False,False,False,False,True,False,False,False,False
CRM004018,GT007883,USR002248,False,,False,True,False,False,False,False,False,False,False,False
CRM004019,GT002787,USR002249,False,,False,False,False,False,False,True,False,False,True,False
CRM004020,GT009236,,False,,False,False,False,False,False,False,False,False,True,False
CRM004021,GT007820,USR002250,False,,False,False,False,False,False,False,False,False,False,False
CRM004022,GT002478,USR002251,False,,False,False,False,False,False,False,False,False,False,False
CRM004023,GT000229,USR002252,False,,False,False,False,False,False,False,False,False,False,False
CRM004024,GT009773,USR002253,False,,False,False,False,False,False,False,False,False,True,False
CRM004025,GT001902,USR002254,False,,False,False,True,False,False,False,False,False,False,False
CRM004026,GT009575,,False,,False,False,False,False,False,False,False,False,False,False
CRM004027,GT009646,,False,,False,False,True,False,False,False,False,False,False,False
CRM004028,GT003563,USR002255,False,,False,False,True,False,False,False,False,False,True,False
CRM004029,GT008066,,False,,False,False,False,False,True,False,False,False,False,False
CRM004030,GT008554,USR002256,False,,False,False,False,False,False,False,False,False,False,False
CRM004031,GT003598,USR002257,False,,False,False,False,False,False,False,False,False,False,False
CRM004032,GT006786,USR002258,False,,False,False,False,False,False,False,False,False,True,False
CRM004033,GT001071,USR002259,False,,False,False,False,False,False,False,False,False,False,False
CRM004034,GT000143,USR002260,False,,False,False,False,False,False,False,False,False,False,False
CRM004035,GT004281,USR002261,False,,False,False,False,False,False,False,False,False,True,False
CRM004036,GT002788,USR002262,False,,False,False,False,False,False,True,False,False,False,False
CRM004037,GT007924,,False,,False,False,False,False,False,False,False,False,False,False
CRM004038,GT006958,,False,,False,False,False,False,False,False,False,False,False,False
CRM004039,GT004083,,False,,False,False,False,False,False,False,False,False,False,False
CRM004040,GT002370,,False,,False,False,True,False,False,False,False,False,False,False
CRM004041,GT001775,USR002263,False,,False,True,False,False,False,False,True,False,False,False
CRM004042,GT003470,,False,,False,False,False,False,False,False,False,False,False,False
CRM004043,GT004669,,False,,False,False,False,True,False,False,False,False,False,False
CRM004044,GT001177,,False,,False,False,False,False,False,False,False,False,False,False
CRM004045,GT004180,,False,,False,False,False,False,False,False,False,False,False,False
CRM004046,GT001041,USR002264,False,,False,True,False,False,False,False,False,False,False,False
CRM004047,GT000492,,False,,False,False,False,False,False,False,False,False,True,False
CRM004048,GT001509,,False,,False,False,False,False,False,False,False,False,False,False
CRM004049,GT002144,USR002265,False,,False,False,False,False,False,False,False,False,False,False
CRM004050,GT005053,,False,,False,False,False,False,False,False,False,False,False,False
CRM004051,GT008662,,False,,False,False,False,False,False,True,False,False,True,False
CRM004052,GT002782,,False,,False,False,False,False,False,False,False,False,False,False
CRM004053,GT007191,USR002266,False,,False,False,False,False,False,False,False,False,False,False
CRM004054,GT007990,USR002267,False,,False,False,False,False,False,False,False,False,False,False
CRM004055,GT001004,,False,,False,False,False,False,False,False,False,False,False,False
CRM004056,GT008584,,False,,False,False,False,False,False,False,False,False,False,False
CRM004057,GT004038,USR002268,False,,False,False,False,False,False,False,False,False,False,False
CRM004058,GT002868,USR002269,False,,False,False,False,False,False,False,False,False,False,False
CRM004059,GT009382,USR002270,False,,False,False,False,False,False,False,False,False,False,False
CRM004060,GT002645,,False,,False,False,False,False,False,False,False,False,False,False
CRM004061,GT004404,,False,,False,False,False,False,False,False,False,False,True,False
CRM004062,GT000238,USR002271,False,,False,False,False,False,False,False,False,False,False,False
CRM004063,GT003234,,False,,False,False,False,False,False,False,False,False,True,False
CRM004064,GT005471,,False,,False,False,False,False,False,False,False,False,False,False
CRM004065,GT008080,USR002272,False,,False,False,False,False,False,False,False,False,False,False
CRM004066,GT007225,,False,,False,False,False,False,False,False,False,False,False,False
CRM004067,GT006578,,False,,False,False,False,False,True,False,False,False,True,False
CRM004068,GT003153,USR002273,False,,False,False,False,False,False,False,False,False,False,False
CRM004069,GT005197,,False,,False,False,False,False,False,False,False,False,False,True
CRM004070,GT000565,,False,,False,False,False,False,False,False,False,False,False,False
CRM004071,GT005009,,False,,False,False,False,False,False,False,False,False,False,False
CRM004072,GT002815,,False,,False,False,False,False,False,False,False,False,False,True
CRM004073,GT008345,USR002274,False,,False,False,False,False,False,False,False,False,False,False
CRM004074,GT006992,,False,,False,False,False,False,False,False,False,False,True,False
CRM004075,GT007256,,False,,False,False,False,False,False,False,False,False,False,False
CRM004076,GT005153,,False,,False,False,False,False,False,False,False,False,False,False
CRM004077,GT007875,USR002275,False,,False,False,False,False,False,False,False,False,True,False
CRM004078,GT008557,USR002276,False,,False,True,False,False,False,True,False,False,False,False
CRM004079,GT007128,,False,,False,False,False,False,False,False,False,False,False,False
CRM004080,GT008334,,False,,False,False,False,False,False,False,False,False,False,False
CRM004081,GT008568,,False,,False,False,False,False,True,False,False,False,False,False
CRM004082,GT005268,,False,,False,False,False,False,False,False,False,False,True,False
CRM004083,GT005890,,False,,False,False,False,False,False,False,False,False,False,False
CRM004084,GT000200,USR002277,False,,False,False,False,False,False,False,False,True,False,False
CRM004085,GT006103,USR002278,False,,False,False,False,False,False,False,False,False,False,False
CRM004086,GT000851,,False,,False,False,False,False,False,False,False,False,False,False
CRM004087,GT001540,USR002279,False,,False,False,False,False,False,False,False,False,False,False
CRM004088,GT001241,USR002280,False,,False,False,False,False,False,False,False,False,False,False
CRM004089,GT001536,,False,,False,False,False,False,False,False,False,False,False,False
CRM004090,GT006289,USR002281,False,,False,False,False,False,False,False,False,False,False,False
CRM004091,GT009211,USR002282,False,,False,False,True,False,False,False,False,False,False,False
CRM004092,GT005229,,False,,False,False,False,False,False,False,False,False,False,False
CRM004093,GT000971,USR002283,False,,False,False,False,False,False,False,False,False,False,False
CRM004094,GT006057,,False,,False,False,False,False,False,False,False,False,False,False
CRM004095,GT001016,USR002284,False,,False,False,False,False,False,False,False,False,True,False
CRM004096,GT006486,,False,,False,False,False,False,False,False,False,False,False,True
CRM004097,GT006192,USR002285,False,,False,False,False,False,False,False,False,False,False,False
CRM004098,GT005150,,False,,False,False,False,False,False,False,False,False,False,False
CRM004099,GT007916,USR002286,False,,False,False,False,False,False,False,False,False,True,True
CRM004100,GT006463,,False,,False,False,False,False,False,False,False,False,False,False
CRM004101,GT007377,USR002287,False,,False,False,False,False,False,True,False,False,False,False
CRM004102,GT006027,,False,,False,False,False,False,False,False,False,False,False,True
CRM004103,GT002508,USR002288,False,,False,False,False,False,False,False,False,False,False,False
CRM004104,GT001337,USR002289,False,,False,False,False,False,True,False,False,False,False,False
CRM004105,GT001263,USR002290,False,,False,False,False,False,False,False,False,False,False,False
CRM004106,GT001860,,False,,False,False,False,True,False,False,False,False,False,False
CRM004107,GT005892,USR002291,False,,False,False,False,False,False,False,False,False,False,False
CRM004108,GT003221,USR002292,False,,False,False,False,False,False,False,False,False,False,False
CRM004109,GT001946,USR002293,False,,False,True,False,False,False,False,False,False,False,False
CRM004110,GT001086,USR002294,False,,False,False,False,False,False,False,False,False,False,False
CRM004111,GT000967,,False,,False,False,False,False,False,False,False,False,False,False
CRM004112,GT005785,USR002295,False,,False,False,False,False,False,True,False,False,False,False
CRM004113,GT008110,USR002296,False,,False,False,False,False,False,False,False,False,True,False
CRM004114,GT005701,,False,,False,False,False,False,False,False,False,False,True,False
CRM004115,GT007838,USR002297,False,,False,False,False,False,False,False,False,False,False,True
CRM004116,GT008175,USR002298,False,,False,False,False,False,False,False,False,False,False,False
CRM004117,GT009447,,False,,False,False,False,False,False,False,False,False,False,False
CRM004118,GT009201,,False,,False,False,False,False,False,False,False,False,False,False
CRM004119,GT009708,USR002299,False,,False,True,False,False,True,False,False,False,False,False
CRM004120,GT004470,USR002300,False,,True,False,False,False,False,False,False,False,True,False
CRM004121,GT008221,,False,,False,False,False,False,False,False,False,False,False,False
CRM004122,GT007378,,False,,False,False,False,False,False,False,False,False,False,False
CRM004123,GT007238,USR002301,False,,False,False,False,False,False,False,False,False,False,False
CRM004124,GT002806,,False,,False,False,False,False,False,False,False,False,False,False
CRM004125,GT009979,USR002302,False,,False,False,False,False,False,False,False,False,False,True
CRM004126,GT003684,USR002303,False,,False,False,False,True,False,True,False,False,False,False
CRM004127,GT001473,,False,,False,False,False,False,False,False,False,False,False,True
CRM004128,GT009935,USR002304,False,,False,True,False,True,False,True,False,False,False,False
CRM004129,GT009064,USR002305,False,,False,False,False,True,False,False,False,False,False,False
CRM004130,GT006432,USR002306,False,,False,True,False,False,False,False,False,False,False,False
CRM004131,GT002599,,False,,False,True,False,False,False,False,False,False,False,False
CRM004132,GT006942,USR002307,False,,False,False,False,False,False,False,False,False,False,False
CRM004133,GT007289,,False,,False,False,False,False,False,False,False,False,False,False
CRM004134,GT001220,,False,,False,False,False,False,False,True,False,False,False,False
CRM004135,GT002753,USR002308,False,,False,False,False,False,False,False,False,False,False,False
CRM004136,GT006148,USR002309,False,,False,False,False,False,False,False,False,False,False,False
CRM004137,GT003010,USR002310,False,,False,False,False,False,False,False,False,False,False,False
CRM004138,GT003308,,False,,False,True,False,True,False,False,False,False,False,False
CRM004139,GT008710,USR002311,False,,False,False,False,False,False,False,False,False,False,True
CRM004140,GT007003,USR002312,False,,False,False,False,False,False,False,False,False,True,False
CRM004141,GT003769,USR002313,False,,False,False,False,False,False,False,False,False,False,False
CRM004142,GT008591,,False,,False,False,False,False,False,False,False,False,False,False
CRM004143,GT006669,,False,,False,False,False,False,False,True,False,False,False,False
CRM004144,GT005386,,False,,False,False,False,False,False,False,False,False,False,False
CRM004145,GT007053,USR002314,False,,False,False,False,False,False,False,False,False,False,True
CRM004146,GT000724,USR002315,False,,False,False,False,False,False,False,False,False,False,False
CRM004147,GT001773,USR002316,False,,False,False,False,False,False,False,False,False,False,False
CRM004148,GT000588,,False,,False,False,False,False,False,False,False,False,False,False
CRM004149,GT007726,,False,,False,False,False,False,False,False,True,False,False,True
CRM004150,GT004295,,False,,False,False,False,False,False,False,False,False,False,False
CRM004151,GT003427,,False,,False,False,False,False,False,False,False,False,False,False
CRM004152,GT002505,,False,,False,False,False,False,True,False,False,False,False,False
CRM004153,GT000197,USR002317,False,,False,False,False,False,False,False,False,False,False,False
CRM004154,GT006202,USR002318,False,,False,True,False,False,False,False,False,False,False,False
CRM004155,GT001639,USR002319,False,,False,False,False,False,False,False,False,False,False,False
CRM004156,GT007200,USR002320,False,,False,False,False,False,False,False,False,False,False,False
CRM004157,GT003525,USR002321,False,,False,False,False,False,False,False,False,False,False,False
CRM004158,GT000276,,False,,False,False,False,False,False,False,False,False,False,True
CRM004159,GT005818,USR002322,False,,False,True,False,False,False,False,False,False,False,False
CRM004160,GT001700,,False,,False,False,False,False,False,True,False,False,False,False
CRM004161,GT005974,USR002323,False,,False,False,False,False,False,False,False,False,False,False
CRM004162,GT003845,USR002324,False,,False,False,False,False,False,False,False,False,False,False
CRM004163,GT008604,USR002325,False,,False,False,False,False,False,False,True,False,True,False
CRM004164,GT007552,,False,,False,False,False,False,True,False,False,False,False,False
CRM004165,GT003686,USR002326,False,,False,True,False,False,False,False,False,False,False,True
CRM004166,GT003465,,False,,False,False,False,False,False,False,False,False,False,False
CRM004167,GT005435,,False,,False,False,False,False,False,False,False,False,False,False
CRM004168,GT008225,USR002327,False,,False,False,False,False,False,False,False,False,False,False
CRM004169,GT004362,,False,,False,False,False,False,False,False,False,False,False,False
CRM004170,GT007772,USR002328,False,,False,False,False,False,False,False,False,False,True,False
CRM004171,GT004222,USR002329,False,,False,False,False,False,False,False,False,False,True,False
CRM004172,GT006074,,False,,True,True,False,False,False,False,False,False,False,False
CRM004173,GT000750,USR002330,False,,False,False,False,False,False,True,False,False,False,True
CRM004174,GT008664,USR002331,False,,False,False,False,False,False,False,False,False,False,False
CRM004175,GT002289,USR002332,False,,False,False,False,True,False,False,False,False,False,False
CRM004176,GT009369,,False,,False,False,False,False,False,False,False,False,False,False
CRM004177,GT005842,USR002333,False,,False,False,False,False,False,False,False,False,False,False
CRM004178,GT008152,,False,,False,False,False,False,False,False,False,False,False,False
CRM004179,GT002894,,False,,False,False,False,False,False,False,False,False,False,False
CRM004180,GT007679,,False,,False,False,False,False,False,False,False,False,False,True
CRM004181,GT005685,,False,,False,False,False,False,False,False,False,False,False,False
CRM004182,GT008996,USR002334,False,,False,False,False,False,False,False,False,False,False,False
CRM004183,GT000111,,False,,False,False,False,False,False,False,False,False,True,False
CRM004184,GT001329,USR002335,False,,False,False,False,False,False,False,True,False,False,False
CRM004185,GT006926,,False,,False,False,False,False,False,True,False,False,False,False
CRM004186,GT007545,,False,,False,False,False,False,True,False,False,False,False,True
CRM004187,GT001173,USR002336,False,,False,False,False,False,False,False,False,False,False,False
CRM004188,GT005824,,False,,False,False,False,False,False,False,False,False,True,False
CRM004189,GT001026,,False,,False,False,False,False,False,False,False,False,False,False
CRM004190,GT008270,,False,,False,True,False,False,False,False,False,False,False,False
CRM004191,GT003532,USR002337,False,,False,False,False,False,False,False,False,False,False,False
CRM004192,GT007636,USR002338,False,,False,False,False,False,False,False,False,False,True,False
CRM004193,GT001763,USR002339,False,,False,False,False,False,False,False,False,False,False,False
CRM004194,GT000719,USR002340,False,,False,False,True,False,False,False,False,False,True,False
CRM004195,GT002554,USR002341,False,,False,False,False,False,False,False,False,False,False,False
CRM004196,GT008599,USR002342,False,,False,False,False,False,False,False,True,False,True,True
CRM004197,GT003223,USR002343,False,,False,False,False,False,False,False,False,False,True,False
CRM004198,GT007660,,False,,False,False,False,False,False,False,False,False,False,False
CRM004199,GT001541,,False,,False,False,False,False,False,False,False,False,True,False
CRM004200,GT007704,,False,,False,False,False,False,False,False,False,False,False,True
CRM004201,GT006502,,False,,False,False,False,False,False,False,False,False,False,False
CRM004202,GT002267,USR002344,False,,False,False,False,False,False,False,False,False,False,False
CRM004203,GT000500,,False,,True,False,False,False,False,False,False,False,True,False
CRM004204,GT006135,USR002345,False,,False,False,False,False,False,False,False,False,False,True
CRM004205,GT007351,USR002346,False,,False,True,False,False,True,False,False,False,False,False
CRM004206,GT006121,USR002347,False,,False,True,False,False,False,False,False,False,False,False
CRM004207,GT007754,,False,,False,False,False,False,False,False,False,False,False,False
CRM004208,GT000759,USR002348,False,,True,False,False,False,False,False,True,False,False,False
CRM004209,GT008367,USR002349,False,,False,False,False,False,False,False,False,False,False,False
CRM004210,GT009036,,False,,False,False,False,False,False,False,False,False,False,False
CRM004211,GT008876,USR002350,False,,False,False,False,False,False,False,False,False,False,False
CRM004212,GT009286,,False,,False,False,False,False,False,False,True,False,False,False
CRM004213,GT004622,USR002351,False,,False,False,False,False,False,False,False,False,False,False
CRM004214,GT009526,USR002352,False,,False,False,False,False,False,False,False,False,False,False
CRM004215,GT004564,,False,,False,False,False,False,False,False,False,False,False,False
CRM004216,GT007024,,False,,False,False,False,False,False,False,False,False,False,False
CRM004217,GT004502,,False,,False,False,False,False,True,False,False,False,True,False
CRM004218,GT002639,,False,,False,False,False,False,False,False,False,False,False,False
CRM004219,GT002924,USR002353,False,,False,False,False,False,False,False,False,False,False,False
CRM004220,GT003226,USR002354,False,,False,False,False,False,False,False,False,False,False,True
CRM004221,GT007172,,False,,False,False,False,False,False,False,True,False,False,False
CRM004222,GT009061,,False,,False,False,False,False,False,False,False,False,False,False
CRM004223,GT004060,USR002355,False,,False,False,False,False,False,True,False,False,True,True
CRM004224,GT004638,USR002356,False,,False,False,True,False,False,False,False,False,False,False
CRM004225,GT002637,,False,,False,True,False,False,False,False,False,False,False,False
CRM004226,GT007305,USR002357,False,,False,False,False,False,False,False,False,False,False,False
CRM004227,GT005077,,False,,False,False,False,False,False,False,False,False,False,False
CRM004228,GT002902,USR002358,False,,False,False,True,False,False,False,False,False,False,False
CRM004229,GT008107,,False,,False,False,False,False,False,False,False,False,False,False
CRM004230,GT004042,USR002359,False,,False,False,False,False,False,False,False,False,False,False
CRM004231,GT001153,USR002360,False,,False,False,False,False,False,False,False,False,False,True
CRM004232,GT002203,USR002361,False,,False,False,False,False,False,False,False,False,False,False
CRM004233,GT009577,USR002362,False,,False,False,False,False,False,False,False,False,False,False
CRM004234,GT003390,USR002363,False,,False,False,False,False,False,False,False,False,False,False
CRM004235,GT007901,USR002364,False,,False,False,False,False,False,False,False,False,False,False
CRM004236,GT008950,,False,,False,False,False,True,False,False,False,False,True,False
CRM004237,GT002955,,False,,False,True,False,False,False,False,False,False,False,False
CRM004238,GT009825,,False,,False,False,False,False,False,False,False,False,True,True
CRM004239,GT000836,USR002365,False,,False,False,False,False,False,False,False,False,False,False
CRM004240,GT002901,,False,,False,False,False,False,False,False,False,False,False,True
CRM004241,GT004156,USR002366,False,,False,True,False,False,True,False,False,False,False,False
CRM004242,GT005432,USR002367,False,,False,False,True,False,False,False,True,False,False,True
CRM004243,GT006491,,False,,False,False,False,False,False,False,False,False,False,False
CRM004244,GT000546,,False,,False,False,False,False,False,False,False,False,False,False
CRM004245,GT003194,,False,,False,False,False,False,False,False,False,False,True,False
CRM004246,GT006001,USR002368,False,,False,False,False,False,True,False,False,False,False,False
CRM004247,GT006032,USR002369,False,,False,False,False,True,False,False,False,False,False,False
CRM004248,GT005715,USR002370,False,,False,False,False,False,False,False,False,False,True,False
CRM004249,GT005162,USR002371,False,,True,False,False,False,False,False,False,False,True,True
CRM004250,GT001592,,False,,False,False,False,False,False,True,False,False,True,False
CRM004251,GT007751,,False,,False,False,False,False,False,False,False,False,False,False
CRM004252,GT005856,USR002372,False,,False,False,False,False,False,False,False,False,False,False
CRM004253,GT005634,,False,,False,True,False,False,False,False,False,False,False,False
CRM004254,GT005857,,False,,False,False,False,False,False,False,True,False,False,True
CRM004255,GT006249,USR002373,False,,False,False,False,False,False,False,False,False,False,False
CRM004256,GT009101,,False,,False,False,True,False,False,False,False,True,False,False
CRM004257,GT004316,USR002374,False,,False,False,False,False,False,False,False,False,False,False
CRM004258,GT006255,USR002375,False,,False,False,False,False,False,False,False,False,False,False
CRM004259,GT001708,,False,,False,False,False,False,False,False,False,False,False,False
CRM004260,GT005020,USR002376,False,,False,False,False,False,False,False,False,False,True,False
CRM004261,GT008771,USR002377,False,,False,False,False,False,True,False,False,False,False,False
CRM004262,GT005406,USR002378,False,,False,False,False,True,False,False,False,False,False,False
CRM004263,GT008649,USR002379,False,,False,True,False,False,False,False,False,False,False,False
CRM004264,GT005778,,False,,False,False,False,False,False,False,False,False,False,False
CRM004265,GT007708,,False,,False,False,False,False,False,False,False,False,False,False
CRM004266,GT004876,USR002380,False,,False,False,False,False,False,False,False,False,False,False
CRM004267,GT003085,USR002381,False,,False,False,False,False,False,False,False,False,False,False
CRM004268,GT004307,,False,,False,False,False,True,False,False,False,False,False,False
CRM004269,GT000983,USR002382,False,,False,True,False,False,False,False,False,False,False,False
CRM004270,GT004651,USR002383,False,,False,False,False,False,False,False,False,False,False,False
CRM004271,GT003042,,False,,False,False,False,False,False,False,False,False,False,False
CRM004272,GT008467,USR002384,False,,False,False,False,False,False,False,False,False,False,True
CRM004273,GT002723,USR002385,False,,False,False,False,False,False,False,False,False,False,False
CRM004274,GT001217,,False,,False,True,False,False,False,False,False,False,False,False
CRM004275,GT007119,,False,,False,False,False,False,False,False,False,False,False,False
CRM004276,GT000946,USR002386,False,,False,False,False,False,False,False,False,False,False,True
CRM004277,GT000897,USR002387,False,,False,False,False,False,False,False,False,False,True,False
CRM004278,GT001929,USR002388,False,,False,False,False,False,True,False,False,False,False,False
CRM004279,GT007266,,False,,False,False,False,False,False,False,False,False,False,False
CRM004280,GT001370,,False,,False,False,True,False,False,False,False,False,True,True
CRM004281,GT000091,USR002389,False,,False,False,False,False,False,False,False,False,True,False
CRM004282,GT001905,,False,,False,False,False,False,False,False,False,False,False,False
CRM004283,GT007900,USR002390,False,,False,False,False,False,False,False,False,False,False,False
CRM004284,GT001247,USR002391,False,,False,False,False,False,False,False,False,False,False,False
CRM004285,GT005900,USR002392,False,,False,False,True,False,False,False,False,False,True,False
CRM004286,GT001985,,False,,False,False,False,False,False,False,False,False,True,False
CRM004287,GT006795,,False,,False,False,False,False,False,False,False,False,False,False
CRM004288,GT009580,USR002393,False,,False,False,False,True,False,False,False,False,True,False
CRM004289,GT001539,,False,,False,False,False,False,False,False,False,False,False,True
CRM004290,GT005708,USR002394,False,,False,False,False,False,False,False,False,False,False,False
CRM004291,GT006042,,False,,False,False,False,False,False,False,False,False,False,False
CRM004292,GT004139,USR002395,False,,False,False,False,False,False,False,False,False,False,False
CRM004293,GT006911,USR002396,False,,False,False,False,False,False,False,False,False,False,False
CRM004294,GT006971,,False,,False,False,False,False,False,True,False,False,False,False
CRM004295,GT001221,USR002397,False,,False,False,False,False,False,False,False,False,False,False
CRM004296,GT009611,,False,,False,False,False,False,False,False,False,False,True,False
CRM004297,GT008634,USR002398,False,,False,False,False,False,False,False,False,False,False,False
CRM004298,GT007308,USR002399,False,,False,False,False,False,False,False,False,False,False,False
CRM004299,GT002457,USR002400,False,,False,False,False,False,False,False,False,False,False,False
CRM004300,GT000722,USR002401,False,,True,False,False,False,False,False,False,False,False,False
CRM004301,GT006725,,False,,False,True,False,False,False,False,False,False,False,False
CRM004302,GT006707,USR002402,False,,False,False,False,False,False,False,False,False,False,False
CRM004303,GT007047,USR002403,False,,False,True,False,False,False,False,False,False,False,False
CRM004304,GT002241,USR002404,False,,False,True,False,False,False,False,False,False,False,False
CRM004305,GT001425,USR002405,False,,False,False,False,False,False,False,False,False,False,False
CRM004306,GT000608,,False,,False,False,True,False,False,False,False,False,False,False
CRM004307,GT008651,USR002406,False,,False,False,False,False,False,False,False,False,True,True
CRM004308,GT002808,USR002407,False,,False,False,False,False,False,True,True,False,True,False
CRM004309,GT000209,,False,,False,False,False,False,False,False,False,False,False,False
CRM004310,GT000586,USR002408,False,,False,False,False,False,False,False,False,False,False,False
CRM004311,GT009388,,False,,False,False,False,False,False,False,False,False,False,False
CRM004312,GT005477,USR002409,False,,False,False,False,False,False,False,False,False,False,False
CRM004313,GT002024,,False,,False,False,False,False,False,False,False,False,False,False
CRM004314,GT007326,USR002410,False,,False,False,False,False,False,False,False,False,False,False
CRM004315,GT004681,,False,,False,False,False,False,False,False,False,False,True,True
CRM004316,GT009287,USR002411,False,,False,False,False,False,False,False,False,False,False,False
CRM004317,GT008127,,False,,False,False,False,False,False,False,False,False,False,False
CRM004318,GT008201,,False,,False,False,False,False,False,False,True,False,True,False
CRM004319,GT001878,,False,,False,False,False,False,True,False,False,False,False,False
CRM004320,GT002048,USR002412,False,,False,False,False,False,False,False,False,False,True,True
CRM004321,GT007779,USR002413,False,,False,False,False,False,False,False,False,False,False,False
CRM004322,GT003776,USR002414,False,,False,False,False,False,False,False,False,False,False,True
CRM004323,GT009839,USR002415,False,,False,False,False,False,False,False,False,False,False,False
CRM004324,GT000705,,False,,True,False,False,False,False,False,False,False,False,False
CRM004325,GT001883,,False,,False,False,False,False,False,False,False,False,False,False
CRM004326,GT003968,USR002416,False,,False,False,False,False,False,False,False,False,False,False
CRM004327,GT001477,,False,,False,False,False,False,False,False,False,False,False,False
CRM004328,GT005419,,False,,False,False,False,False,False,False,False,False,False,False
CRM004329,GT002718,,False,,False,False,False,False,False,False,False,False,False,True
CRM004330,GT007716,,False,,False,False,False,False,False,False,False,False,False,False
CRM004331,GT009977,USR002417,False,,False,False,False,False,False,False,False,False,False,False
CRM004332,GT003811,USR002418,False,,False,True,False,False,False,False,False,False,False,False
CRM004333,GT008009,USR002419,False,,False,False,False,False,False,False,False,False,False,True
CRM004334,GT005112,USR002420,False,,False,False,False,False,False,False,False,False,False,False
CRM004335,GT007608,,False,,False,False,False,False,False,True,True,False,True,False
CRM004336,GT004644,USR002421,False,,False,False,False,False,True,False,False,False,False,False
CRM004337,GT002288,,False,,False,False,False,False,False,False,False,False,False,False
CRM004338,GT009175,USR002422,False,,False,False,False,False,False,False,False,False,True,False
CRM004339,GT007100,USR002423,False,,False,False,False,False,False,False,False,False,False,False
CRM004340,GT001767,USR002424,False,,False,False,False,False,False,False,False,False,False,False
CRM004341,GT009978,,False,,False,False,True,False,False,True,False,False,False,False
CRM004342,GT005385,,False,,False,False,False,False,False,False,False,False,False,False
CRM004343,GT002852,USR002425,False,,False,False,False,False,False,False,True,False,True,False
CRM004344,GT004584,USR002426,False,,False,False,False,False,False,False,False,False,False,False
CRM004345,GT004627,USR002427,False,,False,False,False,False,False,False,False,False,False,False
CRM004346,GT007575,,False,,False,False,False,False,False,False,False,False,False,False
CRM004347,GT009716,,False,,False,False,False,False,False,False,False,False,False,False
CRM004348,GT000133,,False,,False,False,False,False,False,False,False,False,False,False
CRM004349,GT003251,,False,,False,False,False,False,True,False,False,False,False,False
CRM004350,GT004716,USR002428,False,,False,True,False,False,False,False,False,False,False,False
CRM004351,GT009663,,False,,False,False,False,False,False,False,False,False,False,False
CRM004352,GT009397,,False,,False,False,False,False,False,False,True,False,False,True
CRM004353,GT001090,,False,,False,False,False,False,False,False,False,False,False,False
CRM004354,GT007235,,False,,False,False,False,False,False,False,False,False,False,False
CRM004355,GT007474,USR002429,False,,False,False,False,False,False,False,False,False,False,False
CRM004356,GT008703,,False,,False,False,False,False,False,True,False,False,False,False
CRM004357,GT006764,USR002430,False,,False,False,False,False,False,False,False,False,False,False
CRM004358,GT001777,,False,,False,False,False,False,False,False,False,False,False,False
CRM004359,GT003994,,False,,False,False,False,False,False,False,False,False,False,False
CRM004360,GT000504,,False,,False,False,False,False,False,False,False,False,False,False
CRM004361,GT007606,,False,,True,False,False,False,False,False,False,False,False,False
CRM004362,GT002525,USR002431,False,,False,False,True,False,False,False,False,False,False,True
CRM004363,GT006262,,False,,False,False,False,False,False,False,False,False,False,False
CRM004364,GT006101,USR002432,False,,False,False,False,False,False,False,False,False,False,False
CRM004365,GT003193,USR002433,False,,False,False,False,False,True,False,False,False,False,False
CRM004366,GT004259,USR002434,False,,False,False,False,False,False,False,False,False,False,False
CRM004367,GT000604,USR002435,False,,False,False,False,False,False,False,False,False,False,False
CRM004368,GT003847,,False,,False,False,False,False,False,False,False,False,False,True
CRM004369,GT009694,,False,,False,False,False,False,False,False,False,False,False,False
CRM004370,GT009659,USR002436,False,,False,False,False,False,False,False,False,False,False,True
CRM004371,GT002380,USR002437,False,,False,False,False,False,True,False,False,False,False,False
CRM004372,GT003039,USR002438,False,,False,False,False,False,False,False,False,False,False,False
CRM004373,GT006614,USR002439,False,,False,False,False,False,False,True,False,False,True,False
CRM004374,GT004519,USR002440,False,,False,False,False,False,False,False,False,False,False,True
CRM004375,GT002426,,False,,False,False,False,False,False,True,False,False,False,False
CRM004376,GT009594,USR002441,False,,False,False,False,False,False,False,False,False,True,True
CRM004377,GT009930,,False,,False,False,False,False,False,False,False,False,False,False
CRM004378,GT006140,,False,,False,False,False,False,False,False,False,False,False,False
CRM004379,GT007698,USR002442,False,,False,False,False,False,False,False,False,False,False,False
CRM004380,GT002086,,False,,False,False,False,False,False,False,False,False,False,False
CRM004381,GT002880,,False,,False,False,False,False,False,False,False,False,False,False
CRM004382,GT000640,,False,,False,False,False,False,False,False,False,False,True,True
CRM004383,GT004337,,False,,False,False,True,False,False,False,False,False,False,True
CRM004384,GT006168,USR002443,False,,False,False,False,False,False,False,False,False,False,False
CRM004385,GT002681,,False,,False,False,False,False,False,False,False,False,False,False
CRM004386,GT008674,USR002444,False,,False,False,False,False,False,False,False,False,False,False
CRM004387,GT003202,,False,,False,False,False,False,False,False,False,False,False,False
CRM004388,GT002920,USR002445,False,,False,False,False,False,False,False,False,False,False,False
CRM004389,GT003801,USR002446,False,,False,False,False,True,False,False,False,False,False,False
CRM004390,GT002628,USR002447,False,,False,False,False,False,False,True,False,False,False,False
CRM004391,GT004623,USR002448,False,,False,False,False,False,False,False,False,False,True,False
CRM004392,GT000361,USR002449,False,,False,False,False,False,False,False,False,False,False,False
CRM004393,GT005571,USR002450,False,,False,False,False,False,False,False,False,False,False,False
CRM004394,GT008155,USR002451,False,,False,True,False,False,False,False,False,False,False,False
CRM004395,GT001753,,False,,False,True,False,False,False,False,False,False,False,True
CRM004396,GT001087,,False,,False,False,False,False,False,False,False,False,False,False
CRM004397,GT000745,USR002452,False,,False,False,False,False,False,True,False,False,False,False
CRM004398,GT008780,USR002453,False,,False,False,False,False,False,False,False,False,True,False
CRM004399,GT000585,USR002454,False,,False,False,False,False,False,False,False,False,False,False
CRM004400,GT008592,USR002455,False,,False,False,False,False,False,False,False,False,False,False
CRM004401,GT001618,USR002456,False,,False,False,False,False,False,False,False,True,False,False
CRM004402,GT001731,,False,,False,False,False,False,False,False,False,False,True,False
CRM004403,GT006765,USR002457,False,,False,False,False,False,False,False,False,False,False,False
CRM004404,GT007186,,False,,False,False,False,False,True,True,False,False,False,False
CRM004405,GT000161,,False,,False,False,False,False,False,False,False,False,False,True
CRM004406,GT007599,USR002458,False,,False,False,False,True,False,False,False,False,False,False
CRM004407,GT006559,USR002459,False,,False,False,False,False,False,False,False,False,False,True
CRM004408,GT000028,USR002460,False,,False,False,False,False,False,False,False,False,True,False
CRM004409,GT005062,USR002461,False,,False,False,False,False,False,False,False,False,True,False
CRM004410,GT005985,,False,,False,False,False,True,True,False,False,False,False,False
CRM004411,GT004640,USR002462,False,,False,False,False,False,False,False,False,False,False,False
CRM004412,GT003768,USR002463,False,,False,False,False,False,False,False,False,False,False,False
CRM004413,GT004536,,False,,False,False,False,False,False,False,False,False,False,False
CRM004414,GT000427,USR002464,False,,False,False,False,False,False,False,False,False,False,False
CRM004415,GT007117,USR002465,False,,False,False,False,False,False,False,False,False,False,False
CRM004416,GT001712,,False,,False,False,False,False,False,False,False,False,True,False
CRM004417,GT001178,USR002466,False,,False,False,False,False,False,False,False,True,False,False
CRM004418,GT008505,USR002467,False,,False,True,False,False,False,False,False,False,False,False
CRM004419,GT009456,USR002468,False,,False,False,False,False,False,False,False,False,False,False
CRM004420,GT006751,,False,,False,False,False,False,False,False,False,False,False,False
CRM004421,GT007630,USR002469,False,,False,False,False,False,False,False,False,False,False,False
CRM004422,GT001648,,False,,False,False,False,False,False,False,False,False,False,False
CRM004423,GT005219,,False,,False,False,False,False,False,False,False,False,False,False
CRM004424,GT001022,,False,,True,False,False,False,False,False,True,False,True,True
CRM004425,GT003374,USR002470,False,,False,False,False,False,False,False,False,False,False,False
CRM004426,GT003602,,False,,False,False,False,False,False,False,False,False,False,False
CRM004427,GT003712,,False,,False,False,False,False,False,True,False,False,False,False
CRM004428,GT008513,,False,,False,True,False,False,False,False,False,False,False,False
CRM004429,GT006587,USR002471,False,,False,False,False,False,False,False,False,False,False,False
CRM004430,GT008075,USR002472,False,,False,False,False,False,False,False,False,False,False,False
CRM004431,GT007136,USR002473,False,,False,True,False,False,False,False,False,False,False,False
CRM004432,GT004187,USR002474,False,,False,True,False,False,False,False,False,False,False,False
CRM004433,GT003028,,False,,False,False,False,False,False,False,False,False,True,False
CRM004434,GT004315,USR002475,False,,False,False,False,False,False,False,False,False,False,False
CRM004435,GT000185,USR002476,False,,False,False,False,False,False,False,False,False,False,False
CRM004436,GT007175,,False,,False,False,False,False,True,False,False,False,False,True
CRM004437,GT003797,,False,,False,False,False,False,False,False,False,False,True,False
CRM004438,GT006451,USR002477,False,,False,True,False,False,False,False,False,False,False,False
CRM004439,GT003971,,False,,False,False,False,False,False,False,False,False,False,False
CRM004440,GT009515,,False,,False,True,False,False,False,False,False,False,False,True
CRM004441,GT007759,USR002478,False,,False,False,False,False,False,False,False,False,False,False
CRM004442,GT003518,,False,,False,False,False,False,False,False,False,False,False,False
CRM004443,GT002224,USR002479,False,,True,False,False,False,False,False,False,False,False,False
CRM004444,GT000954,USR002480,False,,False,False,True,False,False,True,False,False,False,False
CRM004445,GT002207,USR002481,False,,False,False,False,False,True,False,False,False,False,False
CRM004446,GT000980,USR002482,False,,False,False,False,False,False,False,False,False,False,False
CRM004447,GT008047,USR002483,False,,False,False,False,False,False,False,False,False,False,False
CRM004448,GT007021,USR002484,False,,False,False,False,False,False,False,False,False,True,False
CRM004449,GT003340,,False,,False,False,False,False,False,False,False,False,False,False
CRM004450,GT006846,USR002485,False,,False,True,False,False,False,False,False,False,False,False
CRM004451,GT005771,,False,,False,False,False,False,False,False,False,False,False,True
CRM004452,GT007012,USR002486,False,,False,True,False,False,False,False,False,False,False,False
CRM004453,GT007829,,False,,False,False,False,False,False,False,False,False,False,False
CRM004454,GT006776,,False,,False,False,False,False,False,False,False,False,False,False
CRM004455,GT000569,,False,,False,False,False,False,False,False,False,False,False,False
CRM004456,GT007640,USR002487,False,,False,True,False,False,False,True,False,False,False,False
CRM004457,GT001655,USR002488,False,,False,False,True,False,False,False,False,False,False,False
CRM004458,GT005976,USR002489,False,,False,False,False,False,False,False,False,True,False,True
CRM004459,GT003268,,False,,True,False,False,False,False,False,False,False,False,False
CRM004460,GT008212,,False,,False,False,False,False,False,False,False,False,False,False
CRM004461,GT004606,USR002490,False,,False,False,False,False,False,False,False,False,False,False
CRM004462,GT004886,,False,,False,False,False,False,False,False,False,False,False,False
CRM004463,GT009094,USR002491,False,,False,False,False,False,False,False,False,False,False,False
CRM004464,GT001289,,False,,False,False,False,False,True,True,False,False,True,False
CRM004465,GT006055,,False,,False,False,False,False,False,False,False,False,False,True
CRM004466,GT005532,,False,,False,False,False,False,False,False,False,False,False,False
CRM004467,GT005158,USR002492,False,,False,True,False,False,False,False,False,False,False,False
CRM004468,GT005739,USR002493,False,,False,False,False,False,False,False,False,False,False,False
CRM004469,GT006302,USR002494,False,,False,False,False,False,False,False,False,False,True,False
CRM004470,GT005867,USR002495,False,,False,False,False,False,False,False,False,False,True,False
CRM004471,GT008272,USR002496,False,,False,False,False,False,False,False,False,False,False,False
CRM004472,GT001676,USR002497,False,,False,False,False,False,False,False,False,False,True,False
CRM004473,GT008773,,False,,False,False,False,False,False,False,False,True,False,False
CRM004474,GT008396,,False,,False,True,False,False,False,False,False,False,False,False
CRM004475,GT005800,USR002498,False,,False,False,True,True,False,False,False,False,False,False
CRM004476,GT000168,,False,,True,False,False,False,False,False,False,False,False,False
CRM004477,GT001230,USR002499,False,,False,True,False,False,False,False,False,False,False,False
CRM004478,GT008230,,False,,False,False,False,False,False,False,False,False,False,False
CRM004479,GT002717,,False,,False,False,False,False,False,False,False,False,False,False
CRM004480,GT002818,,False,,False,False,False,False,False,False,False,False,False,False
CRM004481,GT004333,USR002500,False,,False,False,False,False,False,False,True,False,True,False
CRM004482,GT008794,USR002501,False,,False,False,False,False,False,False,False,False,False,False
CRM004483,GT002809,USR002502,False,,False,False,False,False,False,False,False,False,True,False
CRM004484,GT003912,USR002503,False,,False,False,False,False,False,False,False,False,False,False
CRM004485,GT002630,USR002504,False,,False,False,False,False,True,False,False,False,False,False
CRM004486,GT003288,,False,,False,False,False,False,False,False,False,False,False,False
CRM004487,GT009372,USR002505,False,,False,False,True,False,False,False,False,False,True,False
CRM004488,GT000208,USR002506,False,,False,False,False,False,False,False,False,False,False,False
CRM004489,GT005184,,False,,False,False,False,False,True,False,False,False,False,False
CRM004490,GT005350,,False,,False,False,False,False,False,False,False,False,False,False
CRM004491,GT007150,,False,,False,False,False,False,False,False,False,False,False,False
CRM004492,GT008684,,False,,False,False,False,False,False,False,False,True,False,False
CRM004493,GT004611,USR002507,False,,False,False,False,False,False,False,True,False,True,True
CRM004494,GT006329,,False,,False,False,False,False,False,False,False,False,False,False
CRM004495,GT000960,,False,,False,False,False,False,False,False,False,False,False,False
CRM004496,GT006440,,False,,False,False,False,False,True,True,False,False,False,False
CRM004497,GT009985,USR002508,False,,False,False,False,False,False,True,False,False,True,False
CRM004498,GT006716,USR002509,False,,False,False,True,False,False,False,False,False,False,True
CRM004499,GT005067,,False,,False,False,True,False,False,False,False,False,False,False
CRM004500,GT003626,,False,,False,True,False,False,False,False,False,False,False,True
CRM004501,GT001971,,False,,False,False,False,False,False,False,False,False,False,False
CRM004502,GT000195,,False,,False,False,False,False,False,False,False,False,True,False
CRM004503,GT005355,USR002510,False,,False,False,False,False,False,False,False,False,False,False
CRM004504,GT003841,,False,,False,False,False,False,False,False,False,False,False,False
CRM004505,GT004933,,False,,False,False,False,False,False,False,False,False,False,False
CRM004506,GT009439,,False,,False,False,False,False,False,False,False,False,False,True
CRM004507,GT000735,,False,,False,False,False,False,True,False,False,False,False,False
CRM004508,GT006794,,False,,False,False,False,False,False,False,False,False,False,False
CRM004509,GT006770,,False,,False,False,False,False,False,False,False,False,False,False
CRM004510,GT001688,,False,,False,False,False,False,False,False,False,False,False,True
CRM004511,GT005354,,False,,False,False,False,False,False,False,False,False,False,False
CRM004512,GT008475,USR002511,False,,False,False,False,False,False,False,False,False,True,True
CRM004513,GT004819,,False,,False,False,False,False,False,False,False,False,True,False
CRM004514,GT007665,,False,,False,False,False,False,False,False,False,False,False,False
CRM004515,GT008363,USR002512,False,,False,False,False,False,False,False,False,False,False,False
CRM004516,GT004048,USR002513,False,,False,False,False,False,False,False,False,False,False,False
CRM004517,GT006950,,False,,False,False,False,False,False,False,False,False,False,False
CRM004518,GT008979,,False,,False,False,False,False,False,False,False,False,False,False
CRM004519,GT001675,USR002514,False,,False,False,False,False,False,False,False,False,False,True
CRM004520,GT004142,USR002515,False,,False,False,False,True,False,False,False,False,False,False
CRM004521,GT004266,,False,,False,False,False,False,False,False,False,False,False,False
CRM004522,GT001290,USR002516,False,,False,False,False,False,False,False,False,False,False,False
CRM004523,GT008118,,False,,False,False,False,False,False,False,False,False,False,False
CRM004524,GT008712,,False,,False,False,False,False,False,False,False,False,False,True
CRM004525,GT003198,,False,,False,False,False,False,False,False,False,False,False,True
CRM004526,GT007848,USR002517,False,,False,False,False,False,False,False,False,False,False,False
CRM004527,GT002516,,False,,False,False,False,False,False,False,False,False,False,False
CRM004528,GT005617,,False,,False,False,False,False,False,False,False,False,True,False
CRM004529,GT007485,USR002518,False,,False,False,False,False,False,True,False,True,False,False
CRM004530,GT004657,,False,,False,False,False,False,False,False,False,False,False,True
CRM004531,GT006364,,False,,False,False,False,False,False,False,False,False,False,False
CRM004532,GT005612,USR002519,False,,False,False,False,False,False,False,False,False,True,False
CRM004533,GT006715,,False,,False,False,False,False,False,True,False,False,False,True
CRM004534,GT007558,,False,,False,True,False,False,False,False,False,False,False,False
CRM004535,GT009489,USR002520,False,,False,False,False,False,False,False,False,False,False,False
CRM004536,GT003505,,False,,False,True,False,False,False,False,False,False,False,True
CRM004537,GT006900,,False,,False,False,False,False,False,False,False,False,False,False
CRM004538,GT004186,,False,,False,False,False,False,True,True,False,False,False,False
CRM004539,GT005379,,False,,False,False,False,False,False,False,False,False,False,True
CRM004540,GT009249,USR002521,False,,False,False,False,False,False,False,False,False,True,False
CRM004541,GT005334,USR002522,False,,False,False,False,False,False,False,False,False,True,False
CRM004542,GT003041,,False,,False,False,False,True,False,False,False,False,False,False
CRM004543,GT003385,USR002523,False,,False,False,False,False,False,False,False,True,False,False
CRM004544,GT009528,,False,,False,False,False,False,False,False,False,False,False,False
CRM004545,GT000599,,False,,False,False,False,False,False,False,False,False,False,False
CRM004546,GT001832,USR002524,False,,False,False,False,False,True,False,False,False,False,False
CRM004547,GT001666,,False,,False,False,False,False,False,False,False,False,False,False
CRM004548,GT001691,USR002525,False,,False,False,False,False,False,False,False,False,True,False
CRM004549,GT001943,USR002526,False,,False,False,False,False,False,False,False,False,False,False
CRM004550,GT000758,,False,,False,False,False,False,False,True,False,False,False,False
CRM004551,GT001995,USR002527,False,,False,False,True,False,False,False,False,False,False,True
CRM004552,GT003076,USR002528,False,,False,False,False,False,False,False,False,False,False,False
CRM004553,GT009813,,False,,False,False,False,False,False,False,False,False,False,False
CRM004554,GT004440,USR002529,False,,False,True,False,False,False,False,False,False,False,False
CRM004555,GT007586,USR002530,False,,False,False,False,False,False,False,False,False,False,False
CRM004556,GT005128,,False,,True,False,False,False,False,False,False,False,False,False
CRM004557,GT006236,,False,,False,True,False,False,False,False,False,False,False,False
CRM004558,GT000292,,False,,False,False,False,False,True,False,False,False,False,False
CRM004559,GT005888,,False,,False,False,False,False,False,False,False,False,False,False
CRM004560,GT009919,,False,,False,False,False,False,False,False,False,False,True,False
CRM004561,GT007056,USR002531,False,,False,False,False,False,False,False,False,False,False,False
CRM004562,GT007689,,False,,False,False,False,False,False,False,False,False,False,False
CRM004563,GT002588,USR002532,False,,False,False,False,False,False,False,False,False,False,False
CRM004564,GT003938,USR002533,False,,False,False,False,False,False,False,False,False,False,False
CRM004565,GT008514,,False,,False,False,False,False,False,False,False,False,False,False
CRM004566,GT007435,,False,,False,False,False,False,False,False,False,False,False,False
CRM004567,GT002388,,False,,False,False,False,False,False,False,True,True,False,False
CRM004568,GT002695,USR002534,False,,False,False,False,False,False,False,False,False,False,False
CRM004569,GT001112,USR002535,False,,False,False,False,False,False,False,False,False,False,False
CRM004570,GT006223,USR002536,False,,False,False,False,False,False,False,False,False,False,False
CRM004571,GT001394,USR002537,False,,False,False,False,False,False,False,False,False,False,False
CRM004572,GT006980,USR002538,False,,False,False,False,False,False,False,False,False,False,False
CRM004573,GT004838,USR002539,False,,False,False,False,False,False,False,False,False,False,False
CRM004574,GT002163,USR002540,False,,False,False,False,False,False,False,False,False,False,False
CRM004575,GT006643,USR002541,False,,False,False,False,False,False,False,False,False,False,False
CRM004576,GT005169,,False,,False,False,False,False,False,False,False,False,False,False
CRM004577,GT003026,USR002542,False,,False,False,False,False,False,False,False,False,True,False
CRM004578,GT004096,USR002543,False,,False,False,False,False,False,False,True,False,False,False
CRM004579,GT007297,,False,,False,False,False,False,False,False,False,False,False,False
CRM004580,GT004712,,False,,False,False,False,False,False,False,False,False,True,False
CRM004581,GT009550,USR002544,False,,False,False,False,False,False,True,False,False,False,True
CRM004582,GT009291,USR002545,False,,False,False,True,False,False,False,False,False,True,False
CRM004583,GT005325,USR002546,False,,False,True,False,False,False,False,False,False,False,False
CRM004584,GT000609,,False,,False,False,False,False,False,False,False,False,True,False
CRM004585,GT001914,,False,,False,False,False,False,False,False,False,False,False,False
CRM004586,GT008663,USR002547,False,,False,False,False,False,False,False,False,False,False,False
CRM004587,GT009402,,False,,False,False,False,False,False,True,False,False,False,False
CRM004588,GT004969,,False,,False,False,False,False,False,False,False,False,False,False
CRM004589,GT001814,USR002548,False,,False,False,False,False,False,False,False,False,False,False
CRM004590,GT005217,,False,,False,False,False,False,True,False,False,False,False,False
CRM004591,GT002889,,False,,False,False,False,False,False,False,False,False,False,True
CRM004592,GT001526,,False,,False,False,False,True,False,False,False,False,False,False
CRM004593,GT005449,,False,,False,False,False,True,False,False,False,False,False,False
CRM004594,GT008257,,False,,False,False,False,False,False,False,False,False,False,False
CRM004595,GT001395,,False,,False,False,False,False,False,False,False,True,False,False
CRM004596,GT001658,USR002549,False,,False,False,False,False,False,False,False,False,False,False
CRM004597,GT005064,USR002550,False,,False,False,False,False,False,True,False,False,False,False
CRM004598,GT006436,USR002551,False,,False,False,False,False,False,False,True,False,False,False
CRM004599,GT006233,USR002552,False,,False,False,False,False,False,False,False,False,False,False
CRM004600,GT003804,USR002553,False,,False,False,False,False,False,False,False,False,False,False
CRM004601,GT006050,,False,,False,False,False,False,True,False,False,False,False,False
CRM004602,GT009030,USR002554,False,,False,False,False,False,False,True,False,False,False,False
CRM004603,GT009918,USR002555,False,,False,False,False,False,False,False,False,False,False,False
CRM004604,GT004694,USR002556,False,,False,False,False,False,False,False,False,False,False,False
CRM004605,GT009333,USR002557,False,,False,False,False,False,False,False,False,False,False,False
CRM004606,GT007502,USR002558,False,,False,False,False,False,False,False,False,False,False,False
CRM004607,GT003827,USR002559,False,,True,False,False,False,True,False,False,False,False,True
CRM004608,GT006976,USR002560,False,,False,True,False,False,False,False,False,False,False,False
CRM004609,GT003675,USR002561,False,,False,False,False,False,False,False,False,True,False,False
CRM004610,GT008517,USR002562,False,,False,False,False,False,False,False,False,False,False,True
CRM004611,GT006446,,False,,False,False,False,False,False,False,False,False,False,False
CRM004612,GT002527,USR002563,False,,False,False,False,False,False,False,False,False,True,False
CRM004613,GT005748,USR002564,False,,False,False,False,False,False,False,False,False,False,False
CRM004614,GT007327,,False,,False,False,False,False,False,False,False,False,False,False
CRM004615,GT001650,USR002565,False,,False,False,False,False,False,False,False,False,True,False
CRM004616,GT005276,,False,,False,False,False,False,True,False,False,False,True,False
CRM004617,GT009088,,False,,False,True,False,False,True,False,False,False,False,False
CRM004618,GT008012,USR002566,False,,False,False,False,False,True,False,False,False,True,False
CRM004619,GT003692,,False,,False,False,False,False,False,False,False,False,False,False
CRM004620,GT005654,USR002567,False,,False,False,False,False,False,False,False,False,True,False
CRM004621,GT004395,,False,,False,False,False,False,False,False,True,False,False,True
CRM004622,GT007902,,False,,False,True,False,False,False,False,False,False,False,False
CRM004623,GT004641,USR002568,False,,False,False,False,False,False,False,False,False,False,False
CRM004624,GT000841,,False,,False,False,False,False,False,False,False,False,False,False
CRM004625,GT004562,USR002569,False,,False,False,False,False,False,False,False,False,False,False
CRM004626,GT005911,USR002570,False,,False,False,False,False,False,False,False,False,False,False
CRM004627,GT003291,,False,,False,False,False,True,False,False,False,False,False,False
CRM004628,GT001850,USR002571,False,,False,False,False,False,False,False,False,False,False,False
CRM004629,GT008527,USR002572,False,,False,False,False,False,False,False,False,False,False,False
CRM004630,GT006579,USR002573,False,,False,False,False,False,False,False,False,False,False,False
CRM004631,GT004553,,False,,False,False,False,False,False,True,False,False,True,False
CRM004632,GT006674,,False,,False,False,False,False,False,False,False,False,False,True
CRM004633,GT004869,USR002574,False,,False,False,False,False,False,False,False,False,False,False
CRM004634,GT000118,,False,,False,False,False,False,False,True,False,False,False,False
CRM004635,GT004280,,False,,False,False,False,False,False,False,False,False,False,False
CRM004636,GT002418,USR002575,False,,False,False,False,False,False,False,False,False,False,False
CRM004637,GT003834,,False,,False,False,False,False,False,False,False,False,True,False
CRM004638,GT006569,USR002576,False,,False,False,False,False,False,False,False,False,False,False
CRM004639,GT006917,,False,,False,False,False,False,False,False,False,False,False,False
CRM004640,GT008446,,False,,False,False,False,False,False,False,False,False,False,False
CRM004641,GT006354,,False,,False,False,False,False,False,False,False,False,False,False
CRM004642,GT000017,USR002577,False,,False,False,False,False,False,False,False,False,True,False
CRM004643,GT002456,,False,,False,False,False,False,True,False,False,False,True,False
CRM004644,GT001702,,False,,False,False,False,False,False,False,False,False,False,False
CRM004645,GT000858,USR002578,False,,False,False,False,False,False,False,False,False,False,False
CRM004646,GT009125,USR002579,False,,False,False,False,False,False,True,False,False,False,False
CRM004647,GT008560,USR002580,False,,False,False,False,False,False,False,False,False,False,False
CRM004648,GT004300,,False,,False,False,False,False,False,False,False,False,True,False
CRM004649,GT003227,,False,,False,False,False,False,False,False,False,False,False,False
CRM004650,GT001837,,False,,False,False,False,False,False,False,False,False,False,True
CRM004651,GT000496,,False,,False,False,False,False,False,False,False,False,False,False
CRM004652,GT005257,USR002581,False,,False,False,False,False,False,False,False,False,False,False
CRM004653,GT007577,USR002582,False,,False,False,False,False,False,False,False,False,True,False
CRM004654,GT002811,USR002583,False,,False,False,False,False,False,False,False,False,False,False
CRM004655,GT002306,,False,,True,False,False,False,False,False,False,False,False,False
CRM004656,GT006281,USR002584,False,,False,False,False,False,False,False,False,False,False,False
CRM004657,GT009152,,False,,False,False,False,False,False,False,False,False,False,True
CRM004658,GT006190,,False,,False,False,False,False,False,True,False,False,False,True
CRM004659,GT001433,USR002585,False,,False,False,False,False,False,False,False,False,True,False
CRM004660,GT002165,,False,,False,False,False,False,False,False,False,False,False,False
CRM004661,GT008340,,False,,False,False,False,False,False,False,False,False,True,True
CRM004662,GT008977,USR002586,False,,False,False,False,False,False,False,False,False,False,False
CRM004663,GT000540,,False,,False,False,False,False,False,False,False,False,True,True
CRM004664,GT005047,USR002587,False,,False,False,False,False,False,False,False,False,False,False
CRM004665,GT007280,,False,,False,False,True,False,False,False,False,False,False,False
CRM004666,GT004257,USR002588,False,,False,False,False,False,False,False,False,False,False,False
CRM004667,GT000678,USR002589,False,,False,False,False,False,False,False,False,False,False,False
CRM004668,GT004945,,False,,False,False,False,False,True,False,False,False,False,False
CRM004669,GT008976,USR002590,False,,False,False,False,False,False,False,False,False,False,False
CRM004670,GT008790,,False,,False,False,True,False,False,False,False,False,False,False
CRM004671,GT009629,,False,,False,False,False,False,False,False,False,False,False,False
CRM004672,GT008714,,False,,False,False,False,False,False,True,False,False,False,False
CRM004673,GT001600,,False,,False,False,False,False,False,False,False,False,True,True
CRM004674,GT000694,USR002591,False,,False,False,False,False,False,False,False,False,False,False
CRM004675,GT006566,,False,,False,False,False,False,False,False,False,False,False,False
CRM004676,GT006426,USR002592,False,,False,False,False,False,False,True,False,False,False,False
CRM004677,GT005510,USR002593,False,,False,False,False,False,False,False,False,False,True,False
CRM004678,GT003647,,False,,False,False,False,False,False,False,False,False,True,False
CRM004679,GT008342,USR002594,False,,False,False,False,False,True,False,True,False,False,False
CRM004680,GT009635,,False,,False,False,False,False,False,False,False,False,False,False
CRM004681,GT004796,USR002595,False,,False,False,False,False,False,False,False,False,False,False
CRM004682,GT000950,,False,,False,False,False,False,False,False,False,False,False,False
CRM004683,GT007111,USR002596,False,,False,False,False,True,False,False,False,False,False,False
CRM004684,GT004328,USR002597,False,,False,False,False,False,False,False,False,False,True,False
CRM004685,GT008679,USR002598,False,,False,False,False,False,False,False,False,False,False,False
CRM004686,GT003593,USR002599,False,,False,False,False,False,False,True,False,False,False,False
CRM004687,GT002689,USR002600,False,,False,True,False,False,False,False,False,False,False,False
CRM004688,GT005700,,False,,False,False,False,False,False,False,False,False,False,False
CRM004689,GT006927,,False,,True,False,False,False,False,False,False,False,True,False
CRM004690,GT004484,,False,,False,False,False,False,False,False,False,False,False,False
CRM004691,GT005495,USR002601,False,,False,False,False,False,False,False,False,False,False,False
CRM004692,GT007506,,False,,False,False,False,False,False,False,False,False,False,False
CRM004693,GT009574,USR002602,False,,False,False,False,False,False,False,False,False,False,False
CRM004694,GT008891,,False,,False,False,False,False,False,False,True,False,False,True
CRM004695,GT003185,USR002603,False,,False,True,False,False,False,True,False,False,False,False
CRM004696,GT003120,USR002604,False,,False,False,False,False,False,False,False,False,False,False
CRM004697,GT000864,USR002605,False,,False,False,False,False,False,False,False,False,False,False
CRM004698,GT005562,USR002606,False,,False,False,False,False,False,True,False,False,False,False
CRM004699,GT000277,USR002607,False,,False,False,False,False,False,True,False,False,False,False
CRM004700,GT000991,,False,,False,False,False,False,False,False,False,False,False,False
CRM004701,GT008481,USR002608,False,,False,False,False,False,True,False,False,False,False,True
CRM004702,GT003302,USR002609,False,,False,False,False,False,False,False,False,False,False,False
CRM004703,GT004756,USR002610,False,,False,False,False,False,False,False,False,False,False,False
CRM004704,GT002565,USR002611,False,,False,True,False,False,False,True,False,False,False,False
CRM004705,GT002395,USR002612,False,,False,False,False,False,False,False,False,False,False,False
CRM004706,GT002453,USR002613,False,,False,False,False,False,False,False,True,False,False,False
CRM004707,GT004614,USR002614,False,,False,False,False,False,False,False,False,False,False,False
CRM004708,GT000113,,False,,False,True,False,False,False,False,False,False,False,False
CRM004709,GT007740,USR002615,False,,False,False,False,False,False,False,False,False,False,False
CRM004710,GT009803,USR002616,False,,False,False,False,False,False,False,False,False,False,False
CRM004711,GT003555,,False,,False,False,False,False,False,False,False,False,False,False
CRM004712,GT000308,,False,,False,False,False,False,False,False,False,False,False,False
CRM004713,GT009477,,False,,False,False,False,False,False,False,False,False,False,True
CRM004714,GT006603,USR002617,False,,False,False,False,False,False,False,False,False,False,True
CRM004715,GT000404,USR002618,False,,False,False,False,False,False,True,False,False,False,False
CRM004716,GT003301,USR002619,False,,False,False,False,False,False,False,False,False,False,False
CRM004717,GT009639,,False,,False,False,False,False,False,False,False,False,False,False
CRM004718,GT001021,USR002620,False,,False,False,False,False,False,False,True,False,True,False
CRM004719,GT001728,USR002621,False,,False,False,False,False,False,False,False,False,False,False
CRM004720,GT005961,USR002622,False,,False,False,False,False,False,False,False,False,False,False
CRM004721,GT006136,,False,,False,False,False,False,False,False,False,False,True,False
CRM004722,GT009082,USR002623,False,,False,False,False,False,False,False,False,False,False,False
CRM004723,GT003121,USR002624,False,,False,False,False,False,False,False,False,False,False,False
CRM004724,GT008785,,False,,False,False,False,False,False,False,False,False,False,False
CRM004725,GT004089,,False,,False,False,False,False,False,False,False,False,False,False
CRM004726,GT001125,USR002625,False,,False,False,False,False,False,False,False,False,False,False
CRM004727,GT005296,USR002626,False,,False,False,False,False,True,False,False,False,False,False
CRM004728,GT000469,,False,,False,False,False,False,True,False,False,False,True,False
CRM004729,GT009856,,False,,False,True,False,False,False,False,False,False,False,False
CRM004730,GT008037,,False,,False,False,False,False,False,True,False,False,False,False
CRM004731,GT006384,,False,,False,False,False,False,True,True,False,False,False,False
CRM004732,GT005465,,False,,False,False,False,False,False,False,False,False,False,False
CRM004733,GT005938,,False,,False,False,False,False,False,False,False,False,False,True
CRM004734,GT001979,,False,,False,False,False,False,False,False,False,False,False,False
CRM004735,GT007525,,False,,False,False,False,False,False,False,False,False,False,False
CRM004736,GT007342,USR002627,False,,False,False,False,False,False,False,False,False,False,False
CRM004737,GT001950,USR002628,False,,False,False,False,False,False,False,False,False,False,False
CRM004738,GT000323,USR002629,False,,False,False,False,False,False,False,False,False,False,False
CRM004739,GT009993,USR002630,False,,False,False,False,False,False,False,False,False,True,False
CRM004740,GT004913,USR002631,False,,False,False,False,False,False,False,False,False,False,False
CRM004741,GT006484,,False,,False,False,False,False,False,False,False,False,False,False
CRM004742,GT004849,,False,,False,False,False,False,False,False,False,False,False,False
CRM004743,GT003228,,False,,True,False,False,False,False,False,False,False,True,False
CRM004744,GT002427,USR002632,False,,False,False,False,False,False,False,False,False,True,False
CRM004745,GT003764,USR002633,False,,False,False,False,True,False,False,False,False,False,False
CRM004746,GT009897,USR002634,False,,False,False,False,False,False,False,True,False,False,False
CRM004747,GT006298,USR002635,False,,False,True,False,False,False,False,False,False,False,False
CRM004748,GT001514,USR002636,False,,False,True,False,False,False,False,False,False,False,False
CRM004749,GT003445,,False,,False,False,False,False,False,False,False,False,False,False
CRM004750,GT007657,,False,,False,False,False,False,False,False,False,False,False,False
CRM004751,GT002157,USR002637,False,,False,False,False,False,False,True,False,False,False,False
CRM004752,GT004966,USR002638,False,,False,False,False,False,False,True,False,False,False,False
CRM004753,GT003155,,False,,False,False,False,False,True,False,False,False,False,False
CRM004754,GT006490,USR002639,False,,False,True,False,False,False,False,False,False,False,False
CRM004755,GT006306,,False,,False,False,False,False,False,False,False,False,False,False
CRM004756,GT003956,,False,,False,False,False,False,False,False,False,False,False,False
CRM004757,GT008789,USR002640,False,,False,False,False,False,False,False,False,False,False,True
CRM004758,GT007275,USR002641,False,,False,False,False,False,False,False,False,False,False,False
CRM004759,GT008608,USR002642,False,,False,False,False,False,False,False,False,False,False,False
CRM004760,GT004279,USR002643,False,,False,False,False,True,False,False,False,False,False,False
CRM004761,GT005312,USR002644,False,,False,False,False,False,False,False,False,False,False,False
CRM004762,GT000630,USR002645,False,,False,False,False,False,False,False,False,True,False,False
CRM004763,GT001942,,False,,False,False,False,False,False,False,False,False,False,False
CRM004764,GT003112,,False,,False,False,False,False,False,False,False,False,True,False
CRM004765,GT005425,USR002646,False,,False,False,False,False,False,False,False,False,False,False
CRM004766,GT001585,USR002647,False,,False,False,False,False,False,False,False,False,False,False
CRM004767,GT000024,,False,,False,False,False,False,False,False,False,False,False,False
CRM004768,GT003045,USR002648,False,,False,False,False,False,False,False,False,False,False,False
CRM004769,GT005012,USR002649,False,,False,False,False,False,False,False,True,False,False,True
CRM004770,GT007158,,False,,False,False,False,False,False,False,False,False,False,False
CRM004771,GT009347,,False,,False,False,False,False,False,False,False,False,False,False
CRM004772,GT009884,USR002650,False,,False,False,False,False,False,False,False,False,False,False
CRM004773,GT002143,,False,,False,False,False,False,False,False,False,False,False,False
CRM004774,GT007163,USR002651,False,,False,False,False,False,False,False,False,False,False,False
CRM004775,GT009158,,False,,False,False,False,False,False,False,False,False,False,False
CRM004776,GT008138,,False,,False,False,False,False,False,False,False,False,False,False
CRM004777,GT009468,USR002652,False,,False,False,False,False,False,False,False,False,True,False
CRM004778,GT003949,,False,,False,False,False,False,False,False,False,False,True,False
CRM004779,GT006028,,False,,False,False,False,False,False,False,False,True,True,False
CRM004780,GT007246,,False,,False,False,False,False,False,False,False,False,True,False
CRM004781,GT003422,USR002653,False,,False,False,False,False,False,False,False,False,False,False
CRM004782,GT006596,USR002654,False,,False,False,False,False,False,False,False,False,False,False
CRM004783,GT002415,USR002655,False,,False,False,False,False,False,False,False,False,True,False
CRM004784,GT009434,USR002656,False,,False,False,False,False,False,False,False,False,False,True
CRM004785,GT006367,USR002657,False,,False,False,False,False,False,False,False,False,False,False
CRM004786,GT000523,USR002658,False,,False,False,False,False,False,False,False,False,False,False
CRM004787,GT004197,USR002659,False,,False,False,False,False,False,False,False,False,False,False
CRM004788,GT005629,USR002660,False,,False,False,False,False,False,False,True,False,False,True
CRM004789,GT008635,USR002661,False,,False,False,False,False,False,False,False,False,False,False
CRM004790,GT007815,USR002662,False,,False,False,False,False,False,False,False,False,True,False
CRM004791,GT007987,,False,,False,True,False,False,False,False,False,False,False,False
CRM004792,GT001930,USR002663,False,,False,False,False,False,False,False,False,False,False,False
CRM004793,GT000998,USR002664,False,,False,False,False,False,True,False,False,False,False,False
CRM004794,GT007769,USR002665,False,,False,False,False,False,False,False,False,False,True,False
CRM004795,GT000244,,False,,False,False,False,False,False,False,False,False,False,False
CRM004796,GT009903,USR002666,False,,False,False,False,False,False,True,False,False,False,False
CRM004797,GT008558,USR002667,False,,False,False,False,False,False,False,False,False,True,False
CRM004798,GT007259,USR002668,False,,False,False,False,False,False,False,False,False,False,False
CRM004799,GT007292,,False,,False,True,False,False,False,False,False,False,False,False
CRM004800,GT007110,,False,,False,False,False,False,False,False,False,False,True,False
CRM004801,GT002263,,False,,False,False,False,False,False,False,False,False,False,False
CRM004802,GT000942,USR002669,False,,False,True,False,False,False,False,False,False,False,False
CRM004803,GT009783,USR002670,False,,False,False,False,False,False,False,False,False,False,False
CRM004804,GT000857,USR002671,False,,False,False,False,False,False,True,False,False,False,False
CRM004805,GT000138,,False,,False,False,False,False,False,False,False,False,False,False
CRM004806,GT001718,,False,,False,False,False,False,False,False,False,False,False,False
CRM004807,GT001961,,False,,False,False,False,False,False,False,False,False,False,True
CRM004808,GT003958,,False,,False,False,False,False,False,False,False,False,False,False
CRM004809,GT007725,USR002672,False,,False,False,False,False,False,True,False,False,False,False
CRM004810,GT009896,,False,,False,False,False,False,False,False,False,False,False,False
CRM004811,GT005608,USR002673,False,,False,False,False,False,False,True,False,False,False,False
CRM004812,GT009863,,False,,False,False,False,False,False,False,False,False,False,False
CRM004813,GT004176,USR002674,False,,False,False,False,True,False,False,False,False,False,False
CRM004814,GT005120,USR002675,False,,False,False,False,False,False,False,False,False,False,False
CRM004815,GT003915,USR002676,False,,False,False,False,False,False,False,False,False,False,False
CRM004816,GT006503,USR002677,False,,False,False,False,False,False,False,False,False,False,False
CRM004817,GT007610,USR002678,False,,False,False,False,False,False,False,False,False,False,False
CRM004818,GT009640,,False,,False,False,False,False,False,True,True,False,False,False
CRM004819,GT005887,USR002679,False,,False,False,False,False,False,False,False,False,False,False
CRM004820,GT008888,USR002680,False,,False,False,False,False,False,True,False,False,False,False
CRM004821,GT007452,USR002681,False,,False,False,False,False,False,False,False,False,False,False
CRM004822,GT005811,USR002682,False,,False,False,False,False,False,False,False,False,True,False
CRM004823,GT005401,USR002683,False,,False,False,False,False,False,False,False,False,False,False
CRM004824,GT000468,USR002684,False,,False,False,False,False,False,False,False,False,True,False
CRM004825,GT003359,USR002685,False,,False,False,False,False,False,False,False,False,False,False
CRM004826,GT009049,,False,,True,False,False,False,False,False,False,False,False,False
CRM004827,GT008590,USR002686,False,,False,False,False,False,False,False,False,False,False,False
CRM004828,GT006542,,False,,False,False,False,False,True,False,False,False,True,False
CRM004829,GT009692,USR002687,False,,False,False,True,False,False,False,False,False,False,False
CRM004830,GT007356,,False,,False,False,False,False,False,False,False,False,False,False
CRM004831,GT009420,,False,,False,False,False,False,False,False,True,False,False,False
CRM004832,GT007977,USR002688,False,,False,False,False,False,False,False,True,False,False,True
CRM004833,GT009246,USR002689,False,,False,False,False,False,False,False,False,False,False,False
CRM004834,GT000062,USR002690,False,,False,False,True,False,False,False,False,False,False,False
CRM004835,GT002747,USR002691,False,,False,False,False,False,False,False,False,False,False,True
CRM004836,GT009724,,False,,False,False,False,False,False,False,False,False,True,True
CRM004837,GT000859,USR002692,False,,False,False,False,False,False,False,False,False,False,False
CRM004838,GT002684,,False,,False,False,False,False,False,False,False,False,False,False
CRM004839,GT006383,USR002693,False,,False,True,False,False,False,False,False,False,False,False
CRM004840,GT005281,USR002694,False,,False,False,False,False,False,False,False,False,False,False
CRM004841,GT007009,USR002695,False,,False,True,False,False,False,False,False,False,False,False
CRM004842,GT004626,,False,,False,True,False,False,False,False,False,False,False,False
CRM004843,GT001147,,False,,False,False,False,False,False,False,False,False,True,False
CRM004844,GT007154,USR002696,False,,False,False,False,False,False,False,False,False,False,True
CRM004845,GT005123,USR002697,False,,False,False,False,False,False,False,False,False,False,False
CRM004846,GT009089,,False,,False,False,False,False,False,False,False,False,False,False
CRM004847,GT008587,,False,,False,False,True,False,False,False,False,False,False,False
CRM004848,GT001897,USR002698,False,,False,False,False,False,False,False,False,False,False,False
CRM004849,GT005463,,False,,False,False,False,False,False,False,False,False,False,False
CRM004850,GT007678,USR002699,False,,False,False,False,False,False,False,False,False,True,False
CRM004851,GT007774,,False,,False,False,False,False,True,False,False,False,False,False
CRM004852,GT007986,USR002700,False,,False,False,False,False,False,False,False,False,False,False
CRM004853,GT007044,,False,,False,False,False,False,False,False,False,False,False,False
CRM004854,GT008479,,False,,False,False,False,False,False,False,False,False,True,False
CRM004855,GT006387,USR002701,False,,False,False,False,False,False,False,False,False,True,True
CRM004856,GT003494,,False,,False,False,True,False,False,False,False,False,True,False
CRM004857,GT002898,,False,,False,True,False,False,False,False,False,False,False,False
CRM004858,GT000147,,False,,False,True,False,False,False,False,False,False,False,False
CRM004859,GT002265,,False,,False,False,False,False,False,False,False,False,False,True
CRM004860,GT003015,USR002702,False,,False,False,False,False,False,True,False,False,False,False
CRM004861,GT006577,,False,,False,False,False,False,True,False,False,False,True,True
CRM004862,GT003810,,False,,False,False,False,False,False,False,False,False,False,False
CRM004863,GT008603,,False,,False,False,False,False,False,False,False,False,False,False
CRM004864,GT004847,USR002703,False,,False,False,False,False,False,False,False,False,False,True
CRM004865,GT000945,,False,,False,False,False,False,False,False,False,False,False,False
CRM004866,GT005237,USR002704,False,,False,True,False,False,False,False,False,False,False,False
CRM004867,GT005075,USR002705,False,,False,False,False,False,False,False,False,False,True,False
CRM004868,GT003171,USR002706,False,,False,False,False,False,False,False,False,False,False,True
CRM004869,GT008243,USR002707,False,,False,False,False,False,False,False,False,False,False,True
CRM004870,GT008902,USR002708,False,,False,False,False,False,False,False,False,False,False,False
CRM004871,GT000425,USR002709,False,,False,False,False,False,False,False,False,False,False,False
CRM004872,GT002346,,False,,False,False,False,False,False,True,False,False,False,False
CRM004873,GT007337,,False,,True,False,False,False,False,False,False,False,False,False
CRM004874,GT002968,USR002710,False,,False,False,False,False,False,False,False,False,False,False
CRM004875,GT009527,,False,,False,False,False,False,False,False,False,False,False,False
CRM004876,GT003866,,False,,False,False,False,True,False,False,False,False,False,False
CRM004877,GT005228,USR002711,False,,False,True,False,False,False,False,False,False,False,False
CRM004878,GT008760,,False,,False,False,False,False,False,False,False,False,False,False
CRM004879,GT002421,USR002712,False,,False,True,False,False,True,False,False,False,False,False
CRM004880,GT005631,,False,,False,False,False,False,False,False,False,False,False,False
CRM004881,GT006125,,False,,False,False,False,False,False,False,False,False,False,False
CRM004882,GT007043,,False,,False,False,False,False,False,False,False,False,False,False
CRM004883,GT000495,USR002713,False,,False,True,False,False,True,False,False,False,False,True
CRM004884,GT009275,USR002714,False,,False,False,False,False,False,False,False,False,False,False
CRM004885,GT001232,USR002715,False,,False,False,False,False,True,False,False,False,False,True
CRM004886,GT006595,,False,,False,False,False,False,False,False,False,False,True,False
CRM004887,GT006560,USR002716,False,,False,False,False,False,False,False,False,False,False,False
CRM004888,GT002206,USR002717,False,,False,False,False,False,False,False,False,False,False,False
CRM004889,GT009851,,False,,False,False,False,False,False,False,False,False,False,False
CRM004890,GT005496,USR002718,False,,False,False,False,False,False,False,False,False,False,False
CRM004891,GT004976,,False,,False,True,False,False,False,False,False,False,False,False
CRM004892,GT000849,,False,,False,False,False,False,False,False,False,False,False,True
CRM004893,GT002259,,False,,False,False,False,False,False,False,False,False,False,False
CRM004894,GT005596,USR002719,False,,False,False,False,False,False,False,False,False,False,False
CRM004895,GT006290,USR002720,False,,False,False,False,False,False,False,False,False,False,False
CRM004896,GT005873,,False,,False,False,False,False,False,False,False,False,False,False
CRM004897,GT006721,,False,,False,False,False,False,False,False,False,False,True,False
CRM004898,GT008965,,False,,False,False,False,False,False,False,False,False,False,False
CRM004899,GT005246,,False,,False,False,False,False,False,True,False,False,True,True
CRM004900,GT009223,USR002721,False,,False,False,False,False,False,False,False,False,False,False
CRM004901,GT006782,USR002722,False,,False,False,False,False,False,False,False,False,True,False
CRM004902,GT006825,,False,,False,False,False,False,False,False,False,False,False,False
CRM004903,GT000327,USR002723,False,,False,False,False,False,False,False,False,False,False,False
CRM004904,GT001862,,False,,False,False,True,False,False,False,False,False,False,False
CRM004905,GT003347,USR002724,False,,False,False,True,False,False,False,False,False,False,False
CRM004906,GT009277,,False,,False,False,False,False,False,False,False,False,False,False
CRM004907,GT006102,,False,,False,False,False,False,False,False,False,False,False,False
CRM004908,GT000763,USR002725,False,,False,False,False,False,False,False,True,False,False,True
CRM004909,GT001678,,False,,False,False,False,False,False,False,False,False,False,False
CRM004910,GT002182,,False,,False,False,False,False,False,False,False,False,False,False
CRM004911,GT009717,,False,,False,False,False,False,False,False,False,False,True,False
CRM004912,GT006657,USR002726,False,,False,False,False,False,False,False,False,False,False,False
CRM004913,GT002059,USR002727,False,,False,False,False,False,False,False,False,False,False,True
CRM004914,GT003553,,False,,False,False,False,False,False,False,False,False,False,False
CRM004915,GT004149,,False,,False,False,False,True,False,False,False,False,False,False
CRM004916,GT009804,,False,,False,False,False,False,False,False,True,False,False,False
CRM004917,GT005599,,False,,False,False,False,False,False,False,False,False,False,False
CRM004918,GT000362,USR002728,False,,False,False,False,False,False,False,False,False,False,False
CRM004919,GT001825,USR002729,False,,False,False,False,False,False,False,False,False,False,False
CRM004920,GT009047,,False,,False,False,False,False,False,False,False,False,True,False
CRM004921,GT002929,,False,,False,False,False,False,False,False,False,False,False,True
CRM004922,GT003936,,False,,False,False,False,False,False,False,False,False,False,False
CRM004923,GT008355,,False,,False,True,False,False,False,False,False,False,False,False
CRM004924,GT003389,,False,,False,False,False,False,False,False,False,False,True,False
CRM004925,GT009541,USR002730,False,,False,False,False,True,False,False,False,False,False,False
CRM004926,GT006933,,False,,False,False,False,False,False,False,False,False,False,False
CRM004927,GT005658,,False,,False,False,False,False,False,False,False,False,False,False
CRM004928,GT009606,,False,,False,False,False,False,False,False,False,False,False,False
CRM004929,GT000124,,False,,False,False,False,False,False,False,False,False,False,False
CRM004930,GT003996,USR002731,False,,False,False,False,False,False,False,False,False,True,False
CRM004931,GT006717,,False,,False,False,False,False,False,False,False,False,True,False
CRM004932,GT004092,,False,,False,False,False,False,False,False,False,False,False,True
CRM004933,GT006193,,False,,False,False,False,False,False,False,False,False,False,False
CRM004934,GT005989,USR002732,False,,False,False,False,False,False,False,False,False,True,False
CRM004935,GT006238,USR002733,False,,False,False,False,False,False,False,False,False,False,False
CRM004936,GT004679,,False,,False,False,False,False,True,False,False,False,False,False
CRM004937,GT000856,,False,,False,True,False,False,False,False,False,False,False,False
CRM004938,GT009667,,False,,False,False,False,False,False,False,True,False,False,False
CRM004939,GT005328,USR002734,False,,True,False,False,False,False,False,False,False,False,False
CRM004940,GT002983,USR002735,False,,False,True,True,False,False,False,False,False,False,False
CRM004941,GT005657,,False,,False,False,False,False,False,False,False,False,False,False
CRM004942,GT005665,USR002736,False,,False,False,True,False,False,False,False,False,False,False
CRM004943,GT000874,,False,,False,False,False,False,False,False,False,False,False,False
CRM004944,GT005797,,False,,False,False,False,False,False,True,False,False,False,False
CRM004945,GT006380,,False,,False,False,False,False,False,False,False,False,False,False
CRM004946,GT002336,USR002737,False,,False,False,False,False,True,False,False,False,False,False
CRM004947,GT009412,,False,,False,False,False,False,False,False,False,False,False,True
CRM004948,GT003953,,False,,False,False,False,False,False,False,False,False,False,False
CRM004949,GT000944,USR002738,False,,False,False,False,False,False,False,False,False,False,False
CRM004950,GT004628,USR002739,False,,True,False,False,False,False,False,False,False,False,False
CRM004951,GT002875,,False,,False,False,False,False,True,False,False,False,False,False
CRM004952,GT001669,,False,,False,True,False,False,False,False,True,False,False,False
CRM004953,GT009999,USR002740,False,,False,False,False,False,False,False,False,False,False,False
CRM004954,GT007549,,False,,False,True,False,False,False,False,False,False,False,False
CRM004955,GT003199,,False,,False,False,False,False,False,False,False,False,False,False
CRM004956,GT007869,USR002741,False,,False,False,False,False,False,False,False,False,True,False
CRM004957,GT009518,USR002742,False,,False,False,False,False,False,False,False,False,False,False
CRM004958,GT007999,,False,,True,False,False,False,False,False,False,False,True,False
CRM004959,GT005255,,False,,False,False,False,False,False,False,False,False,False,False
CRM004960,GT006693,USR002743,False,,False,False,True,False,False,False,False,False,False,False
CRM004961,GT006645,USR002744,False,,False,False,False,False,False,False,False,False,False,False
CRM004962,GT002629,,False,,False,False,False,False,False,False,False,False,False,False
CRM004963,GT009834,USR002745,False,,False,False,False,False,False,False,False,False,False,False
CRM004964,GT002609,USR002746,False,,False,False,False,False,False,False,False,False,False,False
CRM004965,GT007489,USR002747,False,,False,False,True,False,False,False,False,False,False,True
CRM004966,GT007094,USR002748,False,,False,False,False,False,False,False,False,False,False,False
CRM004967,GT009725,,False,,False,False,False,False,False,False,False,False,False,False
CRM004968,GT001355,USR002749,False,,False,False,False,False,False,False,False,False,False,False
CRM004969,GT007310,,False,,True,False,False,True,False,False,False,False,False,False
CRM004970,GT002075,,False,,False,False,False,False,False,False,False,False,False,False
CRM004971,GT008109,,False,,False,False,False,False,False,False,False,False,False,True
CRM004972,GT007133,USR002750,False,,False,False,False,False,False,False,True,False,False,False
CRM004973,GT003695,USR002751,False,,False,False,False,False,False,False,False,False,False,False
CRM004974,GT005522,,False,,False,False,False,False,False,False,False,False,False,False
CRM004975,GT005065,USR002752,False,,False,False,False,False,False,False,False,False,False,True
CRM004976,GT008970,USR002753,False,,False,False,False,False,False,False,False,False,False,False
CRM004977,GT008986,USR002754,False,,False,False,False,False,False,False,False,True,False,False
CRM004978,GT005130,USR002755,False,,False,False,False,False,False,False,False,False,False,True
CRM004979,GT002777,,False,,False,False,False,False,False,True,False,False,False,False
CRM004980,GT004915,USR002756,False,,False,False,False,False,False,False,False,False,False,True
CRM004981,GT006494,USR002757,False,,False,False,False,False,False,False,False,False,True,True
CRM004982,GT000365,USR002758,False,,False,False,False,False,False,False,False,False,False,False
CRM004983,GT001374,,False,,False,False,False,False,True,False,False,False,False,False
CRM004984,GT005538,USR002759,False,,True,False,False,False,False,False,False,False,False,False
CRM004985,GT005263,USR002760,False,,False,False,False,False,False,False,False,False,True,False
CRM004986,GT007127,,False,,False,False,True,False,True,False,False,False,False,False
CRM004987,GT000126,,False,,False,False,False,False,False,True,False,False,False,True
CRM004988,GT005005,USR002761,False,,False,False,False,False,False,False,False,False,False,False
CRM004989,GT000160,,False,,False,False,False,False,False,True,False,False,False,False
CRM004990,GT007068,,False,,False,False,False,True,False,False,False,False,False,False
CRM004991,GT003551,,False,,False,False,False,False,False,False,False,False,False,True
CRM004992,GT004532,,False,,False,False,False,False,False,False,False,False,True,False
CRM004993,GT005763,USR002762,False,,False,False,False,False,False,False,False,False,True,False
CRM004994,GT006904,,False,,False,False,False,False,False,False,False,False,False,False
CRM004995,GT006069,USR002763,False,,False,False,False,False,False,False,False,False,True,False
CRM004996,GT006189,USR002764,False,,False,False,False,False,False,False,False,False,False,False
CRM004997,GT004170,,False,,False,False,False,False,False,False,False,False,False,False
CRM004998,GT008698,,False,,False,True,False,False,False,False,False,False,False,False
CRM004999,GT002598,,False,,False,False,False,False,False,False,False,False,False,False
CRM005000,GT001818,,False,,False,False,False,False,True,False,False,False,False,False
CRM005001,GT007757,,False,,False,True,False,True,False,False,False,False,False,False
CRM005002,GT002561,USR002765,False,,False,False,False,False,False,False,False,False,False,False
CRM005003,GT006554,USR002766,False,,False,False,False,False,False,False,False,False,False,False
CRM005004,GT003642,USR002767,False,,False,False,False,False,False,True,False,False,False,True
CRM005005,GT006608,USR002768,False,,False,False,False,False,False,False,False,False,False,False
CRM005006,GT001611,USR002769,False,,False,False,False,False,False,False,False,False,False,False
CRM005007,GT000240,,False,,False,False,False,False,False,False,False,False,False,False
CRM005008,GT003400,,False,,False,True,False,False,False,False,False,True,False,False
CRM005009,GT006297,,False,,False,False,False,False,False,False,False,False,True,False
CRM005010,GT001475,USR002770,False,,False,False,True,False,False,False,False,False,False,False
CRM005011,GT005853,USR002771,False,,False,False,False,False,False,False,False,False,False,False
CRM005012,GT001889,USR002772,False,,False,False,False,False,False,False,False,False,False,False
CRM005013,GT000364,USR002773,False,,False,False,False,False,False,False,False,False,False,False
CRM005014,GT008076,USR002774,False,,False,False,False,False,False,False,False,False,False,False
CRM005015,GT007184,USR002775,False,,False,False,False,True,False,False,True,False,False,False
CRM005016,GT004364,,False,,False,False,False,False,False,False,False,False,False,False
CRM005017,GT007138,USR002776,False,,False,False,False,False,False,False,False,False,False,False
CRM005018,GT007837,USR002777,False,,False,False,False,False,False,False,False,False,False,False
CRM005019,GT007811,,False,,False,False,False,False,False,False,False,False,False,False
CRM005020,GT007367,USR002778,False,,False,False,False,False,False,False,False,False,False,False
CRM005021,GT009998,USR002779,False,,False,False,False,False,False,False,False,False,True,False
CRM005022,GT008431,,False,,False,False,False,False,False,False,False,False,False,True
CRM005023,GT003164,,False,,False,False,False,False,False,False,False,False,False,False
CRM005024,GT006974,USR002780,False,,False,False,False,False,False,False,False,False,False,False
CRM005025,GT000494,USR002781,False,,False,False,False,False,False,False,False,False,True,True
CRM005026,GT004984,,False,,False,False,False,False,False,False,False,False,False,False
CRM005027,GT005576,,False,,False,False,False,False,False,False,False,False,False,False
CRM005028,GT006197,USR002782,False,,False,False,False,False,False,False,False,False,False,False
CRM005029,GT005826,USR002783,False,,False,False,False,False,False,False,False,False,True,False
CRM005030,GT001922,,False,,False,False,False,False,False,False,False,False,False,False
CRM005031,GT002715,USR002784,False,,False,False,False,False,False,True,False,False,False,False
CRM005032,GT008904,,False,,False,False,False,False,False,False,False,False,False,False
CRM005033,GT006152,,False,,False,False,False,False,False,False,False,False,False,False
CRM005034,GT006457,,False,,False,False,False,False,False,False,False,False,False,False
CRM005035,GT008033,,False,,False,True,False,False,False,False,False,False,False,False
CRM005036,GT004173,USR002785,False,,False,False,False,False,False,False,False,False,False,False
CRM005037,GT007978,USR002786,False,,False,False,False,False,False,False,False,False,False,False
CRM005038,GT005167,,False,,False,False,False,False,False,False,False,False,False,False
CRM005039,GT002018,USR002787,False,,False,False,False,False,True,False,False,False,False,False
CRM005040,GT008362,USR002788,False,,False,False,False,False,False,False,False,False,False,False
CRM005041,GT005805,,False,,False,False,False,False,False,False,False,False,False,False
CRM005042,GT001900,,False,,False,True,False,False,True,False,False,False,False,False
CRM005043,GT004379,USR002789,False,,False,False,False,False,False,False,True,False,False,True
CRM005044,GT004708,,False,,False,False,False,False,False,False,False,False,False,False
CRM005045,GT007223,USR002790,False,,False,False,False,False,False,False,False,False,False,False
CRM005046,GT000029,,False,,False,False,False,False,False,False,False,False,True,False
CRM005047,GT003007,,False,,False,False,True,False,False,False,False,False,False,False
CRM005048,GT007437,,False,,False,False,False,False,False,False,False,False,False,False
CRM005049,GT002160,USR002791,False,,False,False,False,False,False,False,False,False,False,False
CRM005050,GT000212,,False,,False,False,False,False,False,False,False,False,False,False
CRM005051,GT001707,USR002792,False,,False,False,False,False,False,False,False,False,False,False
CRM005052,GT001097,USR002793,False,,False,False,False,False,False,False,False,False,False,False
CRM005053,GT007487,USR002794,False,,False,False,False,False,False,False,False,False,True,False
CRM005054,GT006358,USR002795,False,,False,False,False,False,False,False,False,False,False,False
CRM005055,GT006339,,False,,False,False,False,False,False,False,False,False,False,False
CRM005056,GT003316,,False,,False,False,False,False,False,False,False,False,False,False
CRM005057,GT003312,USR002796,False,,False,False,False,False,False,True,False,False,False,True
CRM005058,GT001279,USR002797,False,,False,False,False,False,False,False,False,False,False,False
CRM005059,GT009296,,False,,False,False,False,False,False,False,False,False,False,False
CRM005060,GT006363,,False,,False,False,False,False,False,False,False,False,False,False
CRM005061,GT001802,USR002798,False,,False,False,False,False,False,False,False,False,False,False
CRM005062,GT006338,,False,,False,False,False,False,False,False,False,False,False,False
CRM005063,GT009941,USR002799,False,,False,False,False,False,False,False,False,False,False,False
CRM005064,GT002172,USR002800,False,,False,False,False,True,True,False,False,False,False,False
CRM005065,GT009112,,False,,False,False,False,False,False,False,False,False,False,False
CRM005066,GT003903,,False,,False,False,False,False,False,False,False,False,False,False
CRM005067,GT004624,USR002801,False,,False,False,False,False,False,False,False,False,False,False
CRM005068,GT000685,USR002802,False,,False,False,False,False,False,False,False,False,False,False
CRM005069,GT007204,USR002803,False,,False,False,False,False,False,False,False,False,False,True
CRM005070,GT004734,USR002804,False,,False,False,False,False,False,False,False,False,True,False
CRM005071,GT008488,,False,,False,False,False,False,False,False,False,False,False,False
CRM005072,GT006940,,False,,False,False,False,False,True,False,False,False,False,False
CRM005073,GT000681,,False,,False,False,False,False,False,False,False,False,True,False
CRM005074,GT005549,USR002805,False,,False,False,False,False,False,False,False,False,False,True
CRM005075,GT004635,,False,,False,False,False,False,True,False,False,False,False,False
CRM005076,GT002804,USR002806,False,,False,False,True,False,False,False,True,False,False,False
CRM005077,GT003700,USR002807,False,,False,False,False,False,False,True,False,False,False,False
CRM005078,GT005753,,False,,False,False,False,False,False,True,False,False,False,False
CRM005079,GT005619,USR002808,False,,False,False,False,False,False,False,False,False,False,False
CRM005080,GT004588,,False,,False,False,False,False,False,False,False,False,False,False
CRM005081,GT008197,USR002809,False,,False,False,False,False,False,False,False,False,False,False
CRM005082,GT003660,,False,,False,False,True,False,False,False,False,False,False,False
CRM005083,GT002373,USR002810,False,,False,False,False,True,False,False,False,False,False,False
CRM005084,GT003262,,False,,False,False,False,False,False,False,False,False,True,False
CRM005085,GT009465,USR002811,False,,False,False,False,False,False,True,False,False,False,False
CRM005086,GT001844,,False,,False,False,False,False,False,False,False,False,False,False
CRM005087,GT005437,USR002812,False,,False,False,False,False,False,False,False,False,False,False
CRM005088,GT009767,USR002813,False,,False,False,False,False,False,True,False,False,False,False
CRM005089,GT005198,USR002814,False,,False,False,False,False,False,False,False,False,False,False
CRM005090,GT009254,,False,,False,False,False,False,False,False,False,False,False,False
CRM005091,GT000509,USR002815,False,,False,False,False,False,False,False,False,False,False,False
CRM005092,GT004560,,False,,False,True,False,False,False,False,False,False,False,False
CRM005093,GT002940,USR002816,False,,False,False,False,False,False,False,False,False,True,True
CRM005094,GT007619,USR002817,False,,False,True,False,False,False,False,False,False,False,False
CRM005095,GT005106,USR002818,False,,False,False,False,False,False,False,False,False,False,False
CRM005096,GT000394,USR002819,False,,False,False,False,False,False,False,False,False,False,True
CRM005097,GT006797,USR002820,False,,False,False,False,False,False,False,False,False,False,False
CRM005098,GT002076,,False,,False,True,False,False,False,False,False,False,False,False
CRM005099,GT001854,USR002821,False,,False,False,False,False,False,False,False,False,True,False
CRM005100,GT008933,,False,,False,False,False,True,False,False,False,False,False,False
CRM005101,GT007263,,False,,False,False,False,False,False,False,False,False,False,False
CRM005102,GT001207,USR002822,False,,False,False,False,False,False,False,False,False,False,False
CRM005103,GT007966,USR002823,False,,False,False,False,False,False,True,False,False,True,False
CRM005104,GT008507,USR002824,False,,False,False,False,False,False,False,False,False,False,False
CRM005105,GT006787,USR002825,False,,False,False,False,False,False,False,False,False,False,False
CRM005106,GT009877,USR002826,False,,False,False,True,False,False,False,False,False,False,False
CRM005107,GT002768,,False,,False,False,False,False,False,False,False,False,False,False
CRM005108,GT007932,,False,,False,False,False,False,False,False,False,False,False,False
CRM005109,GT009284,,False,,False,False,True,False,True,False,False,False,False,True
CRM005110,GT002108,USR002827,False,,False,False,False,False,False,False,False,False,False,True
CRM005111,GT008518,,False,,False,False,False,False,False,False,False,False,False,False
CRM005112,GT000093,USR002828,False,,False,False,False,True,False,False,False,False,False,False
CRM005113,GT000382,,False,,False,False,False,False,False,False,False,False,False,False
CRM005114,GT001024,USR002829,False,,False,False,False,False,False,True,False,False,False,False
CRM005115,GT005567,USR002830,False,,True,False,False,False,False,False,False,False,False,False
CRM005116,GT009144,USR002831,False,,False,False,False,False,False,False,False,False,True,False
CRM005117,GT003472,,False,,False,False,False,False,True,False,False,False,False,False
CRM005118,GT009251,USR002832,False,,False,False,False,False,True,False,False,False,False,False
CRM005119,GT000709,USR002833,False,,False,False,False,False,True,False,False,False,False,False
CRM005120,GT006409,USR002834,False,,False,False,False,False,False,False,False,False,False,True
CRM005121,GT002618,USR002835,False,,False,False,False,False,False,False,False,False,False,False
CRM005122,GT008930,,False,,False,False,False,False,False,False,False,False,False,False
CRM005123,GT000622,USR002836,False,,False,False,False,False,False,False,False,False,False,False
CRM005124,GT002729,USR002837,False,,False,False,False,False,False,False,False,False,False,True
CRM005125,GT000941,USR002838,False,,False,False,False,False,False,False,True,False,False,False
CRM005126,GT008428,USR002839,False,,False,False,False,False,False,False,False,False,False,False
CRM005127,GT003140,,False,,False,False,False,False,False,False,False,False,False,False
CRM005128,GT007095,,False,,False,False,False,False,False,False,False,False,True,False
CRM005129,GT008809,USR002840,False,,False,False,False,False,False,False,False,False,False,False
CRM005130,GT004906,USR002841,False,,False,False,False,True,False,False,False,False,False,False
CRM005131,GT001915,USR002842,False,,False,False,False,False,False,False,False,False,False,False
CRM005132,GT000582,USR002843,False,,False,False,False,False,False,False,False,False,True,False
CRM005133,GT003570,USR002844,False,,False,True,False,False,False,False,False,False,False,False
CRM005134,GT002824,USR002845,False,,False,False,False,False,False,False,False,False,False,False
CRM005135,GT005367,,False,,False,False,False,False,False,False,False,False,False,True
CRM005136,GT001131,USR002846,False,,False,False,False,False,False,False,False,False,False,False
CRM005137,GT004311,,False,,False,False,False,False,False,False,False,False,True,False
CRM005138,GT000415,,False,,False,False,False,False,False,False,False,False,False,False
CRM005139,GT006414,,False,,False,False,False,False,False,False,False,False,False,False
CRM005140,GT004174,USR002847,False,,False,False,False,False,False,False,False,False,False,False
CRM005141,GT001008,USR002848,False,,False,False,False,False,False,False,False,False,False,False
CRM005142,GT009780,USR002849,False,,False,False,False,False,False,False,False,False,False,False
CRM005143,GT005779,,False,,False,False,False,False,False,False,False,False,False,True
CRM005144,GT004977,USR002850,False,,False,False,True,False,False,False,False,False,False,False
CRM005145,GT002429,USR002851,False,,False,False,False,False,False,False,False,False,False,False
CRM005146,GT005194,,False,,False,False,False,False,False,False,False,False,True,False
CRM005147,GT008825,,False,,False,False,False,False,False,False,False,False,True,False
CRM005148,GT002803,USR002852,False,,False,False,False,False,False,False,False,False,False,False
CRM005149,GT007433,USR002853,False,,False,False,False,False,False,False,False,False,False,False
CRM005150,GT001645,USR002854,False,,False,False,False,False,False,False,False,False,False,False
CRM005151,GT009487,USR002855,False,,False,False,False,False,False,False,False,False,False,False
CRM005152,GT009837,,False,,False,False,False,False,False,False,False,False,False,False
CRM005153,GT001927,,False,,False,False,False,False,False,False,False,False,True,False
CRM005154,GT007877,,False,,False,False,False,False,False,False,False,False,False,False
CRM005155,GT008548,USR002856,False,,False,False,False,False,False,False,False,False,False,False
CRM005156,GT005373,,False,,False,False,False,False,False,False,False,False,False,False
CRM005157,GT000566,,False,,False,False,False,False,False,False,False,False,False,False
CRM005158,GT006195,USR002857,False,,False,False,False,False,False,False,False,False,False,False
CRM005159,GT006227,,False,,False,True,False,False,False,True,False,False,False,False
CRM005160,GT006362,USR002858,False,,False,False,False,False,False,False,False,False,False,False
CRM005161,GT006529,USR002859,False,,False,False,False,False,False,False,False,False,True,False
CRM005162,GT005795,USR002860,False,,False,False,False,False,False,False,False,False,False,False
CRM005163,GT004478,USR002861,False,,False,False,False,False,False,False,False,False,False,False
CRM005164,GT006617,,False,,False,False,False,False,False,False,False,False,False,False
CRM005165,GT004932,,False,,False,False,False,True,False,False,False,False,False,False
CRM005166,GT000878,,False,,False,False,False,False,False,False,False,False,False,False
CRM005167,GT005233,,False,,True,False,False,False,False,False,False,False,False,False
CRM005168,GT008797,USR002862,False,,False,False,False,False,False,False,False,False,False,False
CRM005169,GT000350,,False,,False,False,False,False,False,False,False,False,True,False
CRM005170,GT007534,USR002863,False,,False,False,False,False,False,False,False,False,False,False
CRM005171,GT005957,USR002864,False,,False,False,False,False,False,False,False,False,False,True
CRM005172,GT007931,,False,,False,False,False,False,False,False,False,False,False,False
CRM005173,GT002462,,False,,False,False,False,False,False,False,False,False,False,False
CRM005174,GT007650,USR002865,False,,False,False,False,False,False,False,False,False,False,False
CRM005175,GT003854,USR002866,False,,False,False,False,False,False,True,False,False,False,False
CRM005176,GT007316,,False,,False,False,False,False,False,False,False,False,False,False
CRM005177,GT005243,USR002867,False,,False,False,False,False,False,False,False,False,False,False
CRM005178,GT008580,,False,,False,False,False,False,False,False,False,False,True,False
CRM005179,GT004685,USR002868,False,,False,False,False,False,False,False,False,False,False,False
CRM005180,GT000176,,False,,False,False,False,False,False,False,False,False,False,False
CRM005181,GT009040,,False,,False,False,False,False,False,False,False,False,False,False
CRM005182,GT005230,USR002869,False,,False,False,False,False,False,False,False,False,False,False
CRM005183,GT003138,USR002870,False,,False,False,False,False,False,False,False,False,False,False
CRM005184,GT002269,USR002871,False,,False,False,False,False,False,False,False,False,False,False
CRM005185,GT001434,,False,,False,False,False,False,False,False,False,False,False,False
CRM005186,GT004894,USR002872,False,,False,False,False,False,False,False,False,False,False,False
CRM005187,GT006878,,False,,False,False,False,False,False,False,False,False,False,False
CRM005188,GT000194,USR002873,False,,False,False,False,False,False,False,False,False,False,False
CRM005189,GT000578,USR002874,False,,False,False,False,False,False,False,False,False,False,False
CRM005190,GT001270,USR002875,False,,False,False,True,False,False,False,False,False,False,False
CRM005191,GT002745,,False,,False,False,False,False,False,False,True,False,False,False
CRM005192,GT002378,USR002876,False,,False,False,False,False,False,False,False,False,False,False
CRM005193,GT006304,,False,,False,True,False,False,False,False,False,False,False,False
CRM005194,GT000356,USR002877,False,,False,True,False,False,False,False,False,False,False,False
CRM005195,GT007134,USR002878,False,,False,False,False,False,False,False,False,False,True,False
CRM005196,GT000760,USR002879,False,,False,False,False,False,False,False,False,False,True,True
CRM005197,GT000580,USR002880,False,,False,False,False,False,False,False,False,False,False,False
CRM005198,GT001468,USR002881,False,,False,True,False,False,False,False,False,False,False,False
CRM005199,GT003744,USR002882,False,,False,False,False,False,False,False,False,False,True,False
CRM005200,GT002524,,False,,False,False,False,True,False,False,False,False,False,False
CRM005201,GT001966,,False,,False,False,False,False,False,False,False,False,False,False
CRM005202,GT005491,USR002883,False,,False,False,False,False,False,False,False,False,False,False
CRM005203,GT002560,USR002884,False,,False,False,False,False,False,False,False,False,False,False
CRM005204,GT008688,,False,,False,False,False,False,False,False,False,False,False,False
CRM005205,GT002552,,False,,False,False,False,False,False,False,False,False,False,True
CRM005206,GT006723,USR002885,False,,False,False,False,False,False,False,False,False,False,False
CRM005207,GT009295,,False,,False,False,False,False,False,False,False,False,True,False
CRM005208,GT007781,USR002886,False,,False,False,False,False,False,False,False,False,False,False
CRM005209,GT002846,USR002887,False,,False,False,False,False,False,False,False,False,False,True
CRM005210,GT009191,USR002888,False,,True,False,False,False,False,False,False,False,True,False
CRM005211,GT004512,USR002889,False,,False,False,False,False,False,False,False,False,False,False
CRM005212,GT003980,USR002890,False,,False,False,False,False,False,False,False,False,False,False
CRM005213,GT009403,,False,,False,False,False,False,False,False,False,False,False,False
CRM005214,GT002419,USR002891,False,,False,False,False,False,False,False,False,False,False,False
CRM005215,GT000801,USR002892,False,,False,False,False,False,False,False,False,False,False,False
CRM005216,GT004124,,False,,False,False,False,False,False,False,False,False,True,False
CRM005217,GT007365,,False,,False,False,False,False,False,False,False,False,False,False
CRM005218,GT003485,,False,,False,False,False,False,False,False,False,False,True,False
CRM005219,GT002129,,False,,False,False,False,False,False,False,False,False,False,False
CRM005220,GT000910,,False,,False,False,False,True,False,False,False,False,True,False
CRM005221,GT002451,USR002893,False,,False,False,False,False,False,False,False,False,False,False
CRM005222,GT000472,,False,,False,True,False,False,False,False,False,False,False,False
CRM005223,GT002677,,False,,False,False,False,False,False,False,False,False,False,True
CRM005224,GT008828,,False,,False,False,False,False,False,False,False,False,True,False
CRM005225,GT005643,USR002894,False,,False,False,False,False,False,False,False,False,False,False
CRM005226,GT006788,USR002895,False,,False,True,False,False,False,False,False,False,False,False
CRM005227,GT003929,USR002896,False,,False,False,False,False,False,False,False,False,False,False
CRM005228,GT004815,USR002897,False,,False,False,True,False,False,False,False,False,False,False
CRM005229,GT009375,USR002898,False,,False,False,False,False,False,False,False,False,True,False
CRM005230,GT004497,USR002899,False,,False,False,False,False,False,False,False,False,False,False
CRM005231,GT008316,USR002900,False,,False,True,False,False,False,True,False,False,False,False
CRM005232,GT002720,USR002901,False,,False,False,False,False,False,False,False,False,False,False
CRM005233,GT000341,USR002902,False,,False,False,False,False,False,False,True,False,False,False
CRM005234,GT006758,USR002903,False,,False,False,False,False,False,False,False,False,False,False
CRM005235,GT003629,USR002904,False,,False,False,False,False,False,False,False,True,False,False
CRM005236,GT000242,,False,,False,False,False,False,False,False,False,False,False,False
CRM005237,GT008556,USR002905,False,,False,False,False,False,False,False,False,False,False,False
CRM005238,GT000797,,False,,False,False,False,False,False,False,False,False,False,False
CRM005239,GT006571,,False,,False,False,True,False,False,False,False,False,False,False
CRM005240,GT000207,,False,,False,False,False,False,False,True,False,False,False,False
CRM005241,GT008574,USR002906,False,,False,False,True,False,False,False,False,False,True,False
CRM005242,GT004100,USR002907,False,,False,False,False,False,False,False,True,False,True,False
CRM005243,GT005396,USR002908,False,,False,False,False,False,False,False,False,False,True,False
CRM005244,GT009947,USR002909,False,,False,False,False,False,False,False,False,False,False,False
CRM005245,GT007557,USR002910,False,,False,False,False,False,False,False,False,False,False,False
CRM005246,GT007816,USR002911,False,,False,False,False,False,False,False,False,False,False,False
CRM005247,GT006659,,False,,False,False,False,False,False,False,False,False,False,False
CRM005248,GT004406,USR002912,False,,False,False,False,True,False,False,False,False,False,False
CRM005249,GT000417,USR002913,False,,False,False,False,False,False,False,False,False,False,False
CRM005250,GT002444,USR002914,False,,False,True,False,False,False,False,False,False,False,False
CRM005251,GT002371,,False,,True,True,False,False,False,False,False,False,False,False
CRM005252,GT000269,USR002915,False,,False,False,False,False,False,False,False,False,True,False
CRM005253,GT006543,,False,,False,False,False,False,False,True,False,False,False,False
CRM005254,GT001481,,False,,False,False,False,False,False,False,False,False,True,False
CRM005255,GT007804,USR002916,False,,False,False,False,False,False,False,False,False,False,False
CRM005256,GT006035,USR002917,False,,False,False,False,False,False,False,False,False,False,False
CRM005257,GT000733,,False,,False,False,False,False,False,False,False,False,True,False
CRM005258,GT008561,,False,,False,False,False,False,False,False,False,False,False,False
CRM005259,GT000184,USR002918,False,,False,False,False,False,False,False,False,False,False,False
CRM005260,GT003077,,False,,False,True,False,False,False,False,False,False,False,False
CRM005261,GT007048,,False,,False,False,False,False,False,False,False,False,True,False
CRM005262,GT007070,USR002919,False,,False,False,False,False,False,False,False,False,False,False
CRM005263,GT003294,USR002920,False,,False,False,False,False,False,False,False,False,False,False
CRM005264,GT007441,,False,,False,False,False,False,False,False,False,False,False,False
CRM005265,GT002279,USR002921,False,,False,False,False,False,False,False,False,False,False,False
CRM005266,GT009299,,False,,False,False,False,False,False,False,False,False,False,False
CRM005267,GT004020,,False,,False,False,False,False,False,False,False,False,False,False
CRM005268,GT009954,,False,,False,False,False,False,False,False,False,False,True,False
CRM005269,GT005095,USR002922,False,,False,False,False,False,False,False,False,False,False,False
CRM005270,GT009595,USR002923,False,,False,False,False,False,False,False,False,False,False,False
CRM005271,GT005568,USR002924,False,,False,False,False,False,False,False,False,False,True,False
CRM005272,GT009068,,False,,False,False,False,False,False,False,False,False,False,False
CRM005273,GT006340,,False,,False,False,False,False,False,False,False,False,False,True
CRM005274,GT007168,USR002925,False,,False,False,False,False,False,False,False,False,False,False
CRM005275,GT009543,USR002926,False,,False,True,False,False,False,False,False,False,False,False
CRM005276,GT005185,USR002927,False,,True,False,False,False,False,False,False,False,False,False
CRM005277,GT007962,,False,,False,False,False,False,False,False,False,False,False,False
CRM005278,GT001268,USR002928,False,,False,False,False,True,True,False,False,False,False,False
CRM005279,GT008053,,False,,False,False,False,False,True,False,False,False,False,False
CRM005280,GT000110,,False,,False,False,False,False,False,False,False,False,False,False
CRM005281,GT005984,USR002929,False,,False,True,False,False,False,True,False,False,False,False
CRM005282,GT003335,,False,,False,False,False,False,False,False,False,False,False,False
CRM005283,GT002562,USR002930,False,,False,False,False,False,False,False,False,False,False,True
CRM005284,GT002293,USR002931,False,,False,False,False,False,False,False,False,False,False,False
CRM005285,GT009685,USR002932,False,,False,False,False,False,False,False,False,False,False,False
CRM005286,GT007202,USR002933,False,,False,False,False,False,False,False,False,False,False,False
CRM005287,GT000199,USR002934,False,,False,False,False,False,False,False,False,False,False,False
CRM005288,GT001109,USR002935,False,,False,False,False,False,False,False,False,False,True,False
CRM005289,GT005176,USR002936,False,,False,False,False,False,False,False,False,False,False,False
CRM005290,GT006265,USR002937,False,,False,False,False,False,False,False,False,False,False,False
CRM005291,GT002150,USR002938,False,,False,False,False,False,False,False,False,False,False,False
CRM005292,GT009917,USR002939,False,,False,False,False,False,False,False,False,False,True,True
CRM005293,GT000490,USR002940,False,,False,False,False,False,False,False,False,False,False,False
CRM005294,GT002119,,False,,False,True,False,False,False,False,False,False,False,False
CRM005295,GT006327,,False,,False,True,False,True,False,False,False,False,False,False
CRM005296,GT007912,,False,,False,False,False,False,False,False,False,False,False,False
CRM005297,GT006759,,False,,False,False,False,False,False,False,False,False,False,False
CRM005298,GT005282,USR002941,False,,False,False,False,False,False,False,False,False,False,False
CRM005299,GT006019,USR002942,False,,False,False,False,False,False,False,False,False,False,False
CRM005300,GT004432,,False,,False,False,False,False,False,False,False,False,True,False
CRM005301,GT004508,,False,,False,False,False,False,False,False,False,False,False,False
CRM005302,GT008131,USR002943,False,,False,False,False,False,False,False,False,False,False,False
CRM005303,GT003606,,False,,False,False,False,False,False,False,False,False,False,False
CRM005304,GT008462,USR002944,False,,False,False,False,False,False,False,False,False,False,False
CRM005305,GT005450,,False,,False,False,False,False,False,False,False,False,False,False
CRM005306,GT007093,USR002945,False,,True,False,False,False,False,False,False,False,False,True
CRM005307,GT000464,USR002946,False,,False,False,False,False,False,False,False,False,True,False
CRM005308,GT003798,,False,,False,True,False,False,False,False,False,False,False,True
CRM005309,GT000723,,False,,False,False,False,False,False,True,False,False,False,False
CRM005310,GT008532,,False,,False,False,False,False,False,False,False,False,False,False
CRM005311,GT001589,USR002947,False,,False,False,False,False,False,False,False,False,False,False
CRM005312,GT007051,USR002948,False,,False,False,False,False,True,False,False,False,False,False
CRM005313,GT001895,USR002949,False,,False,False,False,False,False,False,False,False,False,False
CRM005314,GT001480,,False,,False,False,False,False,False,False,False,False,False,False
CRM005315,GT005627,,False,,False,False,False,True,False,False,False,False,False,False
CRM005316,GT003739,USR002950,False,,False,False,False,False,False,False,False,False,False,False
CRM005317,GT009435,USR002951,False,,False,False,False,False,False,False,False,False,False,False
CRM005318,GT001234,USR002952,False,,False,False,False,False,False,False,False,False,False,True
CRM005319,GT000039,USR002953,False,,False,False,False,False,False,False,False,False,True,True
CRM005320,GT008583,USR002954,False,,False,True,True,False,False,False,False,False,False,False
CRM005321,GT002145,USR002955,False,,False,False,False,False,True,False,False,False,False,False
CRM005322,GT004399,,False,,False,False,False,False,False,False,False,False,True,True
CRM005323,GT003988,,False,,False,False,False,False,False,False,False,False,False,False
CRM005324,GT002521,USR002956,False,,False,False,False,False,False,False,False,False,False,False
CRM005325,GT008202,,False,,False,False,False,False,False,False,False,False,False,False
CRM005326,GT009559,USR002957,False,,False,False,False,False,False,False,False,False,False,False
CRM005327,GT001838,USR002958,False,,False,True,False,False,False,False,False,False,False,False
CRM005328,GT008963,,False,,True,False,False,False,False,False,False,False,False,False
CRM005329,GT008453,,False,,False,False,False,False,False,False,False,False,False,True
CRM005330,GT003414,USR002959,False,,False,False,False,False,False,False,False,False,False,False
CRM005331,GT007315,USR002960,False,,False,False,False,True,False,False,False,False,True,False
CRM005332,GT006722,,False,,False,True,False,False,False,False,False,False,False,False
CRM005333,GT002001,USR002961,False,,False,False,False,False,False,False,False,False,False,False
CRM005334,GT007659,USR002962,False,,False,False,False,False,False,False,False,False,False,False
CRM005335,GT000216,,False,,False,False,False,False,False,False,False,False,False,False
CRM005336,GT003214,USR002963,False,,False,False,False,False,False,False,False,False,False,False
CRM005337,GT006793,,False,,False,False,False,False,False,False,False,False,True,False
CRM005338,GT006156,USR002964,False,,False,False,False,False,False,True,False,False,False,False
CRM005339,GT007645,USR002965,False,,False,False,False,False,False,False,False,False,False,False
CRM005340,GT008290,,False,,False,False,False,False,False,False,False,False,False,False
CRM005341,GT003615,USR002966,False,,False,False,False,False,False,False,False,False,True,False
CRM005342,GT002579,,False,,False,False,False,False,False,False,False,False,False,False
CRM005343,GT005097,USR002967,False,,False,False,False,False,False,False,False,False,False,True
CRM005344,GT000228,,False,,False,False,False,False,False,False,False,False,False,False
CRM005345,GT009107,,False,,False,False,False,False,False,False,False,False,False,False
CRM005346,GT006452,,False,,False,False,False,True,False,False,False,False,False,False
CRM005347,GT005858,USR002968,False,,False,False,False,False,False,False,False,False,False,False
CRM005348,GT004571,,False,,False,False,True,False,False,False,False,False,False,False
CRM005349,GT004572,,False,,False,False,False,False,False,False,False,False,False,False
CRM005350,GT008106,USR002969,False,,False,False,False,False,False,False,False,False,True,False
CRM005351,GT005206,,False,,False,False,False,True,False,False,False,False,False,False
CRM005352,GT006105,,False,,False,False,False,False,False,False,False,False,True,False
CRM005353,GT004699,,False,,False,True,False,False,False,False,False,False,False,False
CRM005354,GT007899,USR002970,False,,False,False,False,False,False,False,False,False,False,False
CRM005355,GT009095,,False,,False,False,False,False,False,False,False,False,False,False
CRM005356,GT009770,USR002971,False,,False,False,False,False,False,True,True,False,True,False
CRM005357,GT000016,USR002972,False,,False,False,False,False,False,False,False,False,False,True
CRM005358,GT000115,USR002973,False,,False,False,False,False,False,False,False,False,False,False
CRM005359,GT002056,USR002974,False,,False,False,False,False,False,False,False,False,False,False
CRM005360,GT005626,,False,,False,False,False,False,True,False,False,False,True,False
CRM005361,GT009765,,False,,False,False,False,False,False,False,False,False,True,False
CRM005362,GT003993,,False,,False,False,False,False,False,False,False,False,False,False
CRM005363,GT000220,USR002975,False,,False,False,False,True,False,False,False,False,False,False
CRM005364,GT000136,USR002976,False,,False,False,False,False,False,False,False,False,False,False
CRM005365,GT002611,USR002977,False,,False,False,False,False,False,False,False,False,False,True
CRM005366,GT001108,USR002978,False,,False,False,False,False,False,False,False,False,False,False
CRM005367,GT003859,USR002979,False,,False,False,False,False,False,False,False,False,False,False
CRM005368,GT009345,,False,,False,True,False,False,False,False,False,False,False,False
CRM005369,GT006962,,False,,False,False,False,False,False,False,False,False,False,False
CRM005370,GT001965,USR002980,False,,False,False,False,False,False,False,False,False,False,False
CRM005371,GT005036,,False,,False,False,False,False,False,False,False,False,False,False
CRM005372,GT006201,,False,,False,True,False,False,False,False,False,False,False,False
CRM005373,GT005186,USR002981,False,,False,False,False,False,False,False,False,False,False,False
CRM005374,GT006708,USR002982,False,,True,False,True,False,False,False,False,False,False,False
CRM005375,GT005021,USR002983,False,,False,False,False,False,False,False,False,False,False,False
CRM005376,GT004761,,False,,False,False,False,False,False,True,False,False,False,False
CRM005377,GT003747,,False,,False,False,False,False,False,False,False,False,False,False
CRM005378,GT006169,USR002984,False,,False,False,False,False,False,False,False,False,True,False
CRM005379,GT000466,,False,,False,True,False,False,False,False,False,False,False,False
CRM005380,GT002903,,False,,False,False,False,False,False,False,False,False,True,False
CRM005381,GT008749,,False,,False,True,False,False,False,False,False,False,False,False
CRM005382,GT002446,USR002985,False,,False,False,False,False,False,False,False,False,True,True
CRM005383,GT008777,,False,,False,True,False,False,False,False,False,False,False,False
CRM005384,GT000399,USR002986,False,,False,False,False,True,False,False,False,False,False,False
CRM005385,GT007237,USR002987,False,,False,False,False,False,False,False,False,False,True,False
CRM005386,GT008848,USR002988,False,,False,False,False,False,False,False,False,False,False,False
CRM005387,GT009733,USR002989,False,,False,False,False,False,False,False,False,False,False,False
CRM005388,GT004377,USR002990,False,,False,False,False,False,False,False,False,False,False,False
CRM005389,GT001808,USR002991,False,,False,False,False,False,False,False,False,False,True,False
CRM005390,GT003245,USR002992,False,,False,False,False,False,False,False,False,False,False,False
CRM005391,GT000324,USR002993,False,,False,False,False,False,True,False,False,False,False,False
CRM005392,GT004000,USR002994,False,,False,False,False,False,False,False,False,False,False,False
CRM005393,GT000453,,False,,False,False,False,False,False,False,False,False,False,False
CRM005394,GT001244,,False,,False,False,False,False,False,False,False,False,False,False
CRM005395,GT001343,,False,,False,False,False,False,False,True,False,False,False,False
CRM005396,GT000653,,False,,True,False,False,False,False,False,False,False,False,False
CRM005397,GT000381,USR002995,False,,False,False,False,False,False,False,False,False,False,False
CRM005398,GT005723,USR002996,False,,False,False,False,False,False,False,False,False,True,False
CRM005399,GT009302,,False,,False,False,False,False,False,False,False,False,True,False
CRM005400,GT003133,,False,,False,False,False,False,False,False,False,True,False,False
CRM005401,GT002506,,False,,False,False,False,False,False,False,False,False,False,False
CRM005402,GT008483,USR002997,False,,True,False,False,False,False,False,False,False,False,False
CRM005403,GT003603,USR002998,False,,False,True,False,False,False,False,False,False,False,False
CRM005404,GT004085,,False,,False,False,False,False,False,False,False,False,False,False
CRM005405,GT003069,USR002999,False,,False,False,False,False,False,False,False,False,True,False
CRM005406,GT005886,,False,,True,False,False,False,False,False,False,False,False,False
CRM005407,GT008633,,False,,False,False,False,False,False,False,False,False,False,False
CRM005408,GT006473,,False,,False,False,False,False,False,False,False,False,False,False
CRM005409,GT005380,,False,,False,False,False,False,False,False,False,False,False,False
CRM005410,GT008494,USR003000,False,,True,True,False,False,False,False,False,False,False,False
CRM005411,GT007488,USR003001,False,,False,False,False,False,False,False,False,False,False,True
CRM005412,GT007022,,False,,False,False,False,False,False,False,True,False,False,True
CRM005413,GT008229,USR003002,False,,False,False,False,False,False,False,False,False,True,False
CRM005414,GT005027,USR003003,False,,False,False,False,False,False,False,False,False,False,False
CRM005415,GT004036,,False,,False,False,False,False,False,False,False,False,False,False
CRM005416,GT005825,,False,,False,False,False,False,False,False,False,False,False,False
CRM005417,GT001635,,False,,False,False,False,False,False,False,False,False,True,False
CRM005418,GT003899,,False,,False,False,False,False,False,False,False,False,False,False
CRM005419,GT000222,,False,,False,False,False,False,False,False,False,False,False,False
CRM005420,GT009669,USR003004,False,,False,False,False,False,False,False,False,False,False,True
CRM005421,GT005711,,False,,False,False,False,False,False,False,False,False,False,False
CRM005422,GT007849,USR003005,False,,False,False,False,False,False,True,False,False,False,False
CRM005423,GT008232,,False,,False,False,False,False,False,False,False,False,False,False
CRM005424,GT003592,,False,,False,False,False,False,False,False,False,False,False,False
CRM005425,GT000621,,False,,False,False,False,False,False,False,False,False,False,False
CRM005426,GT008569,,False,,False,False,False,False,False,False,False,False,True,False
CRM005427,GT003282,USR003006,False,,False,False,False,False,False,False,False,False,False,False
CRM005428,GT001981,,False,,True,False,False,False,False,False,False,False,True,False
CRM005429,GT007626,USR003007,False,,False,False,False,False,False,False,False,False,False,False
CRM005430,GT003713,USR003008,False,,False,False,False,False,False,False,False,False,True,False
CRM005431,GT004095,USR003009,False,,False,False,False,True,False,False,False,False,True,False
CRM005432,GT006540,,False,,False,False,False,False,False,False,False,False,False,False
CRM005433,GT002223,,False,,False,False,False,False,False,False,False,False,False,False
CRM005434,GT006318,,False,,False,False,False,False,False,False,False,False,True,False
CRM005435,GT006622,USR003010,False,,False,False,False,False,False,False,False,False,False,False
CRM005436,GT009904,,False,,False,False,True,False,False,False,False,False,False,False
CRM005437,GT004342,,False,,False,False,False,False,False,False,False,False,False,False
CRM005438,GT007938,,False,,False,False,False,False,False,False,False,False,True,True
CRM005439,GT008846,USR003011,False,,False,False,False,False,False,True,False,False,False,False
CRM005440,GT001584,USR003012,False,,False,False,False,False,False,False,False,False,False,False
CRM005441,GT002893,USR003013,False,,False,False,False,False,False,False,False,False,False,False
CRM005442,GT003737,USR003014,False,,False,False,False,True,False,False,False,False,False,False
CRM005443,GT008565,USR003015,False,,False,False,False,False,False,False,False,False,False,False
CRM005444,GT001740,USR003016,False,,False,False,False,False,False,False,False,False,False,False
CRM005445,GT005878,,False,,False,False,True,False,False,True,False,False,False,False
CRM005446,GT007729,USR003017,False,,False,False,False,False,False,False,False,False,False,False
CRM005447,GT004319,,False,,False,False,False,False,False,False,False,False,False,False
CRM005448,GT002581,,False,,False,False,False,False,False,False,False,False,False,False
CRM005449,GT007767,,False,,False,False,False,False,False,False,False,False,False,False
CRM005450,GT007333,USR003018,False,,False,False,False,True,False,False,False,False,False,False
CRM005451,GT003970,USR003019,False,,False,False,False,False,True,False,False,False,False,False
CRM005452,GT001281,,False,,False,False,True,False,False,True,False,False,True,False
CRM005453,GT002113,USR003020,False,,False,True,False,False,False,False,False,False,False,False
CRM005454,GT005618,,False,,False,False,False,False,False,False,False,False,False,False
CRM005455,GT009262,USR003021,False,,False,False,False,False,False,False,False,False,False,False
CRM005456,GT006310,USR003022,False,,False,False,False,False,False,True,False,False,False,False
CRM005457,GT009462,USR003023,False,,False,False,False,False,False,False,False,False,False,False
CRM005458,GT000041,USR003024,False,,False,False,False,False,False,False,False,False,False,False
CRM005459,GT003304,USR003025,False,,False,False,False,False,True,False,False,False,False,False
CRM005460,GT002473,,False,,False,False,False,False,False,False,False,False,False,False
CRM005461,GT005474,USR003026,False,,False,False,False,False,False,True,True,False,False,True
CRM005462,GT007579,,False,,False,False,False,False,False,False,False,False,False,False
CRM005463,GT001317,,False,,False,False,False,False,False,False,False,False,True,True
CRM005464,GT008276,,False,,False,False,False,False,False,False,False,False,True,False
CRM005465,GT007519,,False,,False,True,False,False,False,False,False,False,False,True
CRM005466,GT006885,,False,,False,False,False,False,False,False,False,False,False,False
CRM005467,GT009471,USR003027,False,,False,False,False,False,False,False,False,False,True,False
CRM005468,GT002331,,False,,False,True,False,False,False,True,False,False,False,False
CRM005469,GT005368,USR003028,False,,False,False,False,False,False,False,False,False,False,False
CRM005470,GT001208,,False,,True,False,False,False,True,False,False,False,False,True
CRM005471,GT000716,,False,,False,False,False,False,False,False,False,False,False,False
CRM005472,GT002260,,False,,False,False,False,False,False,False,False,False,False,False
CRM005473,GT008277,USR003029,False,,False,False,False,False,False,False,False,False,False,True
CRM005474,GT001373,USR003030,False,,False,False,False,False,False,False,False,False,False,False
CRM005475,GT002138,USR003031,False,,False,False,False,False,False,False,False,False,False,False
CRM005476,GT005561,,False,,False,False,False,False,False,False,False,False,False,False
CRM005477,GT006176,USR003032,False,,True,False,False,False,False,False,False,False,True,False
CRM005478,GT006604,USR003033,False,,False,False,False,False,False,False,False,False,False,False
CRM005479,GT006460,,False,,False,False,False,False,False,False,True,False,False,False
CRM005480,GT004912,USR003034,False,,False,False,False,False,False,True,False,False,False,True
CRM005481,GT009041,USR003035,False,,False,False,False,False,False,False,False,False,True,False
CRM005482,GT008052,,False,,False,True,False,False,False,False,False,False,False,False
CRM005483,GT008313,,False,,False,False,False,False,False,False,False,False,False,False
CRM005484,GT009990,USR003036,False,,False,False,False,False,False,False,False,False,True,False
CRM005485,GT009983,USR003037,False,,False,False,False,False,False,False,False,False,False,False
CRM005486,GT001399,USR003038,False,,False,False,False,False,False,False,False,False,True,False
CRM005487,GT007498,,False,,False,False,False,False,False,False,False,False,False,False
CRM005488,GT007258,,False,,False,True,False,False,False,False,False,False,False,False
CRM005489,GT003667,USR003039,False,,False,False,False,False,False,False,False,False,False,False
CRM005490,GT007214,,False,,False,False,False,False,False,False,False,False,False,False
CRM005491,GT008579,,False,,False,False,False,False,False,False,True,False,False,False
CRM005492,GT003476,USR003040,False,,True,False,False,False,False,False,False,False,False,False
CRM005493,GT003403,,False,,False,True,False,False,False,False,False,True,False,False
CRM005494,GT009298,,False,,False,False,False,False,False,False,False,False,False,False
CRM005495,GT006010,USR003041,False,,False,False,False,False,False,False,False,False,False,False
CRM005496,GT005952,,False,,False,False,False,False,False,False,False,False,False,False
CRM005497,GT007490,,False,,False,False,False,False,False,False,False,False,True,False
CRM005498,GT001448,,False,,False,False,False,False,False,False,False,False,False,False
CRM005499,GT002372,USR003042,False,,False,False,False,False,False,False,False,False,False,False
CRM005500,GT005214,USR003043,False,,False,False,False,False,False,False,False,False,False,False
CRM005501,GT002254,,False,,False,False,False,False,False,False,False,False,True,True
CRM005502,GT007092,,False,,False,False,False,False,False,False,False,False,False,False
CRM005503,GT001386,,False,,False,False,False,False,False,False,False,False,False,False
CRM005504,GT006482,USR003044,False,,False,False,False,True,False,False,False,False,False,False
CRM005505,GT005922,,False,,False,False,False,False,False,False,False,False,True,False
CRM005506,GT005640,,False,,False,False,False,False,False,False,False,False,False,False
CRM005507,GT006956,USR003045,False,,False,False,False,True,False,False,False,False,False,False
CRM005508,GT004767,,False,,False,False,False,False,False,False,False,False,False,False
CRM005509,GT008040,USR003046,False,,False,False,True,False,False,False,False,False,False,False
CRM005510,GT000061,USR003047,False,,False,False,False,False,False,False,False,False,False,False
CRM005511,GT009186,USR003048,False,,False,False,False,False,False,False,False,False,False,False
CRM005512,GT002350,USR003049,False,,False,False,False,True,False,False,False,False,False,False
CRM005513,GT003117,,False,,False,False,False,False,False,False,False,False,True,False
CRM005514,GT004529,USR003050,False,,False,False,False,False,False,False,False,False,False,True
CRM005515,GT004878,USR003051,False,,False,False,False,False,False,False,False,False,False,False
CRM005516,GT007401,USR003052,False,,False,False,False,False,False,False,False,False,False,False
CRM005517,GT007165,USR003053,False,,False,False,False,False,False,False,False,False,False,False
CRM005518,GT002780,USR003054,False,,False,False,False,False,False,False,False,False,False,False
CRM005519,GT003189,,False,,False,False,False,False,False,False,False,False,False,False
CRM005520,GT000556,,False,,False,False,False,False,False,False,False,False,False,False
CRM005521,GT001300,,False,,False,False,False,False,False,False,False,False,False,False
CRM005522,GT005973,,False,,False,False,False,False,False,False,False,False,True,False
CRM005523,GT004910,,False,,False,False,False,False,False,False,False,False,False,False
CRM005524,GT001772,,False,,False,False,False,False,False,False,False,False,False,False
CRM005525,GT007167,USR003055,False,,False,False,False,False,False,False,False,False,False,False
CRM005526,GT005794,USR003056,False,,False,False,False,False,True,True,False,False,False,False
CRM005527,GT002062,,False,,False,False,False,False,True,False,False,False,False,False
CRM005528,GT001154,,False,,False,False,False,False,False,False,False,False,False,False
CRM005529,GT000040,USR003057,False,,False,True,False,False,False,False,False,False,False,True
CRM005530,GT004115,,False,,False,False,False,False,False,False,False,False,True,False
CRM005531,GT006333,USR003058,False,,False,False,False,False,False,False,False,False,False,True
CRM005532,GT004650,,False,,False,False,False,False,False,False,False,False,False,False
CRM005533,GT000548,USR003059,False,,False,False,False,False,False,False,False,False,False,False
CRM005534,GT000679,,False,,False,False,True,True,False,False,False,False,False,False
CRM005535,GT009931,,False,,False,False,False,False,False,False,True,False,False,False
CRM005536,GT005905,USR003060,False,,False,False,False,False,False,False,False,False,False,False
CRM005537,GT001218,USR003061,False,,False,False,False,False,False,False,False,False,False,False
CRM005538,GT000894,USR003062,False,,False,False,False,False,False,False,False,False,False,False
CRM005539,GT005159,,False,,False,False,False,False,False,False,False,False,False,False
CRM005540,GT007486,,False,,False,False,False,False,False,False,False,False,False,False
CRM005541,GT004206,,False,,False,False,False,False,True,False,False,False,False,False
CRM005542,GT000671,,False,,False,False,False,False,False,False,False,False,False,False
CRM005543,GT000989,,False,,False,False,False,False,False,False,False,False,False,False
CRM005544,GT007700,,False,,False,False,False,False,True,False,False,True,False,True
CRM005545,GT005284,,False,,False,True,False,True,False,False,False,False,False,False
CRM005546,GT008615,USR003063,False,,False,False,False,False,False,False,False,False,False,False
CRM005547,GT002342,USR003064,False,,False,False,False,False,False,False,False,False,False,False
CRM005548,GT000920,USR003065,False,,False,False,False,False,False,False,False,False,False,False
CRM005549,GT009756,USR003066,False,,False,False,False,False,False,False,False,False,False,False
CRM005550,GT006636,USR003067,False,,False,True,False,False,False,False,False,False,False,False
CRM005551,GT004351,,False,,False,False,True,False,False,False,False,False,True,False
CRM005552,GT002261,,False,,False,True,False,False,False,False,False,False,False,False
CRM005553,GT006100,USR003068,False,,False,False,False,False,True,False,False,False,False,False
CRM005554,GT004260,USR003069,False,,False,False,False,False,False,False,False,True,False,False
CRM005555,GT003876,USR003070,False,,False,False,False,False,False,False,False,False,False,False
CRM005556,GT007443,USR003071,False,,False,False,False,False,False,False,False,False,False,False
CRM005557,GT000201,USR003072,False,,False,False,False,False,False,True,False,False,False,False
CRM005558,GT001741,,False,,False,False,False,False,False,False,False,False,True,False
CRM005559,GT009579,USR003073,False,,False,True,False,False,False,False,False,False,False,False
CRM005560,GT002063,USR003074,False,,False,False,False,False,False,False,False,False,False,False
CRM005561,GT004159,USR003075,False,,False,False,False,False,False,True,True,False,False,False
CRM005562,GT006618,USR003076,False,,False,True,False,False,False,False,False,False,False,False
CRM005563,GT002351,USR003077,False,,False,False,False,False,False,False,False,False,False,True
CRM005564,GT008233,,False,,True,False,False,False,False,False,False,False,False,False
CRM005565,GT005963,USR003078,False,,False,False,False,False,False,False,False,False,False,False
CRM005566,GT009755,,False,,False,False,False,False,False,False,False,False,True,False
CRM005567,GT003911,,False,,False,False,False,False,False,False,False,False,False,False
CRM005568,GT006749,USR003079,False,,False,False,False,False,False,False,False,False,False,False
CRM005569,GT004035,,False,,False,False,False,False,False,False,True,False,False,False
CRM005570,GT005321,,False,,False,False,False,False,False,False,False,False,False,False
CRM005571,GT003762,,False,,False,False,False,False,False,False,False,False,True,False
CRM005572,GT008784,USR003080,False,,False,True,False,False,False,False,False,False,False,False
CRM005573,GT008637,USR003081,False,,False,False,False,False,False,False,False,False,False,False
CRM005574,GT004666,USR003082,False,,False,False,False,False,False,False,False,False,True,False
CRM005575,GT009626,USR003083,False,,False,False,True,False,False,False,False,False,False,False
CRM005576,GT003457,,False,,False,False,False,False,False,False,False,False,False,False
CRM005577,GT005897,,False,,False,False,False,False,False,False,False,False,False,False
CRM005578,GT003981,USR003084,False,,False,False,False,False,False,False,False,False,True,False
CRM005579,GT008252,,False,,False,False,False,False,False,False,False,False,False,False
CRM005580,GT008658,USR003085,False,,False,False,False,False,False,False,False,False,False,True
CRM005581,GT008124,USR003086,False,,False,False,False,False,False,False,False,False,False,False
CRM005582,GT009982,USR003087,False,,False,False,False,False,False,False,False,False,False,False
CRM005583,GT006966,USR003088,False,,False,False,False,False,True,False,False,False,False,False
CRM005584,GT005966,USR003089,False,,False,True,False,False,False,False,False,False,False,True
CRM005585,GT003685,,False,,False,False,False,False,False,False,False,False,False,False
CRM005586,GT008198,USR003090,False,,False,False,False,False,False,False,False,False,True,False
CRM005587,GT002878,,False,,False,False,False,False,False,False,False,False,False,False
CRM005588,GT008095,USR003091,False,,False,True,False,False,False,False,False,False,False,False
CRM005589,GT004238,,False,,False,False,False,False,False,False,False,False,False,False
CRM005590,GT000014,USR003092,False,,False,False,False,False,False,False,False,False,False,False
CRM005591,GT001749,USR003093,False,,False,False,False,False,False,False,False,False,False,False
CRM005592,GT004592,,False,,False,True,False,False,False,False,False,False,False,False
CRM005593,GT001714,USR003094,False,,False,False,False,False,False,False,False,False,False,False
CRM005594,GT008882,,False,,False,False,False,False,False,False,False,False,False,False
CRM005595,GT002353,,False,,False,False,False,False,False,False,False,False,False,False
CRM005596,GT006726,USR003095,False,,False,False,False,False,False,False,False,False,False,False
CRM005597,GT001680,,False,,False,False,False,False,False,False,False,False,False,False
CRM005598,GT005448,USR003096,False,,False,False,False,False,False,False,False,False,False,False
CRM005599,GT007109,,False,,False,False,False,False,False,False,False,False,False,False
CRM005600,GT002936,USR003097,False,,False,False,False,False,False,False,False,False,False,False
CRM005601,GT007207,,False,,False,False,False,False,False,False,False,False,False,False
CRM005602,GT006142,,False,,False,True,False,False,False,False,False,False,False,False
CRM005603,GT006800,,False,,False,False,False,False,False,False,False,False,False,False
CRM005604,GT001282,,False,,False,False,False,False,False,False,False,False,True,False
CRM005605,GT009362,USR003098,False,,False,False,False,False,False,False,False,False,False,False
CRM005606,GT006515,USR003099,False,,False,False,False,False,False,False,False,False,False,False
CRM005607,GT007712,,False,,False,False,False,False,False,False,False,False,False,False
CRM005608,GT004833,,False,,False,False,False,False,False,False,False,False,True,False
CRM005609,GT000319,USR003100,False,,False,False,False,False,False,False,False,False,False,False
CRM005610,GT001078,,False,,False,False,False,False,False,False,False,False,False,False
CRM005611,GT003634,,False,,False,False,False,False,False,False,False,False,False,False
CRM005612,GT005447,,False,,False,False,False,False,False,False,True,False,False,False
CRM005613,GT004826,USR003101,False,,False,False,False,False,False,False,False,True,False,False
CRM005614,GT009253,,False,,False,True,False,False,False,False,False,False,False,False
CRM005615,GT002927,USR003102,False,,False,False,False,False,False,False,False,False,True,False
CRM005616,GT004778,USR003103,False,,False,False,False,False,False,False,False,False,True,False
CRM005617,GT008759,,False,,False,False,False,False,False,False,True,False,False,True
CRM005618,GT009650,USR003104,False,,False,False,False,False,False,False,False,False,False,False
CRM005619,GT005775,,False,,False,False,False,False,False,False,False,False,True,False
CRM005620,GT007649,,False,,False,False,False,False,True,False,False,False,False,False
CRM005621,GT001453,,False,,False,False,False,False,True,False,False,False,False,True
CRM005622,GT007362,,False,,False,False,False,False,False,False,False,False,False,False
CRM005623,GT002708,USR003105,False,,False,False,False,False,False,False,False,False,True,False
CRM005624,GT006139,USR003106,False,,False,False,False,False,False,False,False,False,False,False
CRM005625,GT006735,,False,,False,False,False,True,False,False,False,False,False,False
CRM005626,GT005501,USR003107,False,,False,False,False,False,False,False,False,False,True,True
CRM005627,GT007366,,False,,False,False,False,False,False,False,False,False,False,False
CRM005628,GT003982,,False,,False,False,False,False,False,False,False,False,False,False
CRM005629,GT000549,,False,,False,False,False,False,False,False,False,False,True,False
CRM005630,GT000339,USR003108,False,,False,False,False,False,False,False,False,False,False,False
CRM005631,GT000456,,False,,False,False,False,False,True,False,False,False,True,True
CRM005632,GT002510,USR003109,False,,False,False,False,False,False,False,False,False,False,False
CRM005633,GT009888,USR003110,False,,False,False,False,False,False,False,False,False,False,False
CRM005634,GT001301,USR003111,False,,False,False,False,False,False,False,False,False,False,False
CRM005635,GT007392,USR003112,False,,False,False,False,False,False,False,False,False,True,False
CRM005636,GT002744,,False,,False,False,False,False,False,False,False,False,True,False
CRM005637,GT002026,USR003113,False,,False,False,False,True,False,False,False,False,False,False
CRM005638,GT002520,,False,,False,False,False,False,False,False,False,False,False,False
CRM005639,GT000256,USR003114,False,,False,False,False,False,False,False,False,False,False,False
CRM005640,GT000736,USR003115,False,,False,False,False,False,False,False,False,False,False,False
CRM005641,GT001839,,False,,False,False,False,False,False,False,False,False,False,False
CRM005642,GT002332,USR003116,False,,False,False,False,False,False,False,False,False,False,False
CRM005643,GT006815,USR003117,False,,False,False,False,False,False,False,False,False,True,False
CRM005644,GT004123,USR003118,False,,False,False,False,False,False,False,False,False,False,True
CRM005645,GT003672,USR003119,False,,False,False,False,False,False,False,False,False,False,False
CRM005646,GT007267,,False,,False,False,False,False,False,False,False,False,True,False
CRM005647,GT002530,USR003120,False,,False,False,False,True,False,False,False,False,False,False
CRM005648,GT009167,,False,,False,False,False,False,False,False,False,False,False,False
CRM005649,GT002974,USR003121,False,,False,False,False,False,True,False,False,False,False,True
CRM005650,GT006887,USR003122,False,,False,False,False,False,False,False,False,False,False,True
CRM005651,GT008596,USR003123,False,,False,False,False,False,False,False,False,True,False,False
CRM005652,GT005042,USR003124,False,,False,False,False,False,False,False,False,False,False,False
CRM005653,GT005488,USR003125,False,,False,False,False,False,False,False,False,False,False,False
CRM005654,GT007536,,False,,False,True,False,False,False,False,False,False,False,False
CRM005655,GT008964,,False,,False,False,False,False,False,False,False,False,False,False
CRM005656,GT000964,,False,,False,False,False,False,False,False,False,False,True,False
CRM005657,GT004779,,False,,False,True,False,False,False,False,False,False,False,False
CRM005658,GT006599,USR003126,False,,False,False,False,False,False,False,False,False,True,False
CRM005659,GT009440,,False,,False,False,False,False,False,False,False,False,False,False
CRM005660,GT006642,USR003127,False,,False,True,False,False,True,False,False,False,False,False
CRM005661,GT002887,,False,,False,False,False,False,False,False,False,False,False,False
CRM005662,GT007015,USR003128,False,,False,False,False,False,True,False,False,False,False,False
CRM005663,GT007523,,False,,False,False,False,False,False,False,False,False,False,False
CRM005664,GT004570,,False,,False,False,False,False,False,False,False,False,False,False
CRM005665,GT004617,USR003129,False,,False,True,False,False,False,False,False,False,False,False
CRM005666,GT001554,USR003130,False,,False,False,False,False,False,False,False,False,False,False
CRM005667,GT003821,USR003131,False,,True,False,False,False,False,False,False,False,False,False
CRM005668,GT005799,USR003132,False,,False,False,False,False,False,True,False,False,False,False
CRM005669,GT004771,,False,,False,False,False,False,True,False,False,False,False,False
CRM005670,GT004147,USR003133,False,,False,False,False,False,False,False,False,False,False,False
CRM005671,GT005129,,False,,False,False,False,False,False,False,False,False,False,False
CRM005672,GT005416,USR003134,False,,False,False,False,False,False,False,False,False,True,False
CRM005673,GT000032,USR003135,False,,False,False,False,False,False,False,False,False,False,False
CRM005674,GT006320,USR003136,False,,False,False,False,False,False,False,False,False,False,False
CRM005675,GT002344,,False,,False,False,False,False,False,False,False,False,False,False
CRM005676,GT009706,,False,,False,False,False,False,False,False,False,False,False,False
CRM005677,GT007958,USR003137,False,,False,False,False,False,False,False,False,False,True,False
CRM005678,GT007472,USR003138,False,,False,False,False,False,False,False,False,False,True,False
CRM005679,GT002616,USR003139,False,,False,False,False,False,False,False,False,False,False,True
CRM005680,GT006581,,False,,False,False,False,False,False,False,False,False,False,False
CRM005681,GT002664,USR003140,False,,False,False,False,False,False,False,False,False,False,False
CRM005682,GT008981,,False,,False,False,False,False,False,False,False,False,True,False
CRM005683,GT002391,,False,,False,False,False,False,False,False,False,False,True,False
CRM005684,GT008553,USR003141,False,,False,False,False,False,False,False,False,False,False,False
CRM005685,GT004510,USR003142,False,,False,False,False,False,False,False,False,False,False,False
CRM005686,GT002115,,False,,False,False,False,False,False,False,False,False,False,False
CRM005687,GT005196,USR003143,False,,False,False,False,False,False,False,False,False,False,False
CRM005688,GT001641,USR003144,False,,False,False,False,True,False,False,False,False,True,False
CRM005689,GT000868,USR003145,False,,False,False,False,False,False,False,False,False,False,False
CRM005690,GT006946,,False,,False,False,False,False,False,False,False,False,True,False
CRM005691,GT004417,USR003146,False,,False,False,False,True,False,False,False,False,False,False
CRM005692,GT008090,,False,,False,True,False,False,False,True,False,False,False,False
CRM005693,GT009838,,False,,False,False,False,False,False,True,False,False,False,False
CRM005694,GT009073,USR003147,False,,False,False,False,False,True,False,False,False,True,False
CRM005695,GT004703,USR003148,False,,False,False,False,False,False,False,False,False,False,False
CRM005696,GT002693,USR003149,False,,False,False,False,False,False,False,False,False,False,False
CRM005697,GT005244,USR003150,False,,False,False,False,False,False,False,False,False,False,False
CRM005698,GT001314,USR003151,False,,False,False,False,False,False,False,False,False,False,False
CRM005699,GT000922,USR003152,False,,False,False,False,False,False,False,False,False,True,False
CRM005700,GT000135,,False,,False,False,False,False,False,False,False,False,True,False
CRM005701,GT006658,,False,,False,False,False,False,True,False,False,False,False,False
CRM005702,GT003129,,False,,False,False,False,False,False,False,False,False,False,False
CRM005703,GT003610,USR003153,False,,False,False,False,False,False,False,False,False,False,False
CRM005704,GT005092,USR003154,False,,False,False,False,False,False,False,False,False,False,False
CRM005705,GT008353,USR003155,False,,False,False,False,False,False,False,False,False,False,False
CRM005706,GT003300,USR003156,False,,False,False,False,False,False,False,False,False,True,False
CRM005707,GT001580,,False,,False,False,False,False,True,False,False,False,False,False
CRM005708,GT008726,USR003157,False,,False,False,False,False,True,False,False,False,False,False
CRM005709,GT009758,USR003158,False,,False,False,False,False,False,False,False,False,False,False
CRM005710,GT000985,,False,,False,False,False,False,False,False,False,False,False,True
CRM005711,GT004334,USR003159,False,,False,False,False,False,False,False,False,False,True,False
CRM005712,GT005048,USR003160,False,,False,False,False,False,False,False,False,False,False,True
CRM005713,GT009516,,False,,False,False,False,False,False,False,False,False,True,False
CRM005714,GT004047,,False,,False,False,False,False,False,False,False,False,False,False
CRM005715,GT001176,,False,,False,False,False,False,False,False,False,False,False,False
CRM005716,GT008432,,False,,False,True,False,False,False,False,False,False,False,False
CRM005717,GT000727,,False,,False,False,False,False,False,False,False,False,False,False
CRM005718,GT005815,,False,,False,False,False,False,False,False,False,False,False,False
CRM005719,GT001821,,False,,False,False,False,False,False,False,False,False,False,False
CRM005720,GT007341,USR003161,False,,False,False,False,False,False,False,False,False,False,False
CRM005721,GT000762,USR003162,False,,True,False,False,False,False,False,False,False,True,True
CRM005722,GT004242,USR003163,False,,False,False,False,False,False,False,False,False,False,False
CRM005723,GT009054,USR003164,False,,False,False,False,False,False,False,False,True,False,False
CRM005724,GT008959,,False,,False,False,False,False,False,False,False,False,False,False
CRM005725,GT009750,USR003165,False,,False,False,False,False,False,False,False,False,True,False
CRM005726,GT008084,USR003166,False,,False,False,False,False,False,False,False,False,False,False
CRM005727,GT006477,,False,,False,False,False,False,False,False,False,False,False,False
CRM005728,GT006037,,False,,False,False,False,False,False,True,False,False,False,False
CRM005729,GT000282,USR003167,False,,False,False,False,False,False,False,False,False,False,False
CRM005730,GT003560,,False,,False,False,False,False,False,False,False,False,False,False
CRM005731,GT007524,,False,,False,False,False,False,True,False,False,False,False,False
CRM005732,GT000031,USR003168,False,,False,False,False,False,False,False,False,False,False,False
CRM005733,GT007892,USR003169,False,,False,False,False,False,False,False,False,False,False,False
CRM005734,GT001233,,False,,False,False,False,False,False,False,False,True,False,False
CRM005735,GT001120,USR003170,False,,False,False,False,False,False,False,False,False,False,True
CRM005736,GT003324,,False,,False,False,False,False,False,False,False,False,False,False
CRM005737,GT006766,USR003171,False,,False,False,False,False,False,False,False,False,True,False
CRM005738,GT007143,,False,,False,False,False,False,False,False,False,False,False,False
CRM005739,GT009059,USR003172,False,,False,False,False,False,True,False,False,False,False,True
CRM005740,GT002491,,False,,False,False,False,False,False,False,False,False,False,False
CRM005741,GT003901,,False,,False,False,False,False,False,True,False,False,False,False
CRM005742,GT006025,USR003173,False,,True,False,False,False,False,False,False,False,False,False
CRM005743,GT009891,,False,,False,False,False,False,False,False,False,False,False,False
CRM005744,GT009348,USR003174,False,,False,False,False,False,False,False,False,False,False,False
CRM005745,GT008008,,False,,False,False,False,False,False,False,False,False,False,False
CRM005746,GT007691,USR003175,False,,False,False,False,False,False,False,False,False,True,False
CRM005747,GT001264,,False,,False,True,False,False,False,False,False,False,False,True
CRM005748,GT008206,,False,,False,False,False,False,False,False,False,False,True,False
CRM005749,GT002309,USR003176,False,,False,False,False,False,False,False,False,False,False,False
CRM005750,GT002084,USR003177,False,,False,False,False,False,False,False,False,False,False,False
CRM005751,GT009944,,False,,False,True,True,False,False,False,False,False,False,True
CRM005752,GT000452,USR003178,False,,False,False,False,False,False,False,False,False,False,False
CRM005753,GT005131,,False,,True,False,False,False,False,False,False,False,False,True
CRM005754,GT000503,USR003179,False,,False,True,False,False,False,False,False,False,False,False
CRM005755,GT001699,,False,,False,False,False,False,False,False,False,False,False,False
CRM005756,GT005812,,False,,False,False,False,False,False,False,False,False,False,False
CRM005757,GT006271,USR003180,False,,False,False,False,False,False,False,False,False,False,False
CRM005758,GT003218,USR003181,False,,True,False,False,False,False,False,False,False,False,False
CRM005759,GT000683,USR003182,False,,False,False,False,False,False,False,False,False,False,False
CRM005760,GT000443,,False,,False,False,False,False,False,False,True,False,False,False
CRM005761,GT004735,,False,,False,False,False,False,False,False,False,False,False,False
CRM005762,GT006519,USR003183,False,,False,False,False,False,False,True,False,False,False,False
CRM005763,GT001501,USR003184,False,,False,False,False,False,False,False,False,False,False,False
CRM005764,GT005960,,False,,False,False,False,False,False,False,False,False,False,False
CRM005765,GT000152,USR003185,False,,False,False,False,False,False,False,False,False,False,False
CRM005766,GT008251,USR003186,False,,False,False,False,False,False,False,True,False,False,False
CRM005767,GT000225,USR003187,False,,False,False,False,False,False,False,False,False,True,False
CRM005768,GT007417,USR003188,False,,False,False,False,False,False,False,False,False,False,False
CRM005769,GT002517,USR003189,False,,False,False,False,False,False,False,False,False,False,False
CRM005770,GT006498,,False,,False,False,False,False,True,False,False,False,True,False
CRM005771,GT004041,,False,,False,False,False,False,False,False,False,False,True,False
CRM005772,GT007511,USR003190,False,,False,False,False,False,False,False,False,False,False,False
CRM005773,GT007309,USR003191,False,,False,False,False,False,False,False,False,False,False,False
CRM005774,GT000977,USR003192,False,,False,False,True,False,False,False,False,False,True,False
CRM005775,GT006401,USR003193,False,,False,False,False,False,False,False,False,False,True,False
CRM005776,GT003284,,False,,False,False,False,False,False,False,False,False,False,False
CRM005777,GT008015,USR003194,False,,False,False,False,False,False,False,False,False,False,False
CRM005778,GT008171,USR003195,False,,False,False,False,False,False,False,False,False,False,False
CRM005779,GT007933,USR003196,False,,False,False,False,False,False,True,False,False,True,False
CRM005780,GT000835,,False,,False,False,False,False,False,False,False,False,False,False
CRM005781,GT004150,USR003197,False,,False,False,False,False,False,True,False,False,False,False
CRM005782,GT000251,,False,,False,False,False,False,False,False,False,False,False,False
CRM005783,GT009458,USR003198,False,,False,False,False,False,False,False,False,False,False,True
CRM005784,GT008716,USR003199,False,,False,True,False,False,False,True,False,False,False,False
CRM005785,GT001449,,False,,False,False,False,False,False,False,False,False,False,False
CRM005786,GT000788,,False,,False,False,False,False,True,False,True,False,True,False
CRM005787,GT005118,,False,,False,False,False,False,False,False,False,False,False,False
CRM005788,GT007888,,False,,False,False,False,False,False,False,False,False,False,False
CRM005789,GT007841,USR003200,False,,False,False,False,False,True,False,False,False,True,False
CRM005790,GT009282,,False,,False,False,False,False,False,False,False,False,False,False
CRM005791,GT000237,,False,,False,False,False,False,False,False,False,False,False,False
CRM005792,GT003836,,False,,False,False,False,False,False,False,False,False,False,False
CRM005793,GT003478,USR003201,False,,False,False,False,False,False,False,False,False,True,False
CRM005794,GT004353,USR003202,False,,False,False,False,False,False,False,False,False,False,False
CRM005795,GT006126,USR003203,False,,False,False,False,False,False,False,False,False,False,False
CRM005796,GT008024,,False,,False,False,False,False,False,False,False,False,False,False
CRM005797,GT002909,,False,,False,False,False,False,True,False,False,False,False,False
CRM005798,GT007854,,False,,False,False,False,False,False,False,False,False,False,False
CRM005799,GT006953,USR003204,False,,False,False,False,False,False,False,False,False,False,False
CRM005800,GT002402,,False,,False,False,False,False,False,False,False,True,False,False
CRM005801,GT002820,USR003205,False,,False,False,True,False,False,False,False,False,False,False
CRM005802,GT000218,USR003206,False,,True,False,False,False,False,False,False,False,True,True
CRM005803,GT006386,USR003207,False,,False,True,False,False,False,False,False,False,False,False
CRM005804,GT001252,USR003208,False,,False,False,False,False,False,False,False,False,True,False
CRM005805,GT008512,USR003209,False,,False,False,False,False,False,False,False,False,False,False
CRM005806,GT006080,,False,,False,False,False,False,False,False,False,False,False,False
CRM005807,GT006893,,False,,False,False,False,False,False,False,False,False,True,True
CRM005808,GT006301,USR003210,False,,False,False,False,False,False,False,False,False,False,False
CRM005809,GT001439,USR003211,False,,False,False,False,False,True,False,False,False,False,False
CRM005810,GT002831,USR003212,False,,False,False,False,False,False,False,False,False,False,False
CRM005811,GT004975,USR003213,False,,False,False,False,False,False,True,False,False,False,False
CRM005812,GT007748,,False,,False,False,False,False,False,False,False,False,False,False
CRM005813,GT008613,,False,,False,False,False,False,False,False,False,False,True,False
CRM005814,GT008961,,False,,False,False,False,False,False,False,False,False,True,True
CRM005815,GT009358,USR003214,False,,False,False,False,False,False,False,False,False,False,False
CRM005816,GT007515,,False,,False,False,False,False,False,False,False,False,False,False
CRM005817,GT007685,USR003215,False,,False,False,False,False,False,False,False,False,True,False
CRM005818,GT003230,,False,,False,True,False,False,False,False,False,False,False,True
CRM005819,GT001183,,False,,False,False,False,False,False,False,False,False,False,False
CRM005820,GT000905,,False,,True,False,False,False,False,False,False,True,True,False
CRM005821,GT003586,,False,,False,False,False,False,False,False,False,False,True,False
CRM005822,GT005438,USR003216,False,,True,False,False,False,False,False,False,False,False,True
CRM005823,GT007887,,False,,False,False,False,False,False,False,False,False,True,True
CRM005824,GT009976,USR003217,False,,False,False,True,False,False,False,False,False,False,False
CRM005825,GT008878,USR003218,False,,False,False,False,False,False,False,False,False,False,False
CRM005826,GT002829,USR003219,False,,False,False,False,False,False,False,True,False,False,False
CRM005827,GT002104,USR003220,False,,True,False,False,False,True,False,False,False,False,False
CRM005828,GT004652,,False,,False,False,False,False,False,False,False,False,False,False
CRM005829,GT005259,USR003221,False,,False,False,False,False,True,False,False,False,False,False
CRM005830,GT001497,,False,,False,False,False,False,False,False,False,False,False,False
CRM005831,GT007842,,False,,False,False,False,False,False,False,False,False,False,False
CRM005832,GT002789,,False,,False,True,False,False,False,False,False,False,False,False
CRM005833,GT002230,USR003222,False,,False,False,False,False,False,False,False,False,False,False
CRM005834,GT007285,,False,,False,False,False,False,False,False,False,False,False,True
CRM005835,GT002122,USR003223,False,,False,True,False,False,False,False,True,False,False,False
CRM005836,GT008114,,False,,False,False,False,False,False,False,False,False,False,False
CRM005837,GT002944,USR003224,False,,False,False,False,False,False,False,False,False,False,False
CRM005838,GT007609,USR003225,False,,False,True,False,False,False,False,False,False,False,False
CRM005839,GT009318,USR003226,False,,False,False,False,False,False,False,False,False,True,False
CRM005840,GT006501,,False,,False,False,False,False,False,False,False,False,True,False
CRM005841,GT001187,,False,,False,False,False,False,False,False,False,False,False,False
CRM005842,GT007741,USR003227,False,,False,False,False,False,False,False,False,False,True,True
CRM005843,GT006487,USR003228,False,,False,False,False,False,False,False,False,False,False,False
CRM005844,GT000101,,False,,False,False,False,False,False,False,False,False,False,False
CRM005845,GT006915,USR003229,False,,False,False,False,False,False,False,False,False,False,False
CRM005846,GT006421,USR003230,False,,False,False,False,False,False,False,False,False,False,False
CRM005847,GT006936,USR003231,False,,False,False,False,False,False,False,False,False,False,False
CRM005848,GT004772,USR003232,False,,False,False,False,False,False,False,False,False,False,False
CRM005849,GT007765,,False,,False,False,False,False,False,True,False,False,False,False
CRM005850,GT002135,USR003233,False,,False,False,False,False,False,False,False,False,True,False
CRM005851,GT003353,,False,,False,False,False,False,False,False,False,False,True,False
CRM005852,GT005049,,False,,False,True,False,False,False,False,False,False,False,False
CRM005853,GT005091,,False,,False,True,False,False,False,False,False,True,False,False
CRM005854,GT008440,USR003234,False,,False,False,False,False,False,False,False,False,False,False
CRM005855,GT002608,,False,,False,False,False,False,False,False,False,False,False,False
CRM005856,GT006620,,False,,False,False,False,False,False,False,False,False,False,False
CRM005857,GT000746,,False,,False,False,False,False,False,False,False,False,False,False
CRM005858,GT006649,USR003235,False,,True,False,False,False,False,False,False,False,True,False
CRM005859,GT000083,USR003236,False,,False,False,False,False,True,True,False,False,True,False
CRM005860,GT005832,,False,,False,False,False,False,False,False,False,False,False,False
CRM005861,GT004002,,False,,False,False,False,False,False,False,False,False,False,False
CRM005862,GT007236,,False,,False,False,False,False,False,False,False,False,False,True
CRM005863,GT007269,USR003237,False,,False,False,False,False,False,False,False,False,False,False
CRM005864,GT004515,,False,,False,False,False,True,True,False,False,False,False,False
CRM005865,GT003311,USR003238,False,,False,False,False,False,False,False,False,False,True,False
CRM005866,GT009473,,False,,False,False,False,False,False,False,False,False,True,False
CRM005867,GT001068,,False,,False,False,False,False,False,False,False,False,False,False
CRM005868,GT004566,,False,,False,False,False,False,False,False,False,False,False,False
CRM005869,GT007614,,False,,False,False,False,False,False,False,False,False,False,False
CRM005870,GT000646,,False,,False,False,False,False,False,False,False,False,True,False
CRM005871,GT007863,USR003239,False,,False,False,False,False,False,False,False,False,False,False
CRM005872,GT000634,,False,,False,False,False,False,False,False,False,False,False,False
CRM005873,GT009240,,False,,False,False,False,False,False,False,False,False,False,True
CRM005874,GT008609,USR003240,False,,False,False,False,False,False,True,False,False,False,False
CRM005875,GT007325,,False,,False,False,True,False,False,False,False,False,False,True
CRM005876,GT008575,USR003241,False,,False,True,False,False,False,False,False,False,False,False
CRM005877,GT007844,USR003242,False,,False,False,False,False,False,False,False,False,False,False
CRM005878,GT002970,,False,,False,False,False,False,False,False,False,False,False,False
CRM005879,GT005426,USR003243,False,,False,False,False,False,False,False,False,False,False,False
CRM005880,GT008491,,False,,False,False,False,False,False,False,False,False,False,True
CRM005881,GT006308,USR003244,False,,False,False,False,False,False,False,False,False,False,False
CRM005882,GT002961,USR003245,False,,False,False,False,False,False,False,False,False,False,True
CRM005883,GT008271,,False,,False,False,False,False,False,False,False,False,False,False
CRM005884,GT008857,USR003246,False,,False,False,False,False,False,False,False,False,False,False
CRM005885,GT002432,,False,,False,False,False,False,False,False,False,False,True,False
CRM005886,GT009950,USR003247,False,,False,False,False,False,False,True,False,False,False,False
CRM005887,GT000984,,False,,False,False,False,False,False,False,False,False,True,False
CRM005888,GT008741,USR003248,False,,False,False,False,False,False,False,False,False,False,False
CRM005889,GT001444,USR003249,False,,False,True,False,False,False,False,False,False,False,False
CRM005890,GT000395,,False,,False,False,False,False,False,False,False,False,True,False
CRM005891,GT008172,,False,,False,False,False,False,False,False,False,False,True,False
CRM005892,GT007935,,False,,False,False,False,False,False,True,False,False,True,False
CRM005893,GT001285,,False,,False,False,False,True,False,False,False,False,False,False
CRM005894,GT008983,USR003250,False,,False,False,False,False,False,False,False,False,False,False
CRM005895,GT009445,USR003251,False,,False,False,False,False,False,False,False,False,False,False
CRM005896,GT003614,USR003252,False,,False,False,False,False,False,True,False,False,True,False
CRM005897,GT008120,USR003253,False,,False,True,False,False,False,False,False,False,False,False
CRM005898,GT001119,USR003254,False,,False,False,False,False,True,False,False,False,True,False
CRM005899,GT003877,,False,,False,False,True,False,False,False,False,False,False,False
CRM005900,GT005399,,False,,False,False,False,False,False,False,False,False,False,False
CRM005901,GT005651,USR003255,False,,False,False,False,False,False,False,False,False,False,False
CRM005902,GT004792,,False,,False,False,False,False,False,False,False,False,False,False
CRM005903,GT000259,USR003256,False,,False,False,False,False,False,False,False,False,False,False
CRM005904,GT008346,USR003257,False,,False,False,False,False,False,False,False,False,True,False
CRM005905,GT002862,USR003258,False,,True,False,False,True,False,False,False,False,False,False
CRM005906,GT008025,,False,,False,False,False,False,False,False,False,False,False,False
CRM005907,GT002304,,False,,False,True,False,False,False,False,False,False,False,False
CRM005908,GT007293,USR003259,False,,False,False,False,False,False,False,False,False,True,False
CRM005909,GT005443,USR003260,False,,False,False,False,False,False,False,False,False,True,True
CRM005910,GT009474,,False,,False,False,False,False,False,False,False,False,False,False
CRM005911,GT008839,,False,,False,True,False,False,False,False,False,False,False,False
CRM005912,GT000322,USR003261,False,,False,False,False,False,False,False,False,False,False,False
CRM005913,GT003521,USR003262,False,,False,False,False,False,False,False,False,False,False,False
CRM005914,GT001134,,False,,False,False,False,False,False,False,False,False,True,False
CRM005915,GT003388,,False,,False,False,False,False,False,False,False,False,False,True
CRM005916,GT003541,,False,,False,False,False,False,False,False,False,False,False,False
CRM005917,GT000461,,False,,False,False,False,False,False,False,False,False,False,False
CRM005918,GT006204,USR003263,False,,False,False,False,False,False,False,False,False,False,False
CRM005919,GT005613,USR003264,False,,False,True,False,False,False,False,False,False,False,False
CRM005920,GT003499,,False,,False,False,False,False,False,False,False,False,False,False
CRM005921,GT005122,USR003265,False,,False,False,False,False,False,False,False,False,False,False
CRM005922,GT002741,USR003266,False,,False,False,False,False,False,False,False,False,False,False
CRM005923,GT002534,USR003267,False,,False,False,False,False,False,False,False,False,False,False
CRM005924,GT004948,,False,,False,False,False,False,False,False,False,False,False,False
CRM005925,GT002705,USR003268,False,,False,False,True,False,False,False,False,False,False,False
CRM005926,GT006328,USR003269,False,,False,False,False,False,False,False,False,False,False,False
CRM005927,GT007226,USR003270,False,,False,False,False,False,False,False,False,False,False,False
CRM005928,GT003954,USR003271,False,,False,False,False,False,False,False,False,False,False,False
CRM005929,GT001692,,False,,False,False,False,False,False,False,False,False,False,False
CRM005930,GT006886,USR003272,False,,False,False,False,False,False,False,False,False,False,False
CRM005931,GT002130,,False,,False,False,False,False,False,False,False,False,False,False
CRM005932,GT000066,USR003273,False,,False,False,False,False,False,False,False,False,False,False
CRM005933,GT001017,USR003274,False,,False,False,False,False,False,False,False,False,False,True
CRM005934,GT004988,,False,,False,False,False,True,False,False,False,False,True,False
CRM005935,GT001304,,False,,False,False,True,False,False,False,False,False,False,False
CRM005936,GT002066,,False,,False,True,False,False,False,False,False,False,False,False
CRM005937,GT007177,USR003275,False,,False,False,False,False,False,False,False,False,False,False
CRM005938,GT001642,USR003276,False,,False,False,False,False,False,False,False,False,False,False
CRM005939,GT009026,,False,,False,False,False,False,False,False,False,False,False,False
CRM005940,GT007379,USR003277,False,,False,False,False,False,False,False,False,False,False,True
CRM005941,GT005598,USR003278,False,,False,False,False,False,False,False,False,False,False,False
CRM005942,GT003021,,False,,False,False,False,False,True,False,False,False,False,False
CRM005943,GT007426,USR003279,False,,False,False,False,False,False,False,False,False,False,False
CRM005944,GT004360,USR003280,False,,False,False,False,False,False,False,False,False,False,True
CRM005945,GT003104,USR003281,False,,False,False,False,False,False,False,False,False,False,True
CRM005946,GT002404,USR003282,False,,False,False,False,False,False,False,False,False,False,False
CRM005947,GT003878,USR003283,False,,False,True,False,False,False,False,False,False,False,False
CRM005948,GT003581,,False,,False,False,False,False,True,False,False,False,True,False
CRM005949,GT000639,,False,,False,False,False,False,False,False,False,False,False,False
CRM005950,GT001959,,False,,False,False,False,False,False,False,False,False,False,False
CRM005951,GT003622,USR003284,False,,False,False,False,False,False,False,False,False,False,False
CRM005952,GT008711,,False,,False,False,False,False,False,False,False,False,False,False
CRM005953,GT003696,,False,,False,False,False,False,False,False,False,False,False,False
CRM005954,GT002703,,False,,False,False,False,False,False,False,False,True,False,False
CRM005955,GT008402,USR003285,False,,False,False,False,False,False,False,False,False,True,False
CRM005956,GT001488,USR003286,False,,False,False,True,False,False,False,False,False,False,False
CRM005957,GT006243,USR003287,False,,False,False,False,False,False,False,False,False,False,True
CRM005958,GT008209,USR003288,False,,False,False,False,False,False,False,False,False,True,False
CRM005959,GT004444,USR003289,False,,False,True,False,False,False,False,False,False,False,False
CRM005960,GT001984,,False,,False,False,False,False,False,False,False,False,False,False
CRM005961,GT007752,USR003290,False,,False,False,False,False,True,False,False,False,False,False
CRM005962,GT005530,,False,,False,False,False,False,False,False,False,False,False,False
CRM005963,GT004843,USR003291,False,,False,False,False,False,False,False,False,True,False,True
CRM005964,GT008571,USR003292,False,,False,False,False,False,False,True,False,False,False,False
CRM005965,GT003188,,False,,False,False,False,False,False,False,False,False,False,False
CRM005966,GT002888,USR003293,False,,False,False,False,False,False,False,False,False,False,False
CRM005967,GT007937,USR003294,False,,False,False,False,False,False,False,False,False,False,False
CRM005968,GT004731,USR003295,False,,False,False,False,False,False,False,False,False,False,False
CRM005969,GT000179,,False,,False,False,False,False,False,False,False,False,False,False
CRM005970,GT009567,USR003296,False,,False,False,False,False,False,False,False,False,False,False
CRM005971,GT009600,USR003297,False,,False,True,False,False,False,False,False,False,False,False
CRM005972,GT006806,,False,,False,False,False,False,False,False,False,False,False,False
CRM005973,GT005144,,False,,False,True,False,False,False,False,True,False,False,False
CRM005974,GT004688,USR003298,False,,False,False,False,False,False,False,False,False,True,False
CRM005975,GT007028,USR003299,False,,False,False,False,False,False,False,False,False,False,False
CRM005976,GT003706,,False,,False,False,False,False,False,True,False,False,False,False
CRM005977,GT002044,USR003300,False,,False,False,False,False,False,False,False,False,False,True
CRM005978,GT004889,,False,,False,False,False,False,False,False,False,False,True,False
CRM005979,GT000012,USR003301,False,,False,False,False,False,True,False,False,False,False,True
CRM005980,GT004154,,False,,False,False,False,False,False,False,False,False,False,False
CRM005981,GT005209,,False,,False,False,False,False,False,False,False,False,False,False
CRM005982,GT000400,USR003302,False,,False,False,False,False,False,False,False,False,False,False
CRM005983,GT002488,,False,,False,False,False,False,False,False,False,False,False,False
CRM005984,GT001874,USR003303,False,,False,False,False,False,False,False,False,False,False,True
CRM005985,GT005707,USR003304,False,,False,False,False,False,False,False,False,False,False,False
CRM005986,GT000191,USR003305,False,,False,False,False,False,False,False,False,False,False,False
CRM005987,GT008804,,False,,False,False,False,False,False,False,False,False,False,False
CRM005988,GT003222,,False,,False,False,False,False,False,False,False,False,False,False
CRM005989,GT003135,USR003306,False,,False,True,False,False,False,False,False,False,False,False
CRM005990,GT001377,USR003307,False,,False,True,False,False,False,False,False,False,False,False
CRM005991,GT004079,,False,,False,True,False,False,False,False,False,False,False,False
CRM005992,GT001823,USR003308,False,,False,False,False,False,False,False,False,False,True,False
CRM005993,GT004733,USR003309,False,,False,False,False,False,False,False,False,False,False,False
CRM005994,GT004234,,False,,False,True,False,False,False,False,False,False,False,False
CRM005995,GT002821,,False,,False,False,False,False,False,True,False,False,False,False
CRM005996,GT001790,,False,,False,False,False,False,False,False,False,False,False,False
CRM005997,GT009582,USR003310,False,,False,False,False,False,False,False,False,False,True,False
CRM005998,GT009899,USR003311,False,,False,False,False,False,False,False,False,False,True,False
CRM005999,GT005854,USR003312,False,,False,False,False,False,False,False,False,False,False,False
CRM006000,GT003679,,False,,False,False,False,False,False,False,False,False,False,False
CRM006001,GT006311,,False,,False,False,False,False,False,False,False,False,False,False
CRM006002,GT009326,USR003313,False,,False,False,False,False,False,False,False,False,False,False
CRM006003,GT003087,,False,,False,False,False,False,True,False,False,False,True,False
CRM006004,GT004505,,False,,False,False,False,False,False,False,False,False,False,False
CRM006005,GT008969,USR003314,False,,False,False,False,False,False,False,False,False,False,False
CRM006006,GT006375,USR003315,False,,False,False,False,False,False,False,False,False,False,False
CRM006007,GT005261,,False,,False,False,False,False,False,False,False,False,True,False
CRM006008,GT006511,USR003316,False,,False,False,False,False,False,True,False,False,True,False
CRM006009,GT000321,USR003317,False,,False,True,False,False,False,False,False,False,False,False
CRM006010,GT005594,USR003318,False,,False,True,False,False,False,True,False,False,False,False
CRM006011,GT003186,,False,,False,False,True,False,False,False,False,False,False,False
CRM006012,GT005356,USR003319,False,,False,False,False,False,False,False,False,False,False,False
CRM006013,GT003151,USR003320,False,,False,True,False,False,False,False,True,False,False,False
CRM006014,GT004431,,False,,False,False,False,False,False,True,False,False,False,False
CRM006015,GT009122,,False,,False,False,False,False,False,False,False,False,False,False
CRM006016,GT007590,USR003321,False,,False,False,False,False,False,False,False,False,False,False
CRM006017,GT000421,,False,,False,False,False,False,False,False,False,False,False,False
CRM006018,GT006124,USR003322,False,,False,True,False,False,False,False,False,False,False,True
CRM006019,GT005490,USR003323,False,,False,True,False,False,False,False,False,False,False,False
CRM006020,GT007770,USR003324,False,,False,False,False,False,False,False,False,False,False,False
CRM006021,GT007555,USR003325,False,,False,False,False,False,False,True,False,False,False,True
CRM006022,GT007922,,False,,False,False,False,False,False,True,False,False,True,False
CRM006023,GT005028,,False,,False,False,False,False,False,False,False,False,False,False
CRM006024,GT009791,,False,,False,False,False,False,False,False,False,False,False,False
CRM006025,GT003453,USR003326,False,,False,False,False,False,False,False,False,False,True,True
CRM006026,GT005907,USR003327,False,,True,False,False,False,False,False,False,False,False,False
CRM006027,GT009830,USR003328,False,,False,True,False,False,False,False,False,False,False,False
CRM006028,GT002737,USR003329,False,,False,False,False,True,False,False,False,False,True,False
CRM006029,GT009256,USR003330,False,,False,False,False,False,False,False,False,False,False,False
CRM006030,GT000880,USR003331,False,,False,False,False,False,False,False,False,False,False,False
CRM006031,GT003807,,False,,False,True,False,False,True,False,False,False,False,False
CRM006032,GT005079,,False,,True,False,False,False,False,False,False,False,False,False
CRM006033,GT008329,USR003332,False,,False,False,False,False,False,False,True,False,True,False
CRM006034,GT007468,,False,,False,False,False,False,False,False,False,False,False,False
CRM006035,GT008255,USR003333,False,,False,False,False,False,False,False,False,False,True,False
CRM006036,GT007976,,False,,False,False,False,False,False,False,False,False,False,False
CRM006037,GT005662,,False,,False,False,False,False,False,False,False,True,False,False
CRM006038,GT009219,,False,,False,True,False,True,False,False,False,False,False,False
CRM006039,GT000342,,False,,False,False,False,False,False,False,False,False,False,False
CRM006040,GT001610,USR003334,False,,False,True,False,False,False,False,False,False,False,False
CRM006041,GT005117,,False,,False,False,False,False,False,False,False,False,False,False
CRM006042,GT004421,,False,,False,False,False,False,False,False,False,False,False,False
CRM006043,GT005520,,False,,False,False,False,False,False,False,False,False,False,False
CRM006044,GT008555,,False,,False,True,False,False,False,False,False,False,False,False
CRM006045,GT000970,USR003335,False,,False,False,True,False,False,False,False,False,False,False
CRM006046,GT006107,USR003336,False,,False,False,False,False,False,False,False,False,False,False
CRM006047,GT000839,USR003337,False,,False,True,False,False,False,True,False,False,False,True
CRM006048,GT009815,USR003338,False,,False,False,False,False,False,False,False,False,False,False
CRM006049,GT004367,USR003339,False,,False,False,False,False,False,False,False,False,False,False
CRM006050,GT002566,USR003340,False,,False,False,False,False,False,False,False,False,False,False
CRM006051,GT007696,USR003341,False,,False,False,False,False,False,False,False,False,False,False
CRM006052,GT008855,USR003342,False,,False,True,False,False,False,False,False,False,False,False
CRM006053,GT008265,USR003343,False,,False,False,True,False,False,False,False,False,True,False
CRM006054,GT009248,USR003344,False,,False,False,False,False,False,False,False,False,True,False
CRM006055,GT008341,,False,,False,False,False,False,False,False,False,False,False,False
CRM006056,GT006417,,False,,False,True,False,False,False,False,False,False,False,True
CRM006057,GT000303,,False,,False,False,False,False,False,False,False,False,False,False
CRM006058,GT006888,USR003345,False,,False,False,False,False,False,False,False,False,True,False
CRM006059,GT005928,,False,,False,False,False,False,False,False,False,False,False,False
CRM006060,GT008170,USR003346,False,,False,False,True,False,False,False,False,False,False,False
CRM006061,GT003824,,False,,False,False,False,False,False,True,False,False,False,False
CRM006062,GT000725,USR003347,False,,False,False,False,False,False,False,False,False,False,False
CRM006063,GT002563,,False,,False,False,False,False,False,False,False,False,False,False
CRM006064,GT003919,,False,,False,False,False,False,False,False,False,False,False,False
CRM006065,GT005920,,False,,False,False,False,False,False,False,False,False,False,False
CRM006066,GT007927,,False,,False,False,False,False,False,False,False,False,False,False
CRM006067,GT008160,,False,,False,False,False,False,False,False,False,False,False,False
CRM006068,GT000761,,False,,False,False,False,False,False,False,False,False,True,False
CRM006069,GT006242,USR003348,False,,False,True,False,False,False,False,False,True,False,False
CRM006070,GT004866,USR003349,False,,False,False,False,False,False,False,False,False,False,False
CRM006071,GT008901,,False,,False,False,False,False,False,False,False,False,False,False
CRM006072,GT005912,,False,,False,True,False,False,False,True,False,False,False,False
CRM006073,GT009309,,False,,False,False,False,False,False,False,False,False,False,False
CRM006074,GT001496,USR003350,False,,False,False,False,False,False,False,False,False,False,False
CRM006075,GT003366,USR003351,False,,False,False,False,False,False,False,False,False,False,False
CRM006076,GT004244,,False,,False,False,False,False,False,False,False,False,False,False
CRM006077,GT000413,USR003352,False,,False,False,False,False,False,False,False,False,False,False
CRM006078,GT002428,,False,,False,False,False,False,False,False,False,False,False,False
CRM006079,GT005061,,False,,False,False,False,False,False,False,False,False,False,False
CRM006080,GT006743,,False,,False,True,False,False,False,False,False,False,False,False
CRM006081,GT004742,USR003353,False,,False,False,False,False,False,False,False,False,False,False
CRM006082,GT003646,,False,,False,False,False,False,False,False,False,False,False,False
CRM006083,GT007503,,False,,False,False,False,False,False,True,False,False,False,False
CRM006084,GT006589,,False,,False,False,False,False,False,False,False,False,False,False
CRM006085,GT005452,USR003354,False,,False,True,False,False,False,False,False,False,False,False
CRM006086,GT003788,USR003355,False,,False,False,False,False,False,False,False,False,False,False
CRM006087,GT008536,USR003356,False,,False,False,False,False,False,False,False,False,False,False
CRM006088,GT001052,USR003357,False,,False,False,False,True,False,False,False,True,False,False
CRM006089,GT003286,USR003358,False,,False,False,False,False,False,False,False,False,False,False
CRM006090,GT001118,,False,,False,False,False,False,False,True,False,False,False,False
CRM006091,GT004396,USR003359,False,,False,False,False,False,False,False,False,False,True,False
CRM006092,GT008819,,False,,False,False,False,False,False,False,False,False,False,False
CRM006093,GT001347,,False,,False,False,False,False,False,False,False,False,True,False
CRM006094,GT000633,,False,,False,False,False,False,False,False,False,False,False,True
CRM006095,GT005793,USR003360,False,,False,False,False,False,False,False,False,False,False,False
CRM006096,GT000846,USR003361,False,,False,False,False,False,False,False,False,False,False,False
CRM006097,GT007964,,False,,False,False,False,False,False,False,False,False,True,False
CRM006098,GT008506,,False,,False,True,False,False,False,False,False,False,False,False
CRM006099,GT007264,,False,,False,False,True,False,False,False,False,False,False,False
CRM006100,GT009992,,False,,False,True,False,False,False,False,False,False,False,False
CRM006101,GT003829,,False,,False,False,False,False,False,False,False,False,True,True
CRM006102,GT000454,,False,,False,False,False,False,False,False,True,False,True,False
CRM006103,GT002587,USR003362,False,,False,False,False,False,False,False,False,False,True,False
CRM006104,GT004422,,False,,False,False,False,False,False,False,False,False,False,False
CRM006105,GT004591,USR003363,False,,False,False,False,False,True,False,False,False,False,False
CRM006106,GT009085,,False,,False,True,False,False,False,False,False,False,False,False
CRM006107,GT009656,,False,,False,False,False,False,False,False,False,False,False,False
CRM006108,GT003490,,False,,False,False,False,False,False,False,False,False,False,False
CRM006109,GT002610,USR003364,False,,False,False,False,False,False,False,False,False,False,False
CRM006110,GT003016,,False,,False,False,False,False,False,False,False,False,False,False
CRM006111,GT006539,USR003365,False,,False,True,False,False,False,False,False,False,False,False
CRM006112,GT009674,USR003366,False,,False,False,False,False,True,False,False,False,False,False
CRM006113,GT006214,USR003367,False,,False,False,False,False,False,False,False,False,False,False
CRM006114,GT003314,USR003368,False,,False,True,False,True,False,False,False,False,False,False
CRM006115,GT003777,USR003369,False,,False,False,False,False,False,False,False,False,True,True
CRM006116,GT000877,USR003370,False,,False,False,False,False,False,False,True,False,False,False
CRM006117,GT006647,USR003371,False,,False,False,True,False,False,False,False,False,False,False
CRM006118,GT008366,,False,,False,False,False,False,False,False,False,False,False,False
CRM006119,GT002424,,False,,False,False,False,False,False,True,False,False,False,False
CRM006120,GT002963,USR003372,False,,False,False,False,False,False,False,False,False,False,False
CRM006121,GT002124,USR003373,False,,False,False,False,False,False,False,False,False,True,False
CRM006122,GT009355,USR003374,False,,False,False,False,False,False,False,False,False,False,False
CRM006123,GT001029,USR003375,False,,False,False,False,False,False,False,False,False,False,False
CRM006124,GT001637,,False,,False,False,False,False,False,False,False,False,False,False
CRM006125,GT004676,USR003376,False,,False,False,False,False,False,False,False,False,False,True
CRM006126,GT004686,USR003377,False,,False,False,False,False,False,False,False,False,False,False
CRM006127,GT007670,,False,,False,True,False,False,False,False,False,False,False,False
CRM006128,GT004430,USR003378,False,,False,False,False,False,False,False,False,False,False,False
CRM006129,GT000051,,False,,False,True,False,False,False,False,False,False,False,False
CRM006130,GT003157,,False,,False,False,False,False,False,False,False,False,False,False
CRM006131,GT000518,USR003379,False,,False,False,False,False,False,False,False,False,False,False
CRM006132,GT004309,,False,,False,False,False,False,False,False,False,False,True,True
CRM006133,GT008694,USR003380,False,,False,False,False,False,False,False,False,False,True,False
CRM006134,GT008672,USR003381,False,,False,False,False,False,False,False,False,False,True,False
CRM006135,GT007183,,False,,False,False,False,False,False,False,False,False,False,False
CRM006136,GT006666,,False,,False,True,False,False,False,False,False,False,False,False
CRM006137,GT001047,USR003382,False,,False,False,False,False,False,False,False,False,True,False
CRM006138,GT008657,USR003383,False,,False,False,False,False,False,False,False,False,True,True
CRM006139,GT009421,USR003384,False,,False,False,False,True,False,False,False,False,False,False
CRM006140,GT002890,,False,,False,False,False,True,True,False,False,False,False,False
CRM006141,GT001365,,False,,False,False,False,False,False,True,False,False,False,False
CRM006142,GT009046,USR003385,False,,False,False,False,True,False,False,False,False,False,False
CRM006143,GT008242,USR003386,False,,False,False,True,False,False,False,False,False,False,False
CRM006144,GT006612,,False,,False,False,False,False,False,False,False,False,False,False
CRM006145,GT008924,,False,,False,False,False,False,False,False,False,False,False,False
CRM006146,GT001429,USR003387,False,,False,False,False,False,False,False,False,False,False,False
CRM006147,GT006374,USR003388,False,,False,False,False,False,False,False,False,False,False,True
CRM006148,GT009133,,False,,False,False,False,False,False,False,False,False,False,False
CRM006149,GT006106,USR003389,False,,False,False,False,False,False,False,False,False,True,False
CRM006150,GT004885,USR003390,False,,False,False,False,False,False,False,False,False,False,False
CRM006151,GT004702,,False,,False,False,False,False,True,False,False,False,False,False
CRM006152,GT009563,USR003391,False,,True,False,False,False,False,False,False,False,False,False
CRM006153,GT009728,,False,,False,False,False,False,False,False,False,False,False,False
CRM006154,GT000273,,False,,False,False,False,False,False,False,False,False,False,False
CRM006155,GT009014,,False,,False,False,False,False,False,False,False,False,False,False
CRM006156,GT004185,USR003392,False,,False,False,False,False,False,False,False,False,False,False
CRM006157,GT007755,USR003393,False,,False,False,False,False,False,False,False,False,False,False
CRM006158,GT008455,,False,,False,False,True,False,False,False,False,False,False,False
CRM006159,GT006280,,False,,False,False,False,False,False,False,False,False,False,False
CRM006160,GT007456,USR003394,False,,False,False,False,False,False,False,False,False,False,False
CRM006161,GT005901,,False,,False,False,False,False,False,False,False,False,False,False
CRM006162,GT003296,,False,,False,False,False,False,False,False,False,False,False,False
CRM006163,GT002057,USR003395,False,,False,False,False,False,False,False,False,False,True,False
CRM006164,GT007016,,False,,False,False,False,False,False,False,False,False,True,False
CRM006165,GT006004,USR003396,False,,False,False,False,False,False,False,False,False,True,False
CRM006166,GT005695,USR003397,False,,False,False,False,False,False,False,False,False,False,False
CRM006167,GT004726,,False,,False,False,False,False,False,False,False,False,False,False
CRM006168,GT003565,USR003398,False,,False,False,False,False,False,False,False,False,False,False
CRM006169,GT001935,,False,,False,False,False,False,False,False,False,False,False,False
CRM006170,GT002458,,False,,False,False,False,False,False,False,False,False,False,False
CRM006171,GT007369,,False,,False,False,False,False,False,True,False,False,False,False
CRM006172,GT001256,USR003399,False,,False,False,False,False,False,False,False,False,False,False
CRM006173,GT006763,,False,,False,False,False,False,False,False,False,False,True,True
CRM006174,GT006780,USR003400,False,,True,False,False,False,False,False,True,False,False,False
CRM006175,GT009266,,False,,False,False,False,False,False,False,False,False,True,False
CRM006176,GT003534,USR003401,False,,False,False,False,False,False,False,False,False,False,False
CRM006177,GT007675,,False,,False,False,False,False,False,False,False,False,True,False
CRM006178,GT005251,,False,,False,False,False,False,False,False,False,False,False,False
CRM006179,GT003118,USR003402,False,,False,False,False,False,False,False,False,False,False,False
CRM006180,GT002642,,False,,False,False,False,False,False,False,False,False,False,False
CRM006181,GT008314,USR003403,False,,False,False,False,False,False,False,False,False,False,False
CRM006182,GT008338,USR003404,False,,False,False,False,False,False,False,False,False,True,True
CRM006183,GT008736,USR003405,False,,False,False,False,False,False,False,False,False,True,False
CRM006184,GT008611,USR003406,False,,False,False,False,False,False,False,False,False,False,False
CRM006185,GT004788,USR003407,False,,True,False,False,False,False,False,False,False,False,False
CRM006186,GT006465,USR003408,False,,False,False,False,False,False,False,False,False,False,False
CRM006187,GT004218,,False,,False,False,False,False,False,False,False,False,False,False
CRM006188,GT004359,,False,,False,True,False,False,False,False,False,False,False,False
CRM006189,GT004226,,False,,False,False,False,False,False,False,False,False,False,False
CRM006190,GT001020,,False,,False,False,False,False,False,False,False,False,True,False
CRM006191,GT005895,,False,,False,False,False,False,False,False,False,False,False,False
CRM006192,GT001273,USR003409,False,,False,False,False,False,False,False,False,False,False,False
CRM006193,GT009311,USR003410,False,,False,False,False,False,False,False,True,False,False,False
CRM006194,GT007148,USR003411,False,,False,False,False,False,False,False,False,True,False,False
CRM006195,GT004023,USR003412,False,,False,False,False,False,False,False,False,False,False,False
CRM006196,GT001986,USR003413,False,,False,False,False,False,False,False,False,False,False,False
CRM006197,GT001879,,False,,False,False,True,False,False,False,False,False,False,False
CRM006198,GT005318,USR003414,False,,False,False,False,False,False,True,False,False,True,False
CRM006199,GT001803,USR003415,False,,False,False,False,False,False,False,False,False,True,False
CRM006200,GT007381,,False,,False,False,False,False,True,False,False,False,False,False
CRM006201,GT004574,USR003416,False,,False,False,False,False,False,False,False,False,False,False
CRM006202,GT009113,,False,,False,False,False,False,False,False,False,False,False,False
CRM006203,GT008195,,False,,False,False,False,False,True,False,False,False,False,False
CRM006204,GT000624,USR003417,False,,False,False,False,False,False,False,False,False,False,True
CRM006205,GT002627,,False,,False,False,False,False,False,False,False,True,False,False
CRM006206,GT005286,,False,,False,True,False,False,False,False,False,False,False,False
CRM006207,GT009886,USR003418,False,,False,False,False,False,False,False,False,False,True,False
CRM006208,GT006377,,False,,False,False,False,False,False,False,False,False,False,False
CRM006209,GT006191,,False,,False,False,True,False,False,False,False,False,True,False
CRM006210,GT007347,,False,,False,False,True,False,False,False,False,False,False,False
CRM006211,GT004500,USR003419,False,,False,False,False,False,False,False,False,False,False,False
CRM006212,GT006231,USR003420,False,,False,False,False,False,False,False,False,False,False,False
CRM006213,GT004385,,False,,False,False,False,False,False,False,False,False,False,False
CRM006214,GT005031,,False,,False,False,False,False,False,False,False,False,False,False
CRM006215,GT002692,USR003421,False,,False,False,False,True,False,False,False,False,False,False
CRM006216,GT003122,USR003422,False,,False,False,False,False,False,False,False,False,True,False
CRM006217,GT006729,,False,,False,False,False,False,False,False,False,False,False,True
CRM006218,GT008677,,False,,False,False,False,False,False,False,False,False,True,False
CRM006219,GT008294,USR003423,False,,False,False,False,False,False,False,False,False,False,False
CRM006220,GT003167,,False,,False,False,False,False,False,False,False,False,False,False
CRM006221,GT000933,USR003424,False,,False,False,False,False,False,False,False,False,False,False
CRM006222,GT004575,USR003425,False,,False,False,False,False,False,False,False,False,False,False
CRM006223,GT003510,USR003426,False,,False,True,False,False,False,False,False,False,False,False
CRM006224,GT005050,USR003427,False,,False,False,False,False,False,False,False,False,False,False
CRM006225,GT001190,,False,,False,False,False,False,False,False,False,False,False,False
CRM006226,GT007250,USR003428,False,,False,False,False,False,True,False,False,False,False,False
CRM006227,GT002073,USR003429,False,,False,False,False,False,False,False,False,False,False,False
CRM006228,GT002015,USR003430,False,,False,False,False,False,False,True,False,False,False,False
CRM006229,GT002017,USR003431,False,,False,False,False,True,False,False,False,False,False,False
CRM006230,GT006399,,False,,False,False,False,False,False,False,False,False,True,False
CRM006231,GT003394,USR003432,False,,False,False,False,False,False,False,False,False,False,False
CRM006232,GT001342,,False,,False,False,True,False,False,False,False,False,False,False
CRM006233,GT000785,,False,,False,False,False,False,False,True,False,False,False,False
CRM006234,GT006029,USR003433,False,,True,True,True,False,False,False,False,False,False,False
CRM006235,GT005430,,False,,False,False,False,False,False,False,False,False,False,False
CRM006236,GT004292,USR003434,False,,False,False,False,False,False,False,False,False,False,True
CRM006237,GT000340,USR003435,False,,False,False,False,False,False,False,False,False,True,False
CRM006238,GT006330,USR003436,False,,True,False,False,False,False,False,False,False,False,False
CRM006239,GT008820,USR003437,False,,False,False,False,False,False,False,False,False,False,False
CRM006240,GT002861,,False,,False,False,False,False,False,False,False,False,True,False
CRM006241,GT005345,,False,,False,True,False,False,True,False,False,False,False,False
CRM006242,GT009622,,False,,False,True,False,False,False,False,False,False,False,False
CRM006243,GT002647,,False,,False,False,False,False,True,False,False,False,False,False
CRM006244,GT005018,,False,,False,False,False,False,False,False,False,False,False,False
CRM006245,GT009714,USR003438,False,,False,False,False,False,False,False,False,False,False,False
CRM006246,GT008841,USR003439,False,,False,False,False,False,False,False,False,False,False,False
CRM006247,GT003770,,False,,False,False,False,False,False,False,False,False,True,False
CRM006248,GT007055,USR003440,False,,False,False,False,False,False,False,False,False,False,False
CRM006249,GT008530,USR003441,False,,False,False,False,False,False,False,False,False,False,True
CRM006250,GT003688,,False,,False,False,False,False,False,False,False,False,False,False
CRM006251,GT002666,,False,,False,False,False,False,False,False,False,False,False,False
CRM006252,GT002233,,False,,False,False,False,False,False,False,False,False,False,False
CRM006253,GT005730,,False,,False,False,False,False,False,False,False,False,False,False
CRM006254,GT003278,,False,,False,False,False,False,False,False,False,False,False,False
CRM006255,GT008675,USR003442,False,,False,False,False,False,False,False,False,False,True,False
CRM006256,GT003357,USR003443,False,,False,False,False,False,False,False,False,False,False,False
CRM006257,GT003627,USR003444,False,,False,False,False,False,False,False,False,False,False,False
CRM006258,GT002363,,False,,False,True,True,False,False,False,False,False,False,True
CRM006259,GT002951,USR003445,False,,False,False,False,False,False,False,False,False,False,False
CRM006260,GT001445,,False,,True,False,False,False,False,False,False,False,False,False
CRM006261,GT009015,USR003446,False,,False,False,False,False,False,False,False,False,True,False
CRM006262,GT002151,,False,,False,False,False,False,False,False,False,False,False,False
CRM006263,GT002519,USR003447,False,,False,False,False,False,False,False,False,False,False,False
CRM006264,GT009343,,False,,False,False,False,False,True,False,False,False,False,False
CRM006265,GT001685,USR003448,False,,False,True,False,False,False,False,False,False,False,False
CRM006266,GT004978,USR003449,False,,False,False,False,False,False,False,False,False,True,False
CRM006267,GT003917,,False,,False,False,False,False,True,True,False,False,False,False
CRM006268,GT005593,USR003450,False,,False,False,False,False,False,False,False,False,False,False
CRM006269,GT003038,,False,,False,False,False,False,False,False,False,False,True,False
CRM006270,GT001840,USR003451,False,,False,False,False,False,False,False,False,False,False,False
CRM006271,GT008944,,False,,False,False,False,False,False,False,False,False,True,False
CRM006272,GT008162,,False,,False,False,False,False,False,False,False,False,False,False
CRM006273,GT009778,USR003452,False,,False,False,True,False,False,False,False,False,False,False
CRM006274,GT001115,USR003453,False,,False,False,False,False,False,False,False,False,False,False
CRM006275,GT007476,,False,,False,False,False,False,False,False,False,False,False,False
CRM006276,GT007957,,False,,False,False,False,False,False,False,False,False,False,False
CRM006277,GT001869,USR003454,False,,False,False,False,False,False,False,False,False,True,False
CRM006278,GT008778,USR003455,False,,False,False,False,False,False,False,False,True,True,False
CRM006279,GT004022,USR003456,False,,False,True,False,False,False,True,False,False,False,True
CRM006280,GT008522,,False,,False,False,True,False,False,False,False,False,False,False
CRM006281,GT004232,,False,,False,False,False,False,False,False,False,False,False,False
CRM006282,GT004893,,False,,False,True,False,False,False,False,False,False,False,False
CRM006283,GT004911,USR003457,False,,False,False,False,False,False,False,False,False,False,False
CRM006284,GT001722,,False,,False,True,False,False,False,False,False,False,False,False
CRM006285,GT006762,,False,,False,False,False,False,True,False,False,False,False,False
CRM006286,GT003780,,False,,False,False,False,False,False,False,False,False,False,False
CRM006287,GT005677,,False,,False,False,False,False,False,False,False,False,False,True
CRM006288,GT001800,USR003458,False,,False,False,False,False,False,False,False,False,False,False
CRM006289,GT003888,USR003459,False,,False,False,False,False,False,False,False,False,False,False
CRM006290,GT003173,,False,,False,False,False,False,False,False,False,False,False,False
CRM006291,GT007850,,False,,False,False,False,False,True,True,True,False,False,False
CRM006292,GT009173,USR003460,False,,False,False,False,False,False,False,False,False,False,False
CRM006293,GT009741,USR003461,False,,False,False,False,False,False,False,False,False,False,False
CRM006294,GT006947,,False,,False,False,False,False,False,False,False,False,False,False
CRM006295,GT008469,,False,,False,False,False,False,False,False,False,False,False,False
CRM006296,GT007522,,False,,False,False,False,False,False,False,False,False,False,False
CRM006297,GT001643,,False,,False,False,False,False,True,False,False,False,False,True
CRM006298,GT007234,USR003462,False,,False,False,False,False,False,False,False,False,False,False
CRM006299,GT004546,,False,,False,True,False,False,False,False,False,False,False,True
CRM006300,GT009239,USR003463,False,,False,True,False,False,False,False,False,False,False,False
CRM006301,GT007122,USR003464,False,,False,False,False,False,False,False,False,False,False,True
CRM006302,GT000963,USR003465,False,,False,False,False,False,False,False,False,False,False,False
CRM006303,GT006818,USR003466,False,,False,False,False,False,False,False,False,False,True,False
CRM006304,GT005408,,False,,False,False,False,False,False,False,False,False,False,False
CRM006305,GT000030,,False,,False,False,False,False,False,False,False,False,False,False
CRM006306,GT004464,USR003467,False,,False,False,False,False,False,False,False,False,True,False
CRM006307,GT007242,USR003468,False,,False,False,False,False,False,False,False,False,True,False
CRM006308,GT003233,USR003469,False,,False,False,False,False,False,False,False,False,False,False
CRM006309,GT005272,USR003470,False,,False,False,False,False,False,False,False,False,False,False
CRM006310,GT005547,,False,,False,False,False,False,False,False,False,False,False,False
CRM006311,GT002926,USR003471,False,,False,False,False,False,False,False,False,False,False,False
CRM006312,GT001171,,False,,False,False,False,False,False,False,False,False,True,False
CRM006313,GT009686,USR003472,False,,False,True,True,False,False,False,False,False,False,False
CRM006314,GT006833,USR003473,False,,False,False,False,False,False,False,False,False,False,True
CRM006315,GT007300,USR003474,False,,False,False,False,False,True,False,False,False,True,False
CRM006316,GT003059,,False,,False,False,False,False,False,False,True,False,True,False
CRM006317,GT002389,,False,,False,False,False,False,False,False,False,False,True,False
CRM006318,GT004387,USR003475,False,,False,False,False,False,False,False,False,False,False,False
CRM006319,GT000507,USR003476,False,,False,False,False,False,False,False,False,False,False,False
CRM006320,GT000120,USR003477,False,,False,False,False,False,False,False,False,False,True,False
CRM006321,GT001695,USR003478,False,,False,False,False,False,False,False,False,False,False,False
CRM006322,GT001123,,False,,False,False,False,False,False,False,False,False,False,False
CRM006323,GT007019,USR003479,False,,False,False,False,False,False,False,False,False,False,False
CRM006324,GT007723,USR003480,False,,True,False,False,False,False,False,False,False,False,False
CRM006325,GT000446,USR003481,False,,False,False,True,False,False,False,False,False,True,False
CRM006326,GT004013,USR003482,False,,False,False,False,False,False,False,False,False,False,False
CRM006327,GT003730,USR003483,False,,False,False,False,False,False,False,False,False,False,False
CRM006328,GT002030,USR003484,False,,False,False,False,False,False,False,False,False,False,False
CRM006329,GT003645,,False,,False,False,False,False,False,False,False,False,False,False
CRM006330,GT007160,,False,,False,False,False,False,False,False,False,False,True,False
CRM006331,GT008150,,False,,False,False,False,False,False,False,False,False,False,False
CRM006332,GT006031,USR003485,False,,False,False,False,False,False,False,False,False,False,False
CRM006333,GT007792,,False,,False,False,False,False,False,False,False,False,True,False
CRM006334,GT001441,,False,,False,False,False,False,False,True,False,False,True,True
CRM006335,GT003725,,False,,False,False,False,False,False,False,False,False,False,False
CRM006336,GT007761,USR003486,False,,False,False,False,False,False,True,False,True,False,False
CRM006337,GT004397,USR003487,False,,False,True,True,False,False,True,False,False,False,True
CRM006338,GT004587,,False,,False,False,False,False,False,False,False,False,False,False
CRM006339,GT007766,,False,,False,False,False,False,False,False,False,False,False,True
CRM006340,GT008856,USR003488,False,,False,False,False,False,False,False,False,False,False,False
CRM006341,GT002201,,False,,False,False,False,False,False,False,False,False,False,False
CRM006342,GT009380,,False,,False,False,False,False,False,True,False,False,True,False
CRM006343,GT006831,USR003489,False,,False,False,False,False,False,False,False,False,True,False
CRM006344,GT002236,,False,,False,False,False,False,False,False,False,False,True,False
CRM006345,GT000570,USR003490,False,,False,False,False,False,False,False,False,False,False,False
CRM006346,GT000268,USR003491,False,,False,False,False,False,True,False,False,False,False,False
CRM006347,GT003224,,False,,False,False,False,False,False,False,False,False,True,False
CRM006348,GT004016,USR003492,False,,False,False,False,False,False,False,False,False,False,False
CRM006349,GT000756,USR003493,False,,False,False,False,False,False,False,False,False,False,False
CRM006350,GT004415,USR003494,False,,False,True,True,False,False,False,False,False,False,False
CRM006351,GT000287,USR003495,False,,False,False,False,False,False,False,False,False,False,False
CRM006352,GT007450,,False,,False,False,False,False,False,False,False,False,False,True
CRM006353,GT009341,,False,,False,False,False,False,False,False,False,False,False,False
CRM006354,GT007189,,False,,False,False,False,False,False,False,False,False,False,False
CRM006355,GT008282,USR003496,False,,False,False,False,False,True,False,False,False,False,True
CRM006356,GT003336,,False,,False,False,False,False,False,False,False,False,False,False
CRM006357,GT006840,USR003497,False,,False,True,False,False,True,False,False,False,False,False
CRM006358,GT006369,USR003498,False,,False,False,False,False,False,True,False,False,False,False
CRM006359,GT008864,USR003499,False,,False,False,False,False,False,False,False,False,False,False
CRM006360,GT003884,,False,,False,False,False,False,False,False,False,False,False,False
CRM006361,GT001701,,False,,False,False,False,False,False,False,False,False,False,False
CRM006362,GT005727,,False,,False,False,False,False,False,False,False,False,True,False
CRM006363,GT006778,USR003500,False,,False,False,False,False,False,False,False,False,False,False
CRM006364,GT005499,USR003501,False,,False,False,False,False,True,False,False,False,False,False
CRM006365,GT006609,USR003502,False,,False,False,False,False,False,False,False,False,False,False
CRM006366,GT000863,,False,,False,False,False,False,True,False,False,False,False,False
CRM006367,GT007667,,False,,False,True,False,False,False,False,False,False,False,True
CRM006368,GT003540,,False,,False,True,False,False,False,False,False,False,False,False
CRM006369,GT007050,USR003503,False,,False,False,False,False,False,False,False,False,False,False
CRM006370,GT005703,USR003504,False,,False,False,True,False,False,False,False,False,True,False
CRM006371,GT004107,USR003505,False,,False,False,False,False,False,False,False,False,False,False
CRM006372,GT004199,,False,,False,False,False,False,False,False,True,False,False,False
CRM006373,GT007002,,False,,False,False,False,False,True,False,False,False,False,False
CRM006374,GT003853,,False,,False,False,False,False,False,False,False,False,False,False
CRM006375,GT005879,,False,,False,True,False,False,False,False,False,False,False,False
CRM006376,GT006343,USR003506,False,,False,False,False,False,False,False,False,False,False,False
CRM006377,GT008199,USR003507,False,,False,False,False,False,False,False,False,False,False,False
CRM006378,GT004258,USR003508,False,,True,False,False,False,False,False,False,False,False,False
CRM006379,GT000326,,False,,False,False,False,False,False,True,False,False,False,False
CRM006380,GT000307,,False,,False,False,False,False,False,False,False,False,False,False
CRM006381,GT001737,USR003509,False,,False,False,False,False,False,False,False,False,False,False
CRM006382,GT001392,,False,,False,False,False,False,False,False,False,False,False,False
CRM006383,GT000921,,False,,False,False,False,False,False,False,False,False,False,True
CRM006384,GT002713,,False,,False,False,False,False,False,False,False,False,False,False
CRM006385,GT006996,USR003510,False,,False,False,False,False,False,False,False,True,False,True
CRM006386,GT007985,USR003511,False,,False,True,False,False,False,False,False,False,False,False
CRM006387,GT003946,USR003512,False,,False,False,False,False,False,False,False,False,False,False
CRM006388,GT009419,,False,,False,False,False,False,False,False,False,False,False,False
CRM006389,GT003109,USR003513,False,,False,False,False,False,False,True,False,False,False,False
CRM006390,GT002072,,False,,True,False,False,False,False,False,False,False,False,False
CRM006391,GT005311,,False,,False,False,False,False,False,False,False,False,False,False
CRM006392,GT007624,USR003514,False,,False,False,False,False,False,False,False,False,False,False
CRM006393,GT008497,USR003515,False,,False,True,False,False,False,False,False,False,False,False
CRM006394,GT008884,USR003516,False,,False,False,False,False,True,False,False,False,True,False
CRM006395,GT004540,USR003517,False,,False,False,False,False,False,False,False,False,False,False
CRM006396,GT007079,USR003518,False,,False,False,False,False,False,False,False,False,False,False
CRM006397,GT008821,USR003519,False,,False,False,False,False,True,True,False,False,False,False
CRM006398,GT002568,,False,,False,False,False,False,False,False,False,False,False,False
CRM006399,GT002483,USR003520,False,,False,False,False,False,True,False,False,False,True,False
CRM006400,GT004473,,False,,False,False,False,False,False,False,False,False,True,False
CRM006401,GT005420,USR003521,False,,False,False,False,False,False,False,False,False,False,False
CRM006402,GT009955,USR003522,False,,False,False,False,False,False,False,False,False,True,False
CRM006403,GT009293,USR003523,False,,False,False,False,False,False,False,False,False,False,False
CRM006404,GT000158,,False,,False,False,False,False,False,False,False,False,False,False
CRM006405,GT006744,USR003524,False,,False,False,True,False,False,False,False,False,False,False
CRM006406,GT000564,USR003525,False,,False,True,False,False,False,False,False,False,False,False
CRM006407,GT004091,USR003526,False,,False,False,False,False,True,False,False,False,False,False
CRM006408,GT003350,USR003527,False,,False,False,False,False,False,False,False,False,False,False
CRM006409,GT004579,,False,,False,False,False,False,False,False,False,False,True,False
CRM006410,GT008103,,False,,False,False,True,False,False,False,False,False,False,False
CRM006411,GT004880,USR003528,False,,False,False,False,False,False,False,False,False,False,False
CRM006412,GT006550,,False,,False,False,False,False,False,False,False,False,False,False
CRM006413,GT006390,USR003529,False,,False,False,False,False,False,False,False,False,False,False
CRM006414,GT001774,USR003530,False,,False,False,False,False,False,False,False,False,False,False
CRM006415,GT001974,,False,,False,False,False,False,False,False,False,False,False,False
CRM006416,GT002061,,False,,False,False,False,False,False,False,False,False,False,False
CRM006417,GT007756,,False,,False,False,False,False,False,False,False,False,True,False
CRM006418,GT000330,,False,,True,False,False,False,False,False,False,False,False,False
CRM006419,GT005101,,False,,False,False,False,False,False,False,False,False,False,False
CRM006420,GT007564,,False,,False,False,False,False,False,False,False,False,False,False
CRM006421,GT006405,USR003531,False,,False,True,False,False,False,False,False,False,False,False
CRM006422,GT007423,USR003532,False,,False,False,False,False,False,False,False,False,False,False
CRM006423,GT005110,USR003533,False,,False,False,False,False,False,False,False,False,False,False
CRM006424,GT001597,USR003534,False,,False,True,False,False,False,False,False,False,False,False
CRM006425,GT007281,USR003535,False,,False,False,False,False,False,False,False,False,True,False
CRM006426,GT000146,USR003536,False,,False,False,False,False,True,False,False,False,False,False
CRM006427,GT007294,USR003537,False,,False,False,False,False,False,False,False,False,False,False
CRM006428,GT000965,,False,,False,False,False,False,False,False,False,False,True,False
CRM006429,GT005610,,False,,False,False,False,False,False,False,False,False,False,False
CRM006430,GT003000,USR003538,False,,False,False,False,False,False,False,False,False,False,False
CRM006431,GT008094,USR003539,False,,False,False,False,False,False,False,False,False,False,False
CRM006432,GT001779,USR003540,False,,False,True,False,False,False,False,False,False,False,False
CRM006433,GT006832,,False,,False,False,False,False,False,False,False,False,False,False
CRM006434,GT007494,,False,,False,False,False,False,False,True,False,False,False,False
CRM006435,GT003036,USR003541,False,,False,False,False,False,False,False,False,False,False,False
CRM006436,GT001283,,False,,False,True,False,False,True,False,False,False,False,False
CRM006437,GT003056,USR003542,False,,False,False,False,False,False,False,False,False,True,False
CRM006438,GT005044,,False,,False,False,False,True,False,False,False,False,False,False
CRM006439,GT000661,USR003543,False,,False,False,False,False,False,False,False,False,True,False
CRM006440,GT004474,USR003544,False,,False,False,False,False,False,False,False,False,False,False
CRM006441,GT001575,,False,,False,False,False,False,False,False,False,False,True,False
CRM006442,GT005866,USR003545,False,,False,False,False,False,False,False,False,False,False,False
CRM006443,GT003904,,False,,False,True,False,False,False,False,False,False,False,False
CRM006444,GT000700,,False,,False,False,False,False,False,False,False,False,False,False
CRM006445,GT005226,,False,,False,True,False,False,False,False,False,False,False,False
CRM006446,GT001549,,False,,False,False,False,False,False,False,False,False,False,False
CRM006447,GT001393,USR003546,False,,False,False,False,False,False,False,False,False,False,False
CRM006448,GT000982,USR003547,False,,False,False,False,False,False,False,False,False,False,False
CRM006449,GT004446,,False,,False,False,False,False,False,False,False,False,False,False
CRM006450,GT004940,USR003548,False,,False,True,False,False,False,False,False,False,False,False
CRM006451,GT000471,,False,,False,False,False,False,False,False,False,False,True,False
CRM006452,GT004109,,False,,False,False,False,False,False,True,False,False,False,False
CRM006453,GT003630,USR003549,False,,False,False,False,False,False,False,False,False,False,False
CRM006454,GT005645,USR003550,False,,False,False,False,False,False,True,False,False,False,False
CRM006455,GT009975,,False,,False,False,False,True,False,False,False,False,False,False
CRM006456,GT004648,,False,,False,False,False,False,False,False,False,False,False,False
CRM006457,GT002164,USR003551,False,,False,False,False,False,False,False,False,False,False,False
CRM006458,GT005829,,False,,False,False,False,False,False,False,False,False,False,False
CRM006459,GT000085,,False,,False,True,False,False,False,False,False,False,False,False
CRM006460,GT005987,,False,,False,False,False,False,False,False,True,False,True,False
CRM006461,GT001999,,False,,False,False,False,False,False,False,False,False,False,False
CRM006462,GT001073,,False,,False,True,False,False,False,False,False,False,False,False
CRM006463,GT009689,,False,,False,False,False,False,False,False,False,False,False,True
CRM006464,GT000638,,False,,False,False,False,False,False,False,False,False,False,False
CRM006465,GT001776,,False,,False,False,False,False,False,False,False,False,False,False
CRM006466,GT002906,,False,,False,False,False,False,False,False,False,False,False,False
CRM006467,GT000019,,False,,False,False,False,False,False,False,False,False,False,False
CRM006468,GT007520,USR003552,False,,False,False,False,False,False,False,False,False,False,False
CRM006469,GT001432,USR003553,False,,False,False,False,False,False,False,False,False,False,False
CRM006470,GT005926,USR003554,False,,False,False,False,False,False,False,False,False,False,False
CRM006471,GT007580,,False,,False,False,False,False,False,False,False,False,False,False
CRM006472,GT008708,,False,,False,False,False,False,False,False,False,False,False,True
CRM006473,GT003709,USR003555,False,,False,False,False,False,False,False,False,False,True,False
CRM006474,GT001785,,False,,False,False,False,False,False,False,False,False,False,False
CRM006475,GT007607,,False,,False,False,False,False,False,False,False,False,True,False
CRM006476,GT001885,,False,,False,False,False,False,False,False,False,False,False,False
CRM006477,GT008914,USR003556,False,,False,False,False,False,False,True,False,False,False,False
CRM006478,GT007126,USR003557,False,,False,False,False,False,False,False,False,False,False,False
CRM006479,GT008838,USR003558,False,,False,False,False,False,False,False,True,False,False,False
CRM006480,GT003455,USR003559,False,,False,False,False,False,False,False,False,True,False,False
CRM006481,GT003661,USR003560,False,,False,False,False,False,False,False,True,False,True,True
CRM006482,GT007501,USR003561,False,,False,True,False,False,False,False,False,False,False,False
CRM006483,GT008335,,False,,False,False,False,False,False,False,False,False,False,False
CRM006484,GT005660,USR003562,False,,False,False,False,False,False,False,False,False,True,False
CRM006485,GT007544,USR003563,False,,False,False,False,True,False,False,False,False,False,False
CRM006486,GT000940,USR003564,False,,False,False,False,False,False,False,False,False,True,True
CRM006487,GT003176,USR003565,False,,False,False,False,False,False,False,False,False,False,False
CRM006488,GT002392,USR003566,False,,False,False,False,False,False,False,False,False,False,False
CRM006489,GT001485,USR003567,False,,False,False,False,False,False,False,False,False,False,False
CRM006490,GT003071,USR003568,False,,False,False,False,False,False,False,False,False,False,True
CRM006491,GT006850,USR003569,False,,False,False,False,False,True,False,False,False,False,False
CRM006492,GT005126,USR003570,False,,False,False,False,False,False,False,False,False,False,False
CRM006493,GT003792,USR003571,False,,False,False,True,False,False,False,False,False,False,False
CRM006494,GT000122,,False,,False,False,False,False,False,False,False,False,False,False
CRM006495,GT006462,,False,,False,False,False,False,False,False,False,False,True,False
CRM006496,GT000567,USR003572,False,,False,False,False,False,False,False,False,False,False,False
CRM006497,GT006588,USR003573,False,,False,False,False,False,False,False,False,False,False,False
CRM006498,GT008210,,False,,False,False,False,False,False,False,False,False,False,False
CRM006499,GT008786,USR003574,False,,False,False,False,False,False,False,False,False,True,False
CRM006500,GT008186,USR003575,False,,False,False,False,False,False,False,False,False,False,False
CRM006501,GT005022,,False,,False,False,False,False,False,True,False,False,False,False
CRM006502,GT006756,USR003576,False,,False,False,False,False,False,False,False,False,False,False
CRM006503,GT002569,USR003577,False,,False,False,False,False,False,False,False,False,False,True
CRM006504,GT002461,,False,,False,False,False,False,False,False,False,False,False,False
CRM006505,GT001667,,False,,False,False,False,False,False,False,False,False,False,False
CRM006506,GT006459,USR003578,False,,False,False,False,False,False,False,False,False,False,False
CRM006507,GT002040,USR003579,False,,False,False,False,False,False,False,False,False,False,False
CRM006508,GT008843,,False,,False,False,False,False,False,False,False,False,False,True
CRM006509,GT000953,,False,,False,False,False,False,False,False,False,False,False,False
CRM006510,GT001873,USR003580,False,,False,False,False,False,False,True,False,False,False,False
CRM006511,GT005317,,False,,False,False,False,False,False,False,False,False,False,False
CRM006512,GT007861,,False,,False,False,False,False,False,False,False,False,False,False
CRM006513,GT000830,USR003581,False,,False,False,False,False,False,True,False,False,False,True
CRM006514,GT006931,USR003582,False,,False,False,False,False,False,False,False,False,False,False
CRM006515,GT004228,USR003583,False,,False,False,False,False,False,True,False,False,False,False
CRM006516,GT000976,,False,,False,False,False,False,False,False,True,False,False,False
CRM006517,GT001302,USR003584,False,,False,False,False,False,False,False,False,False,False,False
CRM006518,GT007992,,False,,False,False,False,False,True,False,False,False,True,False
CRM006519,GT002010,USR003585,False,,False,False,False,False,False,False,False,False,False,True
CRM006520,GT006317,,False,,False,False,False,False,False,False,False,False,False,False
CRM006521,GT006060,,False,,False,False,False,False,False,False,False,False,False,False
CRM006522,GT003941,USR003586,False,,False,False,False,False,False,False,False,False,False,False
CRM006523,GT005054,USR003587,False,,False,False,False,False,False,False,False,False,False,False
CRM006524,GT006116,,False,,False,True,False,False,False,False,False,False,False,False
CRM006525,GT005869,,False,,False,True,False,False,False,False,False,False,False,False
CRM006526,GT002065,USR003588,False,,False,False,False,False,False,False,False,False,False,False
CRM006527,GT001899,,False,,False,False,False,False,False,False,False,False,False,True
CRM006528,GT004145,,False,,False,False,False,False,False,False,False,False,False,False
CRM006529,GT008642,,False,,False,False,False,False,False,False,False,False,False,False
CRM006530,GT007936,USR003589,False,,False,False,False,False,False,False,False,False,False,False
CRM006531,GT001875,,False,,False,False,False,False,False,False,False,False,True,False
CRM006532,GT001947,USR003590,False,,False,False,True,False,False,False,False,False,False,False
CRM006533,GT003755,USR003591,False,,False,False,False,False,False,False,False,False,False,False
CRM006534,GT004375,,False,,False,False,True,False,False,False,False,False,True,False
CRM006535,GT000614,USR003592,False,,False,False,False,False,False,False,False,False,False,False
CRM006536,GT003809,USR003593,False,,False,False,False,False,False,False,False,False,True,False
CRM006537,GT006982,USR003594,False,,False,False,True,False,False,False,False,False,False,False
CRM006538,GT007570,,False,,False,False,False,False,False,True,True,False,False,False
CRM006539,GT000610,USR003595,False,,False,False,False,False,False,False,False,False,True,False
CRM006540,GT000820,USR003596,False,,False,False,False,False,False,False,False,False,False,False
CRM006541,GT004299,,False,,False,False,False,True,False,False,False,False,False,False
CRM006542,GT006293,,False,,False,False,False,False,False,False,False,False,True,False
CRM006543,GT000517,USR003597,False,,False,False,False,False,False,False,False,False,False,False
CRM006544,GT003524,,False,,False,False,False,False,False,False,False,False,False,False
CRM006545,GT001013,USR003598,False,,False,False,False,False,False,False,False,False,False,True
CRM006546,GT009743,USR003599,False,,False,False,True,False,False,False,False,False,False,False
CRM006547,GT001199,USR003600,False,,False,False,False,False,False,False,False,False,True,False
CRM006548,GT003345,,False,,False,True,False,False,False,False,False,False,False,False
CRM006549,GT008892,,False,,False,False,False,False,False,False,False,False,False,True
CRM006550,GT002899,,False,,False,False,False,False,False,False,False,False,False,False
CRM006551,GT008519,,False,,False,False,False,False,False,False,False,False,False,False
CRM006552,GT003257,USR003601,False,,False,True,False,False,False,False,False,False,False,False
CRM006553,GT003694,,False,,False,False,False,False,False,False,False,False,False,False
CRM006554,GT004758,USR003602,False,,False,False,False,False,False,False,False,False,False,False
CRM006555,GT008978,,False,,False,False,False,False,False,False,False,False,True,False
CRM006556,GT000596,,False,,False,True,False,False,False,False,False,False,False,False
CRM006557,GT000450,,False,,False,False,False,False,False,False,False,False,False,False
CRM006558,GT005205,USR003603,False,,False,False,False,False,False,False,False,False,True,False
CRM006559,GT008887,USR003604,False,,False,False,False,False,False,False,False,False,False,False
CRM006560,GT007709,USR003605,False,,False,True,False,False,False,False,False,False,False,False
CRM006561,GT000576,USR003606,False,,True,False,False,False,True,False,False,True,True,False
CRM006562,GT000815,,False,,False,False,False,False,False,False,False,False,False,False
CRM006563,GT005945,USR003607,False,,False,False,False,False,False,False,False,False,False,False
CRM006564,GT008701,,False,,False,True,False,False,False,False,False,False,False,False
CRM006565,GT005736,USR003608,False,,False,False,False,False,False,False,False,False,False,False
CRM006566,GT002620,,False,,False,False,False,False,False,False,False,False,False,False
CRM006567,GT006616,USR003609,False,,False,False,False,False,False,False,False,False,False,False
CRM006568,GT005037,USR003610,False,,False,False,False,False,False,False,False,False,True,False
CRM006569,GT008628,,False,,False,False,True,False,False,False,False,False,False,False
CRM006570,GT009502,,False,,False,False,True,False,False,False,False,False,False,False
CRM006571,GT009168,USR003611,False,,False,False,False,False,False,False,False,False,False,False
CRM006572,GT006711,,False,,False,False,False,True,False,False,False,False,True,False
CRM006573,GT004835,USR003612,False,,False,False,False,True,False,False,True,False,True,False
CRM006574,GT000177,USR003613,False,,False,False,True,False,False,False,False,False,False,False
CRM006575,GT007329,USR003614,False,,False,False,False,False,False,False,False,False,True,False
CRM006576,GT007096,USR003615,False,,False,False,False,False,False,False,False,False,True,False
CRM006577,GT007384,USR003616,False,,False,False,False,False,False,False,False,False,False,False
CRM006578,GT008071,USR003617,False,,False,False,False,False,False,False,False,False,False,False
CRM006579,GT000656,,False,,False,False,False,False,False,False,False,False,False,False
CRM006580,GT008997,,False,,False,False,False,False,False,False,False,False,True,False
CRM006581,GT002922,USR003618,False,,False,False,False,False,False,False,False,False,True,False
CRM006582,GT000838,,False,,False,False,False,False,False,False,False,False,False,False
CRM006583,GT000314,,False,,False,False,False,False,False,False,False,False,False,False
CRM006584,GT009193,USR003619,False,,False,True,False,False,False,False,False,False,False,False
CRM006585,GT007518,USR003620,False,,False,False,False,False,True,False,False,False,False,False
CRM006586,GT002463,,False,,False,False,False,False,False,False,False,False,False,False
CRM006587,GT006273,USR003621,False,,False,False,False,False,False,False,False,False,False,True
CRM006588,GT006275,USR003622,False,,False,False,False,False,False,False,False,False,True,False
CRM006589,GT004365,,False,,False,False,False,False,False,False,False,False,False,False
CRM006590,GT009895,USR003623,False,,True,True,False,False,False,False,False,False,False,False
CRM006591,GT006548,,False,,False,False,False,False,False,False,True,False,False,False
CRM006592,GT008572,USR003624,False,,False,False,True,False,False,False,False,False,False,False
CRM006593,GT007908,USR003625,False,,False,False,False,True,False,False,True,False,False,False
CRM006594,GT005770,USR003626,False,,True,False,False,False,True,False,False,False,True,False
CRM006595,GT006601,USR003627,False,,False,False,False,False,False,False,False,False,True,False
CRM006596,GT009131,USR003628,False,,False,False,False,False,False,False,False,False,False,False
CRM006597,GT001451,USR003629,False,,False,False,True,False,False,True,False,False,False,False
CRM006598,GT005107,,False,,False,False,False,False,False,False,False,False,True,False
CRM006599,GT007598,USR003630,False,,False,False,False,False,False,False,False,False,False,False
CRM006600,GT001683,,False,,False,False,False,False,True,False,False,False,False,False
CRM006601,GT008707,USR003631,False,,False,False,False,False,False,False,False,False,False,False
CRM006602,GT002959,,False,,False,False,False,False,False,False,False,False,True,False
CRM006603,GT007963,,False,,False,False,False,False,False,False,False,False,False,False
CRM006604,GT003053,,False,,False,False,False,False,False,False,False,False,False,False
CRM006605,GT000351,,False,,False,False,False,False,False,False,False,False,False,False
CRM006606,GT005697,USR003632,False,,False,False,True,False,False,False,False,False,True,False
CRM006607,GT008998,USR003633,False,,False,True,False,False,True,False,False,False,False,True
CRM006608,GT004805,,False,,False,False,False,False,False,False,False,False,True,False
CRM006609,GT003475,USR003634,False,,False,False,False,False,False,False,False,False,False,False
CRM006610,GT007532,,False,,False,True,False,False,False,False,False,False,False,False
CRM006611,GT003210,,False,,False,False,False,False,False,False,False,False,False,False
CRM006612,GT000463,,False,,False,False,False,False,False,False,False,False,True,False
CRM006613,GT002646,,False,,False,False,False,False,False,False,False,False,False,False
CRM006614,GT008687,USR003635,False,,False,False,False,False,False,False,False,False,True,False
CRM006615,GT004189,,False,,False,False,False,False,False,False,False,False,False,True
CRM006616,GT007982,USR003636,False,,False,False,False,False,True,False,False,False,False,False
CRM006617,GT008354,,False,,False,False,False,False,False,False,False,False,True,False
CRM006618,GT002301,USR003637,False,,False,False,False,False,False,False,False,False,False,False
CRM006619,GT003533,USR003638,False,,False,False,False,False,False,False,False,True,False,False
CRM006620,GT003794,,False,,False,False,False,False,False,False,False,False,False,False
CRM006621,GT009994,USR003639,False,,False,False,False,False,False,False,False,False,False,False
CRM006622,GT006689,USR003640,False,,False,False,False,False,False,False,False,False,False,False
CRM006623,GT004918,USR003641,False,,False,False,False,False,False,True,False,False,False,False
CRM006624,GT002663,,False,,False,False,False,False,False,False,False,False,False,True
CRM006625,GT006872,,False,,False,False,False,False,False,False,False,False,True,False
CRM006626,GT004896,,False,,False,True,False,False,False,False,False,False,False,False
CRM006627,GT005264,USR003642,False,,False,False,False,False,False,False,False,False,True,False
CRM006628,GT004323,USR003643,False,,False,False,False,False,False,False,False,False,False,False
CRM006629,GT008883,USR003644,False,,False,True,False,False,False,True,False,False,False,False
CRM006630,GT007420,USR003645,False,,False,False,False,False,False,False,False,False,False,False
CRM006631,GT005389,USR003646,False,,False,False,False,False,False,False,False,False,False,False
CRM006632,GT005004,USR003647,False,,False,False,False,False,False,False,False,False,False,True
CRM006633,GT007839,USR003648,False,,False,False,False,False,False,False,False,True,True,False
CRM006634,GT001402,USR003649,False,,False,False,False,False,False,False,False,False,False,False
CRM006635,GT006939,USR003650,False,,False,False,False,True,False,False,False,False,False,False
CRM006636,GT004166,,False,,False,False,False,False,False,False,False,False,False,False
CRM006637,GT004943,,False,,False,False,False,False,False,False,False,False,False,False
CRM006638,GT001074,USR003651,False,,True,False,False,False,False,False,False,False,False,False
CRM006639,GT008917,USR003652,False,,False,False,False,False,False,False,False,False,False,False
CRM006640,GT008215,,False,,False,False,False,False,False,False,False,False,False,False
CRM006641,GT008161,USR003653,False,,False,False,False,False,False,False,True,False,False,False
CRM006642,GT005484,,False,,False,False,False,False,False,False,False,False,False,False
CRM006643,GT001744,USR003654,False,,False,False,True,False,False,False,False,False,True,False
CRM006644,GT007081,USR003655,False,,False,False,False,False,False,False,False,False,True,False
CRM006645,GT007491,,False,,False,False,False,False,True,False,False,True,True,False
CRM006646,GT004504,USR003656,False,,False,False,False,False,False,True,False,False,False,False
CRM006647,GT003609,,False,,True,False,False,False,False,False,False,False,False,True
CRM006648,GT003344,USR003657,False,,False,False,False,False,False,True,True,False,True,False
CRM006649,GT000541,USR003658,False,,False,False,False,False,False,False,False,False,False,False
CRM006650,GT008643,USR003659,False,,False,False,False,False,False,False,False,False,False,False
CRM006651,GT008250,,False,,False,False,False,False,False,False,False,False,False,False
CRM006652,GT006370,,False,,False,False,False,False,False,False,False,False,False,False
CRM006653,GT007521,USR003660,False,,False,False,False,False,False,False,False,False,True,True
CRM006654,GT004597,,False,,False,False,False,False,False,False,False,False,True,False
CRM006655,GT008258,USR003661,False,,False,False,False,False,True,False,False,False,True,False
CRM006656,GT002078,USR003662,False,,False,False,False,False,False,False,True,False,True,False
CRM006657,GT007880,,False,,False,False,False,False,False,False,False,False,False,False
CRM006658,GT006036,USR003663,False,,False,False,True,False,False,False,False,False,False,False
CRM006659,GT005459,USR003664,False,,False,False,False,False,False,False,False,False,False,True
CRM006660,GT009608,USR003665,False,,False,False,False,False,False,False,False,False,False,False
CRM006661,GT001576,USR003666,False,,False,False,False,False,False,False,False,False,False,False
CRM006662,GT007597,,False,,False,False,False,False,False,True,False,False,False,False
CRM006663,GT001478,,False,,False,False,False,False,False,False,False,False,False,True
CRM006664,GT000825,USR003667,False,,False,False,False,False,False,False,False,False,True,False
CRM006665,GT008659,USR003668,False,,False,False,False,False,False,False,False,False,False,True
CRM006666,GT008088,USR003669,False,,False,False,False,False,False,False,False,False,True,False
CRM006667,GT004394,USR003670,False,,False,False,False,False,False,False,False,False,False,False
CRM006668,GT001887,USR003671,False,,False,False,False,False,False,True,False,False,False,False
CRM006669,GT008484,USR003672,False,,False,False,False,False,False,False,False,False,True,True
CRM006670,GT000837,,False,,False,True,False,False,False,False,False,False,False,False
CRM006671,GT001341,,False,,True,False,False,False,False,False,False,False,False,False
CRM006672,GT001458,USR003673,False,,False,False,False,False,False,True,False,False,False,False
CRM006673,GT000060,USR003674,False,,False,False,False,False,False,False,False,False,False,False
CRM006674,GT001195,,False,,False,False,False,False,False,False,False,False,False,False
CRM006675,GT008725,USR003675,False,,False,False,False,False,False,False,True,False,False,False
CRM006676,GT003693,,False,,False,False,False,False,False,False,False,False,True,False
CRM006677,GT006799,USR003676,False,,False,True,False,False,False,False,False,False,False,False
CRM006678,GT003402,,False,,False,False,False,False,False,False,False,False,False,False
CRM006679,GT001261,USR003677,False,,False,False,False,False,False,False,False,False,False,False
CRM006680,GT004794,USR003678,False,,False,False,False,False,False,False,False,False,False,False
CRM006681,GT006355,USR003679,False,,False,False,False,False,False,False,False,False,False,False
CRM006682,GT004144,USR003680,False,,False,False,False,False,True,False,False,False,False,False
CRM006683,GT005222,,False,,False,False,False,False,True,False,False,False,False,False
CRM006684,GT006944,USR003681,False,,False,False,False,False,False,False,False,False,False,False
CRM006685,GT002250,USR003682,False,,True,False,False,False,False,False,False,False,False,False
CRM006686,GT004740,,False,,False,False,False,False,False,False,False,False,False,False
CRM006687,GT007821,USR003683,False,,False,False,False,False,False,False,False,False,False,False
CRM006688,GT009198,USR003684,False,,False,True,False,False,False,False,False,False,False,False
CRM006689,GT001632,,False,,False,False,False,False,False,False,False,False,False,False
CRM006690,GT009076,,False,,False,False,False,False,False,False,False,False,False,False
CRM006691,GT002411,USR003685,False,,False,True,False,False,False,False,False,False,False,False
CRM006692,GT007406,USR003686,False,,False,True,False,False,False,True,False,False,False,False
CRM006693,GT004277,,False,,False,False,False,False,False,False,False,False,True,False
CRM006694,GT005798,USR003687,False,,False,False,False,False,False,False,False,False,False,False
CRM006695,GT000704,,False,,False,False,False,False,False,False,False,False,False,False
CRM006696,GT007071,USR003688,False,,False,False,False,False,False,False,False,False,False,False
CRM006697,GT001907,USR003689,False,,False,False,False,False,False,False,False,False,False,False
CRM006698,GT004468,USR003690,False,,False,False,False,False,False,False,False,False,False,False
CRM006699,GT002212,USR003691,False,,False,False,False,False,False,False,False,False,False,False
CRM006700,GT007836,USR003692,False,,False,False,False,False,False,False,False,True,True,True
CRM006701,GT002100,,False,,False,False,False,False,False,False,False,False,False,False
CRM006702,GT006180,,False,,False,False,False,False,False,True,False,False,False,False
CRM006703,GT001962,USR003693,False,,False,False,False,False,False,False,False,False,True,False
CRM006704,GT004384,USR003694,False,,False,False,False,True,False,False,False,False,False,False
CRM006705,GT008541,USR003695,False,,False,False,False,False,False,True,False,False,False,False
CRM006706,GT009984,,False,,False,False,False,False,False,False,False,True,False,False
CRM006707,GT005995,USR003696,False,,False,True,False,False,False,False,False,False,False,True
CRM006708,GT008578,,False,,False,False,False,False,True,False,False,False,False,False
CRM006709,GT002977,USR003697,False,,False,False,False,False,False,False,False,False,False,False
CRM006710,GT005868,USR003698,False,,False,False,True,False,False,False,False,False,False,False
CRM006711,GT006704,USR003699,False,,False,False,False,False,True,False,False,False,False,False
CRM006712,GT002486,USR003700,False,,False,False,False,False,False,False,False,False,True,False
CRM006713,GT009285,,False,,False,False,False,False,False,False,False,False,False,False
CRM006714,GT009443,,False,,False,False,False,False,True,True,False,False,False,False
CRM006715,GT000628,,False,,False,False,False,False,False,False,False,False,False,False
CRM006716,GT009953,USR003701,False,,False,False,False,False,False,False,False,False,False,False
CRM006717,GT009832,,False,,False,False,True,False,False,False,False,False,True,False
CRM006718,GT003409,USR003702,False,,False,False,False,False,False,False,False,False,False,False
CRM006719,GT004372,,False,,False,False,False,False,False,False,False,False,False,False
CRM006720,GT005087,,False,,False,False,False,False,False,False,False,False,True,False
CRM006721,GT004711,,False,,False,False,False,False,False,False,False,False,False,False
CRM006722,GT002028,,False,,True,False,False,False,False,False,False,False,False,False
CRM006723,GT008196,USR003703,False,,False,False,False,False,False,False,False,False,False,False
CRM006724,GT009268,,False,,False,False,False,False,False,False,False,False,False,False
CRM006725,GT003448,,False,,False,True,False,False,False,True,False,False,False,False
CRM006726,GT004008,USR003704,False,,False,False,False,False,False,False,False,False,False,False
CRM006727,GT004672,,False,,True,False,False,False,False,False,False,False,True,False
CRM006728,GT002333,USR003705,False,,False,False,False,False,False,False,False,False,False,True
CRM006729,GT000557,USR003706,False,,False,False,False,False,False,False,False,False,False,False
CRM006730,GT001746,,False,,False,False,False,False,False,False,False,False,False,False
CRM006731,GT008420,,False,,False,False,False,False,False,False,False,False,False,False
CRM006732,GT004310,USR003707,False,,False,False,False,False,False,False,False,False,False,False
CRM006733,GT002114,USR003708,False,,False,False,False,False,True,False,False,False,False,False
CRM006734,GT008370,,False,,False,True,False,False,False,False,False,False,False,False
CRM006735,GT005777,USR003709,False,,False,False,False,False,False,False,False,False,True,False
CRM006736,GT002526,,False,,True,False,False,False,False,False,True,False,True,False
CRM006737,GT000142,USR003710,False,,False,False,False,False,False,False,False,False,False,False
CRM006738,GT000670,USR003711,False,,False,False,True,False,False,False,False,False,False,False
CRM006739,GT007786,USR003712,False,,False,True,False,False,False,False,False,False,False,False
CRM006740,GT008204,USR003713,False,,False,False,False,False,False,False,False,False,False,False
CRM006741,GT004939,,False,,False,False,False,False,False,False,False,False,True,False
CRM006742,GT007398,USR003714,False,,False,False,False,False,False,False,False,False,False,False
CRM006743,GT004521,USR003715,False,,False,False,False,False,False,False,False,False,False,False
CRM006744,GT000205,,False,,False,False,False,False,False,False,False,False,True,False
CRM006745,GT007231,USR003716,False,,False,False,False,False,False,False,False,False,False,False
CRM006746,GT001398,,False,,False,False,False,False,False,False,False,False,False,False
CRM006747,GT003116,,False,,False,False,False,False,False,False,False,False,False,False
CRM006748,GT006066,USR003717,False,,False,False,False,False,False,False,False,False,True,False
CRM006749,GT000109,USR003718,False,,False,False,False,True,False,False,False,False,False,False
CRM006750,GT000100,USR003719,False,,False,False,False,False,False,False,False,False,True,False
CRM006751,GT004848,,False,,False,False,False,False,False,False,False,False,False,False
CRM006752,GT002759,,False,,False,False,False,False,True,False,False,False,False,False
CRM006753,GT000668,USR003720,False,,False,False,False,False,False,False,False,False,False,False
CRM006754,GT000823,USR003721,False,,False,False,False,False,False,False,False,False,False,False
CRM006755,GT007358,USR003722,False,,False,True,False,False,False,False,True,False,False,False
CRM006756,GT005371,,False,,False,False,False,False,False,False,False,False,False,False
CRM006757,GT001336,,False,,False,False,False,False,False,False,False,False,False,False
CRM006758,GT001245,USR003723,False,,False,False,False,False,False,False,False,False,False,True
CRM006759,GT003716,,False,,False,False,False,False,False,False,False,False,False,False
CRM006760,GT006710,USR003724,False,,False,False,False,False,False,False,False,False,True,False
CRM006761,GT005918,,False,,False,False,False,False,False,False,False,False,False,False
CRM006762,GT001721,,False,,False,False,False,False,False,False,False,False,True,False
CRM006763,GT003384,USR003725,False,,False,False,False,False,False,False,False,True,False,False
CRM006764,GT002016,,False,,False,False,False,False,False,False,False,False,False,True
CRM006765,GT007041,USR003726,False,,False,True,False,False,False,False,False,False,False,False
CRM006766,GT002098,USR003727,False,,False,True,False,False,False,False,False,False,False,False
CRM006767,GT003943,,False,,False,False,False,False,False,False,False,False,True,False
CRM006768,GT008811,,False,,False,False,False,False,False,False,False,False,False,False
CRM006769,GT005147,USR003728,False,,False,False,False,False,False,False,False,False,False,False
CRM006770,GT006525,USR003729,False,,False,False,False,False,False,False,False,False,False,False
CRM006771,GT003714,,False,,False,False,False,False,False,False,False,False,False,False
CRM006772,GT003463,USR003730,False,,False,False,False,False,False,False,False,False,False,False
CRM006773,GT007859,USR003731,False,,False,False,False,False,False,False,False,False,True,False
CRM006774,GT003090,USR003732,False,,False,False,False,False,False,False,False,False,True,False
CRM006775,GT004692,,False,,False,False,False,False,False,False,False,False,False,False
CRM006776,GT004813,USR003733,False,,False,False,False,False,False,False,True,False,False,False
CRM006777,GT000979,USR003734,False,,False,False,False,False,False,False,False,False,True,False
CRM006778,GT007796,,False,,False,True,False,False,False,False,False,False,False,False
CRM006779,GT005339,,False,,False,False,False,False,False,False,False,False,False,False
CRM006780,GT000581,,False,,False,False,False,False,False,False,False,False,False,False
CRM006781,GT008465,USR003735,False,,False,False,False,False,False,False,False,True,False,False
CRM006782,GT008655,,False,,False,False,False,False,False,False,False,False,True,False
CRM006783,GT009713,,False,,False,True,False,False,False,False,False,False,False,False
CRM006784,GT005168,USR003736,False,,False,True,False,False,False,False,False,False,False,False
CRM006785,GT009353,,False,,False,False,False,False,False,False,False,False,False,False
CRM006786,GT005755,USR003737,False,,False,False,False,False,False,False,False,False,False,False
CRM006787,GT000236,,False,,False,False,False,False,False,True,False,False,False,False
CRM006788,GT006115,USR003738,False,,False,False,False,False,False,False,False,False,False,False
CRM006789,GT003248,USR003739,False,,False,False,False,False,False,False,False,False,True,False
CRM006790,GT009010,USR003740,False,,False,False,False,False,False,False,False,False,False,False
CRM006791,GT004203,,False,,False,False,False,False,False,False,False,False,False,False
CRM006792,GT009860,USR003741,False,,False,False,False,False,False,False,False,False,True,False
CRM006793,GT002180,USR003742,False,,False,True,False,False,False,False,False,False,False,False
CRM006794,GT005195,,False,,False,False,False,False,False,False,False,False,False,False
CRM006795,GT000717,USR003743,False,,False,False,False,False,False,False,False,False,True,False
CRM006796,GT009161,,False,,False,False,False,False,False,False,False,False,False,False
CRM006797,GT001260,,False,,False,False,False,False,True,False,False,False,False,False
CRM006798,GT004329,USR003744,False,,False,False,False,False,False,False,False,False,True,False
CRM006799,GT001977,,False,,False,False,False,False,False,False,False,False,True,False
CRM006800,GT007788,USR003745,False,,False,False,False,False,False,True,False,False,False,False
CRM006801,GT007170,USR003746,False,,False,False,False,False,False,False,False,False,False,False
CRM006802,GT000189,USR003747,False,,False,False,False,False,False,False,False,False,False,False
CRM006803,GT009228,,False,,False,False,False,False,False,False,False,False,False,False
CRM006804,GT002928,,False,,False,False,False,False,False,True,False,False,False,False
CRM006805,GT004595,USR003748,False,,False,False,False,False,False,True,False,False,False,False
CRM006806,GT006254,USR003749,False,,False,False,False,False,False,True,False,False,True,False
CRM006807,GT005722,USR003750,False,,False,False,False,False,False,False,False,False,False,False
CRM006808,GT002633,,False,,False,False,False,False,False,False,False,False,False,False
CRM006809,GT002989,,False,,False,False,False,False,True,False,False,False,False,False
CRM006810,GT001516,,False,,False,False,False,False,False,False,False,False,False,False
CRM006811,GT001106,,False,,False,False,False,False,False,False,False,False,False,False
CRM006812,GT000455,,False,,False,False,False,False,False,False,False,False,False,False
CRM006813,GT008300,USR003751,False,,False,False,False,False,True,False,False,False,False,False
CRM006814,GT004009,USR003752,False,,False,False,False,False,False,False,False,True,False,False
CRM006815,GT009028,USR003753,False,,False,False,False,False,False,False,False,False,False,False
CRM006816,GT004214,USR003754,False,,False,False,False,False,False,False,False,False,False,False
CRM006817,GT005069,USR003755,False,,False,False,False,False,True,False,False,False,True,False
CRM006818,GT004230,USR003756,False,,False,False,False,False,False,False,False,False,False,False
CRM006819,GT007707,USR003757,False,,False,False,False,False,False,False,False,False,False,False
CRM006820,GT003617,USR003758,False,,True,False,False,False,False,False,False,False,False,False
CRM006821,GT006172,,False,,False,False,False,False,False,False,False,False,False,False
CRM006822,GT004424,,False,,False,False,False,False,False,False,False,False,True,False
CRM006823,GT000038,USR003759,False,,False,False,False,False,False,False,False,False,False,False
CRM006824,GT007193,USR003760,False,,False,False,False,False,False,True,False,False,True,False
CRM006825,GT002995,USR003761,False,,False,False,False,False,False,False,False,False,False,False
CRM006826,GT007934,USR003762,False,,False,False,False,False,False,False,False,False,True,False
CRM006827,GT005735,USR003763,False,,False,False,False,False,False,False,False,False,False,False
CRM006828,GT005175,USR003764,False,,False,True,False,False,False,False,False,False,False,True
CRM006829,GT005747,,False,,False,False,False,False,False,False,False,False,True,False
CRM006830,GT002022,USR003765,False,,False,True,False,False,False,False,False,False,False,False
CRM006831,GT001151,,False,,False,False,False,False,False,False,False,False,False,False
CRM006832,GT004854,USR003766,False,,False,False,False,False,False,False,False,False,False,False
CRM006833,GT000909,,False,,False,False,False,False,False,False,False,False,False,False
CRM006834,GT005391,,False,,False,False,False,False,False,False,False,False,False,True
CRM006835,GT004438,USR003767,False,,False,False,False,False,False,False,False,False,False,True
CRM006836,GT007460,USR003768,False,,False,False,False,True,False,False,False,False,False,False
CRM006837,GT005441,,False,,False,False,False,False,False,False,False,False,False,False
CRM006838,GT009090,USR003769,False,,False,False,False,False,False,False,False,False,False,False
CRM006839,GT000224,USR003770,False,,False,False,False,False,False,True,False,False,False,False
CRM006840,GT002724,,False,,False,False,True,False,False,False,False,False,False,False
CRM006841,GT006987,USR003771,False,,False,False,False,False,False,False,False,False,True,False
CRM006842,GT008350,,False,,False,False,False,False,False,False,False,False,False,False
CRM006843,GT003383,,False,,False,False,False,False,False,False,False,False,True,False
CRM006844,GT006632,USR003772,False,,False,True,False,False,False,False,False,False,False,False
CRM006845,GT005381,USR003773,False,,False,False,False,False,False,False,False,False,False,False
CRM006846,GT005109,USR003774,False,,False,False,False,True,False,False,False,False,False,False
CRM006847,GT004177,USR003775,False,,False,False,False,False,False,False,False,False,False,True
CRM006848,GT001795,USR003776,False,,False,False,False,False,False,False,False,False,True,False
CRM006849,GT002109,USR003777,False,,False,False,False,False,False,False,False,False,False,False
CRM006850,GT006455,USR003778,False,,False,False,False,False,False,False,False,False,False,False
CRM006851,GT004152,USR003779,False,,False,False,False,False,False,False,False,False,True,False
CRM006852,GT006133,USR003780,False,,False,False,False,False,False,False,False,False,False,False
CRM006853,GT001794,USR003781,False,,False,False,False,False,False,False,False,False,False,False
CRM006854,GT000747,USR003782,False,,False,False,False,False,False,False,False,False,True,False
CRM006855,GT007505,,False,,False,False,False,False,False,False,False,False,False,True
CRM006856,GT000623,USR003783,False,,False,False,False,False,False,False,False,False,False,False
CRM006857,GT002173,USR003784,False,,False,False,False,False,False,True,False,False,True,True
CRM006858,GT008035,USR003785,False,,False,False,False,False,False,False,False,False,False,False
CRM006859,GT001970,USR003786,False,,False,False,False,False,True,False,False,False,False,False
CRM006860,GT009730,USR003787,False,,False,False,False,False,False,False,False,False,False,False
CRM006861,GT007169,,False,,False,False,False,False,False,False,False,False,False,False
CRM006862,GT003048,,False,,False,False,False,False,False,False,False,False,False,False
CRM006863,GT009822,,False,,False,False,False,False,False,True,False,False,False,True
CRM006864,GT000816,,False,,False,True,False,False,False,False,False,False,False,False
CRM006865,GT009792,USR003788,False,,False,False,False,False,False,True,False,False,False,False
CRM006866,GT008738,USR003789,False,,False,False,False,False,False,False,False,False,False,True
CRM006867,GT003123,USR003790,False,,False,True,False,False,False,True,False,False,False,False
CRM006868,GT006694,USR003791,False,,False,False,False,False,False,False,False,False,False,False
CRM006869,GT007538,,False,,False,False,False,False,False,False,False,False,False,False
CRM006870,GT006357,USR003792,False,,False,False,False,False,False,False,False,False,False,False
CRM006871,GT001372,USR003793,False,,False,False,False,False,False,False,False,False,False,True
CRM006872,GT009818,,False,,False,False,False,False,True,False,False,False,False,False
CRM006873,GT008226,,False,,False,False,False,False,False,False,False,False,True,False
CRM006874,GT009790,,False,,False,True,False,False,False,False,False,False,False,False
CRM006875,GT007408,,False,,False,False,False,False,False,True,False,False,False,False
CRM006876,GT003952,USR003794,False,,False,False,False,False,False,False,False,False,False,False
CRM006877,GT009416,USR003795,False,,False,False,False,False,False,False,False,False,False,False
CRM006878,GT002025,,False,,False,False,False,False,False,False,False,False,False,False
CRM006879,GT000777,,False,,False,False,False,False,False,False,False,False,False,False
CRM006880,GT002707,,False,,False,False,False,False,False,False,False,False,True,False
CRM006881,GT009444,USR003796,False,,True,True,False,False,False,False,False,False,False,False
CRM006882,GT005935,USR003797,False,,False,False,False,False,False,True,False,False,False,False
CRM006883,GT000752,USR003798,False,,False,False,False,False,False,False,False,False,False,True
CRM006884,GT008931,USR003799,False,,False,False,False,False,False,False,False,False,False,False
CRM006885,GT003985,,False,,False,False,False,False,False,False,False,False,False,False
CRM006886,GT009523,USR003800,False,,False,False,False,False,False,False,False,False,False,False
CRM006887,GT005713,,False,,False,True,False,False,False,False,False,False,False,False
CRM006888,GT008792,,False,,False,False,False,False,False,False,False,False,False,False
CRM006889,GT002253,USR003801,False,,False,False,False,False,False,True,False,False,False,True
CRM006890,GT001599,USR003802,False,,False,False,False,False,False,False,False,False,False,False
CRM006891,GT000951,USR003803,False,,False,False,False,False,False,False,False,False,False,False
CRM006892,GT005692,,False,,False,False,False,False,False,False,False,False,True,False
CRM006893,GT001640,,False,,False,False,False,False,False,False,False,False,False,False
CRM006894,GT009449,USR003804,False,,False,False,False,False,False,False,False,False,True,False
CRM006895,GT003641,,False,,False,False,False,False,False,False,False,False,False,False
CRM006896,GT008614,USR003805,False,,False,False,False,False,False,False,False,False,False,False
CRM006897,GT005019,USR003806,False,,False,False,False,False,False,False,False,False,False,False
CRM006898,GT001319,,False,,False,False,False,False,False,False,False,False,False,False
CRM006899,GT004996,,False,,False,False,False,False,False,False,False,False,False,False
CRM006900,GT007389,USR003807,False,,False,False,False,False,False,True,False,False,False,False
CRM006901,GT006194,,False,,False,True,True,False,False,False,False,False,False,False
CRM006902,GT005688,,False,,False,True,False,False,False,False,False,False,False,False
CRM006903,GT004301,USR003808,False,,True,False,False,False,True,False,False,False,False,False
CRM006904,GT003075,USR003809,False,,False,False,False,False,False,False,False,False,False,False
CRM006905,GT003306,,False,,False,False,False,False,False,False,False,False,False,False
CRM006906,GT004267,USR003810,False,,False,False,False,False,False,False,False,False,False,False
CRM006907,GT002501,USR003811,False,,False,False,False,False,False,False,False,False,False,True
CRM006908,GT008436,USR003812,False,,False,False,False,False,False,False,False,False,True,False
CRM006909,GT009185,,False,,False,True,False,False,False,True,False,False,False,False
CRM006910,GT004054,,False,,False,True,False,False,False,False,True,False,False,False
CRM006911,GT000484,,False,,False,False,False,True,False,False,False,False,False,False
CRM006912,GT004345,USR003813,False,,False,False,False,False,False,False,False,False,False,False
CRM006913,GT003331,,False,,False,False,False,False,False,False,False,False,True,False
CRM006914,GT007410,,False,,False,False,False,False,False,False,False,False,False,True
CRM006915,GT007943,,False,,False,False,False,False,False,False,False,False,False,False
CRM006916,GT006247,USR003814,False,,False,False,False,False,False,False,False,False,False,False
CRM006917,GT005555,USR003815,False,,False,False,False,False,False,False,False,False,True,False
CRM006918,GT000879,USR003816,False,,False,False,False,False,False,False,False,False,False,False
CRM006919,GT007421,,False,,False,False,False,False,False,False,False,False,False,False
CRM006920,GT006894,,False,,False,False,False,False,False,True,False,False,False,False
CRM006921,GT003305,,False,,False,False,False,False,False,False,False,False,False,False
CRM006922,GT009294,,False,,False,False,False,False,False,False,False,False,True,False
CRM006923,GT008383,USR003817,False,,False,False,False,False,False,False,False,False,False,False
CRM006924,GT004799,,False,,False,False,False,False,False,False,False,False,False,False
CRM006925,GT001704,,False,,False,False,False,False,False,False,False,False,False,False
CRM006926,GT001964,USR003818,False,,False,False,False,False,False,False,False,False,False,False
CRM006927,GT009425,,False,,False,False,False,False,False,False,False,True,False,True
CRM006928,GT010000,USR003819,False,,False,False,False,False,False,False,False,False,False,False
CRM006929,GT000054,USR003820,False,,False,False,False,False,False,False,False,False,False,False
CRM006930,GT002256,USR003821,False,,False,False,False,False,True,False,False,False,True,False
CRM006931,GT009531,USR003822,False,,False,False,False,False,False,False,False,False,False,False
CRM006932,GT008191,,False,,False,False,False,False,False,False,False,False,False,False
CRM006933,GT009703,USR003823,False,,False,False,False,False,False,False,False,False,True,False
CRM006934,GT005534,,False,,False,False,False,False,False,False,False,False,True,False
CRM006935,GT003310,,False,,False,False,False,False,False,False,False,False,True,False
CRM006936,GT009407,USR003824,False,,False,False,False,False,False,False,False,False,False,False
CRM006937,GT003425,USR003825,False,,False,True,False,False,False,False,False,False,False,False
CRM006938,GT000773,USR003826,False,,False,False,False,False,False,False,False,False,False,False
CRM006939,GT006393,,False,,False,False,False,False,False,False,False,False,True,False
CRM006940,GT003216,,False,,False,False,False,False,False,False,False,False,False,False
CRM006941,GT001335,USR003827,False,,False,False,False,False,True,False,False,False,True,False
CRM006942,GT007799,USR003828,False,,False,False,False,False,False,False,False,False,True,False
CRM006943,GT006811,USR003829,False,,False,False,False,False,False,False,False,False,False,False
CRM006944,GT005837,USR003830,False,,False,False,False,False,False,False,False,False,True,False
CRM006945,GT005457,,False,,False,False,False,False,False,True,False,False,False,False
CRM006946,GT008900,,False,,False,False,False,False,False,False,False,False,False,False
CRM006947,GT005038,,False,,False,False,False,False,False,False,False,False,False,False
CRM006948,GT003665,,False,,False,False,True,False,False,False,False,False,True,True
CRM006949,GT004398,,False,,False,False,True,False,False,False,False,False,False,False
CRM006950,GT002919,USR003831,False,,False,False,False,False,False,False,False,False,False,False
CRM006951,GT003180,,False,,False,False,False,False,False,False,False,False,False,False
CRM006952,GT006441,USR003832,False,,False,True,False,False,False,False,False,False,False,False
CRM006953,GT001590,USR003833,False,,False,False,False,False,False,False,False,False,False,True
CRM006954,GT003864,,False,,False,False,False,False,False,False,False,False,False,False
CRM006955,GT007345,USR003834,False,,False,False,False,False,False,False,False,False,False,False
CRM006956,GT009448,USR003835,False,,False,False,False,False,False,False,False,False,False,False
CRM006957,GT008385,,False,,False,False,False,False,False,False,False,False,False,False
CRM006958,GT004747,,False,,False,False,False,False,False,False,False,False,False,False
CRM006959,GT006264,,False,,False,False,False,False,False,False,False,False,True,False
CRM006960,GT009455,USR003836,False,,False,False,False,False,False,False,False,False,False,False
CRM006961,GT004634,USR003837,False,,False,False,False,False,False,False,False,False,False,False
CRM006962,GT000808,USR003838,False,,False,False,False,False,False,False,False,False,False,False
CRM006963,GT002547,,False,,False,False,False,False,False,False,False,False,False,False
CRM006964,GT008683,USR003839,False,,False,False,False,False,False,False,False,False,False,False
CRM006965,GT003292,USR003840,False,,False,False,False,False,False,False,False,False,False,False
CRM006966,GT003290,USR003841,False,,False,False,False,False,False,False,False,False,False,False
CRM006967,GT001583,,False,,False,False,False,False,False,False,False,False,True,True
CRM006968,GT005149,USR003842,False,,False,False,False,False,True,False,False,False,False,True
CRM006969,GT003790,,False,,False,False,False,False,False,False,False,False,False,False
CRM006970,GT003249,,False,,False,False,False,False,False,False,False,False,False,False
CRM006971,GT009202,USR003843,False,,False,False,False,False,False,False,False,False,False,False
CRM006972,GT003544,,False,,False,False,False,False,False,False,False,False,False,False
CRM006973,GT001991,,False,,True,False,False,False,False,False,False,False,False,False
CRM006974,GT009524,USR003844,False,,False,False,False,False,False,False,False,False,True,False
CRM006975,GT007891,USR003845,False,,False,False,False,False,False,False,False,False,False,False
CRM006976,GT009264,USR003846,False,,False,False,False,False,False,False,False,False,False,False
CRM006977,GT006150,USR003847,False,,False,False,False,False,False,False,False,False,True,False
CRM006978,GT004865,USR003848,False,,False,False,False,False,False,False,False,False,False,False
CRM006979,GT000792,USR003849,False,,False,False,False,False,False,False,False,False,False,False
CRM006980,GT009321,,False,,False,False,False,False,False,False,False,False,False,False
CRM006981,GT009490,,False,,False,False,False,False,False,False,False,False,False,False
CRM006982,GT006842,USR003850,False,,False,False,False,True,False,False,False,False,True,False
CRM006983,GT002039,,False,,False,False,False,False,False,False,False,False,False,False
CRM006984,GT004182,USR003851,False,,False,False,False,False,False,False,False,False,False,False
CRM006985,GT002673,USR003852,False,,False,False,False,False,False,True,False,False,False,True
CRM006986,GT005808,USR003853,False,,False,False,False,False,False,False,False,False,False,False
CRM006987,GT009578,USR003854,False,,False,True,False,True,False,False,False,False,False,False
CRM006988,GT004999,,False,,False,False,False,False,False,False,False,False,False,False
CRM006989,GT000422,USR003855,False,,False,False,False,False,False,False,False,False,False,False
CRM006990,GT002731,USR003856,False,,False,False,False,False,False,False,False,False,True,False
CRM006991,GT007419,,False,,False,False,False,True,False,False,False,False,True,False
CRM006992,GT001334,,False,,False,True,False,False,False,False,False,False,False,False
CRM006993,GT007311,,False,,False,False,False,False,False,True,False,False,False,True
CRM006994,GT003765,USR003857,False,,False,False,False,False,False,False,False,False,False,False
CRM006995,GT003012,,False,,False,False,False,False,False,False,False,False,False,False
CRM006996,GT009200,USR003858,False,,False,False,False,True,False,False,False,False,False,False
CRM006997,GT000445,USR003859,False,,False,False,False,False,False,False,False,False,True,False
CRM006998,GT003035,,False,,False,False,False,False,False,False,False,False,True,False
CRM006999,GT001851,,False,,False,False,False,False,False,False,False,False,False,False
CRM007000,GT000284,,False,,False,True,False,False,False,False,False,False,False,False
CRM007001,GT000620,USR003860,False,,False,False,False,False,False,False,False,False,False,False
CRM007002,GT004335,,False,,False,False,False,False,False,True,False,False,False,False
CRM007003,GT007499,,False,,False,False,False,False,False,False,False,False,False,False
CRM007004,GT004990,,False,,False,True,False,True,False,False,False,False,False,False
CRM007005,GT006505,USR003861,False,,False,False,False,False,False,False,False,False,False,False
CRM007006,GT004212,USR003862,False,,False,False,False,False,False,False,False,False,False,True
CRM007007,GT004239,USR003863,False,,False,False,False,False,False,False,False,False,False,False
CRM007008,GT008391,,False,,False,False,False,False,False,False,False,False,False,True
CRM007009,GT001009,,False,,False,False,True,False,False,False,False,False,False,False
CRM007010,GT006270,,False,,False,False,False,False,False,False,False,False,False,False
CRM007011,GT007562,,False,,False,False,False,False,False,False,False,False,False,False
CRM007012,GT000766,USR003864,False,,False,False,False,False,False,False,False,False,True,False
CRM007013,GT000178,USR003865,False,,False,True,False,False,False,False,False,False,False,False
CRM007014,GT005535,,False,,False,False,False,False,False,False,False,False,False,False
CRM007015,GT003428,,False,,False,True,False,False,False,False,False,False,False,False
CRM007016,GT002166,USR003866,False,,False,False,False,False,False,False,False,False,False,False
CRM007017,GT008348,,False,,False,False,False,False,False,False,False,False,False,False
CRM007018,GT009024,,False,,False,False,False,False,False,False,False,False,False,False
CRM007019,GT007203,,False,,False,False,False,False,False,False,False,False,False,False
CRM007020,GT003556,USR003867,False,,False,False,False,False,False,False,False,False,False,False
CRM007021,GT001933,,False,,False,False,False,False,False,False,False,False,False,False
CRM007022,GT007475,USR003868,False,,False,False,False,False,False,False,False,False,True,False
CRM007023,GT006021,,False,,False,False,False,False,False,False,False,False,False,False
CRM007024,GT004989,,False,,False,False,False,False,False,False,False,False,False,False
CRM007025,GT003443,,False,,False,False,True,False,False,False,False,False,False,False
CRM007026,GT001167,,False,,False,False,False,False,False,False,False,True,True,False
CRM007027,GT007083,USR003869,False,,False,True,False,False,False,False,False,False,False,False
CRM007028,GT004094,USR003870,False,,False,False,False,False,False,False,False,False,False,True
CRM007029,GT005461,,False,,False,False,False,False,False,False,False,False,False,False
CRM007030,GT004338,USR003871,False,,False,False,False,False,False,False,False,False,False,False
CRM007031,GT006286,USR003872,False,,False,False,False,False,True,False,True,False,False,False
CRM007032,GT002219,,False,,False,False,False,False,False,False,False,False,False,False
CRM007033,GT006889,USR003873,False,,False,False,False,False,False,False,False,False,False,False
CRM007034,GT008344,USR003874,False,,False,False,False,False,False,False,False,False,False,False
CRM007035,GT007744,USR003875,False,,False,False,False,False,False,False,False,False,False,False
CRM007036,GT007220,,False,,False,True,False,False,False,False,False,False,False,False
CRM007037,GT001816,,False,,False,False,False,False,False,False,False,False,False,False
CRM007038,GT008123,USR003876,False,,False,False,False,False,False,False,False,False,False,False
CRM007039,GT004106,USR003877,False,,False,False,False,False,False,False,False,False,True,True
CRM007040,GT001487,USR003878,False,,False,False,False,False,False,False,False,False,True,False
CRM007041,GT004414,,False,,False,False,False,False,False,False,False,False,False,False
CRM007042,GT005258,USR003879,False,,False,False,False,False,False,False,False,False,True,False
CRM007043,GT006621,USR003880,False,,False,False,False,False,False,False,False,False,True,False
CRM007044,GT004073,USR003881,False,,False,False,False,False,False,False,False,False,True,False
CRM007045,GT003451,,False,,True,False,False,False,False,False,False,False,False,False
CRM007046,GT003002,USR003882,False,,False,False,False,False,False,False,False,False,False,False
CRM007047,GT008768,,False,,False,False,False,False,False,False,False,False,False,False
CRM007048,GT002778,,False,,False,False,False,False,False,False,False,False,False,False
CRM007049,GT002244,,False,,False,False,False,False,False,False,False,False,False,False
CRM007050,GT005822,,False,,False,False,False,False,False,False,False,False,False,False
CRM007051,GT008750,USR003883,False,,False,False,False,False,False,False,False,False,False,True
CRM007052,GT004518,,False,,False,True,False,False,False,False,False,False,False,False
CRM007053,GT006341,USR003884,False,,False,True,False,False,False,True,False,False,False,False
CRM007054,GT003219,,False,,False,False,False,False,False,False,False,False,False,False
CRM007055,GT002196,,False,,False,False,False,False,False,False,False,False,True,False
CRM007056,GT003005,,False,,False,False,False,False,False,False,False,False,False,False
CRM007057,GT004355,,False,,False,False,False,False,False,False,False,False,False,False
CRM007058,GT006300,,False,,False,False,False,False,True,False,False,False,False,False
CRM007059,GT003758,USR003885,False,,False,False,False,False,False,False,False,False,False,False
CRM007060,GT003287,USR003886,False,,False,False,False,False,False,False,False,False,False,False
CRM007061,GT003235,USR003887,False,,False,False,False,False,False,False,False,False,False,False
CRM007062,GT003001,USR003888,False,,False,False,False,False,False,False,False,False,False,False
CRM007063,GT001410,USR003889,False,,False,False,False,False,False,False,False,False,False,False
CRM007064,GT001327,,False,,False,False,False,False,False,False,False,False,False,False
CRM007065,GT009705,USR003890,False,,False,False,False,False,False,False,False,False,False,False
CRM007066,GT006841,USR003891,False,,False,False,False,False,False,False,False,False,False,False
CRM007067,GT003653,USR003892,False,,False,False,False,False,False,False,False,False,True,False
CRM007068,GT009532,USR003893,False,,False,False,False,False,False,False,False,False,False,False
CRM007069,GT007890,USR003894,False,,False,False,False,False,True,False,True,False,True,False
CRM007070,GT001346,,False,,False,False,False,False,False,False,False,True,True,False
CRM007071,GT001325,,False,,False,False,False,False,False,False,False,False,False,False
CRM007072,GT008343,USR003895,False,,False,True,False,False,False,False,False,False,False,False
CRM007073,GT004612,USR003896,False,,False,False,False,False,False,False,False,False,False,False
CRM007074,GT003517,USR003897,False,,False,False,True,False,False,True,False,False,True,False
CRM007075,GT000239,,False,,False,False,False,False,False,False,False,False,False,False
CRM007076,GT008231,,False,,False,False,False,False,False,False,False,False,True,True
CRM007077,GT000065,USR003898,False,,False,False,True,True,True,True,False,False,False,False
CRM007078,GT007296,,False,,False,False,False,False,False,False,False,False,False,False
CRM007079,GT007194,USR003899,False,,False,False,False,False,False,False,True,False,False,False
CRM007080,GT002584,USR003900,False,,False,False,False,False,True,False,False,False,True,False
CRM007081,GT002988,USR003901,False,,False,False,False,False,False,False,False,False,False,False
CRM007082,GT007422,USR003902,False,,False,True,False,True,False,False,False,False,False,False
CRM007083,GT002343,USR003903,False,,False,False,False,False,False,True,False,False,True,False
CRM007084,GT009924,USR003904,False,,False,False,False,False,False,False,False,False,False,True
CRM007085,GT004764,USR003905,False,,False,True,False,False,False,False,False,False,False,False
CRM007086,GT003733,USR003906,False,,False,False,False,False,False,False,False,False,False,False
CRM007087,GT001520,USR003907,False,,False,False,False,False,False,False,False,False,False,False
CRM007088,GT008673,USR003908,False,,False,False,False,False,False,False,False,False,True,False
CRM007089,GT005359,USR003909,False,,False,False,False,False,False,False,False,False,True,False
CRM007090,GT000999,,False,,False,False,False,False,False,False,False,False,True,False
CRM007091,GT004834,USR003910,False,,False,False,False,False,False,False,False,False,False,False
CRM007092,GT003441,USR003911,False,,False,False,False,False,False,False,False,False,False,False
CRM007093,GT000686,,False,,False,True,False,False,False,False,False,False,False,False
CRM007094,GT002853,,False,,False,False,False,False,False,False,False,False,False,True
CRM007095,GT005060,USR003912,False,,False,False,False,False,False,False,False,False,False,False
CRM007096,GT001280,USR003913,False,,False,False,False,False,False,False,False,False,True,False
CRM007097,GT005224,,False,,False,False,False,False,False,False,False,False,True,False
CRM007098,GT004024,,False,,False,False,False,False,False,False,False,False,False,False
CRM007099,GT002688,USR003914,False,,False,False,True,False,False,False,False,False,False,False
CRM007100,GT003131,USR003915,False,,False,True,False,False,False,False,False,False,False,False
CRM007101,GT001759,,False,,False,False,False,False,False,False,False,False,False,False
CRM007102,GT002174,USR003916,False,,False,False,False,False,False,False,False,False,False,False
CRM007103,GT004821,USR003917,False,,False,False,False,False,False,False,False,False,False,False
CRM007104,GT006934,,False,,False,True,False,False,False,False,False,False,False,False
CRM007105,GT005646,USR003918,False,,False,False,False,False,False,False,False,False,True,False
CRM007106,GT005347,,False,,False,False,False,False,False,False,False,False,True,False
CRM007107,GT000235,,False,,False,False,False,False,False,False,False,False,False,False
CRM007108,GT000278,USR003919,False,,False,False,False,False,False,True,False,False,False,True
CRM007109,GT009660,USR003920,False,,False,False,False,False,False,False,False,False,False,False
CRM007110,GT007760,USR003921,False,,False,False,False,False,True,False,False,False,False,False
CRM007111,GT003906,USR003922,False,,False,False,False,False,False,False,False,False,False,False
CRM007112,GT009027,USR003923,False,,False,False,False,True,False,False,False,False,True,False
CRM007113,GT005861,USR003924,False,,False,False,False,False,False,False,False,False,False,True
CRM007114,GT001114,,False,,False,False,False,False,False,False,True,False,False,False
CRM007115,GT004254,USR003925,False,,False,True,False,False,True,False,False,False,False,False
CRM007116,GT003939,USR003926,False,,False,False,False,False,False,False,False,False,False,False
CRM007117,GT002068,,False,,False,False,False,False,False,False,False,False,False,True
CRM007118,GT009588,USR003927,False,,False,True,False,True,False,False,False,False,False,False
CRM007119,GT003079,USR003928,False,,False,False,False,False,False,False,False,False,True,True
CRM007120,GT001201,USR003929,False,,False,False,False,False,False,False,False,False,False,False
CRM007121,GT007212,USR003930,False,,False,False,False,False,False,False,False,False,True,False
CRM007122,GT004663,USR003931,False,,False,False,False,False,False,False,False,False,False,False
CRM007123,GT009702,USR003932,False,,False,True,False,False,False,False,False,False,False,False
CRM007124,GT001415,USR003933,False,,False,True,False,False,False,False,False,False,False,False
CRM007125,GT008214,,False,,False,True,False,False,False,False,False,False,False,False
CRM007126,GT006422,,False,,False,False,False,False,False,False,True,False,False,False
CRM007127,GT009232,USR003934,False,,False,False,False,False,False,False,False,False,False,False
CRM007128,GT007616,USR003935,False,,True,False,False,False,False,False,False,False,False,False
CRM007129,GT000412,,False,,False,False,False,False,False,False,False,False,True,False
CRM007130,GT009391,USR003936,False,,False,False,False,False,False,False,False,False,False,True
CRM007131,GT006819,USR003937,False,,False,False,False,False,False,False,False,False,True,False
CRM007132,GT003459,USR003938,False,,False,False,False,False,False,False,False,False,False,True
CRM007133,GT005710,,False,,False,False,False,False,False,False,False,False,False,False
CRM007134,GT000248,USR003939,False,,False,False,False,False,False,False,False,False,False,False
CRM007135,GT000328,,False,,False,False,False,False,False,False,False,False,False,True
CRM007136,GT006938,USR003940,False,,False,True,False,False,False,False,False,False,False,False
CRM007137,GT005702,,False,,False,False,False,False,False,False,False,False,False,False
CRM007138,GT008586,USR003941,False,,False,False,False,False,False,False,False,False,False,False
CRM007139,GT004227,,False,,False,False,False,False,False,False,False,False,False,False
CRM007140,GT006253,,False,,False,False,True,False,False,False,False,False,False,False
CRM007141,GT009247,USR003942,False,,False,False,False,False,False,False,False,False,True,False
CRM007142,GT003398,,False,,False,False,False,False,False,False,True,False,False,False
CRM007143,GT002575,,False,,False,True,False,False,False,False,False,False,False,False
CRM007144,GT002064,USR003943,False,,False,False,False,False,True,False,False,False,False,False
CRM007145,GT008026,USR003944,False,,False,False,False,False,False,False,False,False,False,False
CRM007146,GT009564,,False,,False,False,False,False,False,False,False,False,True,False
CRM007147,GT008472,,False,,False,False,False,False,True,False,False,False,False,False
CRM007148,GT001103,,False,,False,False,False,False,False,False,False,False,False,True
CRM007149,GT004465,,False,,False,False,False,False,False,False,False,False,False,False
CRM007150,GT004003,USR003945,False,,False,False,False,False,False,True,False,False,True,False
CRM007151,GT001710,USR003946,False,,False,False,False,False,False,False,False,False,False,False
CRM007152,GT002154,,False,,False,False,False,False,False,False,False,False,False,False
CRM007153,GT002712,USR003947,False,,False,False,False,False,False,False,False,False,False,False
CRM007154,GT002763,USR003948,False,,False,False,False,False,False,False,False,False,True,False
CRM007155,GT003812,USR003949,False,,False,False,False,False,True,False,False,False,False,False
CRM007156,GT000572,,False,,False,True,False,False,False,False,False,False,False,False
CRM007157,GT003419,USR003950,False,,False,False,False,False,False,False,False,False,False,True
CRM007158,GT006312,,False,,False,False,False,False,False,False,False,False,False,False
CRM007159,GT008358,USR003951,False,,False,False,False,False,True,False,False,False,True,False
CRM007160,GT002027,USR003952,False,,False,False,False,True,False,False,False,False,False,False
CRM007161,GT003655,,False,,False,False,False,False,False,False,False,False,False,True
CRM007162,GT005880,,False,,False,False,False,False,False,False,False,False,False,False
CRM007163,GT008450,,False,,False,False,False,False,False,False,False,False,True,True
CRM007164,GT000501,USR003953,False,,False,False,False,False,False,False,False,False,False,True
CRM007165,GT009615,USR003954,False,,False,False,False,False,False,False,False,False,False,False
CRM007166,GT000418,USR003955,False,,False,True,False,False,False,False,False,False,False,False
CRM007167,GT002962,USR003956,False,,False,False,False,False,False,False,False,False,False,False
CRM007168,GT009862,,False,,False,False,False,False,False,False,False,True,False,False
CRM007169,GT004687,,False,,False,False,False,False,False,False,False,False,False,True
CRM007170,GT006779,USR003957,False,,False,False,False,False,False,True,False,False,False,False
CRM007171,GT005537,,False,,False,True,False,False,False,False,False,False,False,False
CRM007172,GT009092,,False,,False,False,False,False,False,False,False,False,True,False
CRM007173,GT008427,USR003958,False,,False,False,False,False,False,False,False,False,False,False
CRM007174,GT009484,,False,,False,False,False,True,False,False,False,False,True,False
CRM007175,GT003466,USR003959,False,,False,False,False,False,False,False,True,False,False,False
CRM007176,GT004718,USR003960,False,,False,False,False,False,False,False,False,False,True,False
CRM007177,GT003707,,False,,False,False,False,False,False,False,False,False,False,False
CRM007178,GT000050,USR003961,False,,False,False,False,False,False,False,False,False,False,False
CRM007179,GT005436,USR003962,False,,False,False,False,False,False,False,False,False,True,False
CRM007180,GT001507,USR003963,False,,False,False,False,False,False,False,False,False,False,False
CRM007181,GT003816,USR003964,False,,False,False,False,False,False,False,False,False,True,False
CRM007182,GT000927,USR003965,False,,False,False,False,False,False,False,False,False,False,False
CRM007183,GT008980,USR003966,False,,False,False,False,False,True,False,False,False,True,False
CRM007184,GT008915,,False,,False,False,False,False,False,False,False,False,False,False
CRM007185,GT006928,,False,,False,False,False,False,False,False,False,False,False,False
CRM007186,GT000313,USR003967,False,,False,False,False,False,False,False,False,False,False,False
CRM007187,GT005531,,False,,False,False,False,False,False,False,False,False,False,False
CRM007188,GT000255,,False,,False,False,False,True,False,False,False,False,False,False
CRM007189,GT005956,USR003968,False,,False,False,False,False,False,False,False,False,False,False
CRM007190,GT001320,USR003969,False,,False,False,False,False,False,False,False,False,False,False
CRM007191,GT007334,,False,,False,True,False,False,False,True,False,False,False,False
CRM007192,GT006449,USR003970,False,,False,True,False,False,False,False,False,False,False,False
CRM007193,GT005277,USR003971,False,,False,True,False,False,False,False,False,False,False,False
CRM007194,GT003814,USR003972,False,,False,False,False,False,False,False,False,False,False,False
CRM007195,GT009283,USR003973,False,,False,False,False,False,False,False,False,False,True,False
CRM007196,GT008546,,False,,False,False,False,False,False,False,False,False,False,False
CRM007197,GT004541,,False,,False,False,False,False,False,False,False,False,False,True
CRM007198,GT006237,,False,,False,False,False,False,False,False,True,False,False,True
CRM007199,GT003669,,False,,False,False,False,False,False,False,False,False,False,False
CRM007200,GT005589,,False,,False,False,False,False,False,False,False,False,False,False
CRM007201,GT002011,,False,,False,False,False,False,False,False,False,True,False,False
CRM007202,GT005500,,False,,False,False,False,False,False,False,False,False,False,False
CRM007203,GT001321,USR003974,False,,False,False,False,False,False,False,False,False,False,False
CRM007204,GT007535,USR003975,False,,False,False,False,False,False,False,False,False,False,False
CRM007205,GT004887,,False,,False,False,False,False,False,False,False,False,True,False
CRM007206,GT000901,,False,,False,False,False,False,False,False,False,False,False,False
CRM007207,GT003166,USR003976,False,,False,False,False,False,False,False,False,False,False,True
CRM007208,GT008275,,False,,False,False,False,False,False,False,False,False,False,False
CRM007209,GT009695,USR003977,False,,False,False,True,False,False,False,False,False,False,False
CRM007210,GT007008,USR003978,False,,False,True,False,False,False,False,False,False,False,False
CRM007211,GT005545,USR003979,False,,False,True,False,False,False,False,False,False,False,False
CRM007212,GT006600,,False,,False,False,False,False,False,False,False,False,False,False
CRM007213,GT005870,USR003980,False,,False,False,False,False,False,False,False,False,False,False
CRM007214,GT006948,,False,,False,False,False,False,False,False,False,False,False,False
CRM007215,GT000272,USR003981,False,,False,False,False,False,False,False,False,False,True,True
CRM007216,GT007383,,False,,False,False,False,False,False,False,False,False,False,False
CRM007217,GT004629,,False,,False,False,False,False,False,False,False,False,False,False
CRM007218,GT004883,USR003982,False,,False,True,False,False,False,False,False,False,False,True
CRM007219,GT009145,,False,,False,False,False,False,False,False,False,False,False,False
CRM007220,GT008853,,False,,False,False,False,False,False,False,False,False,False,False
CRM007221,GT000289,USR003983,False,,False,False,False,False,False,False,False,False,True,False
CRM007222,GT005590,USR003984,False,,False,False,False,False,False,False,False,False,False,False
CRM007223,GT005916,,False,,False,False,False,False,False,False,False,False,False,False
CRM007224,GT001431,USR003985,False,,False,False,False,False,False,False,False,False,False,False
CRM007225,GT000439,,False,,False,False,False,False,False,False,False,False,False,False
CRM007226,GT003420,USR003986,False,,True,False,False,False,False,False,True,False,False,False
CRM007227,GT006479,USR003987,False,,False,False,False,False,False,False,False,False,False,True
CRM007228,GT005203,USR003988,False,,False,False,False,False,False,False,False,False,False,False
CRM007229,GT002235,USR003989,False,,False,False,False,False,False,False,False,False,True,False
CRM007230,GT002574,USR003990,False,,False,False,False,False,False,False,False,False,True,False
CRM007231,GT007860,,False,,False,False,False,False,False,False,False,False,False,False
CRM007232,GT000824,USR003991,False,,False,False,True,False,False,False,False,False,False,False
CRM007233,GT000131,,False,,False,False,True,False,False,False,False,False,True,False
CRM007234,GT004278,USR003992,False,,False,False,False,False,False,False,False,False,True,False
CRM007235,GT005871,USR003993,False,,False,True,False,False,False,False,False,False,False,False
CRM007236,GT008441,USR003994,False,,False,False,False,False,False,False,False,False,False,False
CRM007237,GT003585,USR003995,False,,False,False,False,False,False,False,False,False,True,False
CRM007238,GT005160,USR003996,False,,False,False,False,False,False,False,False,False,False,False
CRM007239,GT009754,USR003997,False,,False,False,False,False,False,False,False,False,False,False
CRM007240,GT005817,,False,,False,False,True,False,False,False,False,False,False,False
CRM007241,GT003763,,False,,False,False,False,False,False,False,False,False,False,False
CRM007242,GT003975,,False,,False,False,False,False,False,False,False,False,True,False
CRM007243,GT001890,,False,,False,False,False,False,True,False,False,False,False,True
CRM007244,GT005682,,False,,False,False,False,False,False,False,False,False,False,False
CRM007245,GT004086,,False,,True,False,False,False,False,False,False,False,False,False
CRM007246,GT000435,USR003998,False,,False,False,False,False,False,False,False,False,False,False
CRM007247,GT005788,,False,,False,False,False,False,False,False,False,False,False,False
CRM007248,GT001162,USR003999,False,,False,False,False,False,False,False,False,False,False,False
CRM007249,GT006468,USR004000,False,,False,True,False,False,False,False,False,False,False,False
CRM007250,GT003997,USR004001,False,,False,False,False,False,False,False,False,False,False,False
CRM007251,GT001271,USR004002,False,,False,False,False,False,False,True,False,False,False,False
CRM007252,GT002711,USR004003,False,,False,False,False,False,False,False,False,False,False,False
CRM007253,GT009063,USR004004,False,,False,False,False,False,False,False,False,True,False,False
CRM007254,GT003309,,False,,False,True,False,False,False,False,False,False,False,False
CRM007255,GT003862,USR004005,False,,False,False,False,False,False,False,False,False,False,False
CRM007256,GT006951,,False,,False,False,False,False,False,False,False,False,False,False
CRM007257,GT002615,,False,,False,False,False,False,False,False,False,False,False,False
CRM007258,GT001139,,False,,False,True,False,False,True,False,False,False,False,False
CRM007259,GT004620,,False,,False,False,False,False,False,False,False,False,True,False
CRM007260,GT004739,,False,,False,False,False,False,False,True,False,False,False,True
CRM007261,GT000810,USR004006,False,,False,False,False,False,False,False,False,False,False,False
CRM007262,GT006845,,False,,False,False,False,False,False,False,True,False,False,False
CRM007263,GT000354,USR004007,False,,False,False,True,False,False,False,False,False,False,False
CRM007264,GT002171,USR004008,False,,False,True,False,False,True,False,False,False,False,False
CRM007265,GT008296,,False,,False,False,False,False,False,True,False,False,False,True
CRM007266,GT007633,USR004009,False,,False,False,False,True,False,False,False,False,False,False
CRM007267,GT002757,,False,,False,False,False,False,False,False,False,False,True,False
CRM007268,GT008862,USR004010,False,,False,False,False,False,False,False,False,False,False,False
CRM007269,GT003454,,False,,False,False,False,False,False,False,False,False,True,False
CRM007270,GT000046,USR004011,False,,False,False,False,False,False,False,False,False,False,False
CRM007271,GT001949,USR004012,False,,False,False,False,False,False,False,False,False,True,False
CRM007272,GT008567,,False,,False,False,False,False,False,False,False,False,False,False
CRM007273,GT006489,USR004013,False,,False,False,False,False,False,True,False,False,False,False
CRM007274,GT006673,USR004014,False,,False,False,False,False,False,False,False,False,False,False
CRM007275,GT003156,USR004015,False,,False,False,False,False,False,False,False,False,False,False
CRM007276,GT000154,,False,,False,False,False,False,False,False,False,False,True,True
CRM007277,GT000385,,False,,False,True,False,False,False,False,False,False,False,False
CRM007278,GT005760,USR004016,False,,False,False,False,False,False,False,False,False,False,False
CRM007279,GT002413,,False,,False,True,False,True,False,False,False,False,False,False
CRM007280,GT001898,,False,,False,False,False,False,False,False,False,False,False,False
CRM007281,GT009221,,False,,False,False,False,False,False,False,False,False,False,False
CRM007282,GT002276,USR004017,False,,False,False,False,False,False,False,False,False,False,False
CRM007283,GT001958,,False,,False,False,False,False,False,False,False,False,False,False
CRM007284,GT009367,USR004018,False,,False,False,False,False,False,False,False,False,False,False
CRM007285,GT003440,,False,,False,False,False,False,False,False,False,False,False,False
CRM007286,GT007941,USR004019,False,,False,False,True,False,False,False,False,False,False,False
CRM007287,GT008132,USR004020,False,,False,False,False,False,False,True,False,False,False,False
CRM007288,GT006091,USR004021,False,,False,False,False,False,False,False,False,False,True,False
CRM007289,GT004489,,False,,False,True,False,False,False,False,False,False,False,False
CRM007290,GT002504,,False,,False,False,False,True,False,False,False,False,False,False
CRM007291,GT003616,USR004022,False,,False,False,False,False,False,False,False,False,False,True
CRM007292,GT003334,,False,,False,True,False,False,False,False,False,False,False,False
CRM007293,GT000529,USR004023,False,,False,False,False,False,False,False,False,False,False,False
CRM007294,GT000751,,False,,False,True,False,False,False,False,False,False,False,True
CRM007295,GT002532,USR004024,False,,False,False,False,False,False,False,False,False,False,False
CRM007296,GT003103,,False,,False,True,False,False,False,False,False,False,False,False
CRM007297,GT001237,USR004025,False,,False,False,False,False,True,True,False,False,True,False
CRM007298,GT002582,,False,,False,False,False,False,False,False,False,False,False,False
CRM007299,GT003033,,False,,False,False,False,False,False,False,False,False,False,True
CRM007300,GT009894,USR004026,False,,False,False,False,False,False,False,False,False,False,False
CRM007301,GT006676,USR004027,False,,False,False,False,False,False,True,False,False,False,False
CRM007302,GT008435,USR004028,False,,False,False,False,False,False,False,False,False,True,False
CRM007303,GT003689,,False,,False,True,False,False,False,False,False,False,False,False
CRM007304,GT003802,,False,,False,True,False,False,False,False,False,False,False,False
CRM007305,GT002699,,False,,False,False,False,False,True,False,False,False,False,False
CRM007306,GT006957,USR004029,False,,False,False,False,False,False,False,False,False,False,False
CRM007307,GT008289,USR004030,False,,False,False,False,False,False,False,False,False,True,False
CRM007308,GT005182,USR004031,False,,False,False,False,False,False,False,False,False,False,True
CRM007309,GT002730,USR004032,False,,False,False,False,False,False,False,False,False,False,False
CRM007310,GT001568,,False,,False,False,False,False,False,False,False,False,False,False
CRM007311,GT004825,,False,,False,True,False,False,False,False,False,False,False,False
CRM007312,GT007029,USR004033,False,,False,False,False,False,False,False,False,False,True,False
CRM007313,GT004084,USR004034,False,,False,False,False,False,False,True,False,False,False,True
CRM007314,GT006506,,False,,False,False,False,False,False,False,False,False,False,False
CRM007315,GT004114,,False,,False,False,True,False,False,False,False,False,True,False
CRM007316,GT008816,USR004035,False,,False,False,False,False,False,False,False,True,False,False
CRM007317,GT001671,,False,,False,False,False,False,False,False,False,False,False,False
CRM007318,GT002895,,False,,False,False,False,False,False,False,False,False,False,False
CRM007319,GT008802,,False,,False,True,False,False,False,False,False,False,False,False
CRM007320,GT002775,,False,,False,False,False,False,False,False,False,False,False,True
CRM007321,GT002619,USR004036,False,,False,False,False,False,False,False,False,False,False,False
CRM007322,GT000786,USR004037,False,,False,False,False,False,False,False,False,False,False,False
CRM007323,GT004025,,False,,False,False,False,False,False,False,False,False,False,False
CRM007324,GT009569,,False,,False,False,True,False,False,False,False,False,True,False
CRM007325,GT000666,USR004038,False,,False,False,False,False,True,False,False,False,False,False
CRM007326,GT002307,USR004039,False,,False,False,False,False,False,False,False,False,False,False
CRM007327,GT000357,USR004040,False,,False,False,False,False,False,False,False,False,False,False
CRM007328,GT003594,USR004041,False,,False,False,False,False,False,False,False,False,False,False
CRM007329,GT006391,,False,,False,False,False,False,False,False,False,False,False,False
CRM007330,GT004031,,False,,False,False,False,False,False,False,False,False,False,False
CRM007331,GT007930,USR004042,False,,False,False,False,False,False,False,False,False,False,False
CRM007332,GT008952,,False,,False,False,False,True,False,False,False,False,False,False
CRM007333,GT004840,USR004043,False,,False,False,False,False,False,False,False,False,True,False
CRM007334,GT007131,,False,,False,False,False,False,False,False,False,False,False,False
CRM007335,GT007370,,False,,False,False,False,False,False,False,False,False,False,False
CRM007336,GT006561,,False,,False,False,False,False,False,False,False,False,False,False
CRM007337,GT003168,,False,,False,False,False,False,False,False,False,False,False,False
CRM007338,GT008805,USR004044,False,,False,False,False,False,False,False,False,False,True,False
CRM007339,GT005201,USR004045,False,,False,False,False,False,False,False,False,True,False,False
CRM007340,GT000995,USR004046,False,,False,False,True,False,False,False,False,False,False,False
CRM007341,GT004004,USR004047,False,,False,False,False,False,False,False,False,False,True,False
CRM007342,GT002813,USR004048,False,,False,False,False,False,False,False,False,False,False,False
CRM007343,GT008460,USR004049,False,,False,False,False,False,False,True,False,False,True,False
CRM007344,GT004426,USR004050,False,,True,False,False,False,False,False,False,False,False,False
CRM007345,GT006033,,False,,False,False,False,False,False,True,False,False,False,False
CRM007346,GT001939,USR004051,False,,False,False,False,False,False,False,False,False,False,False
CRM007347,GT000257,USR004052,False,,False,False,False,False,False,False,False,False,False,False
CRM007348,GT006626,,False,,False,False,False,True,False,False,False,False,False,False
CRM007349,GT008482,,False,,False,False,False,False,False,False,False,False,False,False
CRM007350,GT003736,,False,,False,False,False,False,False,False,False,False,True,False
CRM007351,GT003966,,False,,False,True,False,False,False,False,False,False,False,False
CRM007352,GT004845,USR004053,False,,False,False,False,False,False,False,False,False,False,False
CRM007353,GT004773,USR004054,False,,False,False,False,False,False,False,False,False,False,False
CRM007354,GT002226,,False,,False,False,False,False,False,False,False,False,False,False
CRM007355,GT000649,,False,,False,False,False,False,False,False,False,False,False,False
CRM007356,GT005971,,False,,False,False,False,False,False,True,False,False,False,False
CRM007357,GT002996,,False,,False,False,False,False,False,False,False,False,False,False
CRM007358,GT000015,,False,,False,False,False,False,False,False,False,False,False,False
CRM007359,GT007898,,False,,True,False,False,False,False,False,False,False,False,False
CRM007360,GT005896,,False,,True,False,False,False,False,False,False,False,True,False
CRM007361,GT003421,,False,,False,False,False,False,False,False,False,False,False,False
CRM007362,GT003204,USR004055,False,,False,False,False,False,False,False,False,False,False,True
CRM007363,GT002437,USR004056,False,,False,False,False,False,False,False,False,False,False,False
CRM007364,GT008831,USR004057,False,,False,False,False,False,False,False,False,False,True,False
CRM007365,GT003113,USR004058,False,,False,False,False,False,False,False,False,False,False,False
CRM007366,GT008327,USR004059,False,,False,False,False,False,False,False,False,False,False,False
CRM007367,GT009757,,False,,False,False,False,False,False,False,False,False,True,False
CRM007368,GT001228,,False,,False,False,False,False,False,False,False,False,False,False
CRM007369,GT007882,,False,,False,False,False,False,False,False,False,True,False,False
CRM007370,GT004348,,False,,False,False,False,False,False,True,False,False,False,False
CRM007371,GT000437,,False,,False,False,False,False,False,False,False,False,False,False
CRM007372,GT004907,USR004060,False,,False,False,False,False,False,False,False,False,False,False
CRM007373,GT005473,USR004061,False,,False,False,False,False,False,False,False,False,False,False
CRM007374,GT002218,USR004062,False,,False,False,True,False,False,False,False,False,False,False
CRM007375,GT002131,,False,,False,False,False,False,False,False,False,False,True,False
CRM007376,GT007454,USR004063,False,,False,False,False,False,False,False,False,False,False,False
CRM007377,GT007881,USR004064,False,,False,False,False,False,False,True,False,False,True,False
CRM007378,GT003582,,False,,False,False,False,False,True,False,False,False,False,False
CRM007379,GT005271,USR004065,False,,False,False,False,False,False,False,False,True,False,False
CRM007380,GT009866,,False,,False,False,False,False,False,False,False,False,False,False
CRM007381,GT004598,,False,,False,False,False,False,False,False,False,True,True,False
CRM007382,GT000613,,False,,False,False,False,False,False,False,False,False,False,False
CRM007383,GT009907,USR004066,False,,False,False,False,False,False,False,False,True,False,False
CRM007384,GT006517,USR004067,False,,False,False,False,False,False,False,False,False,False,False
CRM007385,GT005706,,False,,False,False,False,False,False,False,False,False,False,False
CRM007386,GT000267,,False,,False,False,True,False,False,False,False,False,True,False
CRM007387,GT005395,USR004068,False,,False,False,False,False,False,False,False,False,False,True
CRM007388,GT005225,,False,,False,False,False,False,False,False,False,False,False,False
CRM007389,GT003195,USR004069,False,,False,False,False,False,False,True,False,False,True,False
CRM007390,GT001155,,False,,False,False,False,False,True,False,False,False,False,False
CRM007391,GT003576,USR004070,False,,False,False,False,False,False,False,False,False,False,False
CRM007392,GT003611,USR004071,False,,False,False,False,False,False,False,False,False,False,False
CRM007393,GT001163,USR004072,False,,False,False,False,False,False,False,False,False,False,False
CRM007394,GT002848,USR004073,False,,False,True,False,False,False,False,False,False,False,False
CRM007395,GT007662,,False,,False,False,False,False,False,False,False,True,False,False
CRM007396,GT009781,,False,,False,False,False,False,False,True,True,False,False,False
CRM007397,GT001659,USR004074,False,,False,False,False,False,False,False,False,False,True,True
CRM007398,GT009915,USR004075,False,,False,False,False,False,False,False,False,False,False,False
CRM007399,GT007911,USR004076,False,,False,False,True,False,False,False,False,False,False,True
CRM007400,GT002081,,False,,False,False,False,False,False,False,False,False,False,False
CRM007401,GT004950,,False,,False,False,False,False,False,False,False,False,False,False
CRM007402,GT008437,USR004077,False,,False,False,False,False,False,False,False,False,False,False
CRM007403,GT003542,,False,,False,False,False,False,False,False,False,False,True,False
CRM007404,GT005554,,False,,False,False,False,False,False,False,False,False,False,False
CRM007405,GT007784,,False,,False,False,False,False,False,False,False,False,False,False
CRM007406,GT006277,,False,,False,False,False,False,False,False,False,False,False,False
CRM007407,GT006949,,False,,False,False,False,False,True,False,False,False,False,False
CRM007408,GT005137,USR004078,False,,False,False,False,False,False,False,False,False,False,False
CRM007409,GT006005,USR004079,False,,False,False,False,False,False,False,False,False,False,False
CRM007410,GT004660,USR004080,False,,False,True,False,False,False,False,False,False,False,False
CRM007411,GT006955,,False,,False,False,False,False,False,False,False,False,True,True
CRM007412,GT008636,,False,,False,False,False,False,False,False,False,False,False,False
CRM007413,GT007317,,False,,False,False,False,False,False,False,False,False,False,False
CRM007414,GT007968,USR004081,False,,False,False,False,False,True,False,False,False,False,False
CRM007415,GT005148,USR004082,False,,False,False,False,False,False,False,False,False,False,False
CRM007416,GT007613,USR004083,False,,False,False,False,False,False,False,True,False,False,True
CRM007417,GT007199,USR004084,False,,False,False,False,False,False,False,False,False,False,False
CRM007418,GT006943,,False,,False,False,False,False,False,False,False,False,False,False
CRM007419,GT001921,,False,,False,False,False,False,True,False,False,False,True,False
CRM007420,GT004494,,False,,False,False,False,False,False,False,True,False,True,False
CRM007421,GT008669,,False,,False,False,False,False,False,False,False,False,False,False
CRM007422,GT008564,USR004085,False,,False,False,False,False,False,True,False,False,False,False
CRM007423,GT006292,USR004086,False,,False,False,False,False,False,False,False,False,True,False
CRM007424,GT002329,USR004087,False,,False,False,False,False,False,False,False,False,False,False
CRM007425,GT003250,USR004088,False,,False,False,False,False,True,False,False,False,False,False
CRM007426,GT009366,USR004089,False,,False,False,False,False,False,False,False,False,False,False
CRM007427,GT000438,USR004090,False,,False,False,False,False,False,False,False,False,False,False
CRM007428,GT005749,,False,,False,False,False,False,False,False,False,False,False,False
CRM007429,GT007569,USR004091,False,,False,False,False,False,False,False,False,False,True,False
CRM007430,GT000260,,False,,False,False,False,False,False,False,False,False,False,False
CRM007431,GT001027,USR004092,False,,False,False,False,False,False,False,False,False,False,False
CRM007432,GT004050,,False,,False,False,False,False,False,False,False,False,True,False
CRM007433,GT005752,USR004093,False,,False,False,False,False,False,False,False,True,True,False
CRM007434,GT007185,USR004094,False,,False,True,False,False,True,False,False,False,False,False
CRM007435,GT009485,,False,,False,False,False,False,False,False,False,False,True,False
CRM007436,GT004923,,False,,False,False,False,False,False,False,False,False,False,True
CRM007437,GT009478,USR004095,False,,False,False,False,False,False,False,False,False,True,False
CRM007438,GT007652,USR004096,False,,False,False,True,False,False,False,False,False,False,False
CRM007439,GT008054,,False,,False,False,False,False,False,False,False,False,False,True
CRM007440,GT009735,USR004097,False,,False,True,False,False,False,False,False,False,False,False
CRM007441,GT000779,USR004098,False,,False,False,False,False,False,False,False,False,False,False
CRM007442,GT005444,,False,,False,True,False,False,False,False,False,False,False,False
CRM007443,GT004811,,False,,False,True,False,False,False,False,False,False,False,False
CRM007444,GT000090,,False,,False,False,False,False,False,False,False,False,False,False
CRM007445,GT001654,USR004099,False,,False,True,False,False,False,False,False,False,False,False
CRM007446,GT003741,,False,,False,False,False,False,False,False,False,False,False,False
CRM007447,GT004851,USR004100,False,,False,False,False,False,False,False,False,False,False,True
CRM007448,GT002376,,False,,False,False,False,False,False,False,False,False,False,False
CRM007449,GT005992,,False,,False,False,False,False,False,False,False,False,False,False
CRM007450,GT009356,USR004101,False,,False,False,False,False,False,False,False,False,True,False
CRM007451,GT003743,,False,,False,False,False,False,False,False,False,False,False,True
CRM007452,GT004122,USR004102,False,,False,False,True,False,False,False,False,True,False,False
CRM007453,GT007846,USR004103,False,,False,False,False,True,False,False,False,False,False,False
CRM007454,GT009146,USR004104,False,,False,False,False,False,False,False,False,False,False,True
CRM007455,GT008309,USR004105,False,,False,False,False,False,False,False,False,False,True,False
CRM007456,GT002385,USR004106,False,,False,False,False,False,False,False,False,False,True,False
CRM007457,GT005303,USR004107,False,,False,False,False,False,False,False,False,False,False,False
CRM007458,GT008148,,False,,False,False,False,False,False,False,False,False,False,False
CRM007459,GT000906,,False,,False,True,False,False,False,False,False,False,False,False
CRM007460,GT001165,,False,,False,False,False,False,False,False,False,False,False,True
CRM007461,GT001752,USR004108,False,,False,False,False,False,False,True,False,False,False,False
CRM007462,GT002702,USR004109,False,,False,False,False,False,False,True,False,False,False,True
CRM007463,GT006824,,False,,False,False,False,False,False,False,False,False,False,False
CRM007464,GT001911,USR004110,False,,False,True,False,False,False,False,False,False,False,True
CRM007465,GT003564,USR004111,False,,False,False,False,False,False,False,False,False,False,False
CRM007466,GT006755,,False,,False,False,False,False,False,False,False,False,False,False
CRM007467,GT000409,,False,,False,False,False,False,False,False,False,False,False,False
CRM007468,GT006844,,False,,False,False,False,True,False,True,False,False,False,False
CRM007469,GT007674,USR004112,False,,False,False,False,False,False,False,False,False,False,False
CRM007470,GT000196,USR004113,False,,False,False,False,False,False,False,False,False,False,False
CRM007471,GT009584,USR004114,False,,False,False,False,False,False,False,False,False,False,False
CRM007472,GT001455,,False,,False,False,True,False,False,False,False,False,False,True
CRM007473,GT006697,,False,,False,False,False,False,False,False,False,False,False,False
CRM007474,GT006163,USR004115,False,,False,False,False,False,False,False,False,False,False,False
CRM007475,GT006970,USR004116,False,,False,False,False,False,False,False,False,False,False,False
CRM007476,GT001166,,False,,False,False,False,False,False,False,False,False,False,False
CRM007477,GT008092,,False,,False,False,False,False,False,False,False,False,False,False
CRM007478,GT000713,USR004117,False,,False,False,False,True,False,False,False,False,False,False
CRM007479,GT004921,USR004118,False,,False,False,False,False,False,True,False,False,False,False
CRM007480,GT007344,USR004119,False,,False,False,False,False,False,False,True,False,False,False
CRM007481,GT001621,,False,,False,True,False,False,False,True,False,False,False,False
CRM007482,GT006990,USR004120,False,,False,False,False,False,False,False,False,False,False,False
CRM007483,GT004951,,False,,True,False,False,False,False,False,False,False,True,False
CRM007484,GT001953,USR004121,False,,False,True,False,False,False,False,False,False,False,True
CRM007485,GT008456,USR004122,False,,False,False,False,False,False,False,False,False,False,False
CRM007486,GT005830,USR004123,False,,False,False,False,False,False,False,False,False,False,False
CRM007487,GT002192,,False,,False,False,False,False,False,False,False,False,True,False
CRM007488,GT001668,USR004124,False,,False,False,False,False,False,False,False,False,False,True
CRM007489,GT006925,USR004125,False,,False,False,False,False,False,False,False,False,False,False
CRM007490,GT007072,USR004126,False,,False,False,False,False,False,False,False,False,False,False
CRM007491,GT009387,,False,,False,True,False,False,False,False,False,False,False,False
CRM007492,GT001646,,False,,False,False,False,False,False,False,False,False,False,False
CRM007493,GT002448,USR004127,False,,False,False,False,True,False,False,False,False,False,False
CRM007494,GT003840,USR004128,False,,True,False,True,False,False,False,False,False,False,False
CRM007495,GT008330,USR004129,False,,False,False,False,False,False,False,False,False,False,False
CRM007496,GT007551,,False,,False,False,False,False,False,False,False,False,False,False
CRM007497,GT001053,,False,,False,False,False,False,False,False,False,False,False,False
CRM007498,GT006954,,False,,False,False,False,False,False,False,False,False,False,False
CRM007499,GT005528,,False,,False,False,False,False,False,True,False,False,False,False
CRM007500,GT006783,,False,,False,False,False,False,False,False,False,False,False,False
CRM007501,GT007239,,False,,False,False,False,False,False,False,False,False,False,False
CRM007502,GT007893,,False,,False,False,False,False,False,False,False,False,False,False
CRM007503,GT003637,,False,,False,False,False,False,False,False,False,False,True,False
CRM007504,GT003058,,False,,False,False,False,False,False,False,False,False,False,False
CRM007505,GT007444,USR004130,False,,False,False,False,False,False,False,False,False,False,False
CRM007506,GT008581,,False,,False,False,False,False,False,False,False,False,False,False
CRM007507,GT008041,USR004131,False,,False,False,False,False,False,False,False,False,False,False
CRM007508,GT001205,,False,,False,False,False,False,False,True,False,False,False,False
CRM007509,GT006798,USR004132,False,,False,False,False,False,False,False,False,False,True,False
CRM007510,GT002671,,False,,False,False,False,False,False,False,False,False,False,False
CRM007511,GT009310,,False,,False,True,False,False,False,False,False,False,False,False
CRM007512,GT005252,USR004133,False,,False,False,False,False,False,False,False,False,False,False
CRM007513,GT004080,,False,,False,False,False,False,False,False,False,False,False,False
CRM007514,GT000266,USR004134,False,,False,True,False,False,False,False,False,False,False,False
CRM007515,GT008951,USR004135,False,,False,False,False,False,False,True,False,False,False,False
CRM007516,GT001460,USR004136,False,,False,False,True,False,False,False,False,False,False,False
CRM007517,GT002045,,False,,False,False,False,False,False,False,False,False,False,True
CRM007518,GT007244,USR004137,False,,False,False,False,False,False,False,False,False,False,False
CRM007519,GT008034,USR004138,False,,True,False,False,False,False,False,False,False,False,True
CRM007520,GT001510,,False,,False,False,False,False,False,False,False,False,False,False
CRM007521,GT004195,USR004139,False,,False,False,False,False,False,False,False,False,False,False
CRM007522,GT005839,,False,,False,True,False,False,False,False,False,False,False,False
CRM007523,GT005607,,False,,False,False,False,False,False,False,False,False,False,False
CRM007524,GT007688,,False,,False,False,False,False,False,True,True,False,False,False
CRM007525,GT002499,USR004140,False,,False,False,False,False,False,False,False,False,True,False
CRM007526,GT007895,USR004141,False,,False,False,False,True,False,False,False,False,False,False
CRM007527,GT007979,USR004142,False,,False,False,False,False,False,False,False,False,False,False
CRM007528,GT003530,,False,,False,False,False,False,False,False,False,False,False,False
CRM007529,GT007195,,False,,False,False,False,False,False,False,False,False,False,False
CRM007530,GT003379,USR004143,False,,False,False,False,False,False,False,False,False,True,False
CRM007531,GT009878,USR004144,False,,False,False,False,False,False,False,False,False,True,False
CRM007532,GT004476,USR004145,False,,False,False,False,False,False,False,False,False,False,False
CRM007533,GT008936,,False,,False,False,False,False,False,False,False,False,False,False
CRM007534,GT009121,,False,,False,False,False,False,False,False,False,False,False,False
CRM007535,GT007711,,False,,False,False,False,False,False,False,False,False,True,False
CRM007536,GT008837,,False,,False,False,False,False,False,False,False,False,False,False
CRM007537,GT005668,USR004146,False,,False,True,True,False,False,False,False,False,False,False
CRM007538,GT007161,USR004147,False,,False,False,False,False,False,False,False,False,False,False
CRM007539,GT007249,USR004148,False,,False,True,False,False,False,False,False,False,False,False
CRM007540,GT003080,,False,,False,False,False,False,False,False,False,False,False,False
CRM007541,GT000674,USR004149,False,,False,False,False,False,True,False,False,False,False,False
CRM007542,GT001881,USR004150,False,,False,False,False,False,False,False,False,False,False,False
CRM007543,GT007556,,False,,False,False,False,False,False,False,False,False,False,False
CRM007544,GT005689,,False,,False,False,False,False,False,False,False,False,False,False
CRM007545,GT007684,,False,,True,True,False,False,True,False,False,False,False,False
CRM007546,GT007543,USR004151,False,,False,False,False,False,False,False,False,False,False,False
CRM007547,GT009529,,False,,False,False,False,False,False,False,False,False,False,False
CRM007548,GT004567,,False,,False,False,False,False,True,False,False,False,False,False
CRM007549,GT009354,USR004152,False,,False,False,False,False,False,False,False,False,False,False
CRM007550,GT009939,USR004153,False,,False,False,False,False,True,False,False,False,False,False
CRM007551,GT001761,,False,,False,False,False,False,False,False,False,False,True,False
CRM007552,GT009581,USR004154,False,,False,False,False,False,False,False,False,False,False,True
CRM007553,GT006196,,False,,False,False,False,False,False,False,False,False,False,False
CRM007554,GT005332,USR004155,False,,False,False,False,False,False,False,False,False,False,False
CRM007555,GT007320,USR004156,False,,False,False,False,False,False,False,False,False,False,False
CRM007556,GT005104,USR004157,False,,False,False,False,False,False,False,False,False,False,False
CRM007557,GT001198,USR004158,False,,False,False,False,False,False,False,False,False,False,False
CRM007558,GT007504,,False,,False,False,False,False,False,False,False,False,True,False
CRM007559,GT000329,USR004159,False,,False,False,False,False,False,False,False,False,False,False
CRM007560,GT001064,USR004160,False,,False,False,False,False,False,False,False,True,False,False
CRM007561,GT005774,USR004161,False,,False,False,False,False,False,False,False,False,True,False
CRM007562,GT005776,,False,,False,False,False,False,False,True,False,False,False,False
CRM007563,GT003545,,False,,False,False,True,False,False,False,False,False,False,False
CRM007564,GT004860,,False,,False,False,False,False,False,False,False,False,False,False
CRM007565,GT005363,,False,,False,False,True,False,False,False,False,False,True,False
CRM007566,GT008416,USR004162,False,,False,False,False,False,False,False,False,False,True,False
CRM007567,GT008922,,False,,False,False,False,False,False,False,False,False,False,False
CRM007568,GT008357,USR004163,False,,True,True,False,False,False,False,False,False,False,True
CRM007569,GT002436,USR004164,False,,False,False,False,False,False,False,True,False,True,False
CRM007570,GT001419,USR004165,False,,False,False,False,False,False,True,False,False,False,True
CRM007571,GT002790,USR004166,False,,False,False,False,False,False,False,False,False,False,False
CRM007572,GT008023,USR004167,False,,False,False,False,False,False,False,False,False,False,False
CRM007573,GT003424,USR004168,False,,False,False,False,False,False,False,False,False,False,False
CRM007574,GT005374,USR004169,False,,False,True,False,False,False,False,False,False,False,False
CRM007575,GT006664,,False,,False,False,False,False,False,False,False,False,False,False
CRM007576,GT003192,USR004170,False,,False,True,False,False,False,False,False,False,False,False
CRM007577,GT001466,,False,,False,False,False,False,False,False,False,False,False,True
CRM007578,GT004493,USR004171,False,,False,False,False,False,False,False,False,False,False,False
CRM007579,GT005672,USR004172,False,,False,False,False,False,False,False,False,False,False,False
CRM007580,GT001523,,False,,False,False,False,False,False,False,False,False,False,False
CRM007581,GT005574,USR004173,False,,False,False,False,False,False,False,False,False,False,False
CRM007582,GT009072,USR004174,False,,False,False,False,False,False,False,False,False,True,False
CRM007583,GT006812,,False,,False,False,False,False,False,False,False,True,False,False
CRM007584,GT007331,,False,,False,False,False,False,False,False,False,False,True,False
CRM007585,GT002838,USR004175,False,,False,False,False,False,False,False,False,False,False,False
CRM007586,GT003620,USR004176,False,,False,False,False,False,False,False,False,False,False,False
CRM007587,GT009634,USR004177,False,,False,False,False,False,False,False,False,False,False,False
CRM007588,GT008971,USR004178,False,,False,False,True,False,False,False,False,False,True,False
CRM007589,GT002455,USR004179,False,,False,False,False,False,False,False,False,False,True,False
CRM007590,GT008064,,False,,False,False,False,False,False,False,False,False,True,False
CRM007591,GT001500,USR004180,False,,False,False,False,False,False,False,False,False,True,False
CRM007592,GT001758,,False,,False,False,False,False,False,False,False,False,False,False
CRM007593,GT008868,USR004181,False,,False,False,False,False,False,True,False,False,False,False
CRM007594,GT002221,,False,,False,False,False,False,False,False,False,False,True,False
CRM007595,GT000662,USR004182,False,,False,False,False,False,True,False,False,False,False,False
CRM007596,GT008661,,False,,False,False,False,False,False,False,False,False,False,False
CRM007597,GT002595,,False,,False,False,False,False,False,False,False,False,True,False
CRM007598,GT005145,USR004183,False,,False,False,False,False,False,False,False,False,False,False
CRM007599,GT007178,,False,,False,False,False,False,False,False,False,False,False,False
CRM007600,GT007335,,False,,False,False,False,False,False,False,False,False,False,False
CRM007601,GT000996,USR004184,False,,False,False,False,False,True,True,False,False,False,False
CRM007602,GT004265,,False,,False,False,False,False,False,False,False,False,True,False
CRM007603,GT006372,USR004185,False,,False,False,False,False,False,False,False,False,False,False
CRM007604,GT004209,USR004186,False,,False,False,False,False,False,False,False,False,True,False
CRM007605,GT000862,,False,,False,False,False,False,False,False,False,False,False,False
CRM007606,GT008815,,False,,False,False,False,False,False,False,False,False,False,False
CRM007607,GT005687,USR004187,False,,False,False,False,False,False,False,False,False,False,False
CRM007608,GT002602,USR004188,False,,False,True,False,False,False,True,False,False,False,False
CRM007609,GT004157,USR004189,False,,False,False,False,False,False,False,False,False,False,False
CRM007610,GT008645,USR004190,False,,True,False,False,False,False,False,False,False,False,False
CRM007611,GT009560,USR004191,False,,False,False,False,False,False,False,False,False,False,False
CRM007612,GT009099,,False,,False,False,False,False,False,False,False,False,True,False
CRM007613,GT001149,,False,,False,False,False,False,False,False,True,False,False,False
CRM007614,GT008236,,False,,False,True,False,False,False,False,False,False,False,False
CRM007615,GT008003,,False,,False,False,False,False,False,False,False,False,False,False
CRM007616,GT008909,USR004192,False,,False,False,False,False,False,False,False,False,True,True
CRM007617,GT006458,USR004193,False,,False,True,False,False,False,True,False,False,False,False
CRM007618,GT005388,USR004194,False,,False,True,False,False,False,False,False,False,False,False
CRM007619,GT002092,,False,,False,False,False,False,False,False,False,False,True,False
CRM007620,GT001269,USR004195,False,,False,False,False,False,False,False,False,False,False,False
CRM007621,GT003031,,False,,False,False,False,False,False,False,False,False,False,False
CRM007622,GT007830,USR004196,False,,False,False,False,False,False,False,False,False,False,False
CRM007623,GT001817,USR004197,False,,False,False,False,False,False,False,False,False,True,False
CRM007624,GT001601,,False,,True,False,True,False,False,False,False,False,False,True
CRM007625,GT001681,USR004198,False,,False,False,False,False,False,False,False,False,False,False
CRM007626,GT004516,USR004199,False,,False,False,False,False,True,False,False,False,False,False
CRM007627,GT006220,,False,,False,False,False,False,False,False,False,False,False,True
CRM007628,GT002793,USR004200,False,,False,False,False,False,False,False,False,False,False,False
CRM007629,GT004193,USR004201,False,,False,False,False,False,False,False,False,False,True,False
CRM007630,GT008364,,False,,False,False,False,False,False,False,False,False,False,True
CRM007631,GT008286,USR004202,False,,False,False,False,False,False,False,False,False,True,True
CRM007632,GT004970,,False,,False,True,False,False,False,False,False,False,False,False
CRM007633,GT006903,USR004203,False,,False,False,False,False,False,False,False,False,False,False
CRM007634,GT008328,,False,,False,False,False,False,False,False,False,False,False,False
CRM007635,GT001932,USR004204,False,,False,False,False,False,False,False,False,False,False,False
CRM007636,GT000934,,False,,False,False,False,False,False,False,False,False,False,False
CRM007637,GT005207,,False,,False,False,False,False,False,False,False,False,False,True
CRM007638,GT002537,,False,,False,False,False,False,False,False,False,False,True,False
CRM007639,GT000106,,False,,False,False,False,False,False,False,False,False,False,False
CRM007640,GT005270,,False,,False,False,False,False,False,False,False,False,True,False
CRM007641,GT002467,USR004205,False,,False,False,False,False,False,False,False,False,False,False
CRM007642,GT000022,,False,,False,False,False,False,False,False,False,False,False,False
CRM007643,GT007181,,False,,False,False,False,False,False,False,False,False,False,False
CRM007644,GT005451,USR004206,False,,False,False,False,False,False,False,True,False,False,True
CRM007645,GT005628,,False,,False,False,False,False,False,False,False,False,True,False
CRM007646,GT001440,USR004207,False,,False,True,False,False,False,False,False,False,False,False
CRM007647,GT009199,USR004208,False,,False,False,False,False,False,False,False,False,False,False
CRM007648,GT006615,USR004209,False,,False,False,False,False,False,False,False,False,False,False
CRM007649,GT007864,USR004210,False,,False,False,True,False,False,False,False,False,True,False
CRM007650,GT002549,USR004211,False,,False,False,False,False,False,False,False,False,False,False
CRM007651,GT007380,USR004212,False,,False,False,False,False,False,False,False,False,False,False
CRM007652,GT000708,,False,,False,False,False,False,False,True,False,False,True,False
CRM007653,GT008830,USR004213,False,,False,False,False,False,False,False,False,False,True,True
CRM007654,GT006321,,False,,False,False,False,False,False,False,False,False,False,False
CRM007655,GT004520,USR004214,False,,False,False,False,False,False,False,False,False,False,False
CRM007656,GT007710,USR004215,False,,False,True,False,False,False,False,False,False,False,False
CRM007657,GT006230,USR004216,False,,False,True,False,False,False,True,False,False,False,False
CRM007658,GT001997,USR004217,False,,False,False,False,False,False,False,False,False,False,False
CRM007659,GT006531,,False,,True,False,False,False,False,False,False,False,True,False
CRM007660,GT009401,,False,,False,False,False,False,False,False,False,False,True,False
CRM007661,GT009475,,False,,False,False,False,False,False,True,False,False,False,False
CRM007662,GT009538,,False,,False,False,False,False,False,False,False,False,False,False
CRM007663,GT001720,,False,,False,False,True,False,False,False,False,False,True,False
CRM007664,GT004929,USR004218,False,,False,False,False,False,True,False,False,False,False,False
CRM007665,GT005717,,False,,False,False,False,False,False,False,False,False,False,False
CRM007666,GT002167,USR004219,False,,False,False,True,False,False,True,False,False,True,False
CRM007667,GT001577,USR004220,False,,False,False,False,False,False,False,False,False,False,False
CRM007668,GT008492,,False,,False,False,False,False,False,False,False,False,False,False
CRM007669,GT009980,,False,,False,False,False,False,False,False,False,False,False,False
CRM007670,GT000156,,False,,False,False,False,True,False,False,False,False,False,False
CRM007671,GT004332,,False,,False,False,False,True,False,False,False,False,False,False
CRM007672,GT005740,USR004221,False,,False,False,False,False,False,False,False,False,False,False
CRM007673,GT006342,USR004222,False,,False,False,False,False,False,False,False,False,False,False
CRM007674,GT009130,USR004223,False,,True,False,False,False,False,False,False,False,False,False
CRM007675,GT009620,,False,,False,False,False,False,False,False,False,False,False,False
CRM007676,GT000159,USR004224,False,,False,False,False,False,True,False,False,False,False,False
CRM007677,GT006661,USR004225,False,,False,False,False,False,False,False,False,False,False,False
CRM007678,GT007801,USR004226,False,,True,True,False,False,False,False,False,False,False,False
CRM007679,GT003091,USR004227,False,,False,False,False,False,False,False,False,False,False,False
CRM007680,GT000408,,False,,False,False,False,False,False,False,False,False,False,False
CRM007681,GT003857,,False,,False,False,False,False,False,False,False,False,False,False
CRM007682,GT001400,USR004228,False,,False,False,False,False,False,False,False,False,False,False
CRM007683,GT005743,,False,,False,True,False,False,False,False,False,False,False,False
CRM007684,GT004841,,False,,False,False,False,False,False,False,False,False,False,False
CRM007685,GT005570,,False,,False,False,False,False,False,False,False,False,True,False
CRM007686,GT005151,,False,,False,False,False,False,False,False,False,False,False,False
CRM007687,GT004732,USR004229,False,,False,False,False,False,False,False,False,False,True,False
CRM007688,GT007319,,False,,False,False,False,False,False,False,False,False,False,False
CRM007689,GT009627,USR004230,False,,False,False,False,False,False,False,False,False,False,False
CRM007690,GT008173,,False,,False,False,False,False,False,False,False,False,True,False
CRM007691,GT008439,,False,,False,False,False,False,False,False,False,False,False,False
CRM007692,GT008589,USR004231,False,,False,True,False,False,False,False,False,False,False,False
CRM007693,GT003341,USR004232,False,,False,False,False,False,False,False,False,False,False,False
CRM007694,GT005625,USR004233,False,,False,False,False,False,False,False,False,False,True,False
CRM007695,GT009963,USR004234,False,,False,False,False,False,False,False,False,False,False,False
CRM007696,GT009363,,False,,False,False,False,False,False,False,False,False,False,False
CRM007697,GT000597,,False,,False,False,False,False,False,False,False,False,False,False
CRM007698,GT006252,USR004235,False,,False,False,False,False,False,False,False,False,False,False
CRM007699,GT002471,USR004236,False,,False,False,False,False,False,False,False,False,False,False
CRM007700,GT001057,,False,,False,True,False,False,False,False,False,False,False,False
CRM007701,GT000331,USR004237,False,,False,False,False,False,False,False,False,False,True,False
CRM007702,GT009521,USR004238,False,,False,False,False,False,False,False,False,False,False,False
CRM007703,GT004527,,False,,False,False,False,False,False,False,False,False,False,False
CRM007704,GT006398,,False,,False,False,False,False,False,False,False,False,False,False
CRM007705,GT007806,USR004239,False,,False,False,False,False,False,False,False,False,False,False
CRM007706,GT005407,USR004240,False,,False,False,False,False,False,False,False,False,True,False
CRM007707,GT005637,,False,,False,False,False,False,False,False,False,False,False,False
CRM007708,GT002542,USR004241,False,,False,False,True,False,False,False,False,False,False,True
CRM007709,GT009209,,False,,False,False,False,False,True,False,False,False,False,False
CRM007710,GT004605,USR004242,False,,False,False,False,False,False,False,False,False,True,False
CRM007711,GT003508,USR004243,False,,False,False,True,False,False,False,False,False,False,False
CRM007712,GT005606,,False,,False,False,False,False,False,False,False,False,True,False
CRM007713,GT003240,USR004244,False,,False,False,False,False,False,False,False,False,False,False
CRM007714,GT001164,,False,,False,False,False,False,False,False,False,False,False,False
CRM007715,GT009147,USR004245,False,,False,False,False,False,False,False,False,False,False,False
CRM007716,GT007953,,False,,False,True,False,False,False,False,False,False,False,False
CRM007717,GT003728,USR004246,False,,False,False,False,False,False,False,False,False,True,False
CRM007718,GT003711,,False,,False,False,False,True,False,False,False,False,False,False
CRM007719,GT007247,USR004247,False,,True,False,False,False,False,False,True,False,False,False
CRM007720,GT002785,,False,,False,False,False,False,False,False,False,False,True,False
CRM007721,GT003643,,False,,False,False,False,False,False,False,False,False,False,False
CRM007722,GT004072,USR004248,False,,False,False,False,False,False,False,False,False,True,False
CRM007723,GT004304,,False,,False,False,False,False,False,False,False,False,True,False
CRM007724,GT008666,USR004249,False,,False,False,False,False,False,False,False,False,True,False
CRM007725,GT006041,USR004250,False,,False,False,False,False,False,False,False,False,False,False
CRM007726,GT007655,USR004251,False,,False,False,False,False,False,False,False,False,False,False
CRM007727,GT008916,,False,,False,False,False,False,False,False,False,False,False,False
CRM007728,GT001880,,False,,False,False,False,False,False,False,False,False,False,False
CRM007729,GT008356,,False,,False,False,False,False,False,False,False,False,False,False
CRM007730,GT006742,USR004252,False,,False,False,False,False,False,False,False,False,False,True
CRM007731,GT000097,USR004253,False,,False,False,False,False,False,False,False,False,False,False
CRM007732,GT000981,,False,,False,True,False,False,False,False,False,False,False,False
CRM007733,GT009377,USR004254,False,,True,False,False,False,False,False,False,False,False,False
CRM007734,GT001877,,False,,False,False,False,False,False,False,False,False,False,False
CRM007735,GT007658,,False,,False,False,True,True,False,False,False,False,False,False
CRM007736,GT005997,,False,,False,False,False,False,False,False,False,False,False,False
CRM007737,GT003203,,False,,False,False,False,False,False,False,False,False,False,True
CRM007738,GT008409,USR004255,False,,False,False,False,False,False,False,False,False,True,False
CRM007739,GT004082,,False,,False,False,False,False,False,False,False,False,False,False
CRM007740,GT002825,,False,,False,False,False,False,False,False,False,False,False,False
CRM007741,GT009319,USR004256,False,,False,False,False,False,False,False,False,False,False,False
CRM007742,GT003054,USR004257,False,,False,False,False,False,False,False,False,False,False,False
CRM007743,GT008240,USR004258,False,,False,False,False,False,False,False,True,False,True,False
CRM007744,GT004110,USR004259,False,,False,False,False,False,False,False,False,False,False,False
CRM007745,GT002484,USR004260,False,,False,True,False,False,False,False,False,False,False,False
CRM007746,GT009259,USR004261,False,,False,False,False,False,False,False,False,False,False,False
CRM007747,GT005932,USR004262,False,,False,False,False,False,False,False,False,False,False,False
CRM007748,GT007442,USR004263,False,,False,True,False,False,False,False,False,False,False,True
CRM007749,GT003799,USR004264,False,,False,False,False,False,False,False,False,False,False,False
CRM007750,GT003377,,False,,False,False,False,False,False,False,False,False,True,False
CRM007751,GT002904,USR004265,False,,False,False,True,False,False,False,False,False,False,False
CRM007752,GT000301,,False,,False,False,False,False,False,False,False,False,False,False
CRM007753,GT008638,USR004266,False,,False,False,False,False,False,False,False,True,False,False
CRM007754,GT009062,,False,,False,False,False,False,False,False,False,False,False,False
CRM007755,GT003460,,False,,False,False,False,False,False,False,False,False,False,False
CRM007756,GT005191,USR004267,False,,False,False,False,False,False,False,False,False,False,False
CRM007757,GT001868,,False,,False,False,False,False,False,False,True,False,False,False
CRM007758,GT004713,,False,,False,True,False,False,False,False,False,False,False,False
CRM007759,GT002863,,False,,False,True,False,False,False,False,False,False,False,False
CRM007760,GT008153,USR004268,False,,False,False,False,False,False,False,False,False,False,False
CRM007761,GT008062,USR004269,False,,False,False,False,False,False,False,True,False,True,False
CRM007762,GT004045,,False,,False,False,False,False,False,False,False,False,True,False
CRM007763,GT009768,USR004270,False,,True,False,False,False,False,False,False,False,False,False
CRM007764,GT004423,USR004271,False,,False,False,False,False,False,False,False,False,False,False
CRM007765,GT005557,USR004272,False,,False,False,False,False,False,False,False,False,False,False
CRM007766,GT008774,,False,,False,False,False,False,False,False,False,False,False,False
CRM007767,GT004143,USR004273,False,,False,False,False,False,False,False,False,False,False,False
CRM007768,GT003691,,False,,False,True,True,False,False,False,False,False,False,False
CRM007769,GT008621,,False,,False,False,False,True,False,False,False,False,False,False
CRM007770,GT008244,USR004274,False,,False,False,False,True,False,False,False,False,False,False
CRM007771,GT002397,,False,,False,False,False,False,False,False,False,False,True,False
CRM007772,GT005898,USR004275,False,,False,False,False,False,False,False,False,False,True,False
CRM007773,GT000625,USR004276,False,,False,False,False,False,False,False,False,False,False,False
CRM007774,GT000071,USR004277,False,,False,False,False,False,False,False,True,False,False,False
CRM007775,GT007364,USR004278,False,,False,False,False,False,False,False,False,False,False,True
CRM007776,GT000198,,False,,False,False,True,False,True,False,False,False,False,False
CRM007777,GT002083,,False,,False,True,False,False,False,False,False,False,False,False
CRM007778,GT005424,USR004279,False,,False,False,False,False,False,True,False,False,False,False
CRM007779,GT002051,USR004280,False,,False,False,False,False,False,False,False,False,False,False
CRM007780,GT001152,USR004281,False,,False,False,False,False,False,False,False,False,True,False
CRM007781,GT003082,,False,,False,True,False,False,False,False,False,False,False,False
CRM007782,GT003742,USR004282,False,,False,False,True,False,False,False,False,False,False,True
CRM007783,GT003070,USR004283,False,,False,False,False,False,True,False,False,False,False,True
CRM007784,GT008715,,False,,False,False,False,False,False,False,False,False,False,False
CRM007785,GT003205,USR004284,False,,False,False,False,False,False,False,False,False,False,False
CRM007786,GT008137,USR004285,False,,False,False,False,False,False,False,False,False,False,False
CRM007787,GT001809,USR004286,False,,False,False,False,False,False,False,False,False,False,False
CRM007788,GT009048,,False,,False,False,False,False,False,False,False,False,False,False
CRM007789,GT000309,,False,,False,False,False,False,False,True,False,False,False,False
CRM007790,GT004555,USR004287,False,,False,False,False,False,False,True,False,False,False,False
CRM007791,GT001530,,False,,False,False,False,False,False,True,False,False,True,False
CRM007792,GT006175,USR004288,False,,False,False,False,False,False,False,False,False,False,False
CRM007793,GT008219,USR004289,False,,False,False,False,False,False,False,False,False,False,False
CRM007794,GT006720,USR004290,False,,False,False,False,False,False,False,False,False,False,False
CRM007795,GT003891,,False,,False,False,False,False,False,False,False,False,False,False
CRM007796,GT007722,,False,,False,False,False,False,False,False,False,False,False,False
CRM007797,GT001085,,False,,False,False,False,False,False,False,False,False,True,False
CRM007798,GT001491,,False,,False,False,False,False,False,False,False,False,False,False
CRM007799,GT007064,,False,,False,False,False,False,False,False,False,False,False,False
CRM007800,GT002215,,False,,False,False,False,False,False,False,False,False,False,False
CRM007801,GT004266,,True,CRM004521,False,False,False,False,False,False,False,False,False,False
CRM007802,GT009080,,True,CRM000059,False,False,False,False,False,False,False,False,False,True
CRM007803,GT003530,,True,CRM007528,False,False,False,False,False,False,False,False,True,False
CRM007804,GT006831,USR003489,True,CRM006343,False,False,False,False,False,False,False,False,False,True
CRM007805,GT000626,USR000715,True,CRM001275,False,False,False,False,False,False,False,False,False,False
CRM007806,GT009135,,True,CRM002274,False,True,False,True,False,False,False,False,False,False
CRM007807,GT005120,USR002675,True,CRM004814,False,False,False,False,False,False,False,False,False,True
CRM007808,GT000110,,True,CRM005280,False,False,False,False,False,False,False,False,False,False
CRM007809,GT003026,USR002542,True,CRM004577,False,False,False,False,False,False,False,False,False,False
CRM007810,GT008298,,True,CRM002033,False,True,False,False,False,False,False,False,False,False
CRM007811,GT007387,USR001344,True,CRM002450,False,False,False,False,False,False,False,False,False,False
CRM007812,GT008825,,True,CRM005147,False,False,False,False,False,False,False,False,False,False
CRM007813,GT003008,USR000185,True,CRM000315,False,False,False,False,False,True,False,False,False,False
CRM007814,GT005009,,True,CRM004071,False,True,False,False,False,False,False,False,False,False
CRM007815,GT000910,,True,CRM005220,False,False,False,False,False,False,False,True,False,False
CRM007816,GT005910,,True,CRM003970,False,False,False,False,False,False,False,False,False,False
CRM007817,GT007041,USR003726,True,CRM006765,False,False,False,False,False,False,False,False,False,False
CRM007818,GT009140,,True,CRM002952,False,False,False,False,False,False,False,False,False,False
CRM007819,GT002051,USR004280,True,CRM007779,False,False,False,False,False,False,False,False,False,False
CRM007820,GT002314,,True,CRM001491,False,False,False,False,False,False,False,False,False,False
CRM007821,GT009676,USR000555,True,CRM000980,False,False,False,False,False,False,False,False,False,False
CRM007822,GT006106,USR003389,True,CRM006149,False,False,False,False,False,True,False,False,False,False
CRM007823,GT008553,USR003141,True,CRM005684,False,False,False,False,False,False,False,False,False,False
CRM007824,GT003485,,True,CRM005218,False,False,False,False,False,False,False,False,False,True
CRM007825,GT004606,USR002490,True,CRM004461,False,False,False,False,False,False,False,False,False,False
CRM007826,GT004024,,True,CRM007098,False,False,False,False,False,False,False,False,False,False
CRM007827,GT008098,USR000435,True,CRM000740,False,False,False,False,False,False,False,False,False,False
CRM007828,GT000998,USR002664,True,CRM004793,False,False,False,False,False,False,False,False,False,False
CRM007829,GT009275,USR002714,True,CRM004884,False,False,False,False,False,False,True,False,True,False
CRM007830,GT007321,USR001470,True,CRM002664,False,False,False,False,False,False,False,False,False,False
CRM007831,GT006875,,True,CRM003624,False,False,False,False,False,False,False,False,False,False
CRM007832,GT008951,USR004135,True,CRM007515,False,False,False,False,False,False,False,False,False,False
CRM007833,GT004839,USR000971,True,CRM001731,False,False,False,False,False,False,False,False,False,False
CRM007834,GT001961,,True,CRM004807,False,False,False,False,False,False,False,False,False,False
CRM007835,GT000295,USR000671,True,CRM001187,False,False,False,False,False,False,False,False,False,False
CRM007836,GT003412,USR000523,True,CRM000904,False,False,False,False,False,True,False,False,False,True
CRM007837,GT009699,USR000018,True,CRM000029,False,False,False,False,False,False,False,False,False,False
CRM007838,GT000704,,True,CRM006695,False,False,False,False,False,False,False,False,True,False
CRM007839,GT004802,USR002235,True,CRM004001,True,False,False,False,False,False,False,False,True,True
CRM007840,GT006020,,True,CRM002351,False,False,False,False,False,False,False,False,False,True
CRM007841,GT003706,,True,CRM005976,False,False,False,False,False,False,False,False,False,False
CRM007842,GT006140,,True,CRM004378,False,False,False,False,False,True,False,False,False,False
CRM007843,GT000114,USR002170,True,CRM003875,False,False,False,False,False,False,False,False,False,False
CRM007844,GT006066,USR003717,True,CRM006748,False,False,False,False,False,False,False,False,False,False
CRM007845,GT001738,USR001987,True,CRM003565,False,False,False,False,False,False,False,False,False,False
CRM007846,GT008507,USR002824,True,CRM005104,False,False,False,False,False,False,False,False,False,True
CRM007847,GT008488,,True,CRM005071,False,False,False,False,False,False,False,False,False,False
CRM007848,GT008304,USR001586,True,CRM002876,False,False,False,False,False,False,False,False,True,False
CRM007849,GT005157,USR001847,True,CRM003316,False,False,False,False,False,False,False,False,False,False
CRM007850,GT000286,,True,CRM003872,False,False,False,False,False,False,False,False,True,False
CRM007851,GT004457,USR001143,True,CRM002059,False,False,False,False,False,False,False,False,False,False
CRM007852,GT009408,USR001478,True,CRM002675,False,False,False,False,False,False,False,False,False,False
CRM007853,GT003205,USR004284,True,CRM007785,False,False,False,False,False,False,False,False,False,False
CRM007854,GT000815,,True,CRM006562,False,False,False,True,False,False,False,False,False,False
CRM007855,GT003209,USR000952,True,CRM001698,False,False,False,False,False,False,False,False,False,False
CRM007856,GT002092,,True,CRM007619,False,False,False,False,False,False,False,False,False,False
CRM007857,GT007433,USR002853,True,CRM005149,False,False,False,False,False,False,False,False,False,False
CRM007858,GT001704,,True,CRM006925,False,False,False,False,False,False,False,False,False,False
CRM007859,GT004335,,True,CRM007002,False,False,False,False,False,False,False,False,False,False
CRM007860,GT008891,,True,CRM004694,False,False,False,False,False,False,False,False,True,False
CRM007861,GT007305,USR002357,True,CRM004226,False,False,False,False,False,False,False,False,False,False
CRM007862,GT007001,USR001992,True,CRM003575,False,False,False,False,False,False,False,False,False,False
CRM007863,GT004642,USR000564,True,CRM000996,False,True,False,False,False,False,False,False,False,False
CRM007864,GT007417,USR003188,True,CRM005768,False,False,False,False,True,False,False,False,False,False
CRM007865,GT002982,,True,CRM001500,False,False,False,False,True,False,False,False,False,False
CRM007866,GT007194,USR003899,True,CRM007079,False,False,False,False,False,False,False,False,True,False
CRM007867,GT009210,,True,CRM000136,False,False,False,False,False,False,False,False,True,False
CRM007868,GT008993,USR000308,True,CRM000527,False,False,False,False,False,False,False,False,True,False
CRM007869,GT008613,,True,CRM005813,False,False,False,False,False,False,False,False,False,False
CRM007870,GT007029,USR004033,True,CRM007312,False,False,True,False,False,False,False,False,False,False
CRM007871,GT007296,,True,CRM007078,False,False,False,False,False,False,False,False,False,False
CRM007872,GT004639,,True,CRM002704,False,False,False,False,False,False,False,False,False,False
CRM007873,GT001154,,True,CRM005528,False,False,False,False,False,False,False,False,False,False
CRM007874,GT009113,,True,CRM006202,False,False,False,False,False,False,False,False,False,False
CRM007875,GT001231,USR000768,True,CRM001363,False,False,False,True,False,False,False,False,False,False
CRM007876,GT009567,USR003296,True,CRM005970,False,False,False,False,False,False,False,False,False,False
CRM007877,GT008316,USR002900,True,CRM005231,False,False,False,False,False,False,False,False,False,False
CRM007878,GT002859,USR002048,True,CRM003668,False,False,False,False,False,False,False,False,True,False
CRM007879,GT009128,,True,CRM002571,False,False,False,False,False,False,False,False,False,False
CRM007880,GT003245,USR002992,True,CRM005390,False,False,False,False,False,False,False,False,True,False
CRM007881,GT003996,USR002731,True,CRM004930,False,False,False,False,False,False,False,False,True,False
CRM007882,GT000022,,True,CRM007642,False,False,False,False,False,False,False,False,False,False
CRM007883,GT007913,,True,CRM001738,False,False,False,False,True,True,False,False,False,False
CRM007884,GT007736,USR002070,True,CRM003710,False,False,False,False,False,False,False,False,False,False
CRM007885,GT001120,USR003170,True,CRM005735,False,False,False,False,False,False,False,False,False,False
CRM007886,GT003537,,True,CRM000584,False,False,False,False,False,False,False,False,False,False
CRM007887,GT001920,,True,CRM001007,False,False,False,False,False,False,False,False,False,False
CRM007888,GT008042,,True,CRM000857,False,False,False,False,False,False,False,False,True,False
CRM007889,GT004000,USR002994,True,CRM005392,False,False,False,False,False,False,False,False,False,False
CRM007890,GT004405,,True,CRM003684,False,False,True,False,False,False,False,False,False,False
CRM007891,GT001157,,True,CRM001401,False,False,False,False,True,False,False,False,True,True
CRM007892,GT002989,,True,CRM006809,False,False,False,False,False,False,False,False,False,False
CRM007893,GT003130,,True,CRM000218,False,False,False,False,False,False,False,False,False,False
CRM007894,GT004801,,True,CRM000196,False,False,False,False,False,False,False,False,False,True
CRM007895,GT006323,USR001009,True,CRM001806,False,False,False,False,True,False,False,False,False,False
CRM007896,GT007032,USR001326,True,CRM002419,False,True,False,False,False,False,False,False,False,False
CRM007897,GT007859,USR003731,True,CRM006773,False,False,False,False,True,False,False,False,False,False
CRM007898,GT005701,,True,CRM004114,False,False,False,False,False,False,False,False,False,False
CRM007899,GT000227,USR001432,True,CRM002595,False,False,False,False,False,False,False,False,False,False
CRM007900,GT008194,,True,CRM000658,False,False,False,False,False,False,False,False,False,False
CRM007901,GT002877,,True,CRM003091,False,False,False,False,True,False,False,False,False,False
CRM007902,GT004134,,True,CRM002821,False,False,False,False,False,False,False,False,False,False
CRM007903,GT007340,,True,CRM000154,False,False,False,False,False,False,False,False,False,False
CRM007904,GT000304,USR000156,True,CRM000264,False,False,False,False,False,False,False,False,False,False
CRM007905,GT000153,USR001783,True,CRM003201,False,False,False,False,False,False,False,False,True,False
CRM007906,GT002478,USR002251,True,CRM004022,False,True,False,False,False,False,False,False,False,True
CRM007907,GT005955,USR001087,True,CRM001950,False,False,False,False,False,False,False,False,False,True
CRM007908,GT002969,USR001671,True,CRM003025,False,False,False,False,False,True,False,False,False,False
CRM007909,GT003241,USR000246,True,CRM000431,False,False,False,False,False,False,True,False,False,False
CRM007910,GT005628,,True,CRM007645,False,False,False,False,False,False,False,False,False,False
CRM007911,GT003324,,True,CRM005736,False,False,False,True,False,False,False,False,False,False
CRM007912,GT003709,USR003555,True,CRM006473,False,False,False,False,False,False,False,False,False,False
CRM007913,GT000230,USR001905,True,CRM003426,False,False,False,False,False,False,False,False,False,False
CRM007914,GT003468,,True,CRM000226,False,False,False,False,False,False,False,False,False,False
CRM007915,GT008889,,True,CRM000600,False,False,False,False,False,False,False,False,True,False
CRM007916,GT009590,,True,CRM002344,False,False,False,False,False,True,False,False,False,False
CRM007917,GT009049,,True,CRM004826,False,False,False,False,True,False,False,False,False,False
CRM007918,GT006055,,True,CRM004465,False,False,False,True,False,False,False,False,False,False
CRM007919,GT002287,,True,CRM003135,False,False,False,False,False,False,False,False,False,False
CRM007920,GT007746,USR001053,True,CRM001893,False,False,False,False,True,False,False,False,False,False
CRM007921,GT000582,USR002843,True,CRM005132,False,False,False,False,False,False,False,False,False,False
CRM007922,GT002220,,True,CRM003372,False,False,False,False,False,False,False,False,False,False
CRM007923,GT007375,,True,CRM001562,False,False,False,False,False,False,False,False,False,False
CRM007924,GT009397,,True,CRM004352,False,False,False,False,False,False,False,False,False,True
CRM007925,GT003497,USR000556,True,CRM000982,False,False,False,False,False,False,False,False,False,False
CRM007926,GT008532,,True,CRM005310,False,False,False,False,False,False,False,False,True,False
CRM007927,GT006946,,True,CRM005690,False,False,False,False,False,False,False,False,False,False
CRM007928,GT009444,USR003796,True,CRM006881,False,False,False,False,False,False,False,False,True,False
CRM007929,GT004392,,True,CRM000724,False,False,False,False,False,True,False,False,False,False
CRM007930,GT006497,USR002095,True,CRM003756,False,False,True,False,False,False,False,False,True,False
CRM007931,GT006903,USR004203,True,CRM007633,False,False,False,False,False,False,False,False,False,False
CRM007932,GT005734,USR001384,True,CRM002531,False,False,False,False,False,False,False,False,False,False
CRM007933,GT001949,USR004012,True,CRM007271,False,False,False,False,False,False,False,False,False,False
CRM007934,GT008555,,True,CRM006044,False,False,False,False,False,False,False,False,False,False
CRM007935,GT003004,USR002080,True,CRM003722,False,False,False,False,False,False,False,True,False,False
CRM007936,GT005207,,True,CRM007637,False,False,False,False,False,False,False,False,False,False
CRM007937,GT001749,USR003093,True,CRM005591,False,False,False,False,False,False,False,False,False,False
CRM007938,GT007188,,True,CRM000284,False,True,False,False,False,False,False,False,False,False
CRM007939,GT006127,,True,CRM000962,False,False,False,False,False,False,False,False,True,False
CRM007940,GT004218,,True,CRM006187,False,True,False,False,False,False,False,False,False,False
CRM007941,GT007968,USR004081,True,CRM007414,False,False,False,False,False,False,False,False,False,False
CRM007942,GT008622,,True,CRM002527,False,False,False,False,False,False,False,False,False,False
CRM007943,GT000700,,True,CRM006444,False,False,False,False,False,False,False,False,False,False
CRM007944,GT004376,USR000906,True,CRM001623,False,False,False,False,False,False,False,False,False,False
CRM007945,GT001773,USR002316,True,CRM004147,False,False,False,False,False,False,False,False,False,False
CRM007946,GT007821,USR003683,True,CRM006687,False,False,False,False,False,False,False,False,False,False
CRM007947,GT004865,USR003848,True,CRM006978,False,False,False,False,False,False,False,False,False,False
CRM007948,GT005587,,True,CRM000599,False,False,False,False,False,False,False,False,True,True
CRM007949,GT001233,,True,CRM005734,False,False,False,False,False,False,False,False,False,False
CRM007950,GT008325,USR002072,True,CRM003712,False,False,False,False,False,False,False,False,False,False
CRM007951,GT007198,USR001388,True,CRM002536,False,False,False,True,False,False,False,False,True,False
CRM007952,GT000091,USR002389,True,CRM004281,False,True,False,False,False,False,False,False,False,False
CRM007953,GT004474,USR003544,True,CRM006440,False,False,False,False,False,False,False,False,True,False
CRM007954,GT006997,,True,CRM001393,False,False,False,False,False,False,False,False,False,True
CRM007955,GT000713,USR004117,True,CRM007478,False,False,False,False,False,False,False,False,False,False
CRM007956,GT003828,USR000506,True,CRM000882,True,False,False,False,False,False,False,False,False,False
CRM007957,GT005459,USR003664,True,CRM006659,False,False,False,False,False,False,False,False,False,False
CRM007958,GT006490,USR002639,True,CRM004754,False,False,False,False,False,False,False,False,True,True
CRM007959,GT001756,USR001139,True,CRM002052,False,False,False,False,False,False,False,False,True,False
CRM007960,GT002422,USR001951,True,CRM003505,False,False,False,False,True,False,False,False,False,False
CRM007961,GT006952,USR000073,True,CRM000127,False,False,False,False,False,False,False,False,True,False
CRM007962,GT002685,USR000972,True,CRM001732,False,False,False,False,False,False,False,False,False,False
CRM007963,GT000447,USR000998,True,CRM001788,False,False,False,False,False,True,False,False,False,False
CRM007964,GT008636,,True,CRM007412,False,False,False,False,False,False,False,False,False,False
CRM007965,GT008788,,True,CRM003589,True,False,False,False,False,False,False,False,True,False
CRM007966,GT000151,USR001149,True,CRM002073,False,True,False,False,False,False,True,False,False,False
CRM007967,GT006135,USR002345,True,CRM004204,False,False,False,False,False,False,False,False,False,False
CRM007968,GT001768,USR001232,True,CRM002230,False,False,False,False,False,False,False,False,False,False
CRM007969,GT005774,USR004161,True,CRM007561,False,False,False,False,False,False,False,False,False,False
CRM007970,GT005818,USR002322,True,CRM004159,False,False,False,False,False,False,False,False,False,False
CRM007971,GT007082,USR001485,True,CRM002690,False,False,False,False,False,False,False,False,False,False
CRM007972,GT003790,,True,CRM006969,False,False,False,False,False,False,False,False,False,False
CRM007973,GT002793,USR004200,True,CRM007628,False,False,False,False,False,False,False,False,False,False
CRM007974,GT009367,USR004018,True,CRM007284,False,False,False,False,False,False,False,False,False,False
CRM007975,GT008366,,True,CRM006118,False,False,False,False,False,False,False,False,False,False
CRM007976,GT002609,USR002746,True,CRM004964,False,False,False,False,False,False,False,False,False,False
CRM007977,GT001841,USR001709,True,CRM003081,False,False,False,False,False,False,False,True,False,False
CRM007978,GT008094,USR003539,True,CRM006431,False,False,False,False,False,False,False,False,False,True
CRM007979,GT003058,,True,CRM007504,False,False,False,False,False,False,False,False,False,False
CRM007980,GT004854,USR003766,True,CRM006832,False,False,False,False,False,False,False,False,False,False
CRM007981,GT002677,,True,CRM005223,False,False,False,False,False,False,False,False,False,False
CRM007982,GT004494,,True,CRM007420,False,False,False,True,False,False,False,False,True,False
CRM007983,GT003915,USR002676,True,CRM004815,False,True,False,False,False,False,False,False,False,False
CRM007984,GT002114,USR003708,True,CRM006733,False,False,False,False,False,False,False,False,False,False
CRM007985,GT007791,USR002209,True,CRM003958,False,False,False,False,False,False,False,False,False,False
CRM007986,GT002141,,True,CRM002135,False,False,True,False,False,True,False,False,True,False
CRM007987,GT006764,USR002430,True,CRM004357,False,False,False,False,False,False,False,False,False,False
CRM007988,GT005194,,True,CRM005146,False,False,False,False,False,False,False,False,True,False
CRM007989,GT009787,,True,CRM000137,False,False,True,False,False,False,False,False,True,False
CRM007990,GT005591,USR001797,True,CRM003231,False,False,False,False,False,False,False,False,False,False
CRM007991,GT008697,,True,CRM000007,False,False,False,False,False,False,True,False,False,False
CRM007992,GT000255,,True,CRM007188,False,False,False,False,False,False,False,False,True,False
CRM007993,GT001626,,True,CRM001462,False,True,False,False,False,False,False,False,False,False
CRM007994,GT004210,,True,CRM000699,False,False,False,False,False,False,False,False,True,False
CRM007995,GT007538,,True,CRM006869,False,False,False,False,False,True,False,False,False,False
CRM007996,GT004776,USR001913,True,CRM003440,False,False,False,False,False,False,False,False,False,False
CRM007997,GT003281,,True,CRM000986,False,False,False,False,True,False,False,False,False,False
CRM007998,GT007040,USR000502,True,CRM000869,False,False,False,False,False,False,False,False,False,False
CRM007999,GT003834,,True,CRM004637,False,False,False,False,False,False,False,False,False,False
CRM008000,GT007740,USR002615,True,CRM004709,False,False,False,False,False,False,False,False,False,False
