support_ticket_id,ground_truth_id,customer_segment,customer_age,intended_issue_category,contact_channel,issue_category,dq_name_typo,dq_email_typo,dq_phone_error,dq_missing_email,dq_missing_phone,dq_incorrect_issue_category
SUP000001,GT000106,Occasional,38,Complaint,Email,Complaint,False,True,False,False,False,False
SUP000002,GT003584,Regular,55,Complaint,Email,Complaint,False,False,False,False,False,False
SUP000003,GT006505,Occasional,67,Refund request,Email,Refund request,False,False,False,False,False,False
SUP000004,GT007770,Occasional,66,Refund request,Phone,Refund request,False,False,True,False,False,False
SUP000005,GT007993,Regular,33,Complaint,Phone,Complaint,False,False,False,False,False,False
SUP000006,GT007834,Regular,69,Complaint,Email,Complaint,False,False,False,False,False,False
SUP000007,GT006062,Regular,61,Refund request,Email,Refund request,False,False,False,False,False,False
SUP000008,GT000065,Occasional,64,Accessibility,Email,Accessibility,False,False,False,False,False,False
SUP000009,GT007697,VIP,22,Enquiry,Email,Enquiry,False,False,False,False,False,False
SUP000010,GT005117,Occasional,27,Accessibility,Email,Refund request,False,False,False,False,False,True
SUP000011,GT007628,Regular,39,Complaint,Email,Complaint,True,False,False,False,False,False
SUP000012,GT005124,Regular,31,Complaint,Email,Complaint,False,False,False,False,False,False
SUP000013,GT003229,Occasional,62,Accessibility,Phone,Accessibility,False,False,False,False,False,False
SUP000014,GT006685,Occasional,71,Refund request,Email,Refund request,False,False,False,False,False,False
SUP000015,GT000723,Occasional,44,Enquiry,Phone,Enquiry,False,False,False,False,False,False
SUP000016,GT000744,Occasional,34,Refund request,Email,Refund request,False,False,False,False,True,False
SUP000017,GT000121,VIP,45,Refund request,Email,Refund request,False,True,False,False,True,False
SUP000018,GT001185,Regular,35,Refund request,Email,Refund request,False,False,False,False,False,False
SUP000019,GT003024,Occasional,23,Complaint,Email,Complaint,False,False,False,False,False,False
SUP000020,GT002889,Regular,70,Enquiry,Email,Enquiry,False,False,False,False,False,False
SUP000021,GT005590,Regular,45,Refund request,Email,Refund request,False,False,False,False,True,False
SUP000022,GT006400,Occasional,45,Refund request,Email,Refund request,False,False,True,False,False,False
SUP000023,GT005226,Regular,57,Refund request,Email,Complaint,False,False,False,False,False,True
SUP000024,GT000146,Regular,59,Accessibility,Phone,Accessibility,False,False,False,True,False,False
SUP000025,GT001038,Occasional,56,Accessibility,Email,Accessibility,False,False,False,False,False,False
SUP000026,GT000553,Occasional,31,Enquiry,Phone,Enquiry,False,False,False,False,False,False
SUP000027,GT006284,New,19,Accessibility,Email,Accessibility,False,False,False,False,False,False
SUP000028,GT004162,Occasional,22,Complaint,Email,Complaint,False,False,False,False,False,False
SUP000029,GT005670,Regular,22,Enquiry,Phone,Enquiry,False,False,False,False,False,False
SUP000030,GT006571,Occasional,65,Accessibility,Email,Accessibility,False,True,False,False,True,False
SUP000031,GT003688,Regular,30,Refund request,Email,Accessibility,False,False,False,False,False,True
SUP000032,GT004417,Regular,36,Complaint,Phone,Complaint,False,False,False,True,False,False
SUP000033,GT008929,Occasional,60,Enquiry,Email,Enquiry,False,False,False,False,False,False
SUP000034,GT008260,Regular,33,Enquiry,Email,Enquiry,False,True,False,False,True,False
SUP000035,GT009888,Regular,63,Accessibility,Email,Accessibility,False,False,False,False,False,False
SUP000036,GT008103,Occasional,53,Refund request,Email,Enquiry,False,False,False,False,True,True
SUP000037,GT002837,Regular,53,Refund request,Phone,Refund request,False,False,False,True,False,False
SUP000038,GT005444,Regular,32,Refund request,Email,Refund request,False,False,False,False,True,False
SUP000039,GT005139,Regular,43,Enquiry,Email,Enquiry,False,False,False,False,False,False
SUP000040,GT006907,Occasional,46,Enquiry,Email,Enquiry,False,False,True,False,False,False
SUP000041,GT000939,Occasional,79,Complaint,Phone,Complaint,False,False,False,False,False,False
SUP000042,GT005814,Regular,70,Accessibility,Email,Accessibility,False,False,False,False,False,False
SUP000043,GT009413,Occasional,33,Refund request,Email,Refund request,False,False,False,False,False,False
SUP000044,GT003183,Regular,34,Complaint,Email,Complaint,False,False,True,False,False,False
SUP000045,GT007781,Occasional,36,Complaint,Email,Complaint,False,False,True,False,False,False
SUP000046,GT007128,Occasional,52,Enquiry,Email,Enquiry,False,False,False,False,False,False
SUP000047,GT009577,Occasional,25,Enquiry,Email,Enquiry,False,False,True,False,False,False
SUP000048,GT002636,Occasional,23,Enquiry,Email,Enquiry,False,False,False,False,False,False
SUP000049,GT000104,Regular,85,Enquiry,Email,Enquiry,True,False,False,False,True,False
SUP000050,GT004550,Regular,36,Complaint,Email,Complaint,False,False,False,False,True,False
SUP000051,GT006158,Occasional,84,Accessibility,Email,Accessibility,False,False,False,False,True,False
SUP000052,GT009333,VIP,52,Refund request,Email,Refund request,False,False,False,False,False,False
SUP000053,GT006369,Regular,27,Refund request,Email,Refund request,False,False,False,False,False,False
SUP000054,GT009783,Regular,35,Enquiry,Phone,Enquiry,False,False,False,True,False,False
SUP000055,GT009370,Regular,23,Complaint,Email,Complaint,False,False,False,False,True,False
SUP000056,GT006700,Occasional,27,Complaint,Email,Complaint,False,True,False,False,False,False
SUP000057,GT000057,Regular,42,Refund request,Email,Refund request,False,False,False,False,False,False
SUP000058,GT001885,Regular,55,Enquiry,Email,Enquiry,False,False,False,False,False,False
SUP000059,GT004489,Regular,23,Complaint,Phone,Complaint,False,False,False,False,False,False
SUP000060,GT004494,VIP,20,Accessibility,Email,Refund request,False,False,False,False,False,True
SUP000061,GT004721,Regular,75,Enquiry,Email,Enquiry,False,False,False,False,True,False
SUP000062,GT004669,Regular,48,Complaint,Email,Complaint,False,False,False,False,True,False
SUP000063,GT000548,Regular,67,Enquiry,Phone,Enquiry,False,False,False,False,False,False
SUP000064,GT008993,VIP,30,Refund request,Email,Refund request,False,False,False,False,False,False
SUP000065,GT009715,Occasional,45,Enquiry,Email,Enquiry,False,True,False,False,False,False
SUP000066,GT002372,Regular,51,Enquiry,Email,Enquiry,False,False,False,False,True,False
SUP000067,GT004238,Occasional,47,Refund request,Phone,Refund request,False,False,False,False,False,False
SUP000068,GT009703,Occasional,59,Accessibility,Email,Accessibility,False,False,False,False,True,False
SUP000069,GT009446,Regular,63,Refund request,Email,Refund request,False,False,False,False,False,False
SUP000070,GT001642,Regular,77,Accessibility,Phone,Accessibility,False,False,False,False,False,False
SUP000071,GT000334,Occasional,67,Complaint,Phone,Complaint,False,False,False,False,False,False
SUP000072,GT000110,Regular,57,Accessibility,Phone,Accessibility,False,False,True,False,False,False
SUP000073,GT002808,Occasional,43,Complaint,Phone,Complaint,False,False,False,False,False,False
SUP000074,GT007954,Regular,45,Accessibility,Email,Accessibility,False,False,False,False,False,False
SUP000075,GT004029,Occasional,37,Accessibility,Phone,Accessibility,False,False,False,False,False,False
SUP000076,GT006673,Occasional,33,Enquiry,Email,Enquiry,False,False,False,False,True,False
SUP000077,GT001431,Regular,83,Accessibility,Phone,Accessibility,False,False,False,False,False,False
SUP000078,GT007531,Regular,32,Refund request,Email,Refund request,False,False,False,False,False,False
SUP000079,GT009543,Occasional,24,Complaint,Email,Complaint,False,False,False,False,False,False
SUP000080,GT008691,Regular,51,Accessibility,Email,Accessibility,False,False,False,False,False,False
SUP000081,GT001943,Occasional,57,Enquiry,Phone,Enquiry,False,False,False,False,False,False
SUP000082,GT004033,VIP,48,Complaint,Phone,Complaint,False,False,False,False,False,False
SUP000083,GT000393,Regular,49,Refund request,Email,Refund request,False,False,False,False,False,False
SUP000084,GT007722,Regular,65,Enquiry,Email,Enquiry,False,False,False,False,False,False
SUP000085,GT003183,Regular,34,Refund request,Email,Refund request,False,False,False,False,False,False
SUP000086,GT007376,Regular,59,Enquiry,Phone,Enquiry,False,True,False,False,False,False
SUP000087,GT006718,Occasional,41,Enquiry,Email,Enquiry,False,True,False,False,False,False
SUP000088,GT004886,Occasional,58,Enquiry,Email,Enquiry,False,False,False,False,False,False
SUP000089,GT002868,Regular,31,Enquiry,Email,Enquiry,False,False,False,False,False,False
SUP000090,GT002441,Occasional,54,Refund request,Phone,Refund request,False,False,False,False,False,False
SUP000091,GT003431,Regular,35,Refund request,Email,Refund request,False,False,False,False,False,False
SUP000092,GT007134,VIP,33,Enquiry,Phone,Enquiry,False,False,False,True,False,False
SUP000093,GT004226,Occasional,49,Enquiry,Email,Enquiry,False,False,True,False,False,False
SUP000094,GT003777,Occasional,70,Refund request,Email,Refund request,False,False,False,False,False,False
SUP000095,GT000914,VIP,85,Accessibility,Email,Accessibility,False,True,False,False,False,False
SUP000096,GT004019,Occasional,42,Enquiry,Phone,Enquiry,False,False,False,False,False,False
SUP000097,GT005867,Regular,35,Refund request,Email,Refund request,False,False,False,False,False,False
SUP000098,GT000767,Occasional,41,Refund request,Email,Refund request,False,False,False,False,False,False
SUP000099,GT009120,Occasional,27,Refund request,Email,Refund request,False,False,True,False,False,False
SUP000100,GT000205,Occasional,47,Complaint,Email,Complaint,False,False,False,False,False,False
SUP000101,GT005800,Regular,55,Accessibility,Email,Refund request,False,False,False,False,False,True
SUP000102,GT009018,Regular,36,Enquiry,Email,Enquiry,False,False,False,False,True,False
SUP000103,GT005276,VIP,41,Refund request,Email,Refund request,False,True,False,False,False,False
SUP000104,GT008847,Occasional,43,Refund request,Email,Refund request,False,False,False,False,False,False
SUP000105,GT006391,Occasional,54,Accessibility,Email,Accessibility,False,False,False,False,True,False
SUP000106,GT002541,Occasional,59,Refund request,Phone,Refund request,False,False,False,True,False,False
SUP000107,GT000841,VIP,70,Refund request,Phone,Refund request,False,False,False,True,False,False
SUP000108,GT006186,Occasional,35,Enquiry,Email,Enquiry,False,False,False,False,False,False
SUP000109,GT008509,Occasional,42,Refund request,Email,Refund request,False,False,False,False,False,False
SUP000110,GT006361,Occasional,34,Refund request,Phone,Refund request,False,False,False,False,False,False
SUP000111,GT001454,New,29,Refund request,Email,Refund request,False,False,False,False,False,False
SUP000112,GT007205,Regular,84,Enquiry,Email,Enquiry,False,False,False,False,True,False
SUP000113,GT007611,Regular,23,Enquiry,Email,Enquiry,False,False,False,False,True,False
SUP000114,GT005003,Regular,75,Accessibility,Email,Accessibility,False,False,False,False,True,False
SUP000115,GT009744,Regular,54,Enquiry,Email,Enquiry,False,False,False,False,False,False
SUP000116,GT004467,Occasional,79,Accessibility,Phone,Accessibility,False,False,False,True,False,False
SUP000117,GT005104,Occasional,36,Refund request,Email,Refund request,False,False,False,False,False,False
SUP000118,GT000976,Occasional,35,Refund request,Email,Refund request,False,False,False,False,False,False
SUP000119,GT003488,Occasional,61,Enquiry,Email,Enquiry,False,False,False,False,True,False
SUP000120,GT003928,Regular,23,Refund request,Email,Refund request,False,False,False,False,False,False
SUP000121,GT009151,Occasional,68,Refund request,Email,Refund request,False,False,False,False,False,False
SUP000122,GT008982,Regular,57,Refund request,Email,Refund request,False,False,False,False,False,False
SUP000123,GT009482,Occasional,22,Enquiry,Phone,Enquiry,False,False,False,False,False,False
SUP000124,GT003767,VIP,50,Enquiry,Phone,Enquiry,False,False,False,False,False,False
SUP000125,GT006608,Regular,62,Complaint,Phone,Complaint,False,False,False,False,False,False
SUP000126,GT004171,Occasional,67,Refund request,Email,Refund request,False,False,False,False,False,False
SUP000127,GT009802,VIP,66,Refund request,Email,Refund request,False,False,False,False,True,False
SUP000128,GT003029,Regular,40,Complaint,Email,Complaint,False,False,False,False,False,False
SUP000129,GT006803,Regular,50,Refund request,Email,Refund request,False,False,False,False,False,False
SUP000130,GT001349,Regular,41,Enquiry,Email,Enquiry,False,True,True,False,False,False
SUP000131,GT005082,Occasional,63,Complaint,Email,Complaint,False,False,False,False,False,False
SUP000132,GT001344,Regular,37,Refund request,Email,Refund request,False,False,False,False,False,False
SUP000133,GT005455,New,28,Enquiry,Phone,Enquiry,False,False,False,False,False,False
SUP000134,GT003343,Occasional,76,Accessibility,Email,Enquiry,False,False,False,False,False,True
SUP000135,GT005581,Occasional,45,Refund request,Email,Refund request,False,False,False,False,False,False
SUP000136,GT007313,VIP,57,Enquiry,Phone,Enquiry,False,False,False,True,False,False
SUP000137,GT009266,Regular,23,Complaint,Email,Complaint,False,False,True,False,False,False
SUP000138,GT009306,Regular,26,Complaint,Phone,Complaint,False,False,False,False,False,False
SUP000139,GT006700,Occasional,27,Refund request,Email,Refund request,False,False,False,False,False,False
SUP000140,GT008781,VIP,65,Accessibility,Phone,Accessibility,False,False,False,False,False,False
SUP000141,GT006370,Occasional,24,Refund request,Phone,Refund request,False,False,False,False,False,False
SUP000142,GT000374,VIP,44,Enquiry,Email,Enquiry,False,False,False,False,False,False
SUP000143,GT001944,Occasional,49,Complaint,Phone,Complaint,False,False,True,False,False,False
SUP000144,GT003225,Occasional,24,Refund request,Phone,Refund request,False,False,False,False,False,False
SUP000145,GT001182,Regular,53,Accessibility,Phone,Accessibility,False,False,False,True,False,False
SUP000146,GT006893,Occasional,52,Complaint,Phone,Complaint,False,False,False,True,False,False
SUP000147,GT003504,Occasional,49,Enquiry,Email,Enquiry,False,False,False,False,False,False
SUP000148,GT000659,Occasional,85,Enquiry,Email,Enquiry,False,False,False,False,True,False
SUP000149,GT005778,VIP,51,Accessibility,Phone,Accessibility,False,False,False,False,False,False
SUP000150,GT005480,Regular,55,Accessibility,Phone,Accessibility,False,False,False,True,False,False
SUP000151,GT009190,Occasional,45,Complaint,Email,Complaint,False,False,False,False,False,False
SUP000152,GT008765,Regular,57,Refund request,Phone,Refund request,False,False,False,False,False,False
SUP000153,GT007039,Regular,69,Accessibility,Email,Accessibility,False,True,False,False,False,False
SUP000154,GT005313,New,31,Complaint,Email,Complaint,False,True,False,False,True,False
SUP000155,GT006434,Regular,40,Refund request,Email,Refund request,False,False,False,False,False,False
SUP000156,GT001820,Regular,54,Complaint,Email,Complaint,False,True,False,False,True,False
SUP000157,GT002213,Regular,46,Enquiry,Email,Enquiry,False,False,False,False,False,False
SUP000158,GT009490,Occasional,29,Refund request,Email,Refund request,False,False,False,False,False,False
SUP000159,GT002447,Regular,49,Refund request,Email,Refund request,False,False,False,False,True,False
SUP000160,GT006370,Occasional,24,Refund request,Email,Refund request,False,False,False,False,True,False
SUP000161,GT009276,Occasional,64,Refund request,Email,Refund request,False,False,False,False,True,False
SUP000162,GT003852,Occasional,61,Accessibility,Email,Accessibility,False,False,False,False,False,False
SUP000163,GT005930,Occasional,25,Refund request,Phone,Refund request,False,False,False,False,False,False
SUP000164,GT001125,Regular,40,Refund request,Email,Refund request,False,False,False,False,False,False
SUP000165,GT001206,Occasional,39,Refund request,Email,Refund request,False,False,False,False,True,False
SUP000166,GT000754,Occasional,46,Complaint,Email,Complaint,False,False,False,False,False,False
SUP000167,GT008466,Regular,68,Enquiry,Email,Enquiry,False,False,False,False,False,False
SUP000168,GT001665,Regular,32,Refund request,Email,Refund request,False,False,False,False,True,False
SUP000169,GT002606,Occasional,48,Refund request,Email,Refund request,False,False,False,False,True,False
SUP000170,GT005939,VIP,78,Refund request,Phone,Refund request,False,False,False,False,False,False
SUP000171,GT001392,Regular,46,Enquiry,Phone,Enquiry,False,False,False,False,False,False
SUP000172,GT003870,Regular,22,Refund request,Email,Refund request,False,False,False,False,False,False
SUP000173,GT007169,Occasional,31,Refund request,Phone,Refund request,False,True,False,False,False,False
SUP000174,GT002511,Occasional,19,Enquiry,Phone,Enquiry,False,False,False,True,False,False
SUP000175,GT004038,Occasional,25,Complaint,Email,Complaint,False,False,False,False,False,False
SUP000176,GT006172,Regular,67,Accessibility,Phone,Accessibility,False,False,False,False,False,False
SUP000177,GT002409,VIP,35,Complaint,Phone,Complaint,False,False,False,False,False,False
SUP000178,GT000868,Occasional,54,Enquiry,Phone,Enquiry,False,False,False,False,False,False
SUP000179,GT003110,VIP,54,Accessibility,Email,Accessibility,True,False,True,False,False,False
SUP000180,GT008388,Regular,20,Refund request,Email,Refund request,False,False,False,False,False,False
SUP000181,GT008317,VIP,22,Enquiry,Phone,Enquiry,True,False,False,False,False,False
SUP000182,GT002335,Regular,29,Accessibility,Email,Accessibility,False,False,False,False,True,False
SUP000183,GT005294,Regular,74,Enquiry,Email,Enquiry,False,False,False,False,True,False
SUP000184,GT002055,Occasional,41,Enquiry,Phone,Enquiry,False,True,False,False,False,False
SUP000185,GT005483,Regular,41,Refund request,Phone,Refund request,False,False,False,False,False,False
SUP000186,GT002696,Regular,79,Refund request,Email,Refund request,False,False,False,False,True,False
SUP000187,GT005232,Occasional,51,Enquiry,Email,Enquiry,False,False,False,False,False,False
SUP000188,GT004215,Occasional,41,Enquiry,Email,Enquiry,False,False,False,False,False,False
SUP000189,GT002133,Regular,81,Enquiry,Phone,Enquiry,False,False,False,False,False,False
SUP000190,GT000340,VIP,25,Enquiry,Email,Enquiry,False,False,False,False,False,False
SUP000191,GT005113,Regular,25,Enquiry,Email,Enquiry,False,False,False,False,False,False
SUP000192,GT000240,Regular,54,Enquiry,Email,Enquiry,True,False,False,False,False,False
SUP000193,GT008719,VIP,60,Complaint,Phone,Complaint,False,False,False,False,False,False
SUP000194,GT004703,Occasional,30,Complaint,Email,Complaint,False,False,False,False,False,False
SUP000195,GT008016,Occasional,75,Accessibility,Email,Accessibility,False,False,False,False,False,False
SUP000196,GT005265,Regular,61,Complaint,Email,Complaint,False,False,False,False,False,False
SUP000197,GT002180,Regular,58,Complaint,Phone,Accessibility,False,True,False,False,False,True
SUP000198,GT007302,VIP,30,Enquiry,Phone,Enquiry,False,False,False,False,False,False
SUP000199,GT000186,Occasional,47,Complaint,Email,Complaint,False,False,False,False,True,False
SUP000200,GT008430,Occasional,56,Accessibility,Phone,Accessibility,False,False,False,False,False,False
SUP000201,GT003560,Regular,22,Refund request,Phone,Refund request,False,False,False,False,False,False
SUP000202,GT009987,Regular,52,Refund request,Phone,Refund request,False,False,False,False,False,False
SUP000203,GT001673,VIP,45,Enquiry,Email,Enquiry,False,False,False,False,False,False
SUP000204,GT008141,Regular,52,Refund request,Email,Refund request,False,False,False,False,False,False
SUP000205,GT007068,Occasional,76,Refund request,Email,Refund request,False,False,False,False,True,False
SUP000206,GT007486,Occasional,56,Accessibility,Email,Accessibility,False,False,False,False,False,False
SUP000207,GT004620,Occasional,54,Complaint,Email,Complaint,True,False,False,False,False,False
SUP000208,GT009042,Occasional,34,Enquiry,Email,Enquiry,False,False,False,False,True,False
SUP000209,GT009347,Regular,50,Refund request,Phone,Refund request,False,False,False,True,False,False
SUP000210,GT001548,Occasional,26,Complaint,Email,Complaint,False,False,False,False,False,False
SUP000211,GT005693,Regular,26,Enquiry,Email,Enquiry,False,False,False,False,True,False
SUP000212,GT005566,Occasional,76,Enquiry,Phone,Enquiry,False,False,False,True,False,False
SUP000213,GT007023,Regular,28,Complaint,Email,Complaint,False,False,False,False,True,False
SUP000214,GT005602,Occasional,34,Accessibility,Email,Accessibility,False,False,False,False,False,False
SUP000215,GT000917,Occasional,80,Complaint,Phone,Complaint,False,False,False,False,False,False
SUP000216,GT000734,VIP,34,Complaint,Email,Complaint,False,False,False,False,False,False
SUP000217,GT000364,Occasional,36,Refund request,Phone,Refund request,False,False,False,False,False,False
SUP000218,GT000772,Occasional,36,Accessibility,Email,Accessibility,False,False,False,False,False,False
SUP000219,GT003936,Regular,43,Enquiry,Phone,Enquiry,False,False,False,False,False,False
SUP000220,GT003419,Regular,22,Complaint,Email,Complaint,False,False,False,False,False,False
SUP000221,GT002157,Occasional,31,Complaint,Email,Complaint,False,False,False,False,False,False
SUP000222,GT001337,Regular,57,Enquiry,Email,Enquiry,False,False,False,False,False,False
SUP000223,GT003701,Occasional,20,Enquiry,Email,Enquiry,False,False,True,False,False,False
SUP000224,GT009587,VIP,76,Refund request,Email,Accessibility,False,False,False,False,False,True
SUP000225,GT002352,Regular,31,Refund request,Phone,Refund request,False,True,False,False,False,False
SUP000226,GT002714,Occasional,39,Accessibility,Email,Enquiry,False,False,False,False,False,True
SUP000227,GT005344,VIP,42,Enquiry,Email,Enquiry,False,True,False,False,False,False
SUP000228,GT002420,Regular,76,Refund request,Phone,Enquiry,False,False,False,True,False,True
SUP000229,GT001770,Occasional,51,Accessibility,Email,Accessibility,False,False,False,False,False,False
SUP000230,GT006344,Regular,25,Complaint,Email,Complaint,False,False,False,False,False,False
SUP000231,GT002455,Occasional,29,Enquiry,Email,Enquiry,False,False,False,False,True,False
SUP000232,GT008088,Occasional,64,Refund request,Email,Refund request,False,False,False,False,False,False
SUP000233,GT000223,Regular,30,Refund request,Email,Refund request,False,False,False,False,True,False
SUP000234,GT001358,VIP,47,Refund request,Email,Refund request,False,False,False,False,True,False
SUP000235,GT008480,Occasional,70,Accessibility,Phone,Accessibility,False,False,False,False,False,False
SUP000236,GT008204,Occasional,70,Refund request,Email,Refund request,False,False,False,False,False,False
SUP000237,GT007476,Regular,36,Refund request,Phone,Refund request,False,False,False,True,False,False
SUP000238,GT002094,Regular,22,Refund request,Email,Refund request,False,False,False,False,False,False
SUP000239,GT003001,Regular,67,Enquiry,Phone,Enquiry,False,False,False,False,False,False
SUP000240,GT008515,Occasional,71,Enquiry,Email,Complaint,False,False,False,False,False,True
SUP000241,GT004533,Regular,39,Refund request,Email,Refund request,False,False,False,False,False,False
SUP000242,GT001212,Occasional,69,Enquiry,Phone,Enquiry,False,False,False,True,False,False
SUP000243,GT000787,Occasional,54,Accessibility,Email,Accessibility,False,False,False,False,False,False
SUP000244,GT008651,VIP,44,Accessibility,Email,Accessibility,False,False,False,False,False,False
SUP000245,GT007216,Occasional,58,Refund request,Email,Refund request,False,False,False,False,False,False
SUP000246,GT009358,Occasional,64,Accessibility,Phone,Accessibility,False,False,True,False,False,False
SUP000247,GT009714,Regular,22,Accessibility,Email,Accessibility,False,False,True,False,False,False
SUP000248,GT002745,VIP,41,Refund request,Email,Refund request,False,False,False,False,True,False
SUP000249,GT007993,Regular,33,Refund request,Email,Refund request,False,False,True,False,False,False
SUP000250,GT007820,Regular,82,Refund request,Phone,Refund request,False,False,False,False,False,False
SUP000251,GT009373,Regular,73,Enquiry,Email,Enquiry,False,False,False,False,False,False
SUP000252,GT009629,Occasional,20,Enquiry,Phone,Enquiry,True,False,False,False,False,False
SUP000253,GT005148,Regular,53,Accessibility,Email,Accessibility,False,False,False,False,False,False
SUP000254,GT006241,Occasional,50,Complaint,Email,Complaint,False,False,False,False,False,False
SUP000255,GT003675,VIP,29,Complaint,Email,Complaint,False,False,False,False,False,False
SUP000256,GT002531,Occasional,62,Accessibility,Email,Accessibility,False,False,False,False,True,False
SUP000257,GT003647,Regular,41,Refund request,Phone,Refund request,False,False,False,False,False,False
SUP000258,GT008074,Occasional,78,Enquiry,Phone,Enquiry,False,False,False,False,False,False
SUP000259,GT009693,Occasional,45,Enquiry,Email,Enquiry,False,False,False,False,False,False
SUP000260,GT004962,Occasional,68,Complaint,Phone,Complaint,False,False,False,False,False,False
SUP000261,GT006746,Occasional,68,Complaint,Email,Complaint,False,True,False,False,False,False
SUP000262,GT004494,VIP,20,Refund request,Email,Refund request,False,False,False,False,False,False
SUP000263,GT005074,VIP,30,Complaint,Email,Complaint,False,False,False,False,True,False
SUP000264,GT005158,VIP,41,Complaint,Email,Complaint,False,False,False,False,False,False
SUP000265,GT009173,Regular,44,Refund request,Email,Refund request,False,False,False,False,True,False
SUP000266,GT003327,VIP,39,Refund request,Email,Refund request,False,False,False,False,True,False
SUP000267,GT000995,Regular,37,Refund request,Email,Refund request,False,False,False,False,False,False
SUP000268,GT002965,VIP,56,Refund request,Email,Refund request,False,False,False,False,False,False
SUP000269,GT001900,Regular,44,Enquiry,Email,Enquiry,False,False,False,False,True,False
SUP000270,GT009226,Occasional,72,Accessibility,Email,Accessibility,False,False,False,False,False,False
SUP000271,GT009151,Occasional,68,Accessibility,Phone,Accessibility,False,False,False,True,False,False
SUP000272,GT007873,Regular,32,Enquiry,Phone,Enquiry,False,False,False,False,False,False
SUP000273,GT003234,Occasional,31,Enquiry,Email,Enquiry,False,False,False,False,False,False
SUP000274,GT003004,Regular,48,Enquiry,Email,Enquiry,False,True,False,False,False,False
SUP000275,GT005967,Occasional,79,Refund request,Email,Complaint,False,False,False,False,False,True
SUP000276,GT005059,Occasional,35,Accessibility,Email,Accessibility,False,False,False,False,False,False
SUP000277,GT003667,Regular,56,Refund request,Phone,Refund request,False,False,True,True,False,False
SUP000278,GT000392,Occasional,19,Refund request,Email,Refund request,False,False,False,False,False,False
SUP000279,GT002954,Regular,31,Complaint,Email,Complaint,False,False,False,False,True,False
SUP000280,GT002259,Occasional,51,Refund request,Email,Refund request,False,False,False,False,False,False
SUP000281,GT001112,VIP,70,Accessibility,Phone,Accessibility,False,False,False,False,False,False
SUP000282,GT005255,Occasional,23,Complaint,Phone,Complaint,False,False,False,False,False,False
SUP000283,GT005043,Regular,24,Enquiry,Email,Enquiry,False,False,False,False,False,False
SUP000284,GT005826,Occasional,25,Refund request,Email,Refund request,False,False,False,False,False,False
SUP000285,GT001180,Occasional,21,Refund request,Email,Refund request,False,False,False,False,False,False
SUP000286,GT002014,Occasional,26,Complaint,Email,Complaint,False,False,False,False,True,False
SUP000287,GT007910,Occasional,59,Complaint,Phone,Complaint,False,False,False,False,False,False
SUP000288,GT003053,Occasional,63,Refund request,Email,Refund request,False,False,False,False,False,False
SUP000289,GT008465,VIP,73,Refund request,Email,Refund request,False,False,False,False,True,False
SUP000290,GT008856,VIP,26,Refund request,Phone,Refund request,False,False,True,True,False,False
SUP000291,GT002409,VIP,35,Refund request,Email,Refund request,False,False,False,False,False,False
SUP000292,GT006326,Regular,44,Refund request,Phone,Refund request,True,False,False,False,False,False
SUP000293,GT000316,VIP,21,Enquiry,Email,Enquiry,False,False,False,False,False,False
SUP000294,GT005207,Occasional,41,Complaint,Phone,Complaint,False,False,False,True,False,False
SUP000295,GT007599,Occasional,71,Refund request,Email,Refund request,False,False,False,False,True,False
SUP000296,GT007129,Occasional,28,Complaint,Email,Complaint,False,False,False,False,False,False
SUP000297,GT002366,New,25,Complaint,Email,Complaint,False,False,False,False,True,False
SUP000298,GT007784,Occasional,81,Enquiry,Email,Enquiry,False,False,False,False,True,False
SUP000299,GT005818,Occasional,81,Accessibility,Email,Accessibility,False,False,False,False,False,False
SUP000300,GT001784,Occasional,44,Refund request,Email,Refund request,False,False,False,False,False,False
SUP000301,GT006344,Regular,25,Refund request,Email,Refund request,False,False,False,False,False,False
SUP000302,GT000459,Occasional,51,Refund request,Email,Refund request,False,False,False,False,True,False
SUP000303,GT002839,VIP,23,Accessibility,Phone,Accessibility,False,False,True,True,False,False
SUP000304,GT007519,VIP,57,Complaint,Email,Complaint,False,False,False,False,False,False
SUP000305,GT009281,VIP,36,Enquiry,Phone,Enquiry,False,False,False,False,False,False
SUP000306,GT004544,Occasional,36,Enquiry,Email,Enquiry,True,False,False,False,False,False
SUP000307,GT007888,Occasional,35,Refund request,Phone,Refund request,False,False,False,True,False,False
SUP000308,GT002681,Occasional,29,Accessibility,Email,Accessibility,False,False,False,False,False,False
SUP000309,GT007478,Occasional,22,Enquiry,Email,Enquiry,False,False,False,False,False,False
SUP000310,GT000071,Regular,82,Refund request,Email,Refund request,False,False,False,False,True,False
SUP000311,GT004160,Regular,59,Complaint,Phone,Complaint,False,False,False,False,False,False
SUP000312,GT002953,Occasional,52,Refund request,Phone,Refund request,False,False,False,False,False,False
SUP000313,GT000309,Occasional,44,Complaint,Email,Complaint,False,False,False,False,False,False
SUP000314,GT009519,Regular,26,Enquiry,Email,Enquiry,False,False,False,False,False,False
SUP000315,GT000261,VIP,60,Refund request,Phone,Refund request,False,False,False,False,False,False
SUP000316,GT008309,Occasional,75,Complaint,Email,Complaint,False,False,False,False,False,False
SUP000317,GT008512,Occasional,33,Enquiry,Phone,Enquiry,False,False,False,True,False,False
SUP000318,GT005687,Occasional,48,Accessibility,Email,Accessibility,False,False,False,False,False,False
SUP000319,GT006636,VIP,79,Accessibility,Phone,Accessibility,False,False,False,False,False,False
SUP000320,GT005276,VIP,41,Complaint,Phone,Complaint,False,False,False,False,False,False
SUP000321,GT007300,Occasional,47,Refund request,Email,Refund request,False,False,False,False,False,False
SUP000322,GT009991,Occasional,77,Enquiry,Email,Enquiry,False,False,False,False,True,False
SUP000323,GT008241,Regular,64,Enquiry,Email,Enquiry,False,False,False,False,False,False
SUP000324,GT004874,Occasional,62,Enquiry,Email,Enquiry,False,False,False,False,False,False
SUP000325,GT003822,Regular,57,Complaint,Email,Complaint,False,False,False,False,False,False
SUP000326,GT008013,VIP,73,Accessibility,Email,Accessibility,False,False,True,False,False,False
SUP000327,GT000907,Regular,67,Refund request,Email,Refund request,False,False,False,False,False,False
SUP000328,GT007362,Occasional,27,Complaint,Phone,Complaint,False,False,False,True,False,False
SUP000329,GT004320,Regular,81,Accessibility,Email,Accessibility,False,False,False,False,True,False
SUP000330,GT008474,Regular,69,Refund request,Phone,Refund request,False,False,False,False,False,False
SUP000331,GT004519,VIP,79,Accessibility,Email,Accessibility,False,True,False,False,True,False
SUP000332,GT008292,Occasional,39,Complaint,Email,Complaint,False,False,True,False,False,False
SUP000333,GT004103,Occasional,43,Refund request,Email,Refund request,False,True,False,False,True,False
SUP000334,GT002279,Occasional,42,Enquiry,Email,Enquiry,False,False,False,False,True,False
SUP000335,GT005212,Occasional,20,Refund request,Email,Refund request,False,True,False,False,True,False
SUP000336,GT005823,Occasional,35,Accessibility,Phone,Accessibility,False,False,False,False,False,False
SUP000337,GT004910,Regular,29,Refund request,Phone,Refund request,False,False,False,False,False,False
SUP000338,GT002219,Occasional,23,Refund request,Email,Refund request,False,False,False,False,True,False
SUP000339,GT008320,Regular,29,Enquiry,Email,Enquiry,False,False,False,False,False,False
SUP000340,GT004439,Occasional,54,Complaint,Email,Complaint,False,False,False,False,False,False
SUP000341,GT003531,Regular,27,Enquiry,Email,Enquiry,False,False,False,False,False,False
SUP000342,GT003976,Occasional,56,Refund request,Email,Complaint,False,False,False,False,True,True
SUP000343,GT008667,Regular,34,Enquiry,Email,Enquiry,False,False,False,False,True,False
SUP000344,GT003804,Regular,29,Complaint,Phone,Complaint,False,False,False,True,False,False
SUP000345,GT005840,VIP,63,Accessibility,Email,Accessibility,False,True,False,False,True,False
SUP000346,GT006483,Regular,58,Refund request,Email,Refund request,False,False,False,False,False,False
SUP000347,GT007589,Occasional,59,Refund request,Email,Refund request,False,False,False,False,False,False
SUP000348,GT002961,Occasional,43,Refund request,Email,Refund request,False,False,False,False,False,False
SUP000349,GT000141,VIP,83,Accessibility,Email,Accessibility,False,False,False,False,False,False
SUP000350,GT002229,Occasional,65,Complaint,Email,Complaint,False,False,False,False,False,False
SUP000351,GT005939,VIP,78,Accessibility,Email,Accessibility,False,False,False,False,False,False
SUP000352,GT003972,Regular,38,Refund request,Phone,Refund request,False,False,False,True,False,False
SUP000353,GT002208,Regular,59,Refund request,Email,Refund request,False,False,False,False,False,False
SUP000354,GT005408,Occasional,19,Enquiry,Phone,Enquiry,False,False,False,False,False,False
SUP000355,GT005153,Occasional,68,Refund request,Email,Refund request,False,False,False,False,False,False
SUP000356,GT001926,Regular,41,Complaint,Email,Complaint,False,False,False,False,False,False
SUP000357,GT004264,Occasional,54,Complaint,Phone,Complaint,False,False,False,False,False,False
SUP000358,GT009173,Regular,44,Enquiry,Email,Enquiry,False,False,True,False,False,False
SUP000359,GT008749,Occasional,49,Accessibility,Phone,Accessibility,False,False,False,True,False,False
SUP000360,GT003777,Occasional,70,Refund request,Email,Refund request,False,False,False,False,True,False
SUP000361,GT000051,Occasional,66,Refund request,Email,Refund request,False,False,False,False,True,False
SUP000362,GT008057,Occasional,66,Refund request,Phone,Refund request,False,False,True,True,False,False
SUP000363,GT007285,VIP,54,Refund request,Email,Refund request,False,False,False,False,False,False
SUP000364,GT003864,Occasional,43,Refund request,Phone,Refund request,False,False,False,True,False,False
SUP000365,GT006973,Occasional,72,Accessibility,Email,Accessibility,False,False,False,False,True,False
SUP000366,GT005203,Regular,52,Complaint,Email,Complaint,False,False,False,False,False,False
SUP000367,GT006088,Occasional,20,Refund request,Phone,Refund request,False,False,False,False,False,False
SUP000368,GT008391,VIP,75,Refund request,Email,Refund request,False,False,False,False,False,False
SUP000369,GT003520,Occasional,56,Accessibility,Email,Accessibility,False,False,False,False,False,False
SUP000370,GT005337,Occasional,25,Enquiry,Email,Enquiry,False,True,False,False,False,False
SUP000371,GT000691,Regular,53,Complaint,Email,Complaint,False,False,False,False,True,False
SUP000372,GT008168,Regular,76,Enquiry,Email,Enquiry,True,False,False,False,False,False
SUP000373,GT002149,Occasional,27,Accessibility,Phone,Accessibility,False,False,False,False,False,False
SUP000374,GT005966,VIP,72,Complaint,Email,Complaint,False,False,False,False,False,False
SUP000375,GT005764,VIP,34,Enquiry,Email,Enquiry,False,False,False,False,True,False
SUP000376,GT007814,Occasional,57,Refund request,Email,Refund request,False,False,False,False,True,False
SUP000377,GT003167,Occasional,33,Complaint,Phone,Complaint,False,False,False,True,False,False
SUP000378,GT003977,Occasional,28,Complaint,Email,Complaint,False,False,False,False,False,False
SUP000379,GT006529,Regular,63,Refund request,Email,Refund request,False,False,False,False,True,False
SUP000380,GT009371,Regular,32,Refund request,Email,Refund request,False,False,False,False,False,False
SUP000381,GT000506,Occasional,37,Accessibility,Email,Accessibility,False,False,False,False,False,False
SUP000382,GT003407,Regular,20,Enquiry,Email,Enquiry,False,False,False,False,False,False
SUP000383,GT005569,Regular,74,Complaint,Phone,Complaint,False,False,False,False,False,False
SUP000384,GT008084,Occasional,72,Enquiry,Email,Enquiry,False,True,False,False,False,False
SUP000385,GT001415,Regular,38,Accessibility,Email,Accessibility,False,False,False,False,False,False
SUP000386,GT004535,Regular,56,Refund request,Phone,Refund request,False,False,False,True,False,False
SUP000387,GT001581,VIP,64,Enquiry,Email,Enquiry,False,False,False,False,True,False
SUP000388,GT001228,Occasional,80,Refund request,Email,Refund request,False,False,False,False,True,False
SUP000389,GT000655,Regular,42,Complaint,Email,Complaint,False,False,False,False,False,False
SUP000390,GT007276,Regular,22,Refund request,Phone,Refund request,False,False,False,False,False,False
SUP000391,GT004152,Occasional,24,Enquiry,Phone,Enquiry,False,False,False,True,False,False
SUP000392,GT008969,Occasional,73,Refund request,Email,Refund request,False,False,False,False,True,False
SUP000393,GT003599,Occasional,58,Complaint,Email,Accessibility,False,False,True,False,False,True
SUP000394,GT001221,Regular,76,Complaint,Phone,Complaint,False,False,False,False,False,False
SUP000395,GT000482,Regular,55,Complaint,Email,Complaint,False,False,False,False,True,False
SUP000396,GT000106,Occasional,38,Refund request,Email,Refund request,False,False,False,False,False,False
SUP000397,GT000658,Occasional,41,Enquiry,Phone,Enquiry,False,False,False,False,False,False
SUP000398,GT000769,Regular,72,Accessibility,Phone,Accessibility,False,False,False,False,False,False
SUP000399,GT009577,Occasional,25,Refund request,Email,Refund request,False,False,False,False,False,False
SUP000400,GT000604,Regular,29,Refund request,Email,Refund request,False,False,False,False,False,False
SUP000401,GT009174,Occasional,46,Refund request,Email,Refund request,False,False,False,False,False,False
SUP000402,GT009714,Regular,22,Complaint,Phone,Complaint,False,False,False,False,False,False
SUP000403,GT009601,Regular,53,Refund request,Email,Refund request,False,False,False,False,True,False
SUP000404,GT008304,VIP,34,Accessibility,Phone,Complaint,False,False,False,False,False,True
SUP000405,GT001720,Occasional,64,Refund request,Email,Refund request,False,True,False,False,False,False
SUP000406,GT002436,Regular,74,Accessibility,Email,Accessibility,False,False,False,False,False,False
SUP000407,GT009522,Occasional,27,Complaint,Phone,Complaint,False,False,False,False,False,False
SUP000408,GT007131,Occasional,49,Accessibility,Email,Accessibility,False,False,False,False,False,False
SUP000409,GT000941,Regular,61,Refund request,Phone,Refund request,False,False,False,False,False,False
SUP000410,GT007545,Occasional,71,Refund request,Email,Refund request,False,False,False,False,True,False
SUP000411,GT004790,Regular,21,Accessibility,Email,Accessibility,False,False,False,False,True,False
SUP000412,GT000065,Occasional,64,Refund request,Email,Refund request,False,False,False,False,False,False
SUP000413,GT008877,Occasional,63,Accessibility,Email,Enquiry,False,False,False,False,False,True
SUP000414,GT000412,Occasional,57,Enquiry,Email,Enquiry,False,True,False,False,False,False
SUP000415,GT003867,Regular,20,Refund request,Email,Refund request,False,False,False,False,False,False
SUP000416,GT009491,VIP,79,Complaint,Phone,Complaint,False,False,False,False,False,False
SUP000417,GT006358,Regular,68,Refund request,Email,Refund request,False,False,False,False,False,False
SUP000418,GT001756,Regular,32,Refund request,Email,Refund request,False,False,False,False,True,False
SUP000419,GT006362,Regular,66,Complaint,Email,Complaint,False,True,False,False,True,False
SUP000420,GT000911,Regular,21,Complaint,Email,Complaint,False,False,False,False,False,False
SUP000421,GT005306,Regular,78,Accessibility,Email,Accessibility,False,False,False,False,False,False
SUP000422,GT000251,VIP,58,Complaint,Email,Complaint,False,False,False,False,True,False
SUP000423,GT002818,VIP,28,Enquiry,Phone,Enquiry,False,False,False,False,False,False
SUP000424,GT007355,Regular,85,Complaint,Email,Complaint,False,False,False,False,False,False
SUP000425,GT004801,Occasional,65,Accessibility,Email,Accessibility,False,False,False,False,True,False
SUP000426,GT008088,Occasional,64,Refund request,Phone,Refund request,False,False,False,True,False,False
SUP000427,GT008480,Occasional,70,Refund request,Email,Refund request,False,False,False,False,True,False
SUP000428,GT002702,VIP,55,Complaint,Email,Complaint,False,False,False,False,False,False
SUP000429,GT003351,Occasional,75,Refund request,Email,Refund request,False,False,False,False,True,False
SUP000430,GT003347,VIP,75,Refund request,Email,Refund request,False,False,False,False,False,False
SUP000431,GT007727,Occasional,73,Enquiry,Email,Enquiry,False,False,False,False,True,False
SUP000432,GT002314,VIP,51,Refund request,Email,Refund request,False,False,False,False,False,False
SUP000433,GT007512,Regular,59,Enquiry,Email,Refund request,False,False,False,False,False,True
SUP000434,GT003296,Regular,61,Refund request,Email,Refund request,False,False,True,False,False,False
SUP000435,GT002509,Regular,56,Enquiry,Email,Enquiry,False,False,False,False,True,False
SUP000436,GT007247,Regular,42,Enquiry,Email,Enquiry,False,False,False,False,False,False
SUP000437,GT009076,Occasional,24,Refund request,Email,Refund request,False,False,False,False,False,False
SUP000438,GT008800,Occasional,63,Refund request,Email,Refund request,False,False,False,False,False,False
SUP000439,GT003510,Occasional,28,Complaint,Phone,Complaint,False,True,True,False,False,False
SUP000440,GT008473,VIP,22,Refund request,Email,Refund request,False,False,False,False,False,False
SUP000441,GT007548,Regular,31,Enquiry,Email,Enquiry,False,False,False,False,False,False
SUP000442,GT002601,Occasional,47,Enquiry,Email,Enquiry,False,False,False,False,False,False
SUP000443,GT005964,Occasional,36,Refund request,Email,Refund request,False,False,False,False,False,False
SUP000444,GT002080,Occasional,81,Refund request,Email,Refund request,False,False,False,False,False,False
SUP000445,GT001406,Occasional,33,Refund request,Email,Refund request,False,False,False,False,False,False
SUP000446,GT005936,Occasional,41,Complaint,Email,Complaint,False,False,False,False,False,False
SUP000447,GT007931,Regular,61,Refund request,Email,Refund request,False,False,False,False,True,False
SUP000448,GT000228,Occasional,22,Refund request,Phone,Refund request,False,False,False,False,False,False
SUP000449,GT003187,Regular,67,Refund request,Email,Refund request,False,False,False,False,False,False
SUP000450,GT007033,Regular,33,Enquiry,Email,Enquiry,False,False,False,False,False,False
SUP000451,GT001966,Regular,51,Refund request,Email,Refund request,False,False,False,False,False,False
SUP000452,GT008474,Regular,69,Accessibility,Email,Accessibility,False,False,False,False,False,False
SUP000453,GT000030,VIP,33,Refund request,Phone,Refund request,False,False,False,False,False,False
SUP000454,GT001288,Regular,34,Complaint,Email,Complaint,False,False,False,False,True,False
SUP000455,GT004934,Regular,62,Enquiry,Email,Enquiry,False,False,False,False,True,False
SUP000456,GT006289,Regular,65,Refund request,Phone,Complaint,False,False,False,False,False,True
SUP000457,GT003262,Regular,50,Accessibility,Email,Accessibility,False,False,False,False,False,False
SUP000458,GT004323,Occasional,32,Complaint,Email,Complaint,False,False,False,False,False,False
SUP000459,GT007561,VIP,52,Accessibility,Phone,Accessibility,False,False,False,False,False,False
SUP000460,GT002222,Regular,78,Accessibility,Email,Accessibility,False,False,False,False,False,False
SUP000461,GT005734,Occasional,38,Refund request,Email,Refund request,False,False,False,False,False,False
SUP000462,GT000224,Occasional,23,Complaint,Email,Complaint,False,False,False,False,False,False
SUP000463,GT005831,Occasional,26,Complaint,Phone,Complaint,False,False,False,False,False,False
SUP000464,GT007954,Regular,45,Accessibility,Phone,Accessibility,False,False,False,False,False,False
SUP000465,GT008379,Regular,58,Refund request,Email,Refund request,False,False,False,False,False,False
SUP000466,GT004535,Regular,56,Accessibility,Email,Accessibility,False,False,False,False,True,False
SUP000467,GT008478,Regular,49,Enquiry,Phone,Enquiry,False,False,False,True,False,False
SUP000468,GT002911,Occasional,35,Refund request,Email,Refund request,False,False,False,False,True,False
SUP000469,GT003932,Regular,49,Complaint,Email,Complaint,False,False,False,False,False,False
SUP000470,GT005237,Occasional,83,Refund request,Phone,Refund request,False,False,False,False,False,False
SUP000471,GT000122,Occasional,53,Enquiry,Phone,Enquiry,False,False,False,False,False,False
SUP000472,GT000710,Occasional,56,Refund request,Email,Refund request,False,False,False,False,False,False
SUP000473,GT009806,VIP,27,Complaint,Email,Complaint,False,True,False,False,True,False
SUP000474,GT005160,VIP,54,Accessibility,Email,Accessibility,False,False,False,False,False,False
SUP000475,GT006798,Occasional,60,Accessibility,Phone,Accessibility,False,False,False,False,False,False
SUP000476,GT006069,Occasional,53,Enquiry,Phone,Enquiry,False,False,False,False,False,False
SUP000477,GT005272,Occasional,41,Complaint,Phone,Complaint,False,False,False,False,False,False
SUP000478,GT004488,Regular,41,Complaint,Phone,Complaint,False,False,False,False,False,False
SUP000479,GT000522,Occasional,49,Enquiry,Phone,Enquiry,False,True,False,False,False,False
SUP000480,GT007871,Regular,20,Complaint,Email,Complaint,False,False,False,False,True,False
SUP000481,GT000584,Occasional,22,Refund request,Phone,Refund request,False,False,False,True,False,False
SUP000482,GT006592,Occasional,49,Enquiry,Email,Enquiry,False,False,False,False,False,False
SUP000483,GT006456,Occasional,35,Refund request,Phone,Refund request,False,False,False,False,False,False
SUP000484,GT004815,Regular,59,Refund request,Phone,Refund request,False,False,False,True,False,False
SUP000485,GT002395,Occasional,32,Refund request,Phone,Refund request,False,False,False,False,False,False
SUP000486,GT000060,Regular,40,Refund request,Email,Refund request,False,False,False,False,False,False
SUP000487,GT007898,VIP,49,Refund request,Email,Refund request,False,False,False,False,False,False
SUP000488,GT008904,Regular,40,Complaint,Email,Complaint,False,False,False,False,True,False
SUP000489,GT001479,VIP,34,Refund request,Email,Refund request,False,False,False,False,False,False
SUP000490,GT009002,Occasional,32,Refund request,Phone,Refund request,False,False,False,True,False,False
SUP000491,GT002680,Regular,27,Enquiry,Email,Enquiry,False,False,True,False,False,False
SUP000492,GT000995,Regular,37,Complaint,Email,Complaint,False,False,False,False,False,False
SUP000493,GT006400,Occasional,45,Refund request,Email,Refund request,False,False,False,False,False,False
SUP000494,GT001605,Regular,38,Complaint,Email,Complaint,False,False,False,False,False,False
SUP000495,GT003890,Regular,31,Refund request,Email,Refund request,False,False,False,False,False,False
SUP000496,GT001891,New,29,Refund request,Email,Refund request,False,False,False,False,True,False
SUP000497,GT006681,VIP,38,Enquiry,Email,Enquiry,False,False,False,False,True,False
SUP000498,GT009270,Occasional,54,Complaint,Email,Complaint,False,False,False,False,False,False
SUP000499,GT008572,Occasional,84,Enquiry,Email,Enquiry,False,False,False,False,True,False
SUP000500,GT005203,Regular,52,Enquiry,Phone,Enquiry,False,False,False,True,False,False
SUP000501,GT008859,Regular,38,Refund request,Email,Refund request,False,False,False,False,False,False
SUP000502,GT000724,Regular,33,Enquiry,Phone,Enquiry,False,False,False,False,False,False
SUP000503,GT005357,Occasional,47,Enquiry,Email,Enquiry,False,False,False,False,False,False
SUP000504,GT000961,Occasional,63,Accessibility,Phone,Accessibility,False,False,False,True,False,False
SUP000505,GT004607,VIP,47,Refund request,Email,Refund request,False,False,False,False,False,False
SUP000506,GT008882,VIP,43,Enquiry,Phone,Refund request,False,False,False,False,False,True
SUP000507,GT004703,Occasional,30,Enquiry,Email,Enquiry,False,True,False,False,False,False
SUP000508,GT003186,Regular,42,Complaint,Email,Complaint,False,False,False,False,True,False
SUP000509,GT004378,VIP,29,Enquiry,Phone,Enquiry,False,False,False,True,False,False
SUP000510,GT001887,Occasional,66,Enquiry,Email,Enquiry,False,False,False,False,False,False
SUP000511,GT005406,Occasional,42,Refund request,Phone,Refund request,False,False,False,True,False,False
SUP000512,GT004511,Regular,35,Complaint,Email,Complaint,False,False,False,False,True,False
SUP000513,GT007816,VIP,40,Enquiry,Phone,Enquiry,False,False,False,False,False,False
SUP000514,GT001507,Regular,24,Refund request,Email,Refund request,False,False,False,False,False,False
SUP000515,GT006438,Occasional,25,Refund request,Phone,Refund request,False,False,False,False,False,False
SUP000516,GT000917,Occasional,80,Enquiry,Email,Enquiry,False,False,False,False,True,False
SUP000517,GT001665,Regular,32,Enquiry,Email,Enquiry,False,False,False,False,True,False
SUP000518,GT000427,Regular,58,Refund request,Email,Refund request,False,False,False,False,True,False
SUP000519,GT004780,VIP,50,Enquiry,Phone,Enquiry,False,False,False,True,False,False
SUP000520,GT000880,New,80,Accessibility,Phone,Accessibility,False,False,True,False,False,False
SUP000521,GT007254,VIP,34,Refund request,Phone,Refund request,True,False,False,False,False,False
SUP000522,GT006859,Occasional,24,Refund request,Email,Enquiry,False,False,False,False,True,True
SUP000523,GT002171,Regular,25,Refund request,Email,Refund request,False,False,False,False,True,False
SUP000524,GT004432,Regular,49,Accessibility,Email,Accessibility,False,True,False,False,False,False
SUP000525,GT003043,Occasional,79,Accessibility,Phone,Accessibility,False,False,False,True,False,False
SUP000526,GT008627,Occasional,61,Accessibility,Email,Enquiry,False,False,False,False,True,True
SUP000527,GT006579,VIP,22,Refund request,Email,Refund request,False,False,True,False,False,False
SUP000528,GT004693,VIP,38,Enquiry,Email,Enquiry,False,False,False,False,False,False
SUP000529,GT003420,Regular,34,Refund request,Email,Refund request,False,False,False,False,False,False
SUP000530,GT003296,Regular,61,Complaint,Phone,Complaint,False,False,False,False,False,False
SUP000531,GT000471,Regular,67,Accessibility,Phone,Accessibility,False,False,False,True,False,False
SUP000532,GT007489,VIP,53,Complaint,Phone,Complaint,False,False,False,False,False,False
SUP000533,GT005036,VIP,60,Enquiry,Phone,Enquiry,False,False,False,True,False,False
SUP000534,GT000068,Regular,26,Refund request,Email,Refund request,False,True,False,False,False,False
SUP000535,GT000279,Occasional,46,Complaint,Email,Complaint,True,False,False,False,False,False
SUP000536,GT000168,Regular,32,Refund request,Email,Refund request,False,False,False,False,True,False
SUP000537,GT007319,Regular,51,Enquiry,Email,Enquiry,False,False,False,False,True,False
SUP000538,GT001157,Regular,44,Refund request,Email,Refund request,False,False,False,False,False,False
SUP000539,GT002786,Occasional,60,Accessibility,Email,Accessibility,False,False,False,False,True,False
SUP000540,GT001860,Regular,34,Enquiry,Email,Enquiry,False,False,False,False,False,False
SUP000541,GT000061,Occasional,25,Refund request,Email,Refund request,False,False,False,False,True,False
SUP000542,GT002958,Occasional,85,Accessibility,Email,Accessibility,False,False,False,False,False,False
SUP000543,GT003528,Occasional,52,Refund request,Email,Refund request,False,False,False,False,False,False
SUP000544,GT008215,Occasional,30,Complaint,Email,Complaint,False,False,False,False,True,False
SUP000545,GT002230,Regular,76,Enquiry,Phone,Enquiry,False,False,False,False,False,False
SUP000546,GT005380,Regular,69,Complaint,Email,Complaint,False,False,False,False,True,False
SUP000547,GT002218,Regular,56,Complaint,Phone,Complaint,False,False,False,True,False,False
SUP000548,GT007289,Occasional,48,Refund request,Email,Refund request,False,False,False,False,True,False
SUP000549,GT000348,Regular,60,Enquiry,Email,Enquiry,False,False,True,False,False,False
SUP000550,GT005818,Occasional,81,Enquiry,Email,Enquiry,False,False,True,False,False,False
SUP000551,GT003004,Regular,48,Refund request,Email,Refund request,False,False,False,False,False,False
SUP000552,GT006172,Regular,67,Complaint,Email,Complaint,False,False,False,False,False,False
SUP000553,GT008817,Regular,58,Complaint,Email,Complaint,False,False,False,False,False,False
SUP000554,GT001664,Occasional,73,Enquiry,Email,Enquiry,False,False,False,False,True,False
SUP000555,GT000838,Occasional,58,Complaint,Email,Complaint,False,False,False,False,False,False
SUP000556,GT001054,Occasional,54,Accessibility,Email,Accessibility,False,False,False,False,True,False
SUP000557,GT000082,Occasional,64,Accessibility,Email,Accessibility,True,False,False,False,True,False
SUP000558,GT001822,Regular,44,Complaint,Phone,Complaint,False,False,False,False,False,False
SUP000559,GT000962,Occasional,48,Enquiry,Phone,Complaint,False,False,False,False,False,True
SUP000560,GT006094,Occasional,81,Refund request,Email,Refund request,False,False,False,False,True,False
SUP000561,GT004809,Occasional,40,Refund request,Email,Refund request,False,False,False,False,False,False
SUP000562,GT005483,Regular,41,Complaint,Email,Complaint,False,False,False,False,False,False
SUP000563,GT004612,Regular,35,Complaint,Phone,Complaint,False,False,False,False,False,False
SUP000564,GT009123,Regular,19,Complaint,Email,Complaint,False,False,False,False,False,False
SUP000565,GT009164,VIP,53,Accessibility,Phone,Accessibility,False,False,False,False,False,False
SUP000566,GT003283,Regular,24,Refund request,Email,Complaint,False,False,False,False,False,True
SUP000567,GT008621,VIP,62,Complaint,Email,Complaint,False,False,False,False,False,False
SUP000568,GT008569,Occasional,67,Refund request,Email,Complaint,False,False,False,False,False,True
SUP000569,GT005564,Occasional,38,Complaint,Email,Complaint,False,True,False,False,False,False
SUP000570,GT006273,Regular,70,Refund request,Email,Complaint,False,False,False,False,True,True
SUP000571,GT008473,VIP,22,Refund request,Phone,Refund request,False,False,False,False,False,False
SUP000572,GT006747,VIP,33,Accessibility,Email,Accessibility,False,False,False,False,False,False
SUP000573,GT004514,New,45,Enquiry,Email,Enquiry,False,False,False,False,True,False
SUP000574,GT006703,Occasional,28,Refund request,Phone,Refund request,False,False,False,True,False,False
SUP000575,GT004996,Regular,60,Accessibility,Email,Accessibility,False,False,False,False,False,False
SUP000576,GT006012,VIP,45,Refund request,Phone,Refund request,False,False,False,False,False,False
SUP000577,GT009760,Occasional,29,Refund request,Phone,Refund request,False,False,True,False,False,False
SUP000578,GT003307,Regular,25,Refund request,Email,Refund request,False,True,False,False,True,False
SUP000579,GT001350,VIP,79,Refund request,Email,Refund request,False,False,False,False,False,False
SUP000580,GT002544,Regular,55,Refund request,Email,Refund request,False,False,False,False,False,False
SUP000581,GT004969,Occasional,55,Refund request,Email,Refund request,False,False,False,False,False,False
SUP000582,GT005883,Regular,81,Accessibility,Phone,Accessibility,False,False,False,False,False,False
SUP000583,GT002348,Regular,46,Complaint,Email,Complaint,False,True,False,False,False,False
SUP000584,GT004103,Occasional,43,Refund request,Email,Refund request,False,True,False,False,False,False
SUP000585,GT009731,Regular,35,Complaint,Email,Complaint,False,False,False,False,False,False
SUP000586,GT000346,VIP,49,Refund request,Phone,Refund request,False,False,False,False,False,False
SUP000587,GT008630,Occasional,39,Refund request,Email,Refund request,False,False,False,False,True,False
SUP000588,GT005840,VIP,63,Accessibility,Email,Accessibility,False,False,False,False,False,False
SUP000589,GT008651,VIP,44,Enquiry,Email,Enquiry,False,False,False,False,False,False
SUP000590,GT004404,Occasional,22,Accessibility,Email,Accessibility,False,False,True,False,False,False
SUP000591,GT004388,Occasional,66,Refund request,Phone,Refund request,False,False,False,False,False,False
SUP000592,GT006734,Occasional,33,Complaint,Email,Complaint,False,False,False,False,False,False
SUP000593,GT005268,Regular,75,Refund request,Email,Refund request,False,False,False,False,False,False
SUP000594,GT001541,Regular,29,Refund request,Phone,Refund request,False,False,False,True,False,False
SUP000595,GT009968,Occasional,70,Enquiry,Email,Enquiry,False,True,False,False,False,False
SUP000596,GT006469,Regular,38,Complaint,Phone,Refund request,False,False,False,True,False,True
SUP000597,GT004078,Occasional,35,Enquiry,Email,Enquiry,False,False,False,False,False,False
SUP000598,GT004279,Regular,76,Complaint,Phone,Complaint,False,False,False,False,False,False
SUP000599,GT003175,Regular,66,Refund request,Phone,Refund request,False,False,False,False,False,False
SUP000600,GT003520,Occasional,56,Complaint,Email,Complaint,False,False,False,False,False,False
SUP000601,GT007611,Regular,23,Accessibility,Email,Accessibility,False,False,False,False,True,False
SUP000602,GT006416,Occasional,60,Accessibility,Phone,Accessibility,False,False,False,False,False,False
SUP000603,GT002509,Regular,56,Refund request,Email,Refund request,False,False,False,False,False,False
SUP000604,GT002538,Occasional,25,Accessibility,Phone,Accessibility,False,False,False,False,False,False
SUP000605,GT001913,Regular,48,Enquiry,Email,Enquiry,False,True,False,False,False,False
SUP000606,GT001161,VIP,40,Enquiry,Email,Enquiry,False,False,False,False,False,False
SUP000607,GT008080,Occasional,42,Refund request,Email,Refund request,False,False,False,False,False,False
SUP000608,GT006600,Occasional,32,Refund request,Phone,Refund request,False,False,False,True,False,False
SUP000609,GT009431,Regular,41,Complaint,Email,Complaint,False,False,True,False,False,False
SUP000610,GT008904,Regular,40,Refund request,Email,Refund request,False,False,True,False,False,False
SUP000611,GT000911,Regular,21,Enquiry,Email,Enquiry,False,False,True,False,False,False
SUP000612,GT006250,Regular,51,Refund request,Phone,Refund request,False,False,False,False,False,False
SUP000613,GT005354,VIP,66,Complaint,Phone,Complaint,False,False,False,True,False,False
SUP000614,GT006752,VIP,78,Complaint,Email,Complaint,False,False,False,False,True,False
SUP000615,GT007765,Occasional,81,Enquiry,Email,Enquiry,False,False,False,False,False,False
SUP000616,GT003727,Regular,39,Refund request,Email,Refund request,False,False,False,False,False,False
SUP000617,GT004416,Occasional,50,Accessibility,Email,Accessibility,False,False,False,False,True,False
SUP000618,GT001719,Occasional,45,Enquiry,Phone,Enquiry,False,False,False,False,False,False
SUP000619,GT005448,VIP,81,Refund request,Email,Refund request,False,False,False,False,True,False
SUP000620,GT003209,VIP,57,Complaint,Email,Complaint,False,False,False,False,False,False
SUP000621,GT002877,Occasional,50,Refund request,Phone,Refund request,False,False,False,False,False,False
SUP000622,GT000584,Occasional,22,Accessibility,Phone,Accessibility,False,False,False,False,False,False
SUP000623,GT007745,Occasional,24,Complaint,Phone,Complaint,False,False,False,False,False,False
SUP000624,GT008589,Regular,30,Accessibility,Email,Accessibility,False,False,False,False,False,False
SUP000625,GT001329,Occasional,68,Refund request,Email,Refund request,False,False,False,False,False,False
SUP000626,GT004499,VIP,48,Refund request,Phone,Refund request,False,False,False,True,False,False
SUP000627,GT009998,Occasional,60,Accessibility,Email,Accessibility,False,False,False,False,False,False
SUP000628,GT001737,VIP,36,Enquiry,Phone,Enquiry,False,False,False,True,False,False
SUP000629,GT001810,Regular,74,Enquiry,Phone,Enquiry,False,False,False,False,False,False
SUP000630,GT007116,Occasional,55,Accessibility,Phone,Accessibility,False,False,False,False,False,False
SUP000631,GT009860,Regular,35,Enquiry,Email,Enquiry,False,False,False,False,False,False
SUP000632,GT009333,VIP,52,Enquiry,Phone,Enquiry,False,False,False,False,False,False
SUP000633,GT005456,Occasional,48,Complaint,Email,Complaint,False,False,True,False,False,False
SUP000634,GT004655,Occasional,33,Enquiry,Phone,Enquiry,False,False,False,False,False,False
SUP000635,GT000292,Regular,27,Enquiry,Email,Enquiry,False,False,False,False,False,False
SUP000636,GT001517,Occasional,30,Enquiry,Email,Enquiry,False,False,False,False,True,False
SUP000637,GT002242,Occasional,31,Complaint,Email,Complaint,False,False,False,False,False,False
SUP000638,GT009530,Occasional,67,Complaint,Email,Complaint,False,False,True,False,False,False
SUP000639,GT001140,VIP,42,Enquiry,Email,Enquiry,False,False,False,False,True,False
SUP000640,GT009547,VIP,27,Enquiry,Email,Enquiry,False,False,False,False,False,False
SUP000641,GT007762,Regular,61,Enquiry,Email,Enquiry,False,False,False,False,False,False
SUP000642,GT009310,Regular,50,Enquiry,Email,Enquiry,False,False,False,False,False,False
SUP000643,GT003672,Occasional,38,Refund request,Email,Refund request,False,False,False,False,False,False
SUP000644,GT001594,New,47,Accessibility,Email,Accessibility,False,False,False,False,True,False
SUP000645,GT005159,Regular,25,Enquiry,Email,Enquiry,False,False,False,False,False,False
SUP000646,GT000551,VIP,71,Refund request,Email,Refund request,False,False,False,False,False,False
SUP000647,GT005703,Regular,57,Accessibility,Email,Accessibility,False,True,False,False,True,False
SUP000648,GT009446,Regular,63,Accessibility,Email,Accessibility,False,False,False,False,True,False
SUP000649,GT001791,Regular,36,Accessibility,Email,Accessibility,False,False,True,False,False,False
SUP000650,GT002547,Regular,57,Complaint,Email,Complaint,False,False,False,False,True,False
SUP000651,GT001836,New,79,Refund request,Email,Refund request,False,False,False,False,False,False
SUP000652,GT001356,Occasional,23,Complaint,Email,Complaint,False,False,False,False,True,False
SUP000653,GT003486,VIP,30,Enquiry,Email,Enquiry,False,False,False,False,True,False
SUP000654,GT000017,Occasional,64,Accessibility,Phone,Accessibility,False,False,False,False,False,False
SUP000655,GT002219,Occasional,23,Refund request,Email,Refund request,False,False,False,False,False,False
SUP000656,GT002430,Occasional,29,Accessibility,Email,Accessibility,False,False,False,False,False,False
SUP000657,GT002453,Regular,73,Refund request,Email,Refund request,False,False,False,False,True,False
SUP000658,GT002099,Regular,43,Enquiry,Email,Enquiry,False,False,False,False,False,False
SUP000659,GT007749,Regular,43,Refund request,Email,Refund request,False,False,False,False,False,False
SUP000660,GT009511,Occasional,26,Refund request,Email,Refund request,False,False,False,False,False,False
SUP000661,GT001665,Regular,32,Complaint,Email,Complaint,False,False,True,False,False,False
SUP000662,GT009154,VIP,70,Enquiry,Phone,Enquiry,False,False,False,False,False,False
SUP000663,GT003110,VIP,54,Accessibility,Phone,Accessibility,False,False,False,False,False,False
SUP000664,GT004622,Occasional,19,Complaint,Email,Complaint,False,False,False,False,True,False
SUP000665,GT004519,VIP,79,Enquiry,Email,Enquiry,False,False,False,False,False,False
SUP000666,GT005547,Regular,61,Enquiry,Email,Enquiry,False,False,False,False,True,False
SUP000667,GT008388,Regular,20,Enquiry,Email,Enquiry,False,False,False,False,True,False
SUP000668,GT008592,Occasional,21,Refund request,Email,Refund request,False,False,False,False,True,False
SUP000669,GT008252,Occasional,44,Refund request,Email,Refund request,True,False,False,False,False,False
SUP000670,GT004283,Occasional,55,Refund request,Phone,Refund request,False,True,False,False,False,False
SUP000671,GT001002,Occasional,51,Accessibility,Email,Accessibility,False,False,False,False,False,False
SUP000672,GT003886,Occasional,40,Refund request,Phone,Refund request,False,False,False,False,False,False
SUP000673,GT007797,Occasional,42,Enquiry,Email,Enquiry,False,False,False,False,True,False
SUP000674,GT005822,Occasional,64,Accessibility,Phone,Accessibility,False,False,True,False,False,False
SUP000675,GT008673,Occasional,52,Refund request,Email,Refund request,False,False,False,False,False,False
SUP000676,GT007085,Regular,56,Enquiry,Email,Enquiry,False,False,False,False,False,False
SUP000677,GT005518,Regular,48,Refund request,Email,Refund request,False,False,False,False,True,False
SUP000678,GT002684,Regular,24,Refund request,Email,Complaint,False,False,False,False,True,True
SUP000679,GT001449,VIP,39,Refund request,Email,Refund request,False,False,False,False,False,False
SUP000680,GT005078,Regular,55,Enquiry,Email,Enquiry,False,False,False,False,True,False
SUP000681,GT007799,VIP,22,Complaint,Email,Complaint,False,False,False,False,True,False
SUP000682,GT009614,Occasional,71,Complaint,Email,Complaint,False,True,False,False,False,False
SUP000683,GT006379,Occasional,29,Accessibility,Phone,Accessibility,False,False,False,False,False,False
SUP000684,GT008693,Regular,50,Refund request,Email,Refund request,False,False,False,False,False,False
SUP000685,GT009219,Regular,46,Accessibility,Phone,Accessibility,False,False,False,False,False,False
SUP000686,GT007414,Occasional,81,Enquiry,Email,Enquiry,False,False,False,False,False,False
SUP000687,GT001900,Regular,44,Enquiry,Email,Enquiry,False,False,False,False,False,False
SUP000688,GT004091,Occasional,57,Complaint,Email,Complaint,False,False,False,False,True,False
SUP000689,GT009204,Regular,23,Refund request,Email,Refund request,False,True,False,False,False,False
SUP000690,GT006232,Regular,75,Refund request,Email,Refund request,False,False,False,False,False,False
SUP000691,GT009358,Occasional,64,Complaint,Phone,Complaint,True,False,False,True,False,False
SUP000692,GT003343,Occasional,76,Refund request,Phone,Refund request,False,False,False,False,False,False
SUP000693,GT007575,Regular,43,Accessibility,Email,Accessibility,False,False,False,False,False,False
SUP000694,GT004975,VIP,28,Refund request,Email,Refund request,False,False,False,False,True,False
SUP000695,GT000869,Regular,52,Refund request,Email,Refund request,False,False,False,False,False,False
SUP000696,GT007929,Regular,57,Enquiry,Email,Enquiry,False,False,False,False,False,False
SUP000697,GT009578,Regular,29,Complaint,Phone,Complaint,False,False,False,False,False,False
SUP000698,GT004574,Regular,20,Accessibility,Phone,Accessibility,False,False,False,False,False,False
SUP000699,GT006764,Occasional,61,Accessibility,Email,Accessibility,False,False,False,False,False,False
SUP000700,GT008589,Regular,30,Enquiry,Email,Enquiry,False,False,False,False,False,False
SUP000701,GT007189,Regular,45,Accessibility,Phone,Accessibility,False,False,False,False,False,False
SUP000702,GT007096,Regular,43,Enquiry,Email,Enquiry,False,False,False,False,False,False
SUP000703,GT000845,Occasional,33,Accessibility,Email,Accessibility,True,False,False,False,False,False
SUP000704,GT009609,New,69,Accessibility,Email,Accessibility,False,False,False,False,False,False
SUP000705,GT000071,Regular,82,Refund request,Email,Refund request,False,False,False,False,True,False
SUP000706,GT001002,Occasional,51,Refund request,Phone,Refund request,False,False,False,True,False,False
SUP000707,GT009788,Regular,74,Enquiry,Email,Enquiry,False,False,False,False,False,False
SUP000708,GT008698,Regular,27,Refund request,Phone,Refund request,False,False,False,False,False,False
SUP000709,GT004440,Occasional,56,Complaint,Phone,Complaint,False,True,False,False,False,False
SUP000710,GT004652,Occasional,81,Complaint,Email,Complaint,False,False,False,False,True,False
SUP000711,GT005730,Occasional,23,Complaint,Email,Complaint,True,False,False,False,False,False
SUP000712,GT005002,Occasional,57,Enquiry,Email,Enquiry,False,False,False,False,False,False
SUP000713,GT005615,Occasional,31,Complaint,Phone,Enquiry,False,False,False,False,False,True
SUP000714,GT000363,Occasional,33,Enquiry,Email,Enquiry,False,False,False,False,True,False
SUP000715,GT005616,Regular,72,Refund request,Email,Refund request,False,False,False,False,False,False
SUP000716,GT006561,New,85,Refund request,Phone,Refund request,False,False,False,True,False,False
SUP000717,GT004086,Regular,60,Accessibility,Email,Accessibility,False,False,True,False,False,False
SUP000718,GT007756,Occasional,19,Refund request,Phone,Refund request,False,False,False,False,False,False
SUP000719,GT006533,Occasional,43,Enquiry,Email,Enquiry,False,True,False,False,False,False
SUP000720,GT004969,Occasional,55,Refund request,Email,Refund request,False,False,False,False,False,False
SUP000721,GT002696,Regular,79,Accessibility,Email,Accessibility,False,False,False,False,True,False
SUP000722,GT009860,Regular,35,Accessibility,Phone,Accessibility,False,False,False,True,False,False
SUP000723,GT002456,New,68,Enquiry,Email,Enquiry,False,False,False,False,True,False
SUP000724,GT008766,Occasional,67,Enquiry,Phone,Enquiry,False,False,False,False,False,False
SUP000725,GT003946,Regular,25,Refund request,Email,Refund request,False,False,False,False,False,False
SUP000726,GT006401,Occasional,32,Complaint,Phone,Complaint,False,False,False,False,False,False
SUP000727,GT002861,Regular,77,Accessibility,Email,Accessibility,False,False,False,False,True,False
SUP000728,GT008479,Regular,71,Complaint,Email,Complaint,False,False,False,False,False,False
SUP000729,GT009689,New,44,Complaint,Email,Complaint,False,False,False,False,False,False
SUP000730,GT007595,New,51,Enquiry,Email,Enquiry,False,False,False,False,False,False
SUP000731,GT009385,Regular,24,Enquiry,Phone,Enquiry,False,False,False,False,False,False
SUP000732,GT001955,Regular,64,Enquiry,Phone,Accessibility,False,False,False,False,False,True
SUP000733,GT001041,Regular,72,Refund request,Email,Refund request,False,False,False,False,True,False
SUP000734,GT002550,Regular,42,Refund request,Email,Refund request,False,False,False,False,False,False
SUP000735,GT005136,VIP,63,Accessibility,Email,Accessibility,False,False,False,False,True,False
SUP000736,GT003942,VIP,47,Refund request,Email,Refund request,True,True,False,False,False,False
SUP000737,GT002755,Occasional,29,Accessibility,Phone,Accessibility,False,False,False,True,False,False
SUP000738,GT004692,Occasional,66,Complaint,Email,Complaint,False,False,False,False,False,False
SUP000739,GT003737,Occasional,68,Complaint,Phone,Complaint,False,False,False,False,False,False
SUP000740,GT009069,Occasional,21,Accessibility,Email,Accessibility,False,False,False,False,True,False
SUP000741,GT002805,New,37,Refund request,Phone,Refund request,False,False,False,True,False,False
SUP000742,GT002020,Occasional,41,Accessibility,Email,Accessibility,False,False,False,False,False,False
SUP000743,GT008527,Occasional,50,Enquiry,Phone,Enquiry,False,True,False,False,False,False
SUP000744,GT002765,Occasional,38,Refund request,Email,Refund request,False,False,False,False,True,False
SUP000745,GT009557,Regular,49,Refund request,Email,Refund request,False,False,False,False,False,False
SUP000746,GT006944,VIP,26,Refund request,Email,Refund request,False,False,False,False,False,False
SUP000747,GT008399,Regular,31,Refund request,Email,Refund request,False,False,False,False,False,False
SUP000748,GT004692,Occasional,66,Enquiry,Email,Enquiry,False,False,False,False,False,False
SUP000749,GT008265,Occasional,84,Enquiry,Email,Enquiry,False,False,False,False,False,False
SUP000750,GT001654,VIP,33,Complaint,Email,Complaint,False,True,False,False,False,False
SUP000751,GT007458,Regular,21,Refund request,Email,Refund request,False,False,False,False,False,False
SUP000752,GT000167,Regular,69,Enquiry,Email,Enquiry,False,False,False,False,True,False
SUP000753,GT006787,VIP,52,Refund request,Phone,Refund request,False,False,False,False,False,False
SUP000754,GT001827,VIP,44,Accessibility,Email,Accessibility,False,False,False,False,True,False
SUP000755,GT006981,Regular,35,Complaint,Email,Complaint,False,False,False,False,True,False
SUP000756,GT008279,Regular,20,Enquiry,Email,Enquiry,False,False,False,False,False,False
SUP000757,GT003171,Regular,28,Refund request,Email,Refund request,False,False,False,False,False,False
SUP000758,GT002821,Occasional,68,Refund request,Email,Refund request,False,False,False,False,True,False
SUP000759,GT007929,Regular,57,Accessibility,Phone,Accessibility,False,False,True,False,False,False
SUP000760,GT009731,Regular,35,Accessibility,Email,Accessibility,False,False,False,False,False,False
SUP000761,GT009634,Occasional,47,Enquiry,Email,Enquiry,False,False,False,False,False,False
SUP000762,GT005663,Regular,35,Refund request,Email,Refund request,False,False,False,False,True,False
SUP000763,GT007579,Regular,75,Accessibility,Email,Accessibility,False,False,False,False,False,False
SUP000764,GT004636,Regular,41,Accessibility,Phone,Accessibility,False,False,False,False,False,False
SUP000765,GT004046,Occasional,33,Accessibility,Email,Accessibility,False,False,False,False,True,False
SUP000766,GT006502,Regular,77,Refund request,Phone,Refund request,False,False,False,False,False,False
SUP000767,GT009036,Occasional,75,Enquiry,Email,Enquiry,False,True,False,False,False,False
SUP000768,GT003209,VIP,57,Enquiry,Phone,Enquiry,False,False,False,False,False,False
SUP000769,GT007299,New,55,Refund request,Email,Refund request,False,False,False,False,False,False
SUP000770,GT009744,Regular,54,Refund request,Phone,Refund request,False,False,False,True,False,False
SUP000771,GT006700,Occasional,27,Refund request,Email,Refund request,False,False,False,False,True,False
SUP000772,GT001607,Regular,50,Refund request,Email,Refund request,False,False,False,False,True,False
SUP000773,GT003698,Regular,57,Refund request,Phone,Refund request,True,False,False,False,False,False
SUP000774,GT004934,Regular,62,Refund request,Phone,Refund request,False,False,False,False,False,False
SUP000775,GT007714,VIP,49,Refund request,Email,Refund request,False,True,False,False,False,False
SUP000776,GT003259,Regular,29,Complaint,Email,Complaint,False,False,False,False,True,False
SUP000777,GT002574,Regular,35,Refund request,Phone,Refund request,False,False,False,False,False,False
SUP000778,GT008217,Regular,72,Refund request,Email,Refund request,False,False,False,False,False,False
SUP000779,GT002343,Regular,52,Enquiry,Email,Enquiry,False,False,False,False,False,False
SUP000780,GT007050,Occasional,28,Complaint,Email,Complaint,False,False,False,False,True,False
SUP000781,GT007443,New,30,Enquiry,Email,Enquiry,False,False,False,False,True,False
SUP000782,GT000021,Occasional,28,Accessibility,Email,Accessibility,False,False,False,False,False,False
SUP000783,GT009440,Occasional,48,Enquiry,Email,Enquiry,False,False,False,False,False,False
SUP000784,GT002488,Regular,77,Refund request,Email,Refund request,False,True,False,False,True,False
SUP000785,GT009440,Occasional,48,Enquiry,Email,Enquiry,False,False,False,False,False,False
SUP000786,GT008106,Occasional,56,Complaint,Email,Complaint,False,False,False,False,False,False
SUP000787,GT005252,Regular,66,Refund request,Email,Refund request,False,False,False,False,True,False
SUP000788,GT009880,Regular,52,Enquiry,Email,Enquiry,False,False,False,False,True,False
SUP000789,GT006390,Regular,68,Refund request,Email,Refund request,False,True,False,False,False,False
SUP000790,GT002227,Occasional,37,Complaint,Email,Complaint,False,False,False,False,False,False
SUP000791,GT009239,Regular,33,Enquiry,Email,Enquiry,False,False,False,False,False,False
SUP000792,GT007623,New,36,Enquiry,Email,Enquiry,False,False,False,False,False,False
SUP000793,GT004029,Occasional,37,Refund request,Email,Refund request,False,False,False,False,False,False
SUP000794,GT007736,New,47,Accessibility,Email,Accessibility,False,False,False,False,False,False
SUP000795,GT006752,VIP,78,Refund request,Email,Refund request,False,False,False,False,False,False
SUP000796,GT003782,Occasional,20,Accessibility,Email,Accessibility,False,False,False,False,False,False
SUP000797,GT007348,Occasional,52,Accessibility,Phone,Accessibility,False,False,False,True,False,False
SUP000798,GT002540,Regular,54,Complaint,Email,Complaint,False,False,False,False,True,False
SUP000799,GT001152,Occasional,23,Refund request,Phone,Refund request,False,False,False,True,False,False
SUP000800,GT001847,Regular,58,Refund request,Email,Refund request,False,False,False,False,True,False
SUP000801,GT003287,Regular,24,Refund request,Phone,Refund request,False,False,False,False,False,False
SUP000802,GT009380,Occasional,42,Refund request,Email,Refund request,False,False,False,False,True,False
SUP000803,GT007993,Regular,33,Refund request,Email,Refund request,False,False,True,False,False,False
SUP000804,GT003401,Occasional,76,Complaint,Email,Complaint,False,False,False,False,False,False
SUP000805,GT009525,Occasional,77,Accessibility,Email,Accessibility,False,False,False,False,False,False
SUP000806,GT003681,Occasional,50,Complaint,Phone,Complaint,False,False,False,False,False,False
SUP000807,GT006004,New,49,Refund request,Email,Refund request,False,False,False,False,False,False
SUP000808,GT007064,Regular,60,Refund request,Phone,Refund request,False,False,False,False,False,False
SUP000809,GT004299,Regular,67,Enquiry,Phone,Enquiry,False,False,False,False,False,False
SUP000810,GT006902,Regular,52,Refund request,Email,Refund request,False,False,True,False,False,False
SUP000811,GT008569,Occasional,67,Accessibility,Email,Accessibility,False,False,False,False,False,False
SUP000812,GT001468,Occasional,50,Complaint,Email,Complaint,False,True,False,False,True,False
SUP000813,GT009873,Occasional,23,Refund request,Phone,Refund request,False,False,False,False,False,False
SUP000814,GT009629,Occasional,20,Complaint,Phone,Refund request,False,False,True,False,False,True
SUP000815,GT009860,Regular,35,Refund request,Email,Refund request,False,False,False,False,False,False
SUP000816,GT003329,Occasional,44,Refund request,Email,Refund request,False,False,False,False,False,False
SUP000817,GT009578,Regular,29,Refund request,Phone,Refund request,False,False,False,False,False,False
SUP000818,GT009458,Regular,30,Enquiry,Email,Enquiry,False,False,False,False,True,False
SUP000819,GT005454,Occasional,26,Enquiry,Phone,Enquiry,False,False,False,False,False,False
SUP000820,GT009229,Occasional,43,Accessibility,Email,Accessibility,False,False,False,False,False,False
SUP000821,GT007840,Occasional,49,Accessibility,Email,Accessibility,False,False,False,False,False,False
SUP000822,GT004282,VIP,38,Refund request,Phone,Refund request,False,False,False,False,False,False
SUP000823,GT008750,Occasional,47,Enquiry,Email,Enquiry,False,False,True,False,False,False
SUP000824,GT004985,Occasional,57,Complaint,Phone,Complaint,False,False,False,False,False,False
SUP000825,GT003814,Occasional,28,Accessibility,Email,Accessibility,False,False,False,False,False,False
SUP000826,GT006274,Occasional,38,Complaint,Email,Complaint,False,False,False,False,True,False
SUP000827,GT006529,Regular,63,Enquiry,Phone,Enquiry,False,False,True,False,False,False
SUP000828,GT004100,Regular,53,Complaint,Email,Complaint,False,False,False,False,False,False
SUP000829,GT001078,Occasional,37,Enquiry,Phone,Enquiry,False,False,False,True,False,False
SUP000830,GT003861,VIP,42,Enquiry,Email,Enquiry,False,False,False,False,False,False
SUP000831,GT009925,Occasional,48,Accessibility,Email,Accessibility,False,True,False,False,False,False
SUP000832,GT002514,Regular,34,Enquiry,Email,Enquiry,False,False,False,False,False,False
SUP000833,GT009049,Regular,54,Enquiry,Email,Enquiry,False,True,False,False,False,False
SUP000834,GT003687,Regular,31,Enquiry,Email,Enquiry,False,False,False,False,False,False
SUP000835,GT007000,Regular,38,Refund request,Phone,Refund request,False,False,True,True,False,False
SUP000836,GT001463,Regular,32,Accessibility,Email,Accessibility,False,True,False,False,True,False
SUP000837,GT002409,VIP,35,Enquiry,Email,Enquiry,False,False,False,False,False,False
SUP000838,GT004138,Occasional,74,Enquiry,Phone,Enquiry,False,False,False,True,False,False
SUP000839,GT002544,Regular,55,Complaint,Email,Complaint,False,False,False,False,True,False
SUP000840,GT005735,Regular,66,Refund request,Phone,Refund request,False,False,False,True,False,False
SUP000841,GT004639,Occasional,46,Refund request,Email,Refund request,False,False,False,False,False,False
SUP000842,GT006356,Occasional,57,Enquiry,Email,Enquiry,False,True,False,False,False,False
SUP000843,GT006785,Occasional,29,Accessibility,Email,Accessibility,False,False,False,False,False,False
SUP000844,GT001311,Occasional,77,Accessibility,Email,Accessibility,False,True,False,False,True,False
SUP000845,GT002798,Occasional,42,Enquiry,Email,Enquiry,False,False,False,False,False,False
SUP000846,GT009888,Regular,63,Refund request,Email,Refund request,False,False,False,False,True,False
SUP000847,GT002536,Occasional,35,Refund request,Email,Refund request,False,False,False,False,False,False
SUP000848,GT006970,Occasional,53,Enquiry,Phone,Enquiry,False,True,False,False,False,False
SUP000849,GT006639,Occasional,22,Refund request,Email,Refund request,False,False,False,False,False,False
SUP000850,GT001191,Occasional,69,Refund request,Email,Refund request,False,False,False,False,False,False
SUP000851,GT007321,Regular,61,Enquiry,Phone,Enquiry,False,False,False,False,False,False
SUP000852,GT004439,Occasional,54,Refund request,Email,Refund request,False,False,False,False,True,False
SUP000853,GT003634,Regular,18,Refund request,Email,Refund request,False,False,False,False,False,False
SUP000854,GT005762,Regular,75,Accessibility,Email,Accessibility,False,False,False,False,False,False
SUP000855,GT005823,Occasional,35,Enquiry,Email,Complaint,True,False,False,False,False,True
SUP000856,GT006418,New,32,Enquiry,Email,Enquiry,False,False,False,False,False,False
SUP000857,GT007750,VIP,41,Refund request,Email,Refund request,False,False,False,False,True,False
SUP000858,GT000116,Occasional,33,Complaint,Email,Complaint,False,True,False,False,False,False
SUP000859,GT003536,Occasional,58,Refund request,Email,Refund request,False,False,False,False,False,False
SUP000860,GT008799,VIP,21,Refund request,Email,Refund request,False,False,False,False,False,False
SUP000861,GT003878,VIP,47,Accessibility,Email,Accessibility,False,False,False,False,False,False
SUP000862,GT004882,Regular,63,Refund request,Email,Refund request,False,False,False,False,False,False
SUP000863,GT001874,Occasional,63,Complaint,Phone,Complaint,False,False,False,True,False,False
SUP000864,GT001419,VIP,21,Enquiry,Email,Enquiry,False,False,False,False,True,False
SUP000865,GT007753,Occasional,75,Accessibility,Email,Accessibility,False,False,True,False,False,False
SUP000866,GT001825,Occasional,39,Complaint,Email,Complaint,False,False,False,False,False,False
SUP000867,GT007554,Regular,73,Complaint,Email,Complaint,False,False,False,False,True,False
SUP000868,GT005109,Occasional,38,Accessibility,Email,Accessibility,False,False,False,False,False,False
SUP000869,GT009547,VIP,27,Refund request,Email,Refund request,False,False,False,False,False,False
SUP000870,GT005215,Occasional,19,Refund request,Email,Refund request,False,True,False,False,False,False
SUP000871,GT001949,New,38,Accessibility,Email,Accessibility,False,False,False,False,True,False
SUP000872,GT007501,Regular,27,Complaint,Email,Complaint,True,False,False,False,True,False
SUP000873,GT008360,Occasional,55,Refund request,Email,Refund request,False,False,False,False,False,False
SUP000874,GT003024,Occasional,23,Enquiry,Phone,Enquiry,False,False,False,False,False,False
SUP000875,GT003714,Occasional,57,Accessibility,Email,Accessibility,False,False,False,False,False,False
SUP000876,GT004584,VIP,45,Refund request,Email,Refund request,False,False,False,False,True,False
SUP000877,GT005804,Occasional,31,Refund request,Email,Refund request,False,False,False,False,True,False
SUP000878,GT003330,Regular,31,Enquiry,Email,Enquiry,False,True,False,False,False,False
SUP000879,GT006731,Occasional,46,Refund request,Email,Refund request,True,False,False,False,True,False
SUP000880,GT001201,Occasional,52,Refund request,Email,Refund request,True,False,False,False,True,False
SUP000881,GT000014,Regular,23,Accessibility,Phone,Accessibility,False,False,False,False,False,False
SUP000882,GT009061,Occasional,31,Enquiry,Email,Enquiry,False,True,False,False,True,False
SUP000883,GT008480,Occasional,70,Refund request,Email,Refund request,False,False,False,False,True,False
SUP000884,GT009486,Regular,38,Accessibility,Email,Accessibility,False,False,False,False,False,False
SUP000885,GT008078,Regular,66,Complaint,Email,Complaint,False,False,False,False,False,False
SUP000886,GT000685,Regular,34,Refund request,Phone,Refund request,False,False,False,False,False,False
SUP000887,GT007624,Occasional,77,Enquiry,Phone,Enquiry,False,False,False,False,False,False
SUP000888,GT003186,Regular,42,Enquiry,Phone,Enquiry,False,False,False,True,False,False
SUP000889,GT000556,VIP,29,Complaint,Email,Complaint,False,False,False,False,True,False
SUP000890,GT004408,VIP,28,Enquiry,Email,Enquiry,False,False,False,False,False,False
SUP000891,GT000220,Regular,44,Enquiry,Email,Enquiry,False,False,False,False,False,False
SUP000892,GT007752,Regular,27,Enquiry,Phone,Enquiry,False,False,False,False,False,False
SUP000893,GT006584,Regular,41,Accessibility,Email,Accessibility,False,False,False,False,False,False
SUP000894,GT007069,Regular,73,Refund request,Email,Refund request,False,False,False,False,False,False
SUP000895,GT002470,Occasional,74,Refund request,Email,Refund request,False,False,False,False,False,False
SUP000896,GT005534,Regular,33,Accessibility,Email,Accessibility,False,False,False,False,True,False
SUP000897,GT009654,Regular,43,Refund request,Email,Refund request,False,False,False,False,False,False
SUP000898,GT007993,Regular,33,Complaint,Email,Complaint,False,False,False,False,False,False
SUP000899,GT002068,Regular,54,Refund request,Phone,Refund request,False,False,False,False,False,False
SUP000900,GT001020,Occasional,66,Enquiry,Email,Enquiry,False,False,False,False,False,False
SUP000901,GT001854,Occasional,23,Complaint,Phone,Complaint,False,False,False,True,False,False
SUP000902,GT002986,Occasional,35,Refund request,Email,Refund request,False,False,False,False,False,False
SUP000903,GT009380,Occasional,42,Refund request,Email,Refund request,False,False,False,False,True,False
SUP000904,GT009628,Regular,60,Refund request,Email,Refund request,False,False,False,False,False,False
SUP000905,GT003077,Regular,39,Enquiry,Email,Enquiry,False,True,False,False,False,False
SUP000906,GT002798,Occasional,42,Accessibility,Email,Accessibility,False,False,False,False,False,False
SUP000907,GT005989,Occasional,57,Refund request,Email,Refund request,True,False,False,False,False,False
SUP000908,GT009619,Occasional,56,Enquiry,Phone,Enquiry,False,False,True,False,False,False
SUP000909,GT002646,VIP,30,Refund request,Email,Refund request,False,False,False,False,False,False
SUP000910,GT001162,Occasional,35,Refund request,Email,Refund request,False,False,False,False,True,False
SUP000911,GT009614,Occasional,71,Refund request,Phone,Refund request,False,True,False,False,False,False
SUP000912,GT006904,Regular,26,Complaint,Email,Refund request,False,False,False,False,True,True
SUP000913,GT006709,Occasional,83,Complaint,Email,Complaint,False,False,False,False,True,False
SUP000914,GT004693,VIP,38,Enquiry,Email,Enquiry,False,False,False,False,False,False
SUP000915,GT002457,Occasional,57,Refund request,Email,Refund request,False,False,False,False,False,False
SUP000916,GT003887,VIP,62,Refund request,Email,Refund request,False,False,False,False,False,False
SUP000917,GT001035,Regular,56,Refund request,Phone,Refund request,False,False,False,True,False,False
SUP000918,GT005378,VIP,62,Accessibility,Email,Accessibility,False,False,False,False,False,False
SUP000919,GT006946,Occasional,55,Complaint,Email,Complaint,False,False,False,False,False,False
SUP000920,GT009371,Regular,32,Complaint,Email,Complaint,False,False,False,False,False,False
SUP000921,GT009637,Occasional,60,Accessibility,Phone,Accessibility,False,False,False,True,False,False
SUP000922,GT001140,VIP,42,Refund request,Email,Refund request,False,False,False,False,False,False
SUP000923,GT003088,Regular,27,Refund request,Email,Refund request,False,False,False,False,False,False
SUP000924,GT005806,Occasional,81,Accessibility,Email,Accessibility,False,False,True,False,False,False
SUP000925,GT002521,Regular,33,Complaint,Phone,Complaint,False,False,False,True,False,False
SUP000926,GT002572,Occasional,63,Refund request,Email,Refund request,False,False,False,False,True,False
SUP000927,GT008372,Regular,31,Refund request,Email,Refund request,False,False,False,False,False,False
SUP000928,GT005212,Occasional,20,Enquiry,Phone,Enquiry,False,False,False,True,False,False
SUP000929,GT000340,VIP,25,Accessibility,Phone,Accessibility,False,False,False,False,False,False
SUP000930,GT004394,Regular,77,Refund request,Phone,Refund request,False,False,False,False,False,False
SUP000931,GT000220,Regular,44,Accessibility,Phone,Accessibility,False,False,False,False,False,False
SUP000932,GT008555,Regular,48,Enquiry,Email,Enquiry,False,False,False,False,True,False
SUP000933,GT002065,Occasional,67,Refund request,Email,Refund request,False,False,False,False,False,False
SUP000934,GT007133,VIP,60,Enquiry,Email,Enquiry,False,False,False,False,False,False
SUP000935,GT007585,Occasional,77,Accessibility,Email,Accessibility,False,False,False,False,False,False
SUP000936,GT000629,VIP,61,Enquiry,Email,Enquiry,False,False,False,False,False,False
SUP000937,GT009695,Occasional,50,Refund request,Phone,Refund request,False,False,False,False,False,False
SUP000938,GT006861,Occasional,78,Refund request,Phone,Refund request,False,False,False,False,False,False
SUP000939,GT009772,Occasional,32,Refund request,Email,Refund request,False,False,False,False,False,False
SUP000940,GT006330,VIP,36,Enquiry,Email,Enquiry,False,False,False,False,False,False
SUP000941,GT003464,Regular,60,Refund request,Email,Refund request,False,False,False,False,True,False
SUP000942,GT000894,Occasional,40,Complaint,Email,Complaint,False,True,False,False,False,False
SUP000943,GT008109,Occasional,50,Refund request,Email,Refund request,False,False,False,False,False,False
SUP000944,GT004363,Regular,78,Accessibility,Phone,Accessibility,False,False,True,False,False,False
SUP000945,GT003434,New,65,Accessibility,Email,Accessibility,False,False,False,False,True,False
SUP000946,GT005693,Regular,26,Accessibility,Phone,Accessibility,False,False,False,False,False,False
SUP000947,GT003598,Regular,79,Complaint,Email,Complaint,False,False,True,False,False,False
SUP000948,GT002246,Regular,29,Enquiry,Email,Enquiry,False,False,False,False,False,False
SUP000949,GT000616,Regular,36,Enquiry,Email,Enquiry,False,True,False,False,False,False
SUP000950,GT009870,New,68,Refund request,Email,Refund request,False,False,False,False,False,False
SUP000951,GT007386,VIP,29,Enquiry,Phone,Enquiry,False,False,False,False,False,False
SUP000952,GT000666,Regular,72,Enquiry,Email,Enquiry,False,False,False,False,False,False
SUP000953,GT001806,Regular,47,Refund request,Phone,Refund request,False,True,False,False,False,False
SUP000954,GT003301,Regular,42,Enquiry,Email,Enquiry,False,False,False,False,False,False
SUP000955,GT006250,Regular,51,Accessibility,Email,Complaint,False,False,False,False,False,True
SUP000956,GT006615,Regular,76,Refund request,Email,Refund request,False,False,False,False,True,False
SUP000957,GT000187,Occasional,40,Refund request,Email,Refund request,False,False,False,False,False,False
SUP000958,GT003153,Occasional,62,Complaint,Email,Complaint,False,True,False,False,True,False
SUP000959,GT005800,Regular,55,Refund request,Phone,Refund request,False,False,False,False,False,False
SUP000960,GT005699,VIP,49,Refund request,Phone,Refund request,False,False,False,False,False,False
SUP000961,GT000993,Occasional,19,Refund request,Phone,Refund request,False,False,False,False,False,False
SUP000962,GT000423,Regular,49,Enquiry,Email,Enquiry,False,False,False,False,False,False
SUP000963,GT005252,Regular,66,Complaint,Phone,Complaint,False,False,False,True,False,False
SUP000964,GT003988,Occasional,37,Enquiry,Email,Enquiry,False,True,False,False,True,False
SUP000965,GT001156,Regular,37,Accessibility,Email,Accessibility,False,True,False,False,True,False
SUP000966,GT009123,Regular,19,Enquiry,Email,Enquiry,False,False,False,False,False,False
SUP000967,GT003612,Occasional,84,Complaint,Email,Complaint,False,False,False,False,True,False
SUP000968,GT002165,Regular,39,Complaint,Email,Complaint,False,False,False,False,True,False
SUP000969,GT000740,Occasional,58,Enquiry,Email,Enquiry,False,False,False,False,False,False
SUP000970,GT004754,Occasional,35,Enquiry,Phone,Enquiry,False,False,False,False,False,False
SUP000971,GT001477,Occasional,21,Enquiry,Email,Enquiry,False,False,False,False,True,False
SUP000972,GT001653,Regular,36,Refund request,Phone,Refund request,False,False,False,False,False,False
SUP000973,GT003827,Occasional,34,Refund request,Email,Refund request,False,False,False,False,True,False
SUP000974,GT005559,Regular,61,Refund request,Phone,Refund request,False,False,False,False,False,False
SUP000975,GT003058,Occasional,55,Enquiry,Email,Enquiry,False,False,False,False,False,False
SUP000976,GT009432,Regular,28,Refund request,Email,Accessibility,True,False,False,False,True,True
SUP000977,GT002348,Regular,46,Enquiry,Email,Enquiry,False,False,False,False,False,False
SUP000978,GT005647,Occasional,42,Accessibility,Email,Accessibility,False,False,False,False,True,False
SUP000979,GT004320,Regular,81,Accessibility,Email,Accessibility,False,False,False,False,True,False
SUP000980,GT006326,Regular,44,Refund request,Email,Refund request,False,False,False,False,True,False
SUP000981,GT000540,Occasional,48,Enquiry,Phone,Enquiry,False,False,False,False,False,False
SUP000982,GT006093,Regular,37,Complaint,Phone,Complaint,False,False,True,False,False,False
SUP000983,GT002536,Occasional,35,Enquiry,Phone,Enquiry,False,False,False,False,False,False
SUP000984,GT000988,Regular,46,Accessibility,Email,Accessibility,False,False,False,False,False,False
SUP000985,GT003492,Regular,58,Refund request,Email,Refund request,False,False,False,False,False,False
SUP000986,GT004926,Regular,28,Accessibility,Email,Accessibility,False,False,False,False,False,False
SUP000987,GT009640,Occasional,62,Complaint,Email,Complaint,False,True,False,False,False,False
SUP000988,GT003114,Occasional,31,Complaint,Email,Complaint,False,False,False,False,False,False
SUP000989,GT006142,Occasional,41,Complaint,Email,Complaint,False,False,False,False,True,False
SUP000990,GT005580,VIP,43,Accessibility,Email,Accessibility,False,False,False,False,False,False
SUP000991,GT008479,Regular,71,Refund request,Email,Refund request,False,False,False,False,False,False
SUP000992,GT006155,Regular,76,Accessibility,Email,Accessibility,False,False,True,False,False,False
SUP000993,GT003389,VIP,78,Refund request,Email,Refund request,False,False,False,False,True,False
SUP000994,GT008799,VIP,21,Enquiry,Email,Enquiry,False,False,True,False,False,False
SUP000995,GT004692,Occasional,66,Accessibility,Phone,Accessibility,False,False,False,False,False,False
SUP000996,GT003755,Regular,63,Refund request,Phone,Refund request,False,True,False,False,False,False
SUP000997,GT004499,VIP,48,Complaint,Email,Complaint,False,False,False,False,False,False
SUP000998,GT005851,Regular,51,Complaint,Phone,Complaint,False,False,False,False,False,False
SUP000999,GT008944,Regular,48,Refund request,Email,Refund request,False,False,False,False,False,False
SUP001000,GT002204,Occasional,75,Complaint,Phone,Complaint,False,False,True,False,False,False
SUP001001,GT003652,Occasional,43,Accessibility,Email,Accessibility,False,False,False,False,False,False
SUP001002,GT008379,Regular,58,Refund request,Email,Refund request,False,True,False,False,True,False
SUP001003,GT000513,Regular,65,Accessibility,Phone,Refund request,False,False,False,False,False,True
SUP001004,GT006946,Occasional,55,Refund request,Email,Refund request,False,False,False,False,False,False
SUP001005,GT007376,Regular,59,Refund request,Email,Refund request,False,False,False,False,False,False
SUP001006,GT005264,Occasional,23,Enquiry,Email,Enquiry,False,False,False,False,False,False
SUP001007,GT006416,Occasional,60,Refund request,Email,Refund request,False,False,False,False,True,False
SUP001008,GT005803,VIP,69,Enquiry,Email,Enquiry,False,False,False,False,False,False
SUP001009,GT002837,Regular,53,Enquiry,Email,Enquiry,False,False,False,False,True,False
SUP001010,GT002338,Occasional,25,Refund request,Email,Refund request,False,False,False,False,False,False
SUP001011,GT006889,Occasional,68,Complaint,Phone,Complaint,False,False,False,False,False,False
SUP001012,GT007714,VIP,49,Refund request,Phone,Refund request,False,False,False,True,False,False
SUP001013,GT004371,Occasional,55,Refund request,Email,Refund request,False,False,False,False,False,False
SUP001014,GT008856,VIP,26,Complaint,Email,Complaint,False,False,False,False,True,False
SUP001015,GT007816,VIP,40,Refund request,Email,Refund request,False,False,False,False,False,False
SUP001016,GT000238,Occasional,36,Refund request,Email,Refund request,False,False,False,False,False,False
SUP001017,GT009629,Occasional,20,Complaint,Email,Complaint,False,False,False,False,True,False
SUP001018,GT000181,Occasional,48,Refund request,Phone,Refund request,False,False,False,False,False,False
SUP001019,GT006211,Occasional,32,Refund request,Email,Refund request,False,False,False,False,False,False
SUP001020,GT008712,Regular,46,Accessibility,Email,Accessibility,False,False,False,False,False,False
SUP001021,GT007276,Regular,22,Refund request,Email,Refund request,False,False,False,False,True,False
SUP001022,GT002582,Regular,22,Accessibility,Phone,Accessibility,False,False,False,False,False,False
SUP001023,GT007643,Occasional,27,Refund request,Email,Refund request,False,False,False,False,True,False
SUP001024,GT002473,VIP,35,Refund request,Phone,Refund request,False,False,False,False,False,False
SUP001025,GT008598,Regular,52,Enquiry,Email,Enquiry,False,False,False,False,False,False
SUP001026,GT006096,Occasional,52,Accessibility,Email,Accessibility,False,False,False,False,False,False
SUP001027,GT002926,Regular,72,Refund request,Email,Refund request,False,False,False,False,False,False
SUP001028,GT003343,Occasional,76,Refund request,Phone,Refund request,False,False,False,False,False,False
SUP001029,GT001191,Occasional,69,Complaint,Email,Complaint,False,False,False,False,True,False
SUP001030,GT001495,Regular,24,Accessibility,Phone,Complaint,False,False,False,False,False,True
SUP001031,GT007683,Occasional,71,Complaint,Phone,Refund request,False,False,False,False,False,True
SUP001032,GT005383,VIP,19,Refund request,Phone,Refund request,True,False,False,True,False,False
SUP001033,GT004046,Occasional,33,Refund request,Email,Refund request,True,False,False,False,False,False
SUP001034,GT008698,Regular,27,Complaint,Email,Complaint,False,False,False,False,True,False
SUP001035,GT000933,Regular,50,Refund request,Email,Refund request,False,False,False,False,True,False
SUP001036,GT005970,Regular,76,Refund request,Email,Refund request,False,False,False,False,True,False
SUP001037,GT000962,Occasional,48,Enquiry,Email,Enquiry,False,False,False,False,True,False
SUP001038,GT008623,Occasional,39,Complaint,Email,Complaint,False,False,False,False,False,False
SUP001039,GT006801,Occasional,62,Enquiry,Email,Enquiry,False,True,False,False,False,False
SUP001040,GT009185,VIP,64,Enquiry,Phone,Enquiry,False,False,False,False,False,False
SUP001041,GT001903,Occasional,44,Accessibility,Phone,Accessibility,False,False,False,True,False,False
SUP001042,GT004858,Regular,69,Refund request,Phone,Refund request,False,False,False,False,False,False
SUP001043,GT007263,Occasional,25,Refund request,Phone,Refund request,False,False,False,True,False,False
SUP001044,GT002265,Occasional,21,Accessibility,Email,Accessibility,False,False,False,False,False,False
SUP001045,GT009738,Occasional,34,Enquiry,Email,Enquiry,False,False,False,False,False,False
SUP001046,GT008210,Regular,78,Enquiry,Phone,Enquiry,False,False,False,False,False,False
SUP001047,GT004984,Occasional,22,Enquiry,Email,Enquiry,False,True,False,False,False,False
SUP001048,GT008262,Occasional,27,Accessibility,Email,Accessibility,False,False,False,False,False,False
SUP001049,GT008300,Occasional,44,Enquiry,Email,Enquiry,False,False,False,False,False,False
SUP001050,GT001005,Regular,48,Refund request,Phone,Refund request,False,False,False,False,False,False
SUP001051,GT004363,Regular,78,Refund request,Email,Refund request,False,False,False,False,True,False
SUP001052,GT005160,VIP,54,Accessibility,Email,Accessibility,False,False,True,False,False,False
SUP001053,GT001720,Occasional,64,Complaint,Email,Complaint,False,False,True,False,False,False
SUP001054,GT006522,Occasional,46,Accessibility,Email,Accessibility,False,False,False,False,True,False
SUP001055,GT002679,Occasional,43,Accessibility,Email,Accessibility,False,False,False,False,False,False
SUP001056,GT005237,Occasional,83,Enquiry,Email,Enquiry,False,False,False,False,True,False
SUP001057,GT000808,Regular,60,Accessibility,Email,Accessibility,False,False,False,False,False,False
SUP001058,GT003815,Regular,57,Complaint,Email,Complaint,False,False,False,False,False,False
SUP001059,GT005189,Regular,30,Complaint,Phone,Complaint,False,False,False,True,False,False
SUP001060,GT002837,Regular,53,Enquiry,Email,Enquiry,False,False,False,False,True,False
SUP001061,GT007476,Regular,36,Accessibility,Email,Accessibility,False,False,False,False,False,False
SUP001062,GT008372,Regular,31,Refund request,Phone,Refund request,False,False,False,True,False,False
SUP001063,GT009368,Occasional,45,Refund request,Email,Refund request,False,False,False,False,False,False
SUP001064,GT002898,Occasional,63,Enquiry,Email,Enquiry,False,True,False,False,False,False
SUP001065,GT008744,Regular,62,Accessibility,Phone,Accessibility,False,False,False,True,False,False
SUP001066,GT009123,Regular,19,Refund request,Phone,Refund request,False,False,False,False,False,False
SUP001067,GT000346,VIP,49,Enquiry,Phone,Enquiry,False,False,False,False,False,False
SUP001068,GT001958,Occasional,78,Accessibility,Phone,Accessibility,False,False,False,True,False,False
SUP001069,GT003389,VIP,78,Refund request,Email,Refund request,False,False,False,False,True,False
SUP001070,GT009300,Regular,31,Refund request,Email,Refund request,False,False,False,False,False,False
SUP001071,GT001251,Occasional,50,Accessibility,Email,Accessibility,False,False,False,False,False,False
SUP001072,GT002579,Regular,58,Refund request,Phone,Refund request,False,False,True,False,False,False
SUP001073,GT001676,Occasional,80,Accessibility,Phone,Accessibility,False,False,False,False,False,False
SUP001074,GT002409,VIP,35,Enquiry,Email,Enquiry,False,False,False,False,True,False
SUP001075,GT006172,Regular,67,Refund request,Email,Refund request,False,False,False,False,True,False
SUP001076,GT000868,Occasional,54,Enquiry,Email,Enquiry,False,False,False,False,True,False
SUP001077,GT005936,Occasional,41,Enquiry,Email,Enquiry,False,False,False,False,True,False
SUP001078,GT000556,VIP,29,Refund request,Email,Refund request,False,False,False,False,False,False
SUP001079,GT007621,Regular,25,Accessibility,Email,Accessibility,False,False,False,False,True,False
SUP001080,GT000068,Regular,26,Refund request,Phone,Refund request,False,False,False,True,False,False
SUP001081,GT005419,Occasional,40,Refund request,Email,Refund request,False,False,False,False,True,False
SUP001082,GT001986,Occasional,43,Refund request,Phone,Refund request,False,False,False,True,False,False
SUP001083,GT008672,Occasional,47,Refund request,Phone,Refund request,False,False,False,True,False,False
SUP001084,GT005384,Occasional,85,Accessibility,Email,Accessibility,False,False,False,False,True,False
SUP001085,GT002230,Regular,76,Complaint,Phone,Complaint,True,False,False,False,False,False
SUP001086,GT000363,Occasional,33,Refund request,Email,Refund request,False,True,False,False,False,False
SUP001087,GT000224,Occasional,23,Refund request,Email,Refund request,False,False,False,False,False,False
SUP001088,GT007150,Regular,64,Enquiry,Email,Enquiry,False,False,False,False,False,False
SUP001089,GT001780,Occasional,53,Enquiry,Phone,Enquiry,False,False,False,False,False,False
SUP001090,GT008937,Regular,56,Refund request,Email,Refund request,False,False,False,False,True,False
SUP001091,GT009532,Occasional,63,Accessibility,Phone,Accessibility,False,False,False,False,False,False
SUP001092,GT001912,Regular,48,Complaint,Email,Complaint,False,False,False,False,True,False
SUP001093,GT002183,New,59,Complaint,Phone,Complaint,False,False,False,False,False,False
SUP001094,GT008721,Occasional,50,Refund request,Email,Refund request,False,False,False,False,False,False
SUP001095,GT008471,Regular,58,Enquiry,Email,Enquiry,False,False,False,False,True,False
SUP001096,GT001083,Regular,79,Refund request,Email,Enquiry,False,True,True,False,False,True
SUP001097,GT002544,Regular,55,Refund request,Phone,Refund request,False,False,False,False,False,False
SUP001098,GT005453,Occasional,24,Enquiry,Phone,Enquiry,False,False,False,False,False,False
SUP001099,GT006390,Regular,68,Accessibility,Email,Accessibility,False,True,False,False,True,False
SUP001100,GT001187,Occasional,77,Enquiry,Email,Enquiry,False,False,False,False,False,False
SUP001101,GT009358,Occasional,64,Accessibility,Email,Accessibility,False,False,False,False,False,False
SUP001102,GT001185,Regular,35,Enquiry,Email,Enquiry,False,True,True,False,False,False
SUP001103,GT009753,Occasional,39,Refund request,Email,Refund request,False,False,False,False,False,False
SUP001104,GT005333,Regular,73,Enquiry,Email,Enquiry,False,False,False,False,False,False
SUP001105,GT005669,Occasional,53,Accessibility,Email,Accessibility,False,False,False,False,True,False
SUP001106,GT003688,Regular,30,Refund request,Email,Refund request,False,False,False,False,False,False
SUP001107,GT006608,Regular,62,Refund request,Phone,Refund request,False,False,True,True,False,False
SUP001108,GT002486,Occasional,78,Accessibility,Email,Accessibility,False,False,False,False,False,False
SUP001109,GT009243,VIP,27,Accessibility,Email,Accessibility,False,False,False,False,False,False
SUP001110,GT006495,Regular,37,Refund request,Email,Refund request,False,False,False,False,False,False
SUP001111,GT000670,New,28,Accessibility,Email,Accessibility,False,False,False,False,False,False
SUP001112,GT002571,VIP,58,Enquiry,Phone,Enquiry,False,False,False,True,False,False
SUP001113,GT008956,Occasional,72,Accessibility,Email,Accessibility,False,False,False,False,False,False
SUP001114,GT008134,Occasional,33,Complaint,Email,Complaint,False,False,False,False,False,False
SUP001115,GT002108,Occasional,44,Refund request,Email,Refund request,False,False,False,False,True,False
SUP001116,GT008042,VIP,36,Complaint,Email,Complaint,False,False,False,False,False,False
SUP001117,GT000961,Occasional,63,Accessibility,Email,Accessibility,True,True,False,False,True,False
SUP001118,GT006616,Regular,60,Enquiry,Email,Enquiry,False,False,False,False,False,False
SUP001119,GT005188,Occasional,43,Complaint,Email,Complaint,False,False,False,False,False,False
SUP001120,GT008630,Occasional,39,Enquiry,Email,Enquiry,False,False,False,False,False,False
SUP001121,GT007636,Regular,53,Complaint,Email,Complaint,False,False,False,False,True,False
SUP001122,GT006064,New,66,Refund request,Phone,Refund request,False,False,False,True,False,False
SUP001123,GT002987,Regular,28,Refund request,Email,Refund request,False,False,False,False,False,False
SUP001124,GT001494,Occasional,23,Refund request,Phone,Enquiry,False,False,False,False,False,True
SUP001125,GT003620,Occasional,57,Refund request,Email,Refund request,False,False,False,False,False,False
SUP001126,GT000647,Regular,31,Enquiry,Email,Enquiry,False,False,False,False,True,False
SUP001127,GT009293,Occasional,31,Complaint,Phone,Complaint,False,False,False,True,False,False
SUP001128,GT005532,Occasional,30,Refund request,Email,Refund request,False,False,False,False,False,False
SUP001129,GT002209,Regular,52,Accessibility,Email,Accessibility,False,False,False,False,False,False
SUP001130,GT001035,Regular,56,Refund request,Email,Refund request,False,False,False,False,True,False
SUP001131,GT004780,VIP,50,Refund request,Email,Refund request,False,False,False,False,False,False
SUP001132,GT008305,Occasional,26,Enquiry,Phone,Enquiry,False,True,False,False,False,False
SUP001133,GT000925,Occasional,41,Enquiry,Email,Enquiry,False,False,False,False,True,False
SUP001134,GT004225,Occasional,66,Accessibility,Email,Accessibility,False,False,False,False,False,False
SUP001135,GT000407,VIP,45,Complaint,Email,Complaint,False,False,False,False,False,False
SUP001136,GT001495,Regular,24,Accessibility,Email,Accessibility,False,False,False,False,False,False
SUP001137,GT001521,Regular,32,Accessibility,Email,Accessibility,False,False,False,False,False,False
SUP001138,GT000038,Occasional,65,Refund request,Phone,Refund request,False,False,False,True,False,False
SUP001139,GT003912,Regular,72,Accessibility,Email,Accessibility,False,False,False,False,False,False
SUP001140,GT000364,Occasional,36,Enquiry,Email,Enquiry,False,False,False,False,True,False
SUP001141,GT007174,Occasional,37,Complaint,Email,Complaint,False,False,False,False,False,False
SUP001142,GT003208,Occasional,48,Refund request,Phone,Refund request,False,False,False,True,False,False
SUP001143,GT009613,VIP,76,Enquiry,Email,Enquiry,False,False,False,False,False,False
SUP001144,GT003937,New,82,Complaint,Email,Complaint,False,False,False,False,False,False
SUP001145,GT003749,Occasional,72,Accessibility,Phone,Accessibility,False,False,False,True,False,False
SUP001146,GT003688,Regular,30,Accessibility,Phone,Accessibility,False,False,False,True,False,False
SUP001147,GT002954,Regular,31,Complaint,Phone,Complaint,False,False,False,True,False,False
SUP001148,GT009579,Occasional,38,Accessibility,Email,Accessibility,False,False,False,False,False,False
SUP001149,GT002227,Occasional,37,Refund request,Email,Refund request,True,False,False,False,True,False
SUP001150,GT005078,Regular,55,Accessibility,Email,Accessibility,True,False,False,False,True,False
SUP001151,GT009780,New,67,Accessibility,Email,Accessibility,True,False,False,False,False,False
SUP001152,GT005558,VIP,39,Enquiry,Email,Enquiry,False,False,False,False,True,False
SUP001153,GT007297,Occasional,49,Complaint,Email,Complaint,False,False,False,False,False,False
SUP001154,GT004232,VIP,65,Enquiry,Phone,Enquiry,False,False,False,False,False,False
SUP001155,GT000841,VIP,70,Refund request,Phone,Refund request,False,False,False,False,False,False
SUP001156,GT008758,Occasional,39,Enquiry,Email,Enquiry,False,False,False,False,True,False
SUP001157,GT006173,Regular,38,Enquiry,Email,Enquiry,False,True,False,False,False,False
SUP001158,GT000099,Regular,64,Complaint,Email,Complaint,False,False,False,False,False,False
SUP001159,GT006219,VIP,71,Complaint,Email,Complaint,False,True,False,False,False,False
SUP001160,GT003992,Occasional,46,Complaint,Email,Complaint,False,False,False,False,False,False
SUP001161,GT000284,Occasional,74,Accessibility,Phone,Accessibility,False,False,False,True,False,False
SUP001162,GT009579,Occasional,38,Refund request,Phone,Refund request,False,False,False,False,False,False
SUP001163,GT007088,Regular,63,Enquiry,Email,Enquiry,False,False,False,False,False,False
SUP001164,GT007765,Occasional,81,Accessibility,Email,Accessibility,False,False,False,False,False,False
SUP001165,GT006067,Regular,33,Accessibility,Email,Accessibility,False,False,False,False,False,False
SUP001166,GT000677,Occasional,48,Refund request,Email,Refund request,False,False,False,False,False,False
SUP001167,GT004012,Occasional,40,Refund request,Email,Refund request,False,False,False,False,False,False
SUP001168,GT008377,Regular,42,Enquiry,Email,Enquiry,False,False,False,False,True,False
SUP001169,GT000324,Regular,29,Accessibility,Phone,Accessibility,False,False,False,False,False,False
SUP001170,GT009976,Occasional,81,Refund request,Phone,Refund request,False,False,False,True,False,False
SUP001171,GT001263,Regular,63,Refund request,Phone,Refund request,False,False,False,False,False,False
SUP001172,GT007247,Regular,42,Complaint,Email,Complaint,False,False,False,False,True,False
SUP001173,GT005831,Occasional,26,Complaint,Email,Complaint,False,False,False,False,True,False
SUP001174,GT006924,VIP,42,Complaint,Email,Accessibility,False,False,False,False,True,True
SUP001175,GT000824,Occasional,64,Accessibility,Email,Accessibility,False,False,False,False,False,False
SUP001176,GT009378,VIP,45,Refund request,Phone,Refund request,True,False,False,True,False,False
SUP001177,GT009665,Occasional,55,Refund request,Email,Refund request,False,False,False,False,False,False
SUP001178,GT007317,New,49,Refund request,Phone,Refund request,False,False,False,True,False,False
SUP001179,GT006731,Occasional,46,Refund request,Email,Refund request,False,False,False,False,True,False
SUP001180,GT000443,VIP,27,Refund request,Email,Refund request,False,False,False,False,True,False
SUP001181,GT001083,Regular,79,Accessibility,Phone,Accessibility,False,False,False,False,False,False
SUP001182,GT007580,Regular,62,Refund request,Email,Refund request,False,False,False,False,False,False
SUP001183,GT006978,Regular,68,Accessibility,Email,Accessibility,False,False,False,False,True,False
SUP001184,GT007434,Regular,81,Accessibility,Phone,Accessibility,False,False,False,False,False,False
SUP001185,GT007639,Occasional,22,Enquiry,Phone,Enquiry,False,False,False,False,False,False
SUP001186,GT004640,Regular,31,Refund request,Email,Refund request,True,False,False,False,False,False
SUP001187,GT000132,Occasional,31,Complaint,Email,Refund request,False,False,False,False,True,True
SUP001188,GT000347,New,83,Accessibility,Email,Accessibility,False,False,False,False,False,False
SUP001189,GT005568,Occasional,33,Refund request,Email,Refund request,False,False,False,False,False,False
SUP001190,GT000049,Occasional,32,Accessibility,Email,Accessibility,False,False,False,False,False,False
SUP001191,GT001847,Regular,58,Refund request,Email,Refund request,False,False,False,False,False,False
SUP001192,GT008210,Regular,78,Accessibility,Email,Accessibility,False,False,False,False,True,False
SUP001193,GT008141,Regular,52,Enquiry,Phone,Enquiry,False,False,True,False,False,False
SUP001194,GT002646,VIP,30,Complaint,Phone,Complaint,False,False,False,True,False,False
SUP001195,GT005559,Regular,61,Refund request,Phone,Refund request,False,False,False,False,False,False
SUP001196,GT004510,Occasional,55,Accessibility,Phone,Accessibility,False,False,False,False,False,False
SUP001197,GT004446,VIP,50,Refund request,Email,Refund request,False,False,False,False,False,False
SUP001198,GT002867,New,31,Accessibility,Phone,Accessibility,False,False,False,False,False,False
SUP001199,GT005569,Regular,74,Enquiry,Email,Enquiry,False,False,False,False,False,False
SUP001200,GT007481,Occasional,42,Enquiry,Email,Enquiry,False,False,False,False,False,False
SUP001201,GT004853,Regular,59,Refund request,Email,Refund request,False,False,False,False,False,False
SUP001202,GT006661,VIP,43,Refund request,Email,Refund request,False,False,False,False,False,False
SUP001203,GT005196,Occasional,29,Enquiry,Email,Enquiry,False,False,False,False,False,False
SUP001204,GT004669,Regular,48,Complaint,Email,Enquiry,False,False,False,False,False,True
SUP001205,GT006308,Occasional,72,Accessibility,Email,Accessibility,False,False,False,False,False,False
SUP001206,GT006503,Regular,58,Complaint,Email,Complaint,False,False,False,False,True,False
SUP001207,GT006596,Regular,72,Accessibility,Phone,Accessibility,False,False,False,False,False,False
SUP001208,GT008319,Occasional,76,Refund request,Phone,Refund request,False,False,False,False,False,False
SUP001209,GT007605,Occasional,55,Refund request,Email,Complaint,False,False,False,False,True,True
SUP001210,GT000753,Occasional,75,Refund request,Email,Refund request,False,False,False,False,False,False
SUP001211,GT007347,Occasional,39,Complaint,Email,Complaint,False,False,False,False,False,False
SUP001212,GT009613,VIP,76,Complaint,Phone,Complaint,False,False,False,True,False,False
SUP001213,GT002545,Occasional,64,Complaint,Email,Complaint,False,False,False,False,False,False
SUP001214,GT002904,Occasional,82,Refund request,Email,Refund request,False,False,False,False,False,False
SUP001215,GT009501,Occasional,25,Complaint,Email,Complaint,False,False,False,False,False,False
SUP001216,GT004213,Occasional,51,Enquiry,Email,Enquiry,False,False,False,False,False,False
SUP001217,GT002649,Regular,37,Refund request,Email,Accessibility,False,False,False,False,False,True
SUP001218,GT001781,Occasional,49,Refund request,Email,Refund request,False,False,False,False,True,False
SUP001219,GT003293,VIP,21,Complaint,Email,Complaint,False,True,False,False,False,False
SUP001220,GT008799,VIP,21,Refund request,Email,Refund request,False,False,False,False,True,False
SUP001221,GT003681,Occasional,50,Refund request,Email,Enquiry,False,False,False,False,True,True
SUP001222,GT008851,Regular,68,Complaint,Phone,Complaint,False,False,False,False,False,False
SUP001223,GT000301,New,42,Refund request,Phone,Refund request,False,False,False,False,False,False
SUP001224,GT007093,Occasional,63,Accessibility,Email,Accessibility,False,False,False,False,False,False
SUP001225,GT003912,Regular,72,Enquiry,Email,Enquiry,False,False,False,False,True,False
SUP001226,GT009330,VIP,35,Complaint,Phone,Complaint,False,False,False,False,False,False
SUP001227,GT000087,Regular,23,Refund request,Email,Refund request,False,False,False,False,False,False
SUP001228,GT003845,VIP,20,Refund request,Email,Refund request,False,True,False,False,True,False
SUP001229,GT009474,Occasional,45,Complaint,Phone,Complaint,False,False,False,True,False,False
SUP001230,GT008211,Occasional,36,Accessibility,Email,Accessibility,False,False,False,False,False,False
SUP001231,GT004856,Occasional,40,Complaint,Phone,Complaint,False,False,False,False,False,False
SUP001232,GT004506,VIP,63,Refund request,Email,Refund request,False,False,False,False,False,False
SUP001233,GT000284,Occasional,74,Refund request,Email,Refund request,False,False,False,False,False,False
SUP001234,GT002811,Occasional,75,Refund request,Phone,Accessibility,False,False,False,True,False,True
SUP001235,GT004877,New,28,Refund request,Email,Refund request,False,False,False,False,False,False
SUP001236,GT001589,Regular,52,Refund request,Phone,Refund request,False,False,False,True,False,False
SUP001237,GT006530,Occasional,82,Refund request,Email,Refund request,False,False,False,False,True,False
SUP001238,GT004458,Regular,32,Enquiry,Phone,Enquiry,True,True,False,False,False,False
SUP001239,GT006935,Regular,75,Complaint,Email,Complaint,False,True,False,False,False,False
SUP001240,GT007093,Occasional,63,Accessibility,Phone,Accessibility,False,False,False,False,False,False
SUP001241,GT004889,Occasional,62,Refund request,Email,Refund request,False,False,False,False,True,False
SUP001242,GT009378,VIP,45,Refund request,Email,Enquiry,False,False,False,False,False,True
SUP001243,GT007341,Occasional,32,Accessibility,Phone,Accessibility,False,False,False,False,False,False
SUP001244,GT004086,Regular,60,Refund request,Email,Refund request,False,False,False,False,False,False
SUP001245,GT006584,Regular,41,Refund request,Email,Refund request,False,False,True,False,False,False
SUP001246,GT000020,Occasional,20,Complaint,Email,Enquiry,False,False,False,False,True,True
SUP001247,GT005215,Occasional,19,Accessibility,Phone,Accessibility,False,False,False,True,False,False
SUP001248,GT006197,Regular,72,Complaint,Phone,Complaint,False,False,False,True,False,False
SUP001249,GT002522,Regular,28,Enquiry,Email,Enquiry,False,False,True,False,False,False
SUP001250,GT006221,Occasional,51,Enquiry,Email,Enquiry,False,False,True,False,False,False
SUP001251,GT008196,Regular,54,Enquiry,Email,Enquiry,False,False,False,False,True,False
SUP001252,GT002007,Regular,26,Enquiry,Phone,Enquiry,False,False,False,True,False,False
SUP001253,GT003086,Occasional,58,Refund request,Phone,Refund request,False,False,False,False,False,False
SUP001254,GT004232,VIP,65,Accessibility,Email,Accessibility,False,False,False,False,False,False
SUP001255,GT009868,Regular,58,Refund request,Phone,Refund request,False,False,False,False,False,False
SUP001256,GT002488,Regular,77,Refund request,Email,Refund request,False,False,False,False,False,False
SUP001257,GT000387,New,55,Refund request,Phone,Refund request,False,False,False,False,False,False
SUP001258,GT006599,Regular,24,Enquiry,Email,Enquiry,False,False,False,False,False,False
SUP001259,GT005498,Occasional,36,Accessibility,Email,Accessibility,False,False,False,False,False,False
SUP001260,GT000751,Regular,59,Enquiry,Phone,Enquiry,False,False,False,True,False,False
SUP001261,GT005970,Regular,76,Complaint,Email,Complaint,False,False,False,False,False,False
SUP001262,GT006148,VIP,62,Accessibility,Email,Accessibility,False,False,False,False,False,False
SUP001263,GT003794,Occasional,43,Enquiry,Email,Enquiry,False,False,False,False,False,False
SUP001264,GT005687,Occasional,48,Enquiry,Email,Enquiry,True,False,False,False,False,False
SUP001265,GT007736,New,47,Refund request,Email,Refund request,False,False,False,False,True,False
SUP001266,GT006326,Regular,44,Enquiry,Email,Enquiry,False,False,False,False,False,False
SUP001267,GT008360,Occasional,55,Refund request,Phone,Refund request,False,True,False,False,False,False
SUP001268,GT006130,Regular,72,Refund request,Email,Refund request,False,False,False,False,False,False
SUP001269,GT002355,Occasional,32,Complaint,Email,Complaint,False,False,False,False,False,False
SUP001270,GT004779,Occasional,47,Refund request,Phone,Accessibility,False,False,False,False,False,True
SUP001271,GT005422,Occasional,21,Enquiry,Email,Enquiry,True,False,False,False,False,False
SUP001272,GT002565,New,70,Refund request,Email,Refund request,False,False,False,False,False,False
SUP001273,GT003517,Occasional,58,Refund request,Email,Refund request,False,False,False,False,False,False
SUP001274,GT003468,New,45,Complaint,Email,Complaint,False,False,True,False,False,False
SUP001275,GT008667,Regular,34,Accessibility,Email,Accessibility,False,False,False,False,False,False
SUP001276,GT004343,Occasional,51,Refund request,Email,Refund request,False,False,False,False,False,False
SUP001277,GT008399,Regular,31,Complaint,Email,Complaint,False,False,False,False,False,False
SUP001278,GT006565,Occasional,44,Enquiry,Phone,Enquiry,False,False,False,False,False,False
SUP001279,GT002226,Regular,61,Refund request,Email,Refund request,True,False,False,False,False,False
SUP001280,GT001232,Occasional,77,Accessibility,Email,Accessibility,False,False,False,False,False,False
SUP001281,GT005404,Occasional,78,Accessibility,Phone,Accessibility,False,False,False,False,False,False
SUP001282,GT006286,Occasional,27,Accessibility,Email,Accessibility,False,False,False,False,False,False
SUP001283,GT007088,Regular,63,Complaint,Email,Complaint,False,False,True,False,False,False
SUP001284,GT004404,Occasional,22,Refund request,Phone,Refund request,False,True,False,False,False,False
SUP001285,GT003081,Regular,26,Refund request,Email,Refund request,False,False,False,False,False,False
SUP001286,GT000347,New,83,Enquiry,Email,Enquiry,False,False,False,False,False,False
SUP001287,GT005487,Regular,30,Refund request,Email,Refund request,False,False,False,False,True,False
SUP001288,GT008252,Occasional,44,Refund request,Email,Refund request,False,False,False,False,True,False
SUP001289,GT009297,New,26,Accessibility,Email,Accessibility,False,False,False,False,False,False
SUP001290,GT009587,VIP,76,Refund request,Email,Accessibility,False,False,True,False,False,True
SUP001291,GT002858,VIP,59,Complaint,Email,Complaint,False,False,False,False,False,False
SUP001292,GT007134,VIP,33,Enquiry,Email,Enquiry,False,False,False,False,True,False
SUP001293,GT001251,Occasional,50,Refund request,Email,Refund request,False,False,False,False,True,False
SUP001294,GT000649,Occasional,71,Refund request,Email,Refund request,False,False,False,False,False,False
SUP001295,GT009531,Regular,59,Enquiry,Phone,Enquiry,False,False,True,False,False,False
SUP001296,GT007811,Regular,59,Enquiry,Email,Enquiry,False,False,False,False,False,False
SUP001297,GT001479,VIP,34,Refund request,Phone,Refund request,False,False,False,True,False,False
SUP001298,GT001812,Occasional,73,Accessibility,Email,Accessibility,False,False,False,False,False,False
SUP001299,GT001289,VIP,65,Enquiry,Email,Enquiry,False,False,False,False,False,False
SUP001300,GT005844,Occasional,46,Refund request,Phone,Refund request,False,False,False,False,False,False
SUP001301,GT008049,Occasional,74,Enquiry,Email,Enquiry,False,False,False,False,False,False
SUP001302,GT009529,VIP,49,Complaint,Phone,Complaint,False,False,False,False,False,False
SUP001303,GT009591,New,66,Refund request,Email,Refund request,False,False,False,False,False,False
SUP001304,GT002327,Occasional,50,Complaint,Email,Complaint,False,False,False,False,False,False
SUP001305,GT005032,Occasional,63,Accessibility,Email,Accessibility,False,False,False,False,False,False
SUP001306,GT008957,New,57,Accessibility,Phone,Accessibility,False,False,False,False,False,False
SUP001307,GT008037,Occasional,46,Enquiry,Email,Enquiry,False,False,False,False,True,False
SUP001308,GT001791,Regular,36,Refund request,Email,Refund request,False,False,False,False,False,False
SUP001309,GT002846,Occasional,19,Refund request,Email,Refund request,False,True,False,False,True,False
SUP001310,GT004983,Occasional,31,Complaint,Email,Complaint,False,True,False,False,True,False
SUP001311,GT002373,Regular,55,Complaint,Email,Complaint,False,False,False,False,False,False
SUP001312,GT003195,Occasional,62,Refund request,Email,Refund request,False,False,False,False,True,False
SUP001313,GT004522,Occasional,48,Enquiry,Email,Enquiry,False,False,False,False,False,False
SUP001314,GT007225,Regular,70,Refund request,Email,Refund request,False,False,False,False,False,False
SUP001315,GT007922,Occasional,55,Refund request,Email,Refund request,False,False,False,False,False,False
SUP001316,GT003904,Occasional,58,Refund request,Email,Refund request,False,False,False,False,False,False
SUP001317,GT003209,VIP,57,Enquiry,Email,Enquiry,False,False,False,False,False,False
SUP001318,GT008692,Regular,64,Refund request,Email,Refund request,False,False,False,False,False,False
SUP001319,GT007645,VIP,52,Refund request,Email,Refund request,False,False,False,False,True,False
SUP001320,GT000750,Regular,73,Accessibility,Phone,Accessibility,False,False,False,False,False,False
SUP001321,GT009910,New,32,Refund request,Email,Refund request,False,False,False,False,False,False
SUP001322,GT001138,Regular,75,Complaint,Email,Complaint,False,False,False,False,False,False
SUP001323,GT001827,VIP,44,Accessibility,Email,Accessibility,False,False,False,False,True,False
SUP001324,GT002265,Occasional,21,Enquiry,Phone,Enquiry,False,False,False,True,False,False
SUP001325,GT007302,VIP,30,Accessibility,Email,Accessibility,False,False,False,False,False,False
SUP001326,GT004461,New,44,Refund request,Phone,Refund request,False,False,False,False,False,False
SUP001327,GT004356,Regular,22,Refund request,Phone,Refund request,False,False,False,False,False,False
SUP001328,GT001453,Regular,55,Complaint,Email,Complaint,False,False,False,False,True,False
SUP001329,GT009522,Occasional,27,Enquiry,Email,Enquiry,False,False,False,False,False,False
SUP001330,GT002323,New,27,Refund request,Email,Refund request,False,False,False,False,True,False
SUP001331,GT002636,Occasional,23,Complaint,Phone,Complaint,False,False,False,False,False,False
SUP001332,GT006968,Occasional,59,Complaint,Email,Complaint,False,False,False,False,False,False
SUP001333,GT003598,Regular,79,Refund request,Email,Refund request,False,False,False,False,False,False
SUP001334,GT002782,Occasional,24,Refund request,Email,Refund request,False,False,False,False,False,False
SUP001335,GT007066,Regular,21,Enquiry,Email,Enquiry,False,False,False,False,False,False
SUP001336,GT003960,Regular,64,Enquiry,Email,Enquiry,False,False,False,False,False,False
SUP001337,GT004658,Occasional,52,Refund request,Email,Refund request,False,False,False,False,False,False
SUP001338,GT005801,VIP,31,Enquiry,Phone,Enquiry,False,False,False,True,False,False
SUP001339,GT008522,Occasional,30,Refund request,Phone,Refund request,False,False,False,False,False,False
SUP001340,GT004300,Occasional,27,Enquiry,Email,Enquiry,False,False,False,False,False,False
SUP001341,GT001621,Occasional,71,Accessibility,Email,Accessibility,False,True,False,False,True,False
SUP001342,GT009451,Regular,59,Complaint,Phone,Complaint,True,False,False,True,False,False
SUP001343,GT009477,Occasional,32,Accessibility,Email,Accessibility,False,False,False,False,False,False
SUP001344,GT004665,Regular,27,Complaint,Email,Complaint,False,False,False,False,True,False
SUP001345,GT005982,Occasional,43,Accessibility,Email,Accessibility,False,False,False,False,True,False
SUP001346,GT008168,Regular,76,Accessibility,Email,Accessibility,False,False,False,False,False,False
SUP001347,GT005124,Regular,31,Enquiry,Email,Enquiry,False,False,False,False,False,False
SUP001348,GT003113,New,68,Enquiry,Email,Enquiry,False,False,False,False,False,False
SUP001349,GT005963,Regular,38,Refund request,Email,Refund request,False,False,True,False,False,False
SUP001350,GT008049,Occasional,74,Refund request,Phone,Refund request,False,False,False,False,False,False
SUP001351,GT004216,VIP,47,Refund request,Email,Refund request,False,False,False,False,False,False
SUP001352,GT000286,Regular,55,Refund request,Phone,Refund request,False,False,False,False,False,False
SUP001353,GT009965,Occasional,76,Complaint,Phone,Complaint,False,False,False,False,False,False
SUP001354,GT008522,Occasional,30,Accessibility,Phone,Accessibility,False,False,False,False,False,False
SUP001355,GT006907,Occasional,46,Enquiry,Phone,Enquiry,False,False,False,True,False,False
SUP001356,GT004987,Regular,78,Accessibility,Email,Accessibility,False,False,False,False,True,False
SUP001357,GT008806,Occasional,51,Accessibility,Phone,Accessibility,False,False,False,False,False,False
SUP001358,GT008115,New,23,Refund request,Phone,Refund request,False,False,False,False,False,False
SUP001359,GT001643,Occasional,68,Refund request,Email,Enquiry,False,False,False,False,True,True
SUP001360,GT005876,Regular,39,Refund request,Email,Refund request,False,False,False,False,False,False
SUP001361,GT009205,Regular,44,Refund request,Email,Refund request,False,False,False,False,True,False
SUP001362,GT004308,Occasional,81,Refund request,Phone,Refund request,False,False,False,False,False,False
SUP001363,GT004259,Occasional,55,Enquiry,Email,Enquiry,False,False,False,False,False,False
SUP001364,GT005384,Occasional,85,Accessibility,Phone,Accessibility,False,False,True,False,False,False
SUP001365,GT009864,Regular,42,Complaint,Phone,Complaint,False,False,False,False,False,False
SUP001366,GT003479,Regular,42,Complaint,Email,Complaint,False,True,False,False,False,False
SUP001367,GT005580,VIP,43,Refund request,Phone,Refund request,False,False,False,False,False,False
SUP001368,GT009377,Regular,59,Enquiry,Phone,Enquiry,False,False,False,True,False,False
SUP001369,GT008178,Occasional,24,Refund request,Email,Refund request,False,False,False,False,False,False
SUP001370,GT002167,Occasional,45,Refund request,Email,Refund request,False,False,False,False,True,False
SUP001371,GT001085,Regular,68,Refund request,Phone,Refund request,False,False,False,True,False,False
SUP001372,GT005375,Regular,54,Refund request,Phone,Refund request,False,False,False,False,False,False
SUP001373,GT001756,Regular,32,Accessibility,Email,Complaint,False,False,False,False,False,True
SUP001374,GT007219,Occasional,85,Complaint,Phone,Complaint,False,False,False,False,False,False
SUP001375,GT003819,VIP,26,Complaint,Email,Refund request,False,False,False,False,False,True
SUP001376,GT003477,Occasional,48,Accessibility,Email,Accessibility,False,False,False,False,False,False
SUP001377,GT007903,Regular,48,Complaint,Email,Complaint,False,False,False,False,False,False
SUP001378,GT007135,Regular,35,Refund request,Email,Refund request,False,False,False,False,True,False
SUP001379,GT002118,Occasional,52,Refund request,Phone,Refund request,False,False,False,False,False,False
SUP001380,GT009607,Occasional,21,Accessibility,Email,Accessibility,False,False,False,False,True,False
SUP001381,GT000146,Regular,59,Accessibility,Phone,Accessibility,False,False,False,False,False,False
SUP001382,GT005456,Occasional,48,Complaint,Email,Complaint,False,False,False,False,False,False
SUP001383,GT003131,VIP,66,Refund request,Email,Refund request,False,False,False,False,False,False
SUP001384,GT005746,VIP,65,Refund request,Email,Refund request,False,True,False,False,False,False
SUP001385,GT008194,Occasional,58,Refund request,Email,Refund request,False,False,False,False,False,False
SUP001386,GT007756,Occasional,19,Refund request,Phone,Accessibility,False,False,False,False,False,True
SUP001387,GT008487,Regular,71,Accessibility,Email,Accessibility,False,False,False,False,False,False
SUP001388,GT005082,Occasional,63,Accessibility,Email,Accessibility,False,False,False,False,False,False
SUP001389,GT009169,VIP,75,Complaint,Email,Complaint,False,False,False,False,False,False
SUP001390,GT008741,VIP,36,Enquiry,Email,Enquiry,False,False,False,False,False,False
SUP001391,GT003620,Occasional,57,Refund request,Email,Refund request,False,False,False,False,False,False
SUP001392,GT005849,Occasional,23,Refund request,Email,Refund request,False,False,False,False,False,False
SUP001393,GT008904,Regular,40,Enquiry,Email,Enquiry,False,False,False,False,True,False
SUP001394,GT002607,Occasional,76,Accessibility,Phone,Accessibility,False,False,False,False,False,False
SUP001395,GT003710,VIP,48,Complaint,Email,Complaint,False,False,False,False,False,False
SUP001396,GT003118,Occasional,50,Accessibility,Phone,Accessibility,False,False,False,False,False,False
SUP001397,GT003743,Occasional,54,Complaint,Email,Complaint,False,False,False,False,False,False
SUP001398,GT003965,Regular,25,Refund request,Phone,Refund request,False,False,False,False,False,False
SUP001399,GT001820,Regular,54,Enquiry,Phone,Enquiry,False,False,True,False,False,False
SUP001400,GT003407,Regular,20,Accessibility,Phone,Accessibility,False,False,False,False,False,False
SUP001401,GT002879,Regular,21,Accessibility,Email,Accessibility,False,False,False,False,False,False
SUP001402,GT008052,Occasional,73,Refund request,Email,Refund request,False,False,False,False,False,False
SUP001403,GT004981,Occasional,30,Complaint,Email,Complaint,False,False,False,False,False,False
SUP001404,GT000233,New,34,Refund request,Email,Refund request,False,False,False,False,True,False
SUP001405,GT005635,VIP,51,Accessibility,Phone,Accessibility,False,False,False,False,False,False
SUP001406,GT002436,Regular,74,Accessibility,Phone,Accessibility,False,False,False,True,False,False
SUP001407,GT004299,Regular,67,Refund request,Email,Refund request,False,True,False,False,False,False
SUP001408,GT001954,Occasional,52,Enquiry,Email,Enquiry,False,False,False,False,False,False
SUP001409,GT008841,Regular,56,Complaint,Email,Complaint,False,False,False,False,True,False
SUP001410,GT004995,New,25,Accessibility,Phone,Accessibility,False,False,False,True,False,False
SUP001411,GT006427,Occasional,39,Refund request,Phone,Refund request,False,False,False,False,False,False
SUP001412,GT009800,Regular,34,Accessibility,Email,Accessibility,False,False,False,False,False,False
SUP001413,GT007069,Regular,73,Enquiry,Phone,Enquiry,False,False,False,True,False,False
SUP001414,GT004099,Occasional,32,Complaint,Email,Complaint,False,False,False,False,True,False
SUP001415,GT004734,Regular,57,Refund request,Phone,Refund request,False,False,False,False,False,False
SUP001416,GT000217,VIP,59,Accessibility,Phone,Accessibility,False,True,True,False,False,False
SUP001417,GT001127,VIP,74,Refund request,Email,Refund request,False,False,False,False,False,False
SUP001418,GT009478,Regular,51,Enquiry,Phone,Enquiry,False,False,False,False,False,False
SUP001419,GT001494,Occasional,23,Refund request,Email,Refund request,False,False,False,False,True,False
SUP001420,GT006859,Occasional,24,Enquiry,Phone,Enquiry,False,False,False,True,False,False
SUP001421,GT002969,Regular,66,Accessibility,Email,Accessibility,True,False,False,False,False,False
SUP001422,GT004779,Occasional,47,Complaint,Phone,Complaint,False,False,False,False,False,False
SUP001423,GT006360,Regular,40,Refund request,Email,Refund request,False,False,False,False,False,False
SUP001424,GT007098,Occasional,32,Refund request,Phone,Refund request,False,False,True,False,False,False
SUP001425,GT002250,Regular,60,Accessibility,Phone,Accessibility,False,False,False,False,False,False
SUP001426,GT004437,Occasional,39,Complaint,Email,Complaint,False,False,False,False,False,False
SUP001427,GT008331,Occasional,22,Refund request,Email,Refund request,False,False,False,False,False,False
SUP001428,GT000414,Occasional,58,Accessibility,Email,Accessibility,False,False,False,False,False,False
SUP001429,GT000212,Regular,71,Accessibility,Phone,Accessibility,False,False,False,False,False,False
SUP001430,GT002133,Regular,81,Enquiry,Email,Enquiry,False,False,False,False,False,False
SUP001431,GT000603,New,56,Accessibility,Email,Accessibility,False,False,False,False,True,False
SUP001432,GT004607,VIP,47,Refund request,Email,Refund request,False,False,False,False,False,False
SUP001433,GT000863,Occasional,21,Refund request,Email,Complaint,False,False,False,False,True,True
SUP001434,GT000251,VIP,58,Enquiry,Phone,Enquiry,False,False,False,False,False,False
SUP001435,GT001206,Occasional,39,Complaint,Email,Complaint,False,False,False,False,True,False
SUP001436,GT001823,Regular,38,Refund request,Email,Refund request,False,False,False,False,False,False
SUP001437,GT009167,Regular,77,Accessibility,Email,Accessibility,False,False,False,False,False,False
SUP001438,GT008310,Occasional,23,Accessibility,Email,Accessibility,False,False,False,False,False,False
SUP001439,GT003457,Occasional,59,Enquiry,Email,Enquiry,False,False,True,False,False,False
SUP001440,GT005149,Regular,58,Refund request,Phone,Refund request,False,False,False,False,False,False
SUP001441,GT009537,New,25,Enquiry,Email,Enquiry,False,False,False,False,False,False
SUP001442,GT007050,Occasional,28,Refund request,Phone,Refund request,False,False,False,False,False,False
SUP001443,GT004959,Occasional,62,Refund request,Email,Refund request,False,False,False,False,False,False
SUP001444,GT006587,Occasional,20,Accessibility,Email,Accessibility,False,False,False,False,False,False
SUP001445,GT007864,Regular,68,Accessibility,Email,Refund request,False,False,False,False,False,True
SUP001446,GT007015,Occasional,57,Refund request,Email,Refund request,False,False,False,False,False,False
SUP001447,GT001657,Regular,60,Accessibility,Email,Accessibility,True,False,False,False,True,False
SUP001448,GT005012,Regular,65,Refund request,Phone,Refund request,False,False,False,True,False,False
SUP001449,GT004866,Regular,50,Enquiry,Email,Enquiry,False,False,False,False,False,False
SUP001450,GT005206,VIP,24,Refund request,Email,Refund request,False,False,True,False,False,False
SUP001451,GT003120,VIP,45,Accessibility,Email,Accessibility,False,False,False,False,False,False
SUP001452,GT000673,Occasional,56,Refund request,Email,Refund request,False,False,False,False,False,False
SUP001453,GT009654,Regular,43,Enquiry,Email,Enquiry,False,False,False,False,False,False
SUP001454,GT000261,VIP,60,Complaint,Email,Complaint,False,True,False,False,True,False
SUP001455,GT003946,Regular,25,Accessibility,Email,Accessibility,False,False,False,False,False,False
SUP001456,GT005161,Regular,66,Enquiry,Email,Enquiry,False,False,False,False,True,False
SUP001457,GT005922,New,65,Refund request,Email,Refund request,False,False,False,False,True,False
SUP001458,GT002163,Occasional,74,Enquiry,Email,Complaint,True,False,False,False,True,True
SUP001459,GT006219,VIP,71,Complaint,Phone,Complaint,False,False,False,False,False,False
SUP001460,GT009572,Occasional,78,Accessibility,Email,Accessibility,False,False,False,False,False,False
SUP001461,GT005821,Regular,77,Refund request,Email,Refund request,False,False,False,False,True,False
SUP001462,GT005252,Regular,66,Refund request,Phone,Refund request,False,False,False,True,False,False
SUP001463,GT000702,VIP,69,Complaint,Email,Complaint,False,False,False,False,False,False
SUP001464,GT007517,New,64,Accessibility,Phone,Accessibility,False,False,False,False,False,False
SUP001465,GT002372,Regular,51,Accessibility,Email,Accessibility,False,False,False,False,False,False
SUP001466,GT006222,Occasional,59,Enquiry,Email,Enquiry,False,False,False,False,False,False
SUP001467,GT008450,Occasional,61,Complaint,Email,Complaint,True,False,False,False,False,False
SUP001468,GT008831,Occasional,39,Refund request,Email,Refund request,False,False,False,False,False,False
SUP001469,GT008059,Occasional,53,Refund request,Email,Refund request,False,False,False,False,False,False
SUP001470,GT000691,Regular,53,Refund request,Phone,Refund request,False,False,False,False,False,False
SUP001471,GT000428,VIP,22,Enquiry,Phone,Enquiry,False,False,False,False,False,False
SUP001472,GT002134,Regular,76,Refund request,Email,Refund request,False,False,False,False,True,False
SUP001473,GT001243,Regular,42,Complaint,Email,Complaint,False,False,False,False,False,False
SUP001474,GT006989,Regular,74,Complaint,Email,Accessibility,False,False,False,False,False,True
SUP001475,GT002140,Regular,52,Refund request,Email,Refund request,False,False,False,False,False,False
SUP001476,GT006946,Occasional,55,Refund request,Email,Refund request,False,False,False,False,False,False
SUP001477,GT009053,Regular,32,Refund request,Email,Refund request,False,False,False,False,False,False
SUP001478,GT008527,Occasional,50,Complaint,Phone,Complaint,False,False,False,True,False,False
SUP001479,GT005297,Occasional,37,Complaint,Email,Complaint,False,False,False,False,False,False
SUP001480,GT007364,Occasional,34,Refund request,Email,Refund request,False,False,False,False,True,False
SUP001481,GT004018,New,42,Accessibility,Email,Accessibility,False,False,False,False,True,False
SUP001482,GT009306,Regular,26,Refund request,Phone,Refund request,False,False,False,True,False,False
SUP001483,GT001012,New,83,Complaint,Phone,Complaint,False,False,True,False,False,False
SUP001484,GT009134,VIP,50,Enquiry,Phone,Enquiry,False,False,False,False,False,False
SUP001485,GT003912,Regular,72,Refund request,Email,Refund request,False,False,False,False,True,False
SUP001486,GT005357,Occasional,47,Refund request,Email,Refund request,False,False,False,False,False,False
SUP001487,GT002454,Regular,43,Complaint,Email,Complaint,False,False,False,False,True,False
SUP001488,GT007341,Occasional,32,Enquiry,Phone,Enquiry,False,False,False,False,False,False
SUP001489,GT006478,Regular,48,Refund request,Phone,Refund request,False,False,False,False,False,False
SUP001490,GT001398,Occasional,77,Accessibility,Email,Accessibility,False,False,False,False,False,False
SUP001491,GT009049,Regular,54,Enquiry,Email,Enquiry,False,False,False,False,False,False
SUP001492,GT006012,VIP,45,Refund request,Email,Refund request,False,False,False,False,True,False
SUP001493,GT008141,Regular,52,Complaint,Email,Complaint,False,False,False,False,True,False
SUP001494,GT001121,Occasional,43,Accessibility,Email,Accessibility,False,False,False,False,False,False
SUP001495,GT006747,VIP,33,Refund request,Phone,Refund request,False,False,False,True,False,False
SUP001496,GT003597,Regular,72,Accessibility,Phone,Accessibility,False,False,False,True,False,False
SUP001497,GT005089,Occasional,59,Accessibility,Phone,Accessibility,False,False,False,False,False,False
SUP001498,GT009431,Regular,41,Complaint,Email,Complaint,False,False,False,False,False,False
SUP001499,GT007707,Occasional,71,Refund request,Email,Refund request,False,False,False,False,False,False
SUP001500,GT007748,Occasional,64,Refund request,Email,Refund request,False,False,False,False,False,False
SUP001501,GT007289,Occasional,48,Enquiry,Email,Enquiry,False,False,False,False,True,False
SUP001502,GT000702,VIP,69,Complaint,Email,Complaint,False,False,False,False,True,False
SUP001503,GT002794,Occasional,77,Accessibility,Email,Accessibility,False,False,False,False,False,False
SUP001504,GT007543,Occasional,70,Complaint,Phone,Complaint,False,False,False,False,False,False
SUP001505,GT006573,Regular,41,Complaint,Phone,Complaint,False,False,False,True,False,False
SUP001506,GT002342,New,37,Refund request,Email,Refund request,False,False,False,False,False,False
SUP001507,GT000449,Occasional,59,Complaint,Email,Complaint,False,False,False,False,False,False
SUP001508,GT009968,Occasional,70,Accessibility,Email,Accessibility,False,False,False,False,False,False
SUP001509,GT000846,Regular,30,Accessibility,Phone,Accessibility,False,False,False,True,False,False
SUP001510,GT001221,Regular,76,Complaint,Phone,Complaint,False,False,False,False,False,False
SUP001511,GT007707,Occasional,71,Enquiry,Email,Enquiry,False,False,False,False,False,False
SUP001512,GT004031,Occasional,36,Refund request,Email,Refund request,False,False,False,False,True,False
SUP001513,GT000838,Occasional,58,Complaint,Phone,Complaint,False,False,False,False,False,False
SUP001514,GT001066,Regular,51,Refund request,Email,Refund request,False,False,False,False,False,False
SUP001515,GT009610,Regular,43,Refund request,Email,Refund request,False,False,False,False,False,False
SUP001516,GT000556,VIP,29,Complaint,Email,Complaint,False,False,False,False,False,False
SUP001517,GT006041,Regular,42,Refund request,Phone,Refund request,False,False,False,True,False,False
SUP001518,GT001786,Regular,80,Refund request,Email,Refund request,False,False,False,False,False,False
SUP001519,GT009633,Occasional,28,Refund request,Phone,Refund request,False,False,False,False,False,False
SUP001520,GT004996,Regular,60,Refund request,Email,Refund request,False,False,False,False,False,False
SUP001521,GT001776,Regular,35,Refund request,Phone,Refund request,False,False,False,False,False,False
SUP001522,GT009368,Occasional,45,Refund request,Email,Refund request,False,False,False,False,False,False
SUP001523,GT003385,Regular,74,Enquiry,Phone,Enquiry,False,False,False,False,False,False
SUP001524,GT006799,Occasional,53,Accessibility,Email,Accessibility,False,False,False,False,False,False
SUP001525,GT002737,Regular,62,Accessibility,Phone,Accessibility,False,False,False,False,False,False
SUP001526,GT001036,VIP,52,Complaint,Email,Complaint,False,False,False,False,False,False
SUP001527,GT000153,Occasional,65,Accessibility,Email,Accessibility,False,False,False,False,True,False
SUP001528,GT002180,Regular,58,Refund request,Phone,Refund request,False,False,True,False,False,False
SUP001529,GT005412,VIP,60,Complaint,Email,Complaint,True,False,True,False,False,False
SUP001530,GT002466,Occasional,38,Enquiry,Email,Accessibility,False,True,False,False,False,True
SUP001531,GT008719,VIP,60,Complaint,Phone,Complaint,False,False,True,False,False,False
SUP001532,GT008139,Regular,78,Enquiry,Email,Enquiry,False,False,False,False,False,False
SUP001533,GT002737,Regular,62,Complaint,Email,Complaint,False,True,False,False,False,False
SUP001534,GT004743,Regular,49,Refund request,Email,Refund request,False,False,False,False,False,False
SUP001535,GT008217,Regular,72,Refund request,Phone,Refund request,False,False,False,False,False,False
SUP001536,GT005203,Regular,52,Accessibility,Email,Accessibility,False,False,False,False,False,False
SUP001537,GT005364,Occasional,54,Enquiry,Email,Enquiry,False,False,False,False,False,False
SUP001538,GT006308,Occasional,72,Accessibility,Phone,Accessibility,False,False,False,False,False,False
SUP001539,GT004498,Occasional,72,Refund request,Email,Refund request,False,False,False,False,True,False
SUP001540,GT005400,Occasional,33,Refund request,Email,Refund request,True,False,False,False,False,False
SUP001541,GT000513,Regular,65,Complaint,Phone,Complaint,False,False,False,False,False,False
SUP001542,GT001192,Regular,42,Enquiry,Email,Enquiry,False,False,False,False,True,False
SUP001543,GT008317,VIP,22,Refund request,Email,Refund request,False,False,False,False,False,False
SUP001544,GT003807,Occasional,50,Accessibility,Email,Accessibility,False,False,False,False,False,False
SUP001545,GT005631,Regular,31,Refund request,Email,Refund request,False,False,False,False,True,False
SUP001546,GT006598,Regular,54,Refund request,Email,Refund request,False,False,False,False,False,False
SUP001547,GT005505,Occasional,47,Enquiry,Email,Enquiry,False,False,False,False,True,False
SUP001548,GT006990,Regular,62,Complaint,Phone,Accessibility,False,False,False,True,False,True
SUP001549,GT000239,VIP,32,Refund request,Email,Refund request,False,False,False,False,False,False
SUP001550,GT004578,VIP,66,Refund request,Phone,Refund request,False,False,False,False,False,False
SUP001551,GT008806,Occasional,51,Refund request,Email,Refund request,False,False,False,False,False,False
SUP001552,GT000633,Occasional,48,Enquiry,Phone,Enquiry,False,False,True,False,False,False
SUP001553,GT003174,New,68,Refund request,Email,Refund request,False,False,False,False,False,False
SUP001554,GT008916,Occasional,55,Enquiry,Email,Accessibility,False,False,False,False,False,True
SUP001555,GT006516,Regular,29,Refund request,Email,Refund request,False,True,False,False,True,False
SUP001556,GT000068,Regular,26,Accessibility,Phone,Accessibility,False,False,False,True,False,False
SUP001557,GT002204,Occasional,75,Complaint,Email,Complaint,False,False,False,False,True,False
SUP001558,GT005031,VIP,68,Complaint,Phone,Complaint,False,False,False,False,False,False
SUP001559,GT002349,Occasional,51,Refund request,Phone,Refund request,False,False,False,False,False,False
SUP001560,GT001415,Regular,38,Enquiry,Email,Enquiry,False,False,False,False,True,False
SUP001561,GT006829,Occasional,47,Enquiry,Email,Enquiry,False,False,False,False,False,False
SUP001562,GT002413,Occasional,85,Complaint,Phone,Complaint,False,False,False,True,False,False
SUP001563,GT009432,Regular,28,Refund request,Email,Refund request,False,False,False,False,False,False
SUP001564,GT007032,VIP,32,Enquiry,Email,Enquiry,False,False,False,False,False,False
SUP001565,GT005716,Occasional,56,Accessibility,Email,Accessibility,False,False,False,False,False,False
SUP001566,GT005493,Regular,64,Refund request,Email,Refund request,False,False,False,False,True,False
SUP001567,GT003885,Occasional,61,Enquiry,Phone,Enquiry,False,False,False,True,False,False
SUP001568,GT008869,New,81,Accessibility,Email,Accessibility,False,False,False,False,False,False
SUP001569,GT007557,New,22,Refund request,Email,Refund request,False,False,False,False,False,False
SUP001570,GT003160,VIP,49,Enquiry,Email,Enquiry,False,False,False,False,True,False
SUP001571,GT007733,Occasional,66,Accessibility,Email,Accessibility,False,False,False,False,False,False
SUP001572,GT008211,Occasional,36,Complaint,Phone,Complaint,False,False,False,True,False,False
SUP001573,GT009096,Occasional,57,Refund request,Email,Refund request,False,False,False,False,True,False
SUP001574,GT000687,Occasional,71,Refund request,Email,Refund request,False,False,False,False,False,False
SUP001575,GT002545,Occasional,64,Refund request,Phone,Refund request,False,False,False,True,False,False
SUP001576,GT001345,Occasional,51,Refund request,Email,Complaint,False,False,False,False,False,True
SUP001577,GT004180,VIP,47,Enquiry,Email,Enquiry,False,False,False,False,True,False
SUP001578,GT006867,Regular,25,Refund request,Email,Refund request,False,False,False,False,False,False
SUP001579,GT006129,Occasional,58,Refund request,Phone,Refund request,False,False,False,False,False,False
SUP001580,GT006400,Occasional,45,Complaint,Phone,Complaint,False,False,False,True,False,False
SUP001581,GT003155,Occasional,85,Accessibility,Email,Accessibility,False,False,False,False,False,False
SUP001582,GT000314,Occasional,44,Enquiry,Email,Enquiry,False,False,False,False,False,False
SUP001583,GT002672,VIP,28,Refund request,Email,Refund request,False,False,False,False,False,False
SUP001584,GT007383,Occasional,68,Accessibility,Phone,Accessibility,False,False,False,False,False,False
SUP001585,GT009316,Occasional,51,Enquiry,Email,Enquiry,False,False,False,False,False,False
SUP001586,GT009210,Occasional,26,Complaint,Phone,Complaint,True,False,False,False,False,False
SUP001587,GT005876,Regular,39,Refund request,Email,Refund request,False,False,False,False,False,False
SUP001588,GT009038,New,66,Accessibility,Email,Accessibility,False,False,False,False,True,False
SUP001589,GT007711,Occasional,35,Refund request,Phone,Refund request,False,False,False,False,False,False
SUP001590,GT005560,Occasional,62,Enquiry,Phone,Enquiry,False,False,False,False,False,False
SUP001591,GT004874,Occasional,62,Enquiry,Email,Enquiry,False,False,False,False,True,False
SUP001592,GT003706,Occasional,51,Refund request,Email,Refund request,False,False,False,False,True,False
SUP001593,GT001278,Regular,49,Enquiry,Email,Enquiry,False,False,False,False,True,False
SUP001594,GT009788,Regular,74,Accessibility,Email,Accessibility,False,False,False,False,False,False
SUP001595,GT002700,Occasional,31,Refund request,Email,Enquiry,False,False,False,False,False,True
SUP001596,GT007402,Occasional,35,Complaint,Email,Complaint,False,False,False,False,False,False
SUP001597,GT003195,Occasional,62,Enquiry,Email,Enquiry,False,False,False,False,False,False
SUP001598,GT004235,Occasional,60,Accessibility,Email,Accessibility,False,False,False,False,False,False
SUP001599,GT005913,Occasional,64,Enquiry,Email,Enquiry,False,False,False,False,True,False
SUP001600,GT001868,Occasional,60,Refund request,Phone,Refund request,False,False,False,False,False,False
SUP001601,GT005036,VIP,60,Accessibility,Phone,Accessibility,False,False,False,False,False,False
SUP001602,GT001120,Regular,41,Enquiry,Email,Enquiry,False,False,False,False,False,False
SUP001603,GT005968,Regular,20,Refund request,Phone,Refund request,False,False,False,True,False,False
SUP001604,GT006802,Regular,49,Accessibility,Email,Accessibility,False,False,False,False,False,False
SUP001605,GT003861,VIP,42,Refund request,Email,Refund request,False,False,False,False,True,False
SUP001606,GT003063,Regular,27,Complaint,Email,Complaint,False,False,False,False,False,False
SUP001607,GT006197,Regular,72,Enquiry,Email,Enquiry,False,False,False,False,True,False
SUP001608,GT009316,Occasional,51,Complaint,Phone,Complaint,False,False,False,True,False,False
SUP001609,GT005160,VIP,54,Complaint,Email,Complaint,False,False,False,False,True,False
SUP001610,GT001460,Occasional,57,Accessibility,Email,Accessibility,False,False,False,False,False,False
SUP001611,GT006152,Occasional,79,Refund request,Email,Refund request,False,False,False,False,True,False
SUP001612,GT006360,Regular,40,Accessibility,Email,Accessibility,False,False,False,False,False,False
SUP001613,GT001266,Regular,43,Enquiry,Email,Enquiry,False,False,False,False,False,False
SUP001614,GT000042,New,27,Complaint,Email,Complaint,False,False,False,False,False,False
SUP001615,GT004820,Regular,43,Refund request,Phone,Refund request,False,False,False,True,False,False
SUP001616,GT009698,Regular,68,Accessibility,Email,Accessibility,False,False,False,False,False,False
SUP001617,GT005377,Regular,50,Refund request,Email,Refund request,False,False,True,False,False,False
SUP001618,GT002927,Regular,67,Accessibility,Phone,Accessibility,False,False,False,True,False,False
SUP001619,GT007400,New,51,Refund request,Email,Refund request,False,False,False,False,True,False
SUP001620,GT009083,Occasional,30,Complaint,Phone,Complaint,False,False,False,False,False,False
SUP001621,GT000874,Occasional,54,Refund request,Phone,Refund request,False,False,False,False,False,False
SUP001622,GT005448,VIP,81,Refund request,Phone,Refund request,False,False,True,False,False,False
SUP001623,GT009286,New,49,Complaint,Phone,Complaint,False,False,False,False,False,False
SUP001624,GT000804,Occasional,22,Complaint,Phone,Complaint,False,False,False,True,False,False
SUP001625,GT004244,Occasional,60,Refund request,Email,Refund request,False,False,False,False,False,False
SUP001626,GT005687,Occasional,48,Refund request,Email,Refund request,False,False,False,False,False,False
SUP001627,GT002879,Regular,21,Refund request,Email,Refund request,False,False,False,False,False,False
SUP001628,GT004455,Occasional,20,Enquiry,Phone,Enquiry,False,False,False,False,False,False
SUP001629,GT008840,Occasional,39,Accessibility,Phone,Accessibility,False,False,False,True,False,False
SUP001630,GT008057,Occasional,66,Enquiry,Email,Enquiry,False,False,False,False,True,False
SUP001631,GT006124,Occasional,47,Refund request,Email,Refund request,False,True,False,False,False,False
SUP001632,GT000239,VIP,32,Refund request,Email,Refund request,False,False,False,False,False,False
SUP001633,GT000581,Regular,27,Enquiry,Phone,Enquiry,False,False,False,True,False,False
SUP001634,GT000371,New,22,Complaint,Phone,Complaint,False,False,False,False,False,False
SUP001635,GT005377,Regular,50,Accessibility,Email,Accessibility,False,False,False,False,False,False
SUP001636,GT004264,Occasional,54,Refund request,Email,Refund request,False,True,False,False,False,False
SUP001637,GT007129,Occasional,28,Accessibility,Email,Accessibility,False,False,False,False,True,False
SUP001638,GT008413,Regular,60,Enquiry,Phone,Enquiry,False,False,False,True,False,False
SUP001639,GT009310,Regular,50,Complaint,Email,Complaint,False,False,False,False,False,False
SUP001640,GT009486,Regular,38,Complaint,Email,Complaint,False,False,False,False,False,False
SUP001641,GT008956,Occasional,72,Accessibility,Phone,Accessibility,False,False,False,False,False,False
SUP001642,GT007736,New,47,Complaint,Email,Complaint,True,False,False,False,False,False
SUP001643,GT005051,New,64,Refund request,Email,Refund request,False,False,False,False,False,False
SUP001644,GT004460,Regular,48,Enquiry,Phone,Enquiry,False,False,False,True,False,False
SUP001645,GT002342,New,37,Refund request,Email,Refund request,False,False,False,False,False,False
SUP001646,GT005662,Regular,63,Refund request,Email,Refund request,False,False,False,False,False,False
SUP001647,GT000021,Occasional,28,Enquiry,Email,Enquiry,False,False,False,False,False,False
SUP001648,GT004853,Regular,59,Complaint,Phone,Complaint,False,False,False,True,False,False
SUP001649,GT009994,Occasional,52,Refund request,Email,Refund request,False,False,False,False,True,False
SUP001650,GT009002,Occasional,32,Refund request,Email,Refund request,False,False,False,False,True,False
SUP001651,GT009310,Regular,50,Refund request,Email,Refund request,False,False,False,False,True,False
SUP001652,GT009197,VIP,73,Enquiry,Phone,Enquiry,False,False,False,False,False,False
SUP001653,GT007689,Occasional,27,Complaint,Email,Complaint,False,False,False,False,False,False
SUP001654,GT009202,Regular,44,Accessibility,Email,Accessibility,False,False,False,False,False,False
SUP001655,GT008781,VIP,65,Complaint,Email,Complaint,False,False,False,False,False,False
SUP001656,GT008859,Regular,38,Complaint,Email,Complaint,False,False,False,False,False,False
SUP001657,GT008260,Regular,33,Refund request,Phone,Refund request,True,False,False,True,False,False
SUP001658,GT008399,Regular,31,Enquiry,Email,Enquiry,False,False,False,False,True,False
SUP001659,GT007102,Occasional,29,Accessibility,Email,Complaint,False,False,False,False,True,True
SUP001660,GT006484,VIP,35,Refund request,Phone,Refund request,False,False,False,False,False,False
SUP001661,GT008661,VIP,51,Accessibility,Email,Complaint,False,False,False,False,True,True
SUP001662,GT006206,Regular,63,Complaint,Phone,Complaint,False,False,False,True,False,False
SUP001663,GT006709,Occasional,83,Accessibility,Phone,Accessibility,False,True,True,False,False,False
SUP001664,GT001909,Occasional,72,Accessibility,Email,Accessibility,False,False,False,False,True,False
SUP001665,GT008993,VIP,30,Refund request,Email,Refund request,False,False,False,False,True,False
SUP001666,GT006599,Regular,24,Complaint,Email,Complaint,False,False,False,False,False,False
SUP001667,GT006802,Regular,49,Enquiry,Email,Enquiry,False,False,False,False,False,False
SUP001668,GT009222,VIP,21,Enquiry,Email,Enquiry,False,True,False,False,False,False
SUP001669,GT005037,Regular,43,Complaint,Email,Complaint,False,True,False,False,False,False
SUP001670,GT003766,Regular,73,Complaint,Phone,Complaint,False,False,False,False,False,False
SUP001671,GT007212,Regular,21,Refund request,Phone,Refund request,False,False,False,False,False,False
SUP001672,GT005803,VIP,69,Enquiry,Email,Enquiry,False,False,False,False,False,False
SUP001673,GT005455,New,28,Refund request,Email,Refund request,False,False,False,False,True,False
SUP001674,GT003877,Regular,81,Complaint,Email,Complaint,False,False,True,False,False,False
SUP001675,GT006344,Regular,25,Accessibility,Phone,Accessibility,False,False,False,False,False,False
SUP001676,GT008527,Occasional,50,Accessibility,Email,Accessibility,False,False,False,False,False,False
SUP001677,GT005206,VIP,24,Refund request,Email,Refund request,False,False,False,False,True,False
SUP001678,GT004167,Regular,48,Accessibility,Email,Accessibility,False,False,False,False,False,False
SUP001679,GT000155,VIP,41,Enquiry,Phone,Enquiry,False,False,False,False,False,False
SUP001680,GT004123,Regular,58,Refund request,Phone,Accessibility,False,False,False,False,False,True
SUP001681,GT005547,Regular,61,Enquiry,Email,Enquiry,False,False,False,False,True,False
SUP001682,GT006186,Occasional,35,Complaint,Email,Complaint,False,False,False,False,False,False
SUP001683,GT008147,VIP,74,Accessibility,Email,Accessibility,False,False,False,False,False,False
SUP001684,GT001161,VIP,40,Refund request,Phone,Refund request,False,False,False,True,False,False
SUP001685,GT004074,VIP,49,Complaint,Email,Complaint,False,True,True,False,False,False
SUP001686,GT001683,Occasional,38,Refund request,Phone,Refund request,False,False,False,False,False,False
SUP001687,GT007543,Occasional,70,Refund request,Email,Refund request,False,False,False,False,True,False
SUP001688,GT009575,Occasional,60,Complaint,Phone,Accessibility,False,False,False,False,False,True
SUP001689,GT001541,Regular,29,Accessibility,Phone,Accessibility,False,False,False,True,False,False
SUP001690,GT009118,VIP,77,Refund request,Email,Refund request,False,False,False,False,False,False
SUP001691,GT007666,Occasional,32,Refund request,Phone,Enquiry,False,False,False,False,False,True
SUP001692,GT006206,Regular,63,Complaint,Phone,Complaint,False,False,False,False,False,False
SUP001693,GT000020,Occasional,20,Enquiry,Email,Enquiry,False,False,False,False,True,False
SUP001694,GT001846,New,43,Enquiry,Email,Enquiry,False,False,False,False,False,False
SUP001695,GT006908,Occasional,32,Complaint,Email,Complaint,False,False,False,False,True,False
SUP001696,GT000855,Occasional,51,Refund request,Phone,Refund request,True,False,False,False,False,False
SUP001697,GT006514,Occasional,52,Refund request,Phone,Refund request,False,False,False,False,False,False
SUP001698,GT005955,Occasional,36,Refund request,Email,Refund request,False,False,False,False,False,False
SUP001699,GT009286,New,49,Complaint,Email,Complaint,False,False,False,False,True,False
SUP001700,GT009423,VIP,80,Accessibility,Email,Accessibility,False,False,False,False,False,False
SUP001701,GT003586,Regular,35,Enquiry,Email,Enquiry,False,True,False,False,False,False
SUP001702,GT001156,Regular,37,Enquiry,Email,Enquiry,False,False,False,False,True,False
SUP001703,GT003326,VIP,37,Complaint,Email,Complaint,False,False,False,False,False,False
SUP001704,GT002582,Regular,22,Complaint,Email,Complaint,False,False,False,False,False,False
SUP001705,GT006250,Regular,51,Complaint,Email,Complaint,False,False,False,False,True,False
SUP001706,GT005494,Regular,63,Refund request,Email,Refund request,True,False,True,False,False,False
SUP001707,GT008275,Regular,56,Refund request,Email,Refund request,False,False,False,False,False,False
SUP001708,GT001822,Regular,44,Complaint,Email,Complaint,False,False,False,False,False,False
SUP001709,GT001349,Regular,41,Complaint,Email,Complaint,False,False,True,False,False,False
SUP001710,GT003454,VIP,29,Enquiry,Email,Enquiry,False,False,False,False,True,False
SUP001711,GT005735,Regular,66,Complaint,Phone,Complaint,False,False,False,True,False,False
SUP001712,GT007679,Occasional,49,Accessibility,Phone,Accessibility,False,False,False,False,False,False
SUP001713,GT004063,Regular,20,Complaint,Email,Complaint,False,False,False,False,False,False
SUP001714,GT003249,Occasional,83,Enquiry,Email,Enquiry,False,False,False,False,False,False
SUP001715,GT009120,Occasional,27,Enquiry,Phone,Enquiry,False,False,False,True,False,False
SUP001716,GT003961,Regular,33,Enquiry,Phone,Enquiry,False,False,False,False,False,False
SUP001717,GT003837,Occasional,69,Refund request,Email,Refund request,False,False,False,False,False,False
SUP001718,GT002164,Occasional,78,Enquiry,Phone,Enquiry,False,False,False,True,False,False
SUP001719,GT001041,Regular,72,Accessibility,Email,Accessibility,False,False,True,False,False,False
SUP001720,GT002183,New,59,Enquiry,Email,Enquiry,False,False,False,False,False,False
SUP001721,GT008016,Occasional,75,Refund request,Phone,Refund request,False,False,False,False,False,False
SUP001722,GT005169,Regular,50,Enquiry,Email,Enquiry,False,False,False,False,False,False
SUP001723,GT002065,Occasional,67,Accessibility,Email,Accessibility,False,False,False,False,False,False
SUP001724,GT007289,Occasional,48,Accessibility,Email,Accessibility,False,False,False,False,False,False
SUP001725,GT009137,New,57,Accessibility,Email,Accessibility,False,False,False,False,True,False
SUP001726,GT006358,Regular,68,Accessibility,Email,Accessibility,False,False,False,False,False,False
SUP001727,GT007324,Occasional,59,Refund request,Phone,Refund request,False,False,False,False,False,False
SUP001728,GT002387,Occasional,79,Refund request,Email,Refund request,False,False,False,False,True,False
SUP001729,GT007814,Occasional,57,Accessibility,Email,Accessibility,False,False,False,False,True,False
SUP001730,GT004282,VIP,38,Accessibility,Email,Accessibility,False,False,False,False,False,False
SUP001731,GT008765,Regular,57,Refund request,Phone,Complaint,False,False,False,True,False,True
SUP001732,GT009142,Regular,37,Accessibility,Phone,Accessibility,False,False,False,True,False,False
SUP001733,GT004417,Regular,36,Accessibility,Email,Accessibility,False,False,True,False,False,False
SUP001734,GT002794,Occasional,77,Enquiry,Email,Enquiry,False,False,False,False,True,False
SUP001735,GT001418,VIP,62,Complaint,Phone,Complaint,False,False,False,False,False,False
SUP001736,GT009064,Occasional,58,Refund request,Email,Refund request,False,False,False,False,False,False
SUP001737,GT003960,Regular,64,Refund request,Phone,Refund request,False,False,False,False,False,False
SUP001738,GT008008,Occasional,40,Refund request,Email,Refund request,False,False,False,False,True,False
SUP001739,GT008691,Regular,51,Accessibility,Email,Accessibility,False,False,False,False,True,False
SUP001740,GT002456,New,68,Refund request,Email,Refund request,False,True,False,False,False,False
SUP001741,GT001494,Occasional,23,Accessibility,Email,Accessibility,False,False,False,False,False,False
SUP001742,GT003928,Regular,23,Enquiry,Phone,Enquiry,False,False,False,False,False,False
SUP001743,GT001973,Regular,63,Refund request,Email,Refund request,False,False,True,False,False,False
SUP001744,GT001769,Regular,37,Enquiry,Phone,Enquiry,False,False,False,True,False,False
SUP001745,GT007203,Occasional,72,Enquiry,Email,Enquiry,False,False,False,False,True,False
SUP001746,GT001087,Occasional,21,Enquiry,Email,Enquiry,True,False,False,False,True,False
SUP001747,GT001521,Regular,32,Refund request,Email,Refund request,False,False,False,False,False,False
SUP001748,GT007888,Occasional,35,Complaint,Email,Complaint,False,False,False,False,True,False
SUP001749,GT005532,Occasional,30,Enquiry,Phone,Enquiry,False,False,False,True,False,False
SUP001750,GT008377,Regular,42,Enquiry,Email,Enquiry,False,False,False,False,True,False
SUP001751,GT004732,Regular,54,Accessibility,Email,Accessibility,True,False,False,False,False,False
SUP001752,GT007241,VIP,48,Refund request,Email,Enquiry,False,False,False,False,False,True
SUP001753,GT003406,Regular,74,Accessibility,Email,Accessibility,False,False,False,False,False,False
SUP001754,GT005533,Occasional,77,Accessibility,Email,Accessibility,False,False,False,False,True,False
SUP001755,GT009837,Occasional,60,Refund request,Email,Refund request,False,False,False,False,True,False
SUP001756,GT004978,Regular,56,Complaint,Email,Complaint,False,False,False,False,True,False
SUP001757,GT006598,Regular,54,Refund request,Email,Refund request,False,False,False,False,True,False
SUP001758,GT004371,Occasional,55,Complaint,Email,Complaint,False,False,False,False,True,False
SUP001759,GT007773,Regular,36,Enquiry,Phone,Enquiry,False,False,True,False,False,False
SUP001760,GT006944,VIP,26,Refund request,Phone,Refund request,False,False,False,False,False,False
SUP001761,GT000428,VIP,22,Refund request,Phone,Refund request,False,False,False,False,False,False
SUP001762,GT005742,Regular,24,Enquiry,Email,Enquiry,False,False,True,False,False,False
SUP001763,GT006167,VIP,64,Accessibility,Email,Accessibility,False,False,False,False,False,False
SUP001764,GT007415,Occasional,60,Accessibility,Email,Accessibility,False,False,False,False,False,False
SUP001765,GT000459,Occasional,51,Complaint,Email,Complaint,True,False,False,False,True,False
SUP001766,GT001048,Regular,40,Accessibility,Phone,Accessibility,False,False,False,False,False,False
SUP001767,GT003746,Regular,59,Refund request,Email,Refund request,False,False,False,False,False,False
SUP001768,GT005717,Regular,54,Refund request,Phone,Refund request,False,False,False,False,False,False
SUP001769,GT007096,Regular,43,Complaint,Phone,Complaint,False,False,False,True,False,False
SUP001770,GT000417,Regular,48,Refund request,Phone,Refund request,False,False,False,False,False,False
SUP001771,GT007254,VIP,34,Refund request,Email,Refund request,True,False,True,False,False,False
SUP001772,GT002888,VIP,73,Accessibility,Phone,Accessibility,False,False,False,False,False,False
SUP001773,GT005808,VIP,65,Accessibility,Phone,Accessibility,False,False,False,False,False,False
SUP001774,GT005378,VIP,62,Enquiry,Phone,Enquiry,False,False,False,False,False,False
SUP001775,GT000460,Occasional,68,Complaint,Email,Complaint,False,False,False,False,False,False
SUP001776,GT003586,Regular,35,Refund request,Phone,Refund request,False,False,False,False,False,False
SUP001777,GT009147,Occasional,46,Enquiry,Phone,Enquiry,False,False,False,True,False,False
SUP001778,GT007636,Regular,53,Enquiry,Email,Enquiry,False,False,False,False,True,False
SUP001779,GT000745,Occasional,25,Accessibility,Phone,Accessibility,False,False,False,False,False,False
SUP001780,GT002770,Occasional,48,Accessibility,Email,Accessibility,False,False,False,False,False,False
SUP001781,GT009408,Occasional,51,Complaint,Email,Complaint,False,False,False,False,False,False
SUP001782,GT004232,VIP,65,Refund request,Email,Refund request,False,False,False,False,True,False
SUP001783,GT005606,Regular,72,Refund request,Email,Refund request,False,False,False,False,True,False
SUP001784,GT002768,Occasional,58,Refund request,Phone,Refund request,False,False,False,False,False,False
SUP001785,GT003942,VIP,47,Refund request,Phone,Refund request,False,False,False,True,False,False
SUP001786,GT004517,Regular,26,Refund request,Email,Refund request,False,False,False,False,False,False
SUP001787,GT008391,VIP,75,Refund request,Email,Refund request,False,False,True,False,False,False
SUP001788,GT000071,Regular,82,Accessibility,Email,Accessibility,False,False,False,False,False,False
SUP001789,GT008159,Occasional,59,Refund request,Email,Refund request,False,False,False,False,False,False
SUP001790,GT009514,Regular,46,Refund request,Email,Refund request,True,False,False,False,True,False
SUP001791,GT007779,Occasional,48,Enquiry,Email,Enquiry,False,False,False,False,False,False
SUP001792,GT003223,VIP,33,Enquiry,Phone,Enquiry,False,False,False,False,False,False
SUP001793,GT003082,Occasional,42,Complaint,Email,Complaint,False,False,False,False,False,False
SUP001794,GT003439,Occasional,54,Accessibility,Email,Accessibility,False,False,False,False,True,False
SUP001795,GT008742,Occasional,43,Refund request,Email,Refund request,False,False,True,False,False,False
SUP001796,GT001999,Regular,64,Refund request,Email,Refund request,False,False,False,False,False,False
SUP001797,GT008010,New,64,Complaint,Email,Complaint,False,False,False,False,True,False
SUP001798,GT004439,Occasional,54,Refund request,Phone,Refund request,False,False,False,False,False,False
SUP001799,GT003317,Occasional,63,Complaint,Email,Complaint,False,True,False,False,False,False
SUP001800,GT000779,Occasional,77,Refund request,Email,Refund request,False,False,False,False,False,False
SUP001801,GT009896,VIP,32,Complaint,Email,Complaint,False,False,False,False,True,False
SUP001802,GT007553,Regular,59,Complaint,Email,Complaint,False,False,False,False,False,False
SUP001803,GT002830,Regular,80,Enquiry,Phone,Enquiry,False,False,False,False,False,False
SUP001804,GT008354,Regular,54,Refund request,Email,Refund request,False,False,False,False,True,False
SUP001805,GT002949,Occasional,34,Refund request,Phone,Refund request,False,False,False,False,False,False
SUP001806,GT001316,Occasional,57,Enquiry,Email,Enquiry,False,False,False,False,False,False
SUP001807,GT006164,Regular,56,Complaint,Email,Complaint,False,False,False,False,True,False
SUP001808,GT008500,Occasional,41,Refund request,Email,Refund request,False,True,False,False,False,False
SUP001809,GT006442,VIP,25,Accessibility,Phone,Refund request,False,False,False,False,False,True
SUP001810,GT005031,VIP,68,Enquiry,Email,Enquiry,False,False,False,False,False,False
SUP001811,GT004854,Regular,55,Enquiry,Phone,Enquiry,False,False,False,True,False,False
SUP001812,GT009175,Regular,61,Enquiry,Email,Enquiry,False,False,False,False,False,False
SUP001813,GT008347,VIP,45,Enquiry,Email,Enquiry,False,False,False,False,False,False
SUP001814,GT007173,Regular,73,Enquiry,Phone,Enquiry,True,False,False,True,False,False
SUP001815,GT008275,Regular,56,Accessibility,Email,Accessibility,False,False,False,False,False,False
SUP001816,GT002483,Occasional,33,Accessibility,Email,Accessibility,False,False,False,False,False,False
SUP001817,GT008105,Occasional,57,Complaint,Phone,Complaint,False,False,False,True,False,False
SUP001818,GT000810,Regular,37,Complaint,Phone,Complaint,False,False,False,False,False,False
SUP001819,GT004232,VIP,65,Accessibility,Phone,Accessibility,False,False,False,False,False,False
SUP001820,GT000890,Regular,49,Refund request,Phone,Refund request,False,False,False,True,False,False
SUP001821,GT006401,Occasional,32,Accessibility,Phone,Accessibility,False,False,False,False,False,False
SUP001822,GT009264,Regular,25,Enquiry,Email,Enquiry,False,False,False,False,False,False
SUP001823,GT004203,Occasional,58,Refund request,Phone,Refund request,False,False,False,True,False,False
SUP001824,GT008398,Occasional,53,Enquiry,Phone,Enquiry,True,False,False,True,False,False
SUP001825,GT003537,Regular,26,Accessibility,Email,Accessibility,False,False,False,False,True,False
SUP001826,GT007319,Regular,51,Accessibility,Email,Accessibility,False,False,True,False,False,False
SUP001827,GT008613,New,34,Enquiry,Email,Enquiry,False,False,False,False,True,False
SUP001828,GT000829,New,46,Enquiry,Email,Enquiry,False,False,False,False,True,False
SUP001829,GT000227,Occasional,48,Complaint,Email,Complaint,False,False,False,False,True,False
SUP001830,GT002624,Regular,61,Accessibility,Email,Accessibility,False,False,False,False,False,False
SUP001831,GT005736,New,41,Refund request,Email,Refund request,False,False,False,False,False,False
SUP001832,GT005642,New,35,Refund request,Phone,Refund request,False,False,False,False,False,False
SUP001833,GT009365,Occasional,55,Enquiry,Phone,Enquiry,False,False,False,True,False,False
SUP001834,GT002968,Regular,70,Enquiry,Email,Enquiry,False,True,False,False,False,False
SUP001835,GT000553,Occasional,31,Enquiry,Email,Enquiry,False,False,False,False,True,False
SUP001836,GT003234,Occasional,31,Enquiry,Email,Enquiry,False,False,False,False,False,False
SUP001837,GT004766,Regular,26,Accessibility,Email,Accessibility,False,False,False,False,False,False
SUP001838,GT004631,Regular,29,Enquiry,Email,Enquiry,False,False,True,False,False,False
SUP001839,GT001212,Occasional,69,Refund request,Phone,Refund request,False,False,False,False,False,False
SUP001840,GT005360,Regular,56,Complaint,Email,Complaint,False,False,False,False,True,False
SUP001841,GT007289,Occasional,48,Refund request,Email,Refund request,False,False,False,False,False,False
SUP001842,GT005139,Regular,43,Refund request,Phone,Refund request,False,False,True,True,False,False
SUP001843,GT004756,Occasional,74,Complaint,Phone,Complaint,False,False,False,False,False,False
SUP001844,GT001348,Regular,78,Refund request,Email,Refund request,False,False,False,False,True,False
SUP001845,GT001944,Occasional,49,Refund request,Phone,Refund request,False,False,False,False,False,False
SUP001846,GT001459,VIP,83,Refund request,Email,Refund request,False,False,False,False,True,False
SUP001847,GT009362,Occasional,71,Enquiry,Email,Enquiry,False,False,False,False,True,False
SUP001848,GT008290,Occasional,65,Complaint,Phone,Complaint,False,False,True,False,False,False
SUP001849,GT001397,Occasional,19,Enquiry,Phone,Enquiry,False,False,False,True,False,False
SUP001850,GT002467,Occasional,77,Accessibility,Email,Accessibility,False,False,False,False,False,False
SUP001851,GT002772,Regular,46,Refund request,Email,Accessibility,False,False,False,False,False,True
SUP001852,GT002797,Occasional,30,Complaint,Email,Complaint,False,False,False,False,False,False
SUP001853,GT003200,Occasional,28,Refund request,Email,Refund request,False,False,False,False,False,False
SUP001854,GT001732,Occasional,79,Complaint,Email,Complaint,False,False,False,False,False,False
SUP001855,GT006051,Occasional,29,Accessibility,Email,Accessibility,False,False,False,False,False,False
SUP001856,GT008639,New,44,Refund request,Phone,Refund request,False,False,False,True,False,False
SUP001857,GT008339,Regular,60,Accessibility,Email,Complaint,True,False,False,False,False,True
SUP001858,GT009061,Occasional,31,Enquiry,Email,Enquiry,False,False,False,False,False,False
SUP001859,GT001449,VIP,39,Enquiry,Email,Enquiry,False,False,False,False,False,False
SUP001860,GT008362,Occasional,32,Complaint,Email,Complaint,False,False,False,False,False,False
SUP001861,GT005967,Occasional,79,Accessibility,Phone,Accessibility,False,False,False,False,False,False
SUP001862,GT002839,VIP,23,Enquiry,Email,Enquiry,False,False,False,False,False,False
SUP001863,GT003401,Occasional,76,Refund request,Email,Refund request,False,False,True,False,False,False
SUP001864,GT006639,Occasional,22,Enquiry,Email,Enquiry,False,False,False,False,False,False
SUP001865,GT009903,Occasional,49,Enquiry,Email,Enquiry,False,False,False,False,False,False
SUP001866,GT000003,Occasional,67,Refund request,Email,Refund request,False,False,False,False,False,False
SUP001867,GT002515,Regular,60,Accessibility,Phone,Accessibility,False,False,False,True,False,False
SUP001868,GT001838,Regular,19,Enquiry,Email,Enquiry,False,False,False,False,False,False
SUP001869,GT009864,Regular,42,Refund request,Email,Refund request,False,False,False,False,True,False
SUP001870,GT009304,Occasional,42,Complaint,Email,Complaint,False,False,False,False,True,False
SUP001871,GT000013,Regular,51,Refund request,Email,Refund request,False,True,False,False,True,False
SUP001872,GT008851,Regular,68,Refund request,Email,Refund request,False,False,False,False,False,False
SUP001873,GT003054,Occasional,29,Enquiry,Email,Enquiry,False,False,False,False,False,False
SUP001874,GT004711,Regular,85,Accessibility,Phone,Accessibility,False,False,False,False,False,False
SUP001875,GT008667,Regular,34,Refund request,Email,Refund request,False,False,False,False,False,False
SUP001876,GT008742,Occasional,43,Refund request,Phone,Refund request,False,False,False,False,False,False
SUP001877,GT002441,Occasional,54,Enquiry,Email,Enquiry,False,False,False,False,False,False
SUP001878,GT008375,New,72,Refund request,Email,Refund request,False,False,False,False,False,False
SUP001879,GT006215,Occasional,40,Refund request,Phone,Refund request,False,False,False,True,False,False
SUP001880,GT001988,Occasional,43,Enquiry,Email,Accessibility,False,False,False,False,False,True
SUP001881,GT001973,Regular,63,Complaint,Phone,Complaint,False,False,False,False,False,False
SUP001882,GT003680,Occasional,58,Refund request,Email,Refund request,False,False,False,False,True,False
SUP001883,GT003808,Occasional,23,Refund request,Email,Refund request,False,False,False,False,False,False
SUP001884,GT005128,VIP,30,Refund request,Phone,Refund request,False,False,False,False,False,False
SUP001885,GT007969,Occasional,19,Refund request,Email,Refund request,False,False,False,False,False,False
SUP001886,GT005159,Regular,25,Refund request,Phone,Refund request,False,False,True,False,False,False
SUP001887,GT005404,Occasional,78,Complaint,Email,Complaint,False,False,True,False,False,False
SUP001888,GT003025,VIP,56,Enquiry,Email,Enquiry,False,False,False,False,False,False
SUP001889,GT000471,Regular,67,Complaint,Email,Complaint,False,False,False,False,False,False
SUP001890,GT006394,New,37,Enquiry,Email,Enquiry,False,False,False,False,True,False
SUP001891,GT007929,Regular,57,Refund request,Email,Refund request,True,True,False,False,True,False
SUP001892,GT002055,Occasional,41,Enquiry,Email,Enquiry,False,False,False,False,False,False
SUP001893,GT004988,Occasional,53,Refund request,Email,Refund request,False,False,True,False,False,False
SUP001894,GT003364,Regular,77,Refund request,Phone,Refund request,False,False,False,False,False,False
SUP001895,GT004455,Occasional,20,Enquiry,Phone,Enquiry,False,False,False,False,False,False
SUP001896,GT001793,Regular,29,Refund request,Email,Refund request,False,False,False,False,False,False
SUP001897,GT007916,Occasional,61,Complaint,Email,Complaint,False,False,True,False,False,False
SUP001898,GT001507,Regular,24,Refund request,Email,Complaint,False,False,False,False,False,True
SUP001899,GT006305,Occasional,58,Refund request,Email,Refund request,False,False,False,False,False,False
SUP001900,GT006008,VIP,59,Refund request,Email,Refund request,False,False,False,False,False,False
SUP001901,GT006232,Regular,75,Complaint,Email,Complaint,False,False,False,False,False,False
SUP001902,GT001570,Occasional,35,Refund request,Email,Refund request,False,False,False,False,False,False
SUP001903,GT008013,VIP,73,Refund request,Phone,Refund request,False,False,False,False,False,False
SUP001904,GT008915,VIP,29,Refund request,Email,Refund request,False,False,False,False,False,False
SUP001905,GT009470,Occasional,55,Enquiry,Email,Enquiry,False,True,True,False,False,False
SUP001906,GT009514,Regular,46,Enquiry,Email,Enquiry,False,False,False,False,False,False
SUP001907,GT007810,New,18,Refund request,Email,Refund request,False,False,False,False,True,False
SUP001908,GT006889,Occasional,68,Enquiry,Phone,Enquiry,False,False,False,True,False,False
SUP001909,GT008465,VIP,73,Complaint,Email,Complaint,False,False,False,False,False,False
SUP001910,GT005334,Regular,20,Enquiry,Email,Enquiry,False,False,False,False,False,False
SUP001911,GT001955,Regular,64,Enquiry,Email,Enquiry,False,False,False,False,False,False
SUP001912,GT002591,Regular,82,Complaint,Email,Complaint,False,False,False,False,True,False
SUP001913,GT008963,Occasional,29,Complaint,Email,Complaint,False,False,True,False,False,False
SUP001914,GT000480,New,73,Refund request,Email,Refund request,False,False,False,False,False,False
SUP001915,GT004678,Occasional,54,Enquiry,Phone,Enquiry,False,True,False,False,False,False
SUP001916,GT008713,Occasional,52,Refund request,Email,Refund request,False,False,False,False,True,False
SUP001917,GT009608,Occasional,43,Refund request,Email,Refund request,False,False,False,False,False,False
SUP001918,GT003488,Occasional,61,Accessibility,Email,Refund request,False,False,False,False,False,True
SUP001919,GT002458,Regular,30,Refund request,Phone,Refund request,False,False,False,False,False,False
SUP001920,GT009543,Occasional,24,Accessibility,Phone,Accessibility,False,True,False,False,False,False
SUP001921,GT006909,VIP,27,Refund request,Email,Refund request,False,False,False,False,True,False
SUP001922,GT005110,New,25,Enquiry,Phone,Enquiry,False,False,False,True,False,False
SUP001923,GT004184,VIP,64,Enquiry,Phone,Enquiry,False,False,False,True,False,False
SUP001924,GT005504,Occasional,73,Accessibility,Email,Complaint,False,False,False,False,True,True
SUP001925,GT005764,VIP,34,Refund request,Phone,Refund request,True,False,False,False,False,False
SUP001926,GT004671,Regular,27,Refund request,Email,Refund request,False,False,False,False,False,False
SUP001927,GT009698,Regular,68,Refund request,Phone,Refund request,False,False,False,True,False,False
SUP001928,GT000306,Regular,46,Enquiry,Email,Enquiry,False,False,True,False,False,False
SUP001929,GT007939,Regular,73,Accessibility,Email,Accessibility,False,False,False,False,False,False
SUP001930,GT005026,Occasional,72,Enquiry,Email,Enquiry,False,False,False,False,True,False
SUP001931,GT002914,Regular,50,Refund request,Email,Refund request,True,False,False,False,True,False
SUP001932,GT000685,Regular,34,Enquiry,Email,Enquiry,False,False,False,False,False,False
SUP001933,GT003690,Occasional,68,Refund request,Email,Refund request,False,False,False,False,False,False
SUP001934,GT000147,VIP,28,Complaint,Email,Complaint,False,False,False,False,True,False
SUP001935,GT002911,Occasional,35,Enquiry,Email,Enquiry,False,False,False,False,False,False
SUP001936,GT001194,VIP,64,Refund request,Email,Refund request,False,False,False,False,False,False
SUP001937,GT005427,Occasional,40,Refund request,Email,Refund request,False,False,False,False,False,False
SUP001938,GT003497,Occasional,84,Enquiry,Phone,Enquiry,False,False,True,False,False,False
SUP001939,GT001325,Regular,75,Refund request,Email,Refund request,False,False,False,False,False,False
SUP001940,GT006798,Occasional,60,Complaint,Email,Complaint,False,False,False,False,False,False
SUP001941,GT000121,VIP,45,Complaint,Phone,Complaint,False,False,False,False,False,False
SUP001942,GT003898,VIP,50,Refund request,Email,Refund request,False,False,False,False,False,False
SUP001943,GT003175,Regular,66,Enquiry,Phone,Enquiry,False,False,False,False,False,False
SUP001944,GT005212,Occasional,20,Refund request,Email,Refund request,False,False,False,False,False,False
SUP001945,GT000323,VIP,59,Refund request,Email,Refund request,False,False,False,False,False,False
SUP001946,GT008267,Regular,23,Refund request,Email,Refund request,False,False,False,False,False,False
SUP001947,GT002209,Regular,52,Enquiry,Email,Enquiry,False,False,False,False,False,False
SUP001948,GT008959,Occasional,51,Accessibility,Phone,Accessibility,False,False,False,False,False,False
SUP001949,GT006681,VIP,38,Refund request,Email,Refund request,False,False,False,False,False,False
SUP001950,GT009446,Regular,63,Accessibility,Phone,Accessibility,False,False,False,False,False,False
SUP001951,GT003944,Occasional,34,Refund request,Email,Refund request,False,False,False,False,False,False
SUP001952,GT007758,Regular,78,Refund request,Email,Refund request,False,False,False,False,False,False
SUP001953,GT002446,New,39,Enquiry,Email,Enquiry,False,False,False,False,False,False
SUP001954,GT003407,Regular,20,Enquiry,Email,Enquiry,False,False,False,False,False,False
SUP001955,GT009092,Regular,77,Refund request,Email,Refund request,False,False,False,False,True,False
SUP001956,GT005390,Occasional,28,Accessibility,Email,Accessibility,False,False,False,False,False,False
SUP001957,GT001653,Regular,36,Refund request,Email,Refund request,False,False,False,False,False,False
SUP001958,GT007800,Occasional,26,Refund request,Phone,Refund request,False,False,False,False,False,False
SUP001959,GT003655,Occasional,40,Refund request,Email,Refund request,False,False,False,False,True,False
SUP001960,GT004190,Occasional,77,Accessibility,Email,Accessibility,False,False,False,False,True,False
SUP001961,GT005989,Occasional,57,Refund request,Email,Refund request,False,False,False,False,True,False
SUP001962,GT002783,Regular,28,Accessibility,Email,Accessibility,False,False,False,False,True,False
SUP001963,GT003364,Regular,77,Complaint,Phone,Complaint,False,False,False,False,False,False
SUP001964,GT006669,Occasional,61,Enquiry,Email,Enquiry,False,False,False,False,False,False
SUP001965,GT009280,Regular,52,Enquiry,Phone,Enquiry,False,False,False,True,False,False
SUP001966,GT006222,Occasional,59,Refund request,Phone,Refund request,False,False,False,False,False,False
SUP001967,GT002914,Regular,50,Refund request,Phone,Refund request,False,False,False,False,False,False
SUP001968,GT005032,Occasional,63,Refund request,Phone,Refund request,False,False,False,False,False,False
SUP001969,GT003690,Occasional,68,Refund request,Phone,Complaint,False,False,False,True,False,True
SUP001970,GT003956,Occasional,66,Accessibility,Email,Accessibility,False,False,False,False,False,False
SUP001971,GT000116,Occasional,33,Enquiry,Phone,Enquiry,False,False,False,False,False,False
SUP001972,GT007052,Regular,35,Enquiry,Email,Enquiry,False,False,False,False,False,False
SUP001973,GT000138,Regular,24,Refund request,Email,Refund request,False,False,False,False,True,False
SUP001974,GT002065,Occasional,67,Enquiry,Email,Enquiry,False,False,False,False,False,False
SUP001975,GT004754,Occasional,35,Complaint,Phone,Refund request,False,False,False,False,False,True
SUP001976,GT002308,Regular,41,Refund request,Email,Refund request,False,False,False,False,False,False
SUP001977,GT009217,Regular,50,Refund request,Email,Refund request,False,False,False,False,False,False
SUP001978,GT000838,Occasional,58,Accessibility,Email,Accessibility,False,False,False,False,False,False
SUP001979,GT009370,Regular,23,Refund request,Phone,Refund request,False,False,False,False,False,False
SUP001980,GT000061,Occasional,25,Complaint,Email,Complaint,False,False,False,False,True,False
SUP001981,GT007409,Occasional,35,Accessibility,Phone,Accessibility,False,False,False,False,False,False
SUP001982,GT003698,Regular,57,Complaint,Phone,Complaint,False,True,False,False,False,False
SUP001983,GT006216,VIP,42,Refund request,Email,Refund request,False,False,False,False,True,False
SUP001984,GT004716,Regular,26,Enquiry,Phone,Enquiry,False,False,False,False,False,False
SUP001985,GT005236,New,22,Refund request,Email,Refund request,False,False,False,False,False,False
SUP001986,GT005404,Occasional,78,Enquiry,Phone,Enquiry,False,False,False,True,False,False
SUP001987,GT005425,VIP,28,Refund request,Email,Refund request,False,False,False,False,False,False
SUP001988,GT005394,Regular,29,Refund request,Email,Refund request,False,False,False,False,True,False
SUP001989,GT005017,Occasional,53,Complaint,Phone,Complaint,False,False,False,False,False,False
SUP001990,GT001475,Occasional,71,Refund request,Email,Refund request,False,False,False,False,True,False
SUP001991,GT001288,Regular,34,Complaint,Phone,Complaint,False,False,True,True,False,False
SUP001992,GT000464,Regular,34,Enquiry,Email,Enquiry,False,False,False,False,False,False
SUP001993,GT005119,Regular,27,Refund request,Email,Refund request,False,False,False,False,False,False
SUP001994,GT006529,Regular,63,Enquiry,Phone,Enquiry,False,False,False,False,False,False
SUP001995,GT002581,Regular,73,Accessibility,Phone,Accessibility,False,False,False,True,False,False
SUP001996,GT008585,New,69,Accessibility,Email,Accessibility,False,False,True,False,False,False
SUP001997,GT003521,VIP,50,Complaint,Phone,Complaint,False,False,False,True,False,False
SUP001998,GT003274,Occasional,52,Accessibility,Phone,Accessibility,False,False,False,False,False,False
SUP001999,GT000533,Occasional,76,Complaint,Email,Complaint,False,False,False,False,False,False
SUP002000,GT005026,Occasional,72,Enquiry,Email,Enquiry,False,False,False,False,False,False
SUP002001,GT000913,Regular,64,Refund request,Phone,Refund request,False,False,False,False,False,False
SUP002002,GT005631,Regular,31,Complaint,Email,Complaint,False,False,False,False,True,False
SUP002003,GT007622,Occasional,69,Enquiry,Email,Enquiry,False,False,False,False,False,False
SUP002004,GT003582,Occasional,26,Refund request,Phone,Complaint,False,False,False,True,False,True
SUP002005,GT006037,Occasional,50,Refund request,Email,Refund request,False,False,False,False,True,False
SUP002006,GT003417,Occasional,71,Enquiry,Email,Enquiry,False,False,False,False,True,False
SUP002007,GT004289,Occasional,27,Enquiry,Email,Enquiry,False,False,False,False,False,False
SUP002008,GT002568,Regular,30,Refund request,Phone,Refund request,False,False,False,True,False,False
SUP002009,GT005394,Regular,29,Complaint,Email,Complaint,False,False,False,False,False,False
SUP002010,GT005388,New,61,Accessibility,Email,Accessibility,False,False,False,False,True,False
SUP002011,GT001016,Occasional,19,Enquiry,Email,Enquiry,False,False,False,False,True,False
SUP002012,GT004843,Occasional,25,Accessibility,Email,Accessibility,False,True,False,False,False,False
SUP002013,GT002830,Regular,80,Complaint,Phone,Complaint,False,False,False,False,False,False
SUP002014,GT006390,Regular,68,Complaint,Phone,Complaint,False,False,False,False,False,False
SUP002015,GT001825,Occasional,39,Enquiry,Email,Enquiry,False,False,False,False,True,False
SUP002016,GT005674,Occasional,54,Enquiry,Email,Enquiry,False,False,False,False,False,False
SUP002017,GT000301,New,42,Enquiry,Email,Enquiry,False,False,False,False,True,False
SUP002018,GT000553,Occasional,31,Complaint,Email,Complaint,False,True,False,False,False,False
SUP002019,GT006769,Regular,54,Refund request,Phone,Refund request,False,False,True,False,False,False
SUP002020,GT002474,Occasional,19,Refund request,Phone,Refund request,False,False,False,False,False,False
SUP002021,GT001144,Occasional,43,Refund request,Email,Refund request,False,False,False,False,False,False
SUP002022,GT009760,Occasional,29,Refund request,Email,Refund request,False,False,False,False,True,False
SUP002023,GT001073,Occasional,32,Complaint,Email,Complaint,False,False,False,False,False,False
SUP002024,GT000482,Regular,55,Enquiry,Phone,Enquiry,False,False,False,True,False,False
SUP002025,GT004065,VIP,57,Refund request,Email,Enquiry,False,False,True,False,False,True
SUP002026,GT005291,Occasional,62,Accessibility,Email,Accessibility,False,False,False,False,False,False
SUP002027,GT007758,Regular,78,Refund request,Email,Refund request,False,False,False,False,True,False
SUP002028,GT009376,Occasional,44,Refund request,Email,Refund request,False,False,False,False,True,False
SUP002029,GT005842,New,53,Refund request,Email,Refund request,False,False,False,False,True,False
SUP002030,GT005211,Occasional,58,Enquiry,Email,Enquiry,False,False,False,False,False,False
SUP002031,GT006088,Occasional,20,Complaint,Phone,Complaint,False,False,False,True,False,False
SUP002032,GT005742,Regular,24,Refund request,Email,Refund request,False,False,False,False,False,False
SUP002033,GT004105,Regular,32,Complaint,Phone,Complaint,False,False,False,False,False,False
SUP002034,GT007291,Occasional,32,Enquiry,Email,Enquiry,False,True,False,False,False,False
SUP002035,GT009292,Regular,51,Refund request,Email,Refund request,False,False,False,False,False,False
SUP002036,GT001792,New,53,Refund request,Email,Refund request,False,True,False,False,False,False
SUP002037,GT008005,Occasional,41,Enquiry,Phone,Enquiry,False,False,False,False,False,False
SUP002038,GT003133,Occasional,61,Accessibility,Email,Accessibility,False,False,False,False,True,False
SUP002039,GT009688,Occasional,45,Accessibility,Phone,Accessibility,False,False,False,False,False,False
SUP002040,GT000340,VIP,25,Enquiry,Phone,Enquiry,False,False,False,False,False,False
SUP002041,GT003741,Occasional,62,Complaint,Phone,Complaint,False,True,False,False,False,False
SUP002042,GT009814,Occasional,84,Complaint,Email,Complaint,False,False,False,False,False,False
SUP002043,GT005636,New,69,Complaint,Email,Complaint,False,False,False,False,True,False
SUP002044,GT007592,VIP,58,Refund request,Email,Refund request,False,False,False,False,True,False
SUP002045,GT001659,Regular,54,Refund request,Email,Refund request,False,False,False,False,True,False
SUP002046,GT004170,Occasional,43,Enquiry,Phone,Enquiry,False,False,False,False,False,False
SUP002047,GT002961,Occasional,43,Refund request,Email,Refund request,False,False,False,False,False,False
SUP002048,GT001247,Regular,52,Refund request,Email,Refund request,False,False,False,False,True,False
SUP002049,GT009417,VIP,45,Refund request,Email,Refund request,False,True,True,False,False,False
SUP002050,GT004277,Regular,28,Complaint,Phone,Complaint,False,False,False,False,False,False
SUP002051,GT000389,New,64,Enquiry,Phone,Enquiry,False,False,False,True,False,False
SUP002052,GT003944,Occasional,34,Refund request,Email,Refund request,False,False,False,False,True,False
SUP002053,GT004142,New,27,Enquiry,Email,Enquiry,False,False,False,False,False,False
SUP002054,GT002291,New,69,Accessibility,Phone,Accessibility,False,False,False,False,False,False
SUP002055,GT000147,VIP,28,Complaint,Email,Complaint,False,False,False,False,True,False
SUP002056,GT008379,Regular,58,Enquiry,Email,Enquiry,False,False,False,False,False,False
SUP002057,GT005422,Occasional,21,Refund request,Email,Refund request,False,False,False,False,False,False
SUP002058,GT002334,Regular,37,Enquiry,Email,Enquiry,False,False,False,False,False,False
SUP002059,GT005729,VIP,34,Refund request,Email,Refund request,False,False,False,False,True,False
SUP002060,GT009118,VIP,77,Refund request,Email,Refund request,True,False,False,False,True,False
SUP002061,GT005907,Regular,29,Refund request,Email,Complaint,False,False,False,False,True,True
SUP002062,GT004507,VIP,45,Enquiry,Email,Enquiry,False,False,False,False,False,False
SUP002063,GT002696,Regular,79,Refund request,Phone,Refund request,False,False,False,False,False,False
SUP002064,GT007517,New,64,Enquiry,Phone,Enquiry,False,False,False,True,False,False
SUP002065,GT002275,Regular,58,Refund request,Email,Refund request,False,False,False,False,True,False
SUP002066,GT009393,New,48,Complaint,Email,Complaint,False,False,False,False,True,False
SUP002067,GT002149,Occasional,27,Refund request,Email,Refund request,False,False,False,False,False,False
SUP002068,GT009608,Occasional,43,Refund request,Phone,Refund request,False,False,False,False,False,False
SUP002069,GT008509,Occasional,42,Complaint,Phone,Complaint,False,False,False,False,False,False
SUP002070,GT000147,VIP,28,Refund request,Email,Refund request,False,False,False,False,True,False
SUP002071,GT002587,New,80,Complaint,Email,Complaint,False,False,False,False,False,False
SUP002072,GT008642,VIP,23,Refund request,Phone,Refund request,False,False,True,True,False,False
SUP002073,GT008109,Occasional,50,Complaint,Email,Complaint,False,False,False,False,False,False
SUP002074,GT007251,Regular,43,Accessibility,Email,Accessibility,False,False,False,False,False,False
SUP002075,GT003417,Occasional,71,Accessibility,Email,Accessibility,False,False,False,False,False,False
SUP002076,GT007225,Regular,70,Accessibility,Phone,Accessibility,False,False,False,True,False,False
SUP002077,GT009441,Occasional,26,Complaint,Phone,Refund request,False,False,True,False,False,True
SUP002078,GT003454,VIP,29,Complaint,Email,Complaint,False,False,False,False,True,False
SUP002079,GT000734,VIP,34,Accessibility,Email,Accessibility,False,False,False,False,False,False
SUP002080,GT009762,New,76,Refund request,Email,Refund request,True,False,False,False,False,False
SUP002081,GT007861,New,24,Refund request,Phone,Enquiry,False,False,False,False,False,True
SUP002082,GT009194,VIP,73,Refund request,Email,Refund request,False,False,False,False,False,False
SUP002083,GT004848,Regular,28,Accessibility,Email,Accessibility,False,False,False,False,False,False
SUP002084,GT007519,VIP,57,Accessibility,Phone,Accessibility,False,False,False,False,False,False
SUP002085,GT000746,Occasional,59,Accessibility,Email,Accessibility,False,False,False,False,True,False
SUP002086,GT006876,New,23,Complaint,Email,Complaint,False,False,False,False,False,False
SUP002087,GT006703,Occasional,28,Complaint,Email,Complaint,False,True,False,False,True,False
SUP002088,GT001697,New,43,Refund request,Phone,Refund request,False,False,False,True,False,False
SUP002089,GT004488,Regular,41,Enquiry,Email,Enquiry,False,False,False,False,False,False
SUP002090,GT006921,VIP,24,Enquiry,Phone,Enquiry,False,False,False,True,False,False
SUP002091,GT000292,Regular,27,Complaint,Email,Complaint,False,False,False,False,True,False
SUP002092,GT004630,VIP,44,Refund request,Phone,Refund request,False,False,False,False,False,False
SUP002093,GT004043,Occasional,19,Enquiry,Email,Enquiry,False,False,True,False,False,False
SUP002094,GT002327,Occasional,50,Enquiry,Email,Enquiry,False,False,False,False,True,False
SUP002095,GT007254,VIP,34,Complaint,Email,Complaint,False,False,False,False,False,False
SUP002096,GT008906,Occasional,55,Enquiry,Email,Enquiry,False,False,False,False,False,False
SUP002097,GT000875,VIP,68,Accessibility,Email,Accessibility,False,False,True,False,False,False
SUP002098,GT009304,Occasional,42,Complaint,Email,Complaint,False,False,False,False,True,False
SUP002099,GT003883,VIP,63,Accessibility,Email,Accessibility,False,False,False,False,True,False
SUP002100,GT002133,Regular,81,Accessibility,Email,Accessibility,False,False,False,False,True,False
SUP002101,GT001234,New,42,Complaint,Email,Accessibility,False,False,False,False,False,True
SUP002102,GT008982,Regular,57,Accessibility,Email,Accessibility,False,True,False,False,False,False
SUP002103,GT000395,Regular,59,Complaint,Email,Complaint,False,False,False,False,False,False
SUP002104,GT007877,Regular,58,Enquiry,Email,Refund request,False,False,False,False,False,True
SUP002105,GT000334,Occasional,67,Accessibility,Email,Accessibility,False,False,False,False,True,False
SUP002106,GT001554,VIP,50,Refund request,Phone,Refund request,False,False,False,False,False,False
SUP002107,GT005545,Occasional,52,Complaint,Email,Complaint,False,False,False,False,False,False
SUP002108,GT000548,Regular,67,Enquiry,Email,Enquiry,False,False,False,False,False,False
SUP002109,GT004732,Regular,54,Refund request,Phone,Refund request,False,True,False,False,False,False
SUP002110,GT006503,Regular,58,Refund request,Email,Enquiry,False,False,False,False,True,True
SUP002111,GT006127,New,32,Refund request,Phone,Refund request,False,False,False,False,False,False
SUP002112,GT001715,Occasional,63,Complaint,Phone,Complaint,False,False,False,False,False,False
SUP002113,GT006084,VIP,46,Refund request,Email,Refund request,False,False,False,False,True,False
SUP002114,GT002354,Occasional,35,Refund request,Email,Refund request,False,False,False,False,False,False
SUP002115,GT004309,Regular,66,Accessibility,Phone,Accessibility,False,False,True,False,False,False
SUP002116,GT009408,Occasional,51,Refund request,Phone,Refund request,False,False,False,False,False,False
SUP002117,GT003860,Occasional,58,Enquiry,Email,Enquiry,False,True,False,False,False,False
SUP002118,GT001046,VIP,21,Accessibility,Email,Accessibility,False,False,False,False,False,False
SUP002119,GT000398,Occasional,74,Accessibility,Email,Accessibility,False,False,False,False,False,False
SUP002120,GT004307,New,57,Refund request,Email,Refund request,False,False,True,False,False,False
SUP002121,GT002432,Occasional,77,Enquiry,Email,Enquiry,False,False,False,False,False,False
SUP002122,GT003815,Regular,57,Refund request,Email,Refund request,False,False,False,False,False,False
SUP002123,GT007557,New,22,Refund request,Email,Refund request,False,False,False,False,False,False
SUP002124,GT000876,Regular,22,Enquiry,Email,Enquiry,False,False,False,False,True,False
SUP002125,GT006859,Occasional,24,Accessibility,Email,Accessibility,False,False,False,False,True,False
SUP002126,GT001787,Regular,30,Accessibility,Email,Accessibility,False,False,False,False,False,False
SUP002127,GT004128,Occasional,57,Refund request,Phone,Refund request,False,False,False,False,False,False
SUP002128,GT008591,Occasional,50,Accessibility,Email,Accessibility,False,False,False,False,False,False
SUP002129,GT004070,Occasional,73,Accessibility,Email,Complaint,False,False,False,False,True,True
SUP002130,GT006438,Occasional,25,Refund request,Email,Refund request,False,False,False,False,False,False
SUP002131,GT005822,Occasional,64,Refund request,Phone,Refund request,False,False,False,False,False,False
SUP002132,GT009753,Occasional,39,Refund request,Email,Refund request,False,False,False,False,False,False
SUP002133,GT000970,Regular,27,Enquiry,Phone,Enquiry,False,False,False,True,False,False
SUP002134,GT009715,Occasional,45,Enquiry,Phone,Enquiry,False,True,True,False,False,False
SUP002135,GT002856,New,48,Enquiry,Phone,Enquiry,False,False,False,False,False,False
SUP002136,GT004037,VIP,41,Refund request,Phone,Accessibility,False,False,False,True,False,True
SUP002137,GT000674,Regular,64,Refund request,Email,Refund request,False,False,False,False,False,False
SUP002138,GT002804,Occasional,61,Complaint,Phone,Complaint,False,False,False,False,False,False
SUP002139,GT005128,VIP,30,Complaint,Phone,Complaint,False,False,False,False,False,False
SUP002140,GT008267,Regular,23,Accessibility,Email,Accessibility,False,False,False,False,True,False
SUP002141,GT001356,Occasional,23,Enquiry,Email,Enquiry,False,False,False,False,False,False
SUP002142,GT000073,Occasional,48,Enquiry,Email,Enquiry,False,False,False,False,False,False
SUP002143,GT005168,VIP,59,Complaint,Phone,Complaint,False,False,False,False,False,False
SUP002144,GT001683,Occasional,38,Complaint,Email,Complaint,False,False,False,False,False,False
SUP002145,GT002600,VIP,28,Accessibility,Email,Accessibility,False,False,False,False,True,False
SUP002146,GT000489,Occasional,30,Refund request,Email,Refund request,False,False,False,False,False,False
SUP002147,GT006069,Occasional,53,Enquiry,Email,Enquiry,False,False,False,False,False,False
SUP002148,GT006731,Occasional,46,Enquiry,Email,Enquiry,False,False,False,False,False,False
SUP002149,GT003165,Regular,25,Refund request,Email,Refund request,False,False,False,False,False,False
SUP002150,GT007085,Regular,56,Refund request,Email,Refund request,False,False,False,False,False,False
SUP002151,GT004150,Occasional,47,Complaint,Email,Complaint,False,True,False,False,True,False
SUP002152,GT009832,Regular,21,Enquiry,Phone,Enquiry,False,False,False,False,False,False
SUP002153,GT000296,Regular,44,Enquiry,Email,Enquiry,False,False,False,False,False,False
SUP002154,GT003326,VIP,37,Refund request,Email,Refund request,False,False,False,False,False,False
SUP002155,GT004353,Occasional,65,Enquiry,Email,Enquiry,False,False,False,False,True,False
SUP002156,GT001495,Regular,24,Enquiry,Phone,Enquiry,False,False,False,False,False,False
SUP002157,GT008809,Regular,32,Accessibility,Email,Accessibility,False,False,False,False,False,False
SUP002158,GT000652,VIP,20,Refund request,Email,Refund request,False,False,False,False,False,False
SUP002159,GT006833,New,26,Refund request,Phone,Refund request,False,False,True,False,False,False
SUP002160,GT008646,Occasional,56,Complaint,Email,Complaint,False,False,False,False,True,False
SUP002161,GT008535,New,69,Accessibility,Email,Accessibility,False,False,False,False,False,False
SUP002162,GT000661,VIP,54,Enquiry,Email,Enquiry,False,True,False,False,False,False
SUP002163,GT005756,Regular,45,Refund request,Phone,Refund request,False,False,False,True,False,False
SUP002164,GT004869,Regular,54,Complaint,Email,Complaint,False,False,False,False,False,False
SUP002165,GT004801,Occasional,65,Accessibility,Email,Accessibility,False,False,False,False,False,False
SUP002166,GT009096,Occasional,57,Enquiry,Phone,Enquiry,False,False,False,False,False,False
SUP002167,GT008416,Regular,42,Refund request,Phone,Refund request,False,False,False,False,False,False
SUP002168,GT003296,Regular,61,Accessibility,Phone,Accessibility,False,False,False,False,False,False
SUP002169,GT007071,Regular,67,Refund request,Phone,Refund request,False,False,False,False,False,False
SUP002170,GT005377,Regular,50,Complaint,Email,Complaint,False,False,False,False,True,False
SUP002171,GT000048,Regular,40,Refund request,Email,Refund request,False,False,False,False,True,False
SUP002172,GT003147,Occasional,20,Enquiry,Email,Enquiry,False,False,False,False,True,False
SUP002173,GT009417,VIP,45,Refund request,Email,Refund request,False,False,False,False,False,False
SUP002174,GT007987,Regular,54,Refund request,Email,Enquiry,False,False,False,False,True,True
SUP002175,GT001307,Regular,48,Refund request,Phone,Accessibility,False,False,False,True,False,True
SUP002176,GT004225,Occasional,66,Refund request,Email,Refund request,False,False,False,False,False,False
SUP002177,GT002430,Occasional,29,Complaint,Email,Complaint,False,False,False,False,False,False
SUP002178,GT005831,Occasional,26,Refund request,Email,Refund request,False,False,False,False,True,False
SUP002179,GT005233,Regular,41,Refund request,Phone,Refund request,False,True,False,False,False,False
SUP002180,GT006497,Regular,35,Complaint,Email,Complaint,False,False,False,False,True,False
SUP002181,GT000476,Regular,57,Enquiry,Email,Enquiry,False,False,False,False,True,False
SUP002182,GT007279,Occasional,50,Refund request,Email,Refund request,False,False,False,False,False,False
SUP002183,GT006307,Regular,66,Enquiry,Phone,Enquiry,False,False,False,True,False,False
SUP002184,GT003467,Occasional,57,Refund request,Email,Refund request,False,False,False,False,True,False
SUP002185,GT009267,VIP,39,Refund request,Email,Refund request,False,False,False,False,False,False
SUP002186,GT000670,New,28,Accessibility,Phone,Accessibility,False,False,False,True,False,False
SUP002187,GT003936,Regular,43,Refund request,Phone,Refund request,False,False,False,False,False,False
SUP002188,GT008474,Regular,69,Accessibility,Phone,Accessibility,False,False,False,False,False,False
SUP002189,GT007035,Occasional,43,Accessibility,Email,Accessibility,False,False,False,False,False,False
SUP002190,GT001348,Regular,78,Refund request,Email,Refund request,False,False,True,False,False,False
SUP002191,GT005927,Regular,48,Complaint,Phone,Complaint,False,False,False,False,False,False
SUP002192,GT001769,Regular,37,Enquiry,Phone,Enquiry,False,True,False,False,False,False
SUP002193,GT006946,Occasional,55,Enquiry,Email,Enquiry,False,False,False,False,False,False
SUP002194,GT008334,VIP,79,Accessibility,Email,Accessibility,False,False,False,False,False,False
SUP002195,GT000012,Occasional,70,Enquiry,Email,Enquiry,False,False,False,False,False,False
SUP002196,GT006356,Occasional,57,Accessibility,Email,Accessibility,False,False,False,False,False,False
SUP002197,GT000802,Occasional,44,Enquiry,Email,Enquiry,False,False,False,False,False,False
SUP002198,GT005364,Occasional,54,Accessibility,Email,Accessibility,False,False,False,False,True,False
SUP002199,GT000112,New,24,Enquiry,Email,Enquiry,False,False,False,False,False,False
SUP002200,GT004948,Occasional,19,Enquiry,Email,Enquiry,False,False,False,False,False,False
SUP002201,GT002957,Regular,67,Accessibility,Phone,Accessibility,True,False,False,False,False,False
SUP002202,GT006949,Occasional,32,Refund request,Phone,Refund request,False,False,False,False,False,False
SUP002203,GT002450,VIP,55,Enquiry,Email,Enquiry,False,False,False,False,True,False
SUP002204,GT000702,VIP,69,Accessibility,Email,Accessibility,False,False,False,False,False,False
SUP002205,GT005785,Regular,33,Refund request,Email,Refund request,False,False,False,False,False,False
SUP002206,GT002821,Occasional,68,Refund request,Email,Refund request,False,False,False,False,True,False
SUP002207,GT005976,Occasional,60,Enquiry,Email,Enquiry,False,False,False,False,False,False
SUP002208,GT004981,Occasional,30,Enquiry,Email,Enquiry,False,False,False,False,False,False
SUP002209,GT009901,Occasional,39,Enquiry,Email,Enquiry,False,False,False,False,True,False
SUP002210,GT007485,Occasional,22,Enquiry,Email,Enquiry,False,False,False,False,False,False
SUP002211,GT004589,Regular,85,Complaint,Email,Complaint,False,True,False,False,False,False
SUP002212,GT006266,VIP,47,Complaint,Phone,Complaint,False,False,False,False,False,False
SUP002213,GT009450,Regular,60,Complaint,Email,Complaint,False,False,False,False,False,False
SUP002214,GT005168,VIP,59,Refund request,Email,Refund request,False,False,False,False,True,False
SUP002215,GT000387,New,55,Complaint,Email,Complaint,False,False,False,False,False,False
SUP002216,GT006968,Occasional,59,Refund request,Email,Refund request,False,False,False,False,False,False
SUP002217,GT005232,Occasional,51,Refund request,Email,Refund request,False,False,False,False,False,False
SUP002218,GT008135,New,84,Refund request,Email,Refund request,False,False,False,False,False,False
SUP002219,GT001548,Occasional,26,Accessibility,Phone,Accessibility,False,True,False,False,False,False
SUP002220,GT009756,Regular,24,Enquiry,Email,Enquiry,False,False,False,False,False,False
SUP002221,GT006867,Regular,25,Complaint,Email,Complaint,False,False,False,False,True,False
SUP002222,GT001854,Occasional,23,Complaint,Email,Complaint,False,False,False,False,False,False
SUP002223,GT001073,Occasional,32,Refund request,Phone,Refund request,False,False,False,False,False,False
SUP002224,GT006423,VIP,18,Enquiry,Email,Enquiry,False,False,False,False,False,False
SUP002225,GT003706,Occasional,51,Accessibility,Email,Accessibility,False,False,False,False,False,False
SUP002226,GT003534,Occasional,28,Refund request,Email,Refund request,False,False,False,False,True,False
SUP002227,GT001192,Regular,42,Complaint,Email,Complaint,False,False,False,False,True,False
SUP002228,GT008904,Regular,40,Refund request,Email,Refund request,False,False,False,False,False,False
SUP002229,GT006919,New,23,Enquiry,Phone,Refund request,False,False,False,True,False,True
SUP002230,GT000709,Occasional,37,Refund request,Email,Refund request,False,False,False,False,False,False
SUP002231,GT002975,VIP,80,Accessibility,Email,Accessibility,False,True,False,False,False,False
SUP002232,GT008249,Occasional,47,Enquiry,Email,Enquiry,False,False,False,False,False,False
SUP002233,GT007299,New,55,Accessibility,Email,Accessibility,False,False,False,False,False,False
SUP002234,GT009611,New,22,Enquiry,Email,Enquiry,False,False,False,False,False,False
SUP002235,GT007730,Regular,33,Complaint,Phone,Complaint,False,False,False,False,False,False
SUP002236,GT004425,Occasional,58,Refund request,Email,Refund request,False,False,False,False,False,False
SUP002237,GT003510,Occasional,28,Enquiry,Email,Enquiry,False,False,False,False,True,False
SUP002238,GT009421,Regular,31,Accessibility,Email,Accessibility,False,False,True,False,False,False
SUP002239,GT006944,VIP,26,Refund request,Email,Refund request,False,False,False,False,False,False
SUP002240,GT006466,Regular,44,Refund request,Email,Refund request,False,False,False,False,False,False
SUP002241,GT007779,Occasional,48,Enquiry,Email,Enquiry,False,True,True,False,False,False
SUP002242,GT003147,Occasional,20,Accessibility,Phone,Accessibility,False,False,False,False,False,False
SUP002243,GT003124,Regular,40,Complaint,Email,Complaint,False,False,False,False,True,False
SUP002244,GT003647,Regular,41,Refund request,Email,Refund request,False,False,False,False,True,False
SUP002245,GT009082,Occasional,84,Accessibility,Phone,Accessibility,False,False,False,False,False,False
SUP002246,GT007922,Occasional,55,Enquiry,Phone,Enquiry,False,False,False,False,False,False
SUP002247,GT002556,Regular,27,Enquiry,Email,Enquiry,False,True,False,False,False,False
SUP002248,GT005922,New,65,Accessibility,Email,Refund request,False,False,False,False,False,True
SUP002249,GT006423,VIP,18,Refund request,Email,Refund request,False,False,False,False,False,False
SUP002250,GT005573,VIP,66,Refund request,Phone,Refund request,False,False,False,False,False,False
SUP002251,GT009628,Regular,60,Refund request,Email,Refund request,False,False,False,False,False,False
SUP002252,GT006569,Regular,57,Enquiry,Email,Enquiry,False,False,False,False,False,False
SUP002253,GT002536,Occasional,35,Refund request,Phone,Refund request,False,False,False,True,False,False
SUP002254,GT000181,Occasional,48,Accessibility,Phone,Accessibility,False,False,False,False,False,False
SUP002255,GT008114,Regular,56,Refund request,Email,Refund request,False,False,False,False,False,False
SUP002256,GT002954,Regular,31,Refund request,Email,Refund request,False,False,False,False,False,False
SUP002257,GT002031,Occasional,74,Refund request,Email,Refund request,False,False,False,False,False,False
SUP002258,GT005900,Occasional,65,Enquiry,Email,Enquiry,False,False,False,False,False,False
SUP002259,GT004215,Occasional,41,Refund request,Email,Refund request,False,False,False,False,False,False
SUP002260,GT003389,VIP,78,Accessibility,Email,Accessibility,False,False,False,False,False,False
SUP002261,GT003499,Regular,24,Enquiry,Email,Refund request,False,False,False,False,True,True
SUP002262,GT000633,Occasional,48,Refund request,Email,Refund request,False,True,False,False,False,False
SUP002263,GT006207,VIP,78,Refund request,Email,Refund request,False,False,False,False,False,False
SUP002264,GT005566,Occasional,76,Refund request,Email,Refund request,False,False,False,False,False,False
SUP002265,GT005338,Occasional,22,Complaint,Phone,Complaint,False,False,False,True,False,False
SUP002266,GT007579,Regular,75,Refund request,Phone,Refund request,False,False,False,False,False,False
SUP002267,GT009955,VIP,49,Enquiry,Email,Enquiry,False,False,False,False,True,False
SUP002268,GT004848,Regular,28,Accessibility,Email,Accessibility,False,False,False,False,False,False
SUP002269,GT006058,Regular,39,Complaint,Email,Complaint,False,False,False,False,False,False
SUP002270,GT007749,Regular,43,Complaint,Phone,Complaint,False,False,False,True,False,False
SUP002271,GT009629,Occasional,20,Refund request,Email,Refund request,False,False,True,False,False,False
SUP002272,GT008506,New,57,Enquiry,Email,Enquiry,False,False,False,False,False,False
SUP002273,GT003728,Occasional,20,Refund request,Email,Refund request,False,False,False,False,False,False
SUP002274,GT000039,Occasional,42,Accessibility,Email,Accessibility,False,False,False,False,False,False
SUP002275,GT008336,Regular,64,Accessibility,Phone,Accessibility,False,False,False,False,False,False
SUP002276,GT002672,VIP,28,Refund request,Phone,Refund request,False,False,False,False,False,False
SUP002277,GT005074,VIP,30,Refund request,Email,Refund request,False,True,False,False,False,False
SUP002278,GT006528,Regular,47,Accessibility,Email,Accessibility,False,False,False,False,False,False
SUP002279,GT002379,Occasional,75,Complaint,Email,Complaint,False,False,False,False,False,False
SUP002280,GT001386,Occasional,65,Accessibility,Email,Accessibility,False,False,False,False,False,False
SUP002281,GT007476,Regular,36,Enquiry,Phone,Refund request,False,False,False,False,False,True
SUP002282,GT007376,Regular,59,Refund request,Email,Refund request,False,False,False,False,False,False
SUP002283,GT003160,VIP,49,Refund request,Email,Refund request,False,False,False,False,True,False
SUP002284,GT009432,Regular,28,Enquiry,Email,Enquiry,False,False,False,False,False,False
SUP002285,GT000404,Occasional,49,Enquiry,Phone,Enquiry,False,False,False,False,False,False
SUP002286,GT006124,Occasional,47,Refund request,Email,Refund request,False,False,False,False,True,False
SUP002287,GT001478,Regular,23,Refund request,Email,Refund request,False,False,False,False,False,False
SUP002288,GT003171,Regular,28,Enquiry,Phone,Enquiry,False,False,False,True,False,False
SUP002289,GT004383,VIP,49,Complaint,Phone,Complaint,False,False,False,False,False,False
SUP002290,GT009795,Occasional,49,Enquiry,Email,Enquiry,False,False,False,False,False,False
SUP002291,GT001073,Occasional,32,Refund request,Email,Refund request,False,False,False,False,True,False
SUP002292,GT002101,Regular,72,Refund request,Email,Refund request,False,False,False,False,False,False
SUP002293,GT008034,VIP,50,Refund request,Email,Refund request,False,False,False,False,False,False
SUP002294,GT000808,Regular,60,Enquiry,Email,Enquiry,False,False,False,False,False,False
SUP002295,GT008569,Occasional,67,Accessibility,Email,Accessibility,False,False,False,False,False,False
SUP002296,GT000632,Regular,49,Refund request,Email,Refund request,False,False,False,False,False,False
SUP002297,GT005226,Regular,57,Complaint,Email,Complaint,False,False,False,False,True,False
SUP002298,GT000544,Occasional,71,Enquiry,Email,Enquiry,False,True,False,False,False,False
SUP002299,GT006509,Occasional,50,Refund request,Email,Refund request,False,False,False,False,False,False
SUP002300,GT009491,VIP,79,Refund request,Email,Enquiry,False,False,False,False,False,True
SUP002301,GT005560,Occasional,62,Complaint,Phone,Complaint,False,False,False,True,False,False
SUP002302,GT009104,Regular,61,Refund request,Email,Refund request,False,False,False,False,True,False
SUP002303,GT002476,Occasional,33,Enquiry,Email,Enquiry,False,False,False,False,True,False
SUP002304,GT000348,Regular,60,Refund request,Phone,Refund request,False,False,False,True,False,False
SUP002305,GT003297,Occasional,41,Complaint,Email,Complaint,False,False,False,False,False,False
SUP002306,GT003815,Regular,57,Accessibility,Email,Accessibility,False,False,False,False,True,False
SUP002307,GT002351,Regular,34,Refund request,Email,Refund request,False,False,False,False,False,False
SUP002308,GT002431,New,67,Refund request,Phone,Refund request,False,False,False,False,False,False
SUP002309,GT001463,Regular,32,Refund request,Email,Refund request,False,False,False,False,False,False
SUP002310,GT008517,Regular,61,Complaint,Email,Complaint,False,False,False,False,True,False
SUP002311,GT000404,Occasional,49,Refund request,Email,Refund request,False,False,False,False,False,False
SUP002312,GT001356,Occasional,23,Accessibility,Email,Accessibility,False,False,False,False,True,False
SUP002313,GT001020,Occasional,66,Enquiry,Email,Enquiry,False,False,False,False,True,False
SUP002314,GT007427,VIP,74,Accessibility,Email,Accessibility,False,False,False,False,False,False
SUP002315,GT004344,Occasional,46,Refund request,Email,Refund request,False,False,False,False,False,False
SUP002316,GT004514,New,45,Complaint,Email,Complaint,False,False,False,False,False,False
SUP002317,GT004320,Regular,81,Enquiry,Email,Enquiry,False,False,False,False,True,False
SUP002318,GT006784,New,40,Enquiry,Email,Enquiry,False,False,False,False,False,False
SUP002319,GT001112,VIP,70,Complaint,Email,Complaint,False,False,False,False,True,False
SUP002320,GT009635,New,63,Accessibility,Email,Complaint,False,False,False,False,True,True
SUP002321,GT003582,Occasional,26,Complaint,Email,Complaint,False,False,False,False,False,False
SUP002322,GT009801,Occasional,84,Complaint,Email,Complaint,False,False,False,False,False,False
SUP002323,GT001231,Regular,82,Refund request,Email,Refund request,False,True,False,False,False,False
SUP002324,GT008700,Occasional,59,Enquiry,Email,Enquiry,False,False,False,False,True,False
SUP002325,GT001445,Occasional,33,Refund request,Phone,Accessibility,True,False,False,False,False,True
SUP002326,GT000261,VIP,60,Refund request,Email,Refund request,False,False,False,False,False,False
SUP002327,GT000555,Regular,68,Enquiry,Email,Enquiry,False,False,False,False,False,False
SUP002328,GT006904,Regular,26,Refund request,Phone,Refund request,False,False,False,False,False,False
SUP002329,GT003155,Occasional,85,Enquiry,Phone,Enquiry,False,False,False,True,False,False
SUP002330,GT001091,Occasional,26,Refund request,Email,Refund request,False,False,False,False,False,False
SUP002331,GT004115,Occasional,69,Enquiry,Email,Enquiry,False,False,False,False,False,False
SUP002332,GT002465,Occasional,72,Enquiry,Phone,Enquiry,False,False,False,True,False,False
SUP002333,GT009254,VIP,43,Refund request,Phone,Refund request,False,False,False,False,False,False
SUP002334,GT003904,Occasional,58,Enquiry,Email,Enquiry,False,False,False,False,True,False
SUP002335,GT002112,Occasional,48,Complaint,Email,Complaint,False,False,False,False,False,False
SUP002336,GT003728,Occasional,20,Accessibility,Email,Accessibility,True,False,False,False,False,False
SUP002337,GT004214,Occasional,32,Refund request,Email,Refund request,False,False,False,False,False,False
SUP002338,GT007492,VIP,33,Enquiry,Email,Enquiry,False,False,False,False,False,False
SUP002339,GT000724,Regular,33,Accessibility,Email,Accessibility,False,False,False,False,False,False
SUP002340,GT003550,Occasional,63,Refund request,Email,Refund request,False,False,False,False,False,False
SUP002341,GT000941,Regular,61,Refund request,Email,Refund request,False,False,False,False,True,False
SUP002342,GT007666,Occasional,32,Accessibility,Email,Accessibility,True,False,False,False,True,False
SUP002343,GT009482,Occasional,22,Refund request,Phone,Refund request,False,False,False,False,False,False
SUP002344,GT009351,Occasional,42,Refund request,Phone,Refund request,True,False,False,False,False,False
SUP002345,GT000218,Regular,50,Refund request,Email,Refund request,False,False,False,False,False,False
SUP002346,GT000687,Occasional,71,Refund request,Email,Refund request,False,False,False,False,False,False
SUP002347,GT008340,New,74,Refund request,Email,Refund request,False,False,False,False,False,False
SUP002348,GT003086,Occasional,58,Refund request,Phone,Refund request,False,False,False,True,False,False
SUP002349,GT002406,Occasional,51,Complaint,Email,Complaint,False,False,False,False,False,False
SUP002350,GT002303,Occasional,21,Enquiry,Email,Enquiry,False,False,False,False,False,False
SUP002351,GT009579,Occasional,38,Enquiry,Phone,Enquiry,False,False,False,False,False,False
SUP002352,GT006427,Occasional,39,Accessibility,Email,Enquiry,False,False,False,False,True,True
SUP002353,GT008450,Occasional,61,Enquiry,Email,Enquiry,False,False,False,False,False,False
SUP002354,GT006411,Occasional,61,Refund request,Email,Refund request,False,False,False,False,True,False
SUP002355,GT004617,Regular,43,Enquiry,Email,Enquiry,False,False,False,False,False,False
SUP002356,GT007211,Regular,25,Refund request,Email,Refund request,False,False,False,False,True,False
SUP002357,GT008422,New,56,Accessibility,Email,Accessibility,False,False,False,False,False,False
SUP002358,GT003935,Occasional,69,Enquiry,Email,Enquiry,False,False,False,False,True,False
SUP002359,GT002989,Regular,73,Refund request,Email,Refund request,False,False,False,False,False,False
SUP002360,GT007683,Occasional,71,Complaint,Email,Complaint,False,False,False,False,True,False
SUP002361,GT003639,New,80,Complaint,Phone,Accessibility,False,False,False,False,False,True
SUP002362,GT007285,VIP,54,Refund request,Phone,Accessibility,False,False,False,False,False,True
SUP002363,GT001398,Occasional,77,Complaint,Phone,Complaint,False,False,True,True,False,False
SUP002364,GT005274,Occasional,77,Accessibility,Phone,Accessibility,False,False,False,False,False,False
SUP002365,GT004882,Regular,63,Refund request,Phone,Refund request,False,False,False,True,False,False
SUP002366,GT006117,Occasional,29,Refund request,Email,Refund request,False,False,False,False,True,False
SUP002367,GT001065,New,52,Accessibility,Phone,Accessibility,False,False,False,False,False,False
SUP002368,GT004993,Regular,75,Accessibility,Email,Accessibility,False,False,False,False,False,False
SUP002369,GT009776,Occasional,66,Complaint,Email,Complaint,False,False,False,False,True,False
SUP002370,GT009340,Occasional,52,Enquiry,Email,Enquiry,False,False,True,False,False,False
SUP002371,GT005255,Occasional,23,Refund request,Email,Refund request,False,True,False,False,True,False
SUP002372,GT003673,Occasional,48,Enquiry,Phone,Enquiry,False,False,False,False,False,False
SUP002373,GT001539,Occasional,52,Refund request,Email,Refund request,False,False,False,False,False,False
SUP002374,GT001810,Regular,74,Accessibility,Email,Accessibility,False,True,False,False,False,False
SUP002375,GT009894,Regular,31,Enquiry,Phone,Enquiry,False,True,False,False,False,False
SUP002376,GT007887,Regular,35,Refund request,Phone,Refund request,False,False,False,True,False,False
SUP002377,GT005633,Regular,31,Complaint,Email,Complaint,False,False,False,False,False,False
SUP002378,GT005286,VIP,35,Complaint,Phone,Complaint,False,False,False,False,False,False
SUP002379,GT000291,New,56,Refund request,Phone,Refund request,False,False,False,False,False,False
SUP002380,GT007950,Occasional,48,Refund request,Email,Complaint,False,False,False,False,False,True
SUP002381,GT001698,Occasional,66,Accessibility,Email,Accessibility,False,False,False,False,True,False
SUP002382,GT007401,Occasional,37,Accessibility,Phone,Accessibility,False,False,False,False,False,False
SUP002383,GT003499,Regular,24,Refund request,Email,Refund request,False,False,False,False,True,False
SUP002384,GT004229,Regular,76,Enquiry,Email,Enquiry,False,False,False,False,False,False
SUP002385,GT000973,Occasional,48,Accessibility,Phone,Accessibility,False,False,False,True,False,False
SUP002386,GT001907,Regular,58,Complaint,Phone,Complaint,False,False,False,True,False,False
SUP002387,GT005434,Regular,40,Complaint,Email,Complaint,False,False,False,False,False,False
SUP002388,GT007162,Occasional,32,Complaint,Email,Complaint,False,False,False,False,True,False
SUP002389,GT009776,Occasional,66,Accessibility,Phone,Accessibility,False,False,False,False,False,False
SUP002390,GT004105,Regular,32,Refund request,Phone,Refund request,False,False,False,False,False,False
SUP002391,GT000560,Occasional,23,Accessibility,Phone,Accessibility,False,False,False,False,False,False
SUP002392,GT009441,Occasional,26,Enquiry,Email,Enquiry,False,False,False,False,False,False
SUP002393,GT004845,New,48,Refund request,Phone,Refund request,False,False,False,True,False,False
SUP002394,GT000276,Occasional,35,Refund request,Email,Refund request,False,False,False,False,False,False
SUP002395,GT008765,Regular,57,Complaint,Phone,Complaint,False,False,False,True,False,False
SUP002396,GT002599,Regular,48,Refund request,Email,Refund request,False,False,False,False,False,False
SUP002397,GT007628,Regular,39,Refund request,Email,Refund request,False,False,False,False,False,False
SUP002398,GT004234,Occasional,68,Refund request,Email,Refund request,False,False,False,False,False,False
SUP002399,GT001377,Regular,18,Complaint,Email,Complaint,False,False,False,False,True,False
SUP002400,GT006830,New,59,Accessibility,Email,Accessibility,False,False,False,False,False,False
SUP002401,GT001194,VIP,64,Refund request,Email,Refund request,False,False,False,False,False,False
SUP002402,GT008892,Regular,18,Enquiry,Email,Enquiry,False,False,False,False,True,False
SUP002403,GT009340,Occasional,52,Enquiry,Email,Enquiry,False,False,False,False,False,False
SUP002404,GT007589,Occasional,59,Complaint,Email,Complaint,False,False,False,False,False,False
SUP002405,GT009755,Occasional,75,Complaint,Phone,Complaint,False,False,False,True,False,False
SUP002406,GT007681,Regular,28,Complaint,Phone,Complaint,False,False,False,False,False,False
SUP002407,GT007233,Regular,51,Complaint,Email,Complaint,False,False,False,False,True,False
SUP002408,GT002810,Regular,78,Complaint,Email,Complaint,False,True,False,False,True,False
SUP002409,GT001605,Regular,38,Enquiry,Phone,Enquiry,False,False,True,False,False,False
SUP002410,GT006907,Occasional,46,Refund request,Email,Refund request,False,False,False,False,True,False
SUP002411,GT002990,Occasional,46,Refund request,Phone,Refund request,False,False,True,True,False,False
SUP002412,GT009532,Occasional,63,Enquiry,Phone,Enquiry,False,False,False,True,False,False
SUP002413,GT000314,Occasional,44,Complaint,Email,Complaint,False,False,False,False,False,False
SUP002414,GT008621,VIP,62,Complaint,Phone,Complaint,False,True,False,False,False,False
SUP002415,GT003179,New,36,Refund request,Email,Refund request,False,False,False,False,True,False
SUP002416,GT001067,Occasional,19,Complaint,Email,Complaint,False,False,False,False,True,False
SUP002417,GT001598,Regular,73,Enquiry,Email,Enquiry,False,False,False,False,False,False
SUP002418,GT000138,Regular,24,Refund request,Email,Refund request,False,False,False,False,True,False
SUP002419,GT008422,New,56,Complaint,Email,Complaint,False,False,False,False,False,False
SUP002420,GT002462,Regular,27,Complaint,Email,Complaint,True,False,False,False,True,False
SUP002421,GT005949,New,33,Complaint,Phone,Complaint,False,False,False,True,False,False
SUP002422,GT007960,Occasional,64,Complaint,Phone,Complaint,False,False,False,False,False,False
SUP002423,GT006370,Occasional,24,Complaint,Phone,Complaint,False,False,True,False,False,False
SUP002424,GT001616,Occasional,37,Refund request,Email,Refund request,False,False,True,False,False,False
SUP002425,GT008517,Regular,61,Enquiry,Email,Enquiry,False,False,False,False,True,False
SUP002426,GT001127,VIP,74,Complaint,Email,Complaint,False,False,False,False,False,False
SUP002427,GT006973,Occasional,72,Complaint,Email,Refund request,False,False,False,False,True,True
SUP002428,GT003814,Occasional,28,Complaint,Email,Complaint,False,False,False,False,False,False
SUP002429,GT009533,Regular,31,Refund request,Email,Refund request,False,False,False,False,False,False
SUP002430,GT009774,VIP,65,Refund request,Phone,Refund request,False,False,False,False,False,False
SUP002431,GT006861,Occasional,78,Refund request,Email,Refund request,False,False,False,False,False,False
SUP002432,GT005513,Occasional,52,Refund request,Phone,Refund request,False,False,True,False,False,False
SUP002433,GT008522,Occasional,30,Enquiry,Phone,Enquiry,False,False,False,True,False,False
SUP002434,GT009739,New,31,Refund request,Email,Refund request,False,False,False,False,True,False
SUP002435,GT007267,Regular,48,Complaint,Email,Complaint,False,False,False,False,False,False
SUP002436,GT008691,Regular,51,Complaint,Email,Complaint,False,False,True,False,False,False
SUP002437,GT007085,Regular,56,Refund request,Email,Refund request,False,False,False,False,False,False
SUP002438,GT009579,Occasional,38,Accessibility,Phone,Accessibility,False,False,False,False,False,False
SUP002439,GT007924,Occasional,28,Refund request,Phone,Refund request,False,False,True,False,False,False
SUP002440,GT005383,VIP,19,Enquiry,Phone,Enquiry,False,False,False,False,False,False
SUP002441,GT008121,New,47,Complaint,Phone,Complaint,False,False,False,True,False,False
SUP002442,GT009167,Regular,77,Refund request,Phone,Refund request,False,False,True,False,False,False
SUP002443,GT007020,Regular,62,Accessibility,Email,Accessibility,False,False,False,False,False,False
SUP002444,GT004988,Occasional,53,Refund request,Email,Refund request,False,False,False,False,False,False
SUP002445,GT007009,Regular,33,Enquiry,Phone,Accessibility,False,False,False,False,False,True
SUP002446,GT001143,Occasional,39,Refund request,Email,Refund request,False,False,False,False,True,False
SUP002447,GT004815,Regular,59,Complaint,Phone,Complaint,False,False,False,False,False,False
SUP002448,GT001773,Regular,60,Complaint,Email,Complaint,False,False,False,False,False,False
SUP002449,GT004807,Regular,30,Enquiry,Phone,Enquiry,False,False,False,True,False,False
SUP002450,GT000475,VIP,28,Enquiry,Email,Enquiry,False,False,False,False,False,False
SUP002451,GT006012,VIP,45,Accessibility,Email,Accessibility,False,False,False,False,False,False
SUP002452,GT007492,VIP,33,Complaint,Email,Complaint,False,False,False,False,False,False
SUP002453,GT009003,Occasional,34,Accessibility,Email,Accessibility,False,False,False,False,True,False
SUP002454,GT000008,Occasional,41,Accessibility,Email,Accessibility,False,False,False,False,True,False
SUP002455,GT009619,Occasional,56,Enquiry,Email,Enquiry,False,False,False,False,True,False
SUP002456,GT003144,New,47,Enquiry,Phone,Enquiry,False,False,True,True,False,False
SUP002457,GT008204,Occasional,70,Refund request,Phone,Refund request,False,False,False,False,False,False
SUP002458,GT009100,Regular,68,Enquiry,Phone,Enquiry,False,False,True,False,False,False
SUP002459,GT001097,Regular,50,Complaint,Phone,Complaint,False,False,False,False,False,False
SUP002460,GT008816,Regular,39,Enquiry,Email,Enquiry,False,False,False,False,False,False
SUP002461,GT002702,VIP,55,Enquiry,Email,Enquiry,False,False,True,False,False,False
SUP002462,GT002655,Occasional,62,Refund request,Email,Refund request,False,False,False,False,True,False
SUP002463,GT003274,Occasional,52,Refund request,Email,Refund request,False,False,False,False,False,False
SUP002464,GT007233,Regular,51,Enquiry,Email,Enquiry,False,False,False,False,False,False
SUP002465,GT003688,Regular,30,Accessibility,Email,Accessibility,False,False,False,False,False,False
SUP002466,GT008983,New,27,Refund request,Email,Refund request,False,False,False,False,True,False
SUP002467,GT004112,Regular,21,Enquiry,Phone,Enquiry,False,False,False,True,False,False
SUP002468,GT005721,Occasional,80,Refund request,Phone,Refund request,False,False,False,True,False,False
SUP002469,GT007578,VIP,20,Complaint,Email,Complaint,False,False,False,False,False,False
SUP002470,GT009295,Regular,53,Enquiry,Email,Enquiry,False,False,False,False,False,False
SUP002471,GT008791,Occasional,42,Enquiry,Phone,Enquiry,False,False,False,False,False,False
SUP002472,GT003330,Regular,31,Enquiry,Email,Enquiry,False,False,True,False,False,False
SUP002473,GT006726,Occasional,21,Refund request,Email,Refund request,False,False,False,False,False,False
SUP002474,GT002971,New,31,Complaint,Phone,Complaint,False,False,False,True,False,False
SUP002475,GT002745,VIP,41,Enquiry,Email,Enquiry,False,False,False,False,True,False
SUP002476,GT006297,Occasional,76,Accessibility,Phone,Refund request,False,False,False,True,False,True
SUP002477,GT009668,New,59,Refund request,Phone,Refund request,False,False,False,True,False,False
SUP002478,GT001956,Regular,55,Accessibility,Phone,Accessibility,False,False,True,True,False,False
SUP002479,GT003358,Occasional,43,Complaint,Phone,Complaint,False,False,False,False,False,False
SUP002480,GT000305,New,58,Complaint,Email,Complaint,False,False,False,False,False,False
SUP002481,GT001947,Occasional,36,Refund request,Email,Refund request,False,False,False,False,False,False
SUP002482,GT003114,Occasional,31,Refund request,Email,Refund request,False,False,False,False,False,False
SUP002483,GT003313,New,71,Complaint,Email,Complaint,False,False,False,False,False,False
SUP002484,GT007998,New,43,Refund request,Email,Refund request,False,False,False,False,False,False
SUP002485,GT006959,New,34,Complaint,Email,Complaint,False,False,True,False,False,False
SUP002486,GT008809,Regular,32,Accessibility,Email,Accessibility,False,False,False,False,False,False
SUP002487,GT006322,Regular,42,Accessibility,Email,Accessibility,False,False,False,False,False,False
SUP002488,GT003254,New,72,Accessibility,Email,Accessibility,False,False,False,False,True,False
SUP002489,GT000549,Regular,60,Accessibility,Email,Accessibility,False,False,False,False,True,False
SUP002490,GT003020,Regular,59,Accessibility,Email,Accessibility,False,False,False,False,False,False
SUP002491,GT000817,Regular,59,Refund request,Email,Refund request,False,False,False,False,True,False
SUP002492,GT001418,VIP,62,Refund request,Phone,Refund request,False,False,True,False,False,False
SUP002493,GT008805,Regular,72,Refund request,Phone,Refund request,False,False,False,False,False,False
SUP002494,GT009299,Regular,71,Accessibility,Email,Accessibility,False,False,False,False,False,False
SUP002495,GT004170,Occasional,43,Enquiry,Email,Enquiry,False,False,False,False,True,False
SUP002496,GT002648,Regular,50,Refund request,Email,Refund request,False,False,False,False,False,False
SUP002497,GT005756,Regular,45,Refund request,Email,Refund request,True,False,False,False,True,False
SUP002498,GT004147,Regular,61,Refund request,Phone,Refund request,False,False,False,True,False,False
SUP002499,GT000038,Occasional,65,Complaint,Email,Complaint,False,False,False,False,True,False
SUP002500,GT009425,Occasional,48,Complaint,Email,Complaint,False,False,False,False,True,False
SUP002501,GT005265,Regular,61,Enquiry,Phone,Enquiry,False,False,False,True,False,False
SUP002502,GT001568,Regular,58,Refund request,Email,Refund request,False,False,False,False,False,False
SUP002503,GT007727,Occasional,73,Refund request,Phone,Refund request,False,False,False,True,False,False
SUP002504,GT009901,Occasional,39,Complaint,Phone,Complaint,False,False,False,False,False,False
SUP002505,GT004070,Occasional,73,Complaint,Email,Complaint,False,False,False,False,False,False
SUP002506,GT007567,Occasional,23,Refund request,Email,Refund request,True,False,False,False,False,False
SUP002507,GT000838,Occasional,58,Refund request,Email,Refund request,False,False,False,False,True,False
SUP002508,GT003694,Occasional,30,Enquiry,Phone,Enquiry,False,False,False,False,False,False
SUP002509,GT000601,Occasional,30,Enquiry,Email,Enquiry,False,False,False,False,True,False
SUP002510,GT001909,Occasional,72,Complaint,Email,Complaint,False,False,False,False,False,False
SUP002511,GT002134,Regular,76,Refund request,Phone,Refund request,False,False,False,True,False,False
SUP002512,GT004004,Regular,67,Refund request,Email,Refund request,False,True,False,False,False,False
SUP002513,GT005534,Regular,33,Complaint,Email,Complaint,False,False,False,False,False,False
SUP002514,GT005533,Occasional,77,Accessibility,Email,Accessibility,False,False,False,False,False,False
SUP002515,GT002354,Occasional,35,Enquiry,Email,Enquiry,False,False,False,False,False,False
SUP002516,GT008297,Occasional,67,Accessibility,Email,Accessibility,False,False,False,False,True,False
SUP002517,GT008566,New,66,Refund request,Email,Refund request,False,False,False,False,False,False
SUP002518,GT000642,Regular,60,Complaint,Phone,Complaint,False,False,False,True,False,False
SUP002519,GT004234,Occasional,68,Refund request,Email,Refund request,False,False,False,False,False,False
SUP002520,GT000972,Occasional,63,Complaint,Email,Complaint,False,False,False,False,False,False
SUP002521,GT008520,Regular,54,Refund request,Email,Refund request,False,False,False,False,True,False
SUP002522,GT001066,Regular,51,Refund request,Email,Complaint,False,True,False,False,True,True
SUP002523,GT000709,Occasional,37,Refund request,Phone,Refund request,False,False,True,False,False,False
SUP002524,GT000875,VIP,68,Enquiry,Email,Refund request,False,False,True,False,False,True
SUP002525,GT000911,Regular,21,Complaint,Phone,Complaint,False,False,False,True,False,False
SUP002526,GT002754,Occasional,73,Complaint,Phone,Complaint,False,False,False,True,False,False
SUP002527,GT003493,Occasional,44,Refund request,Email,Refund request,False,True,False,False,True,False
SUP002528,GT001821,VIP,75,Accessibility,Phone,Accessibility,False,False,False,False,False,False
SUP002529,GT002467,Occasional,77,Accessibility,Email,Accessibility,False,False,False,False,False,False
SUP002530,GT000886,Occasional,66,Accessibility,Email,Accessibility,False,False,False,False,False,False
SUP002531,GT007378,Occasional,63,Accessibility,Email,Accessibility,False,False,False,False,False,False
SUP002532,GT007579,Regular,75,Refund request,Email,Refund request,False,False,False,False,False,False
SUP002533,GT002210,Regular,39,Accessibility,Phone,Accessibility,False,False,False,False,False,False
SUP002534,GT003655,Occasional,40,Refund request,Email,Refund request,False,False,False,False,True,False
SUP002535,GT006127,New,32,Accessibility,Email,Accessibility,True,False,True,False,False,False
SUP002536,GT005925,Regular,68,Accessibility,Email,Accessibility,False,False,True,False,False,False
SUP002537,GT009214,Occasional,34,Refund request,Phone,Refund request,False,False,False,False,False,False
SUP002538,GT000244,Occasional,51,Refund request,Email,Refund request,False,False,False,False,False,False
SUP002539,GT007064,Regular,60,Enquiry,Email,Enquiry,False,False,True,False,False,False
SUP002540,GT003304,Regular,46,Enquiry,Phone,Enquiry,False,False,False,False,False,False
SUP002541,GT000272,Regular,52,Refund request,Email,Refund request,False,False,False,False,True,False
SUP002542,GT000297,Regular,24,Refund request,Email,Refund request,False,False,False,False,False,False
SUP002543,GT000378,Regular,31,Refund request,Phone,Refund request,False,False,False,True,False,False
SUP002544,GT001337,Regular,57,Enquiry,Phone,Enquiry,False,False,False,True,False,False
SUP002545,GT002314,VIP,51,Complaint,Email,Complaint,False,False,False,False,False,False
SUP002546,GT008937,Regular,56,Refund request,Email,Refund request,False,False,False,False,True,False
SUP002547,GT000079,New,47,Complaint,Phone,Complaint,False,False,False,False,False,False
SUP002548,GT009274,Regular,64,Refund request,Email,Refund request,False,False,False,False,True,False
SUP002549,GT008974,Occasional,57,Enquiry,Phone,Enquiry,False,False,False,False,False,False
SUP002550,GT006871,Regular,50,Accessibility,Email,Accessibility,False,False,False,False,False,False
SUP002551,GT007651,Occasional,61,Refund request,Email,Refund request,False,False,False,False,True,False
SUP002552,GT002441,Occasional,54,Refund request,Email,Refund request,False,False,False,False,False,False
SUP002553,GT000656,Regular,54,Accessibility,Email,Refund request,False,False,False,False,False,True
SUP002554,GT001532,New,60,Refund request,Phone,Refund request,False,False,False,True,False,False
SUP002555,GT005104,Occasional,36,Accessibility,Email,Accessibility,False,False,False,False,False,False
SUP002556,GT008892,Regular,18,Enquiry,Phone,Enquiry,False,False,False,True,False,False
SUP002557,GT000863,Occasional,21,Refund request,Email,Refund request,False,False,False,False,False,False
SUP002558,GT004734,Regular,57,Accessibility,Email,Accessibility,False,False,False,False,False,False
SUP002559,GT005078,Regular,55,Complaint,Email,Enquiry,False,False,False,False,False,True
SUP002560,GT005562,Occasional,55,Refund request,Phone,Refund request,False,False,False,False,False,False
SUP002561,GT005792,Occasional,56,Refund request,Phone,Refund request,False,True,False,False,False,False
SUP002562,GT001914,VIP,41,Complaint,Email,Complaint,False,False,True,False,False,False
SUP002563,GT003270,New,29,Refund request,Phone,Refund request,False,False,False,False,False,False
SUP002564,GT009779,Occasional,28,Enquiry,Email,Enquiry,False,False,False,False,True,False
SUP002565,GT005682,Occasional,36,Enquiry,Email,Enquiry,True,False,False,False,True,False
SUP002566,GT003347,VIP,75,Accessibility,Email,Accessibility,False,False,False,False,False,False
SUP002567,GT003317,Occasional,63,Accessibility,Email,Accessibility,False,False,False,False,False,False
SUP002568,GT009402,Occasional,37,Refund request,Email,Refund request,True,False,True,False,False,False
SUP002569,GT009294,Regular,41,Enquiry,Email,Enquiry,False,False,False,False,False,False
SUP002570,GT000875,VIP,68,Complaint,Phone,Complaint,False,False,False,False,False,False
SUP002571,GT003034,Regular,60,Complaint,Phone,Complaint,False,False,False,True,False,False
SUP002572,GT008205,New,48,Refund request,Phone,Refund request,False,False,False,True,False,False
SUP002573,GT008012,Regular,61,Refund request,Email,Accessibility,False,False,False,False,False,True
SUP002574,GT008289,Occasional,51,Complaint,Email,Complaint,False,False,False,False,False,False
SUP002575,GT008405,VIP,42,Enquiry,Email,Enquiry,False,False,False,False,False,False
SUP002576,GT001194,VIP,64,Enquiry,Phone,Enquiry,False,False,False,True,False,False
SUP002577,GT001289,VIP,65,Accessibility,Email,Accessibility,False,False,False,False,False,False
SUP002578,GT000437,Occasional,40,Complaint,Email,Complaint,False,True,False,False,False,False
SUP002579,GT009894,Regular,31,Enquiry,Email,Enquiry,False,False,False,False,True,False
SUP002580,GT008937,Regular,56,Refund request,Phone,Refund request,False,False,False,False,False,False
SUP002581,GT002750,Regular,27,Enquiry,Email,Enquiry,False,False,False,False,True,False
SUP002582,GT007241,VIP,48,Accessibility,Email,Accessibility,False,False,False,False,True,False
SUP002583,GT004642,Occasional,24,Enquiry,Phone,Enquiry,False,False,False,False,False,False
SUP002584,GT008945,Regular,39,Accessibility,Email,Accessibility,False,False,False,False,True,False
SUP002585,GT000008,Occasional,41,Enquiry,Email,Enquiry,False,False,False,False,False,False
SUP002586,GT007085,Regular,56,Refund request,Email,Refund request,False,False,False,False,False,False
SUP002587,GT000540,Occasional,48,Complaint,Email,Complaint,False,False,False,False,False,False
SUP002588,GT002031,Occasional,74,Refund request,Phone,Refund request,False,False,False,True,False,False
SUP002589,GT001986,Occasional,43,Complaint,Email,Complaint,False,False,False,False,False,False
SUP002590,GT009981,Occasional,47,Refund request,Email,Refund request,False,False,False,False,False,False
SUP002591,GT001038,Occasional,56,Refund request,Email,Refund request,False,False,False,False,False,False
SUP002592,GT005199,New,19,Accessibility,Email,Accessibility,False,False,False,False,True,False
SUP002593,GT000439,Occasional,24,Accessibility,Email,Refund request,False,False,False,False,True,True
SUP002594,GT002948,New,26,Enquiry,Email,Enquiry,False,False,False,False,True,False
SUP002595,GT007377,Occasional,48,Refund request,Email,Refund request,False,False,False,False,False,False
SUP002596,GT009764,Occasional,44,Refund request,Email,Refund request,False,False,False,False,False,False
SUP002597,GT009758,VIP,51,Enquiry,Email,Enquiry,False,False,False,False,False,False
SUP002598,GT003553,VIP,60,Enquiry,Email,Enquiry,False,False,False,False,False,False
SUP002599,GT005918,Occasional,47,Refund request,Phone,Refund request,False,False,False,False,False,False
SUP002600,GT008074,Occasional,78,Accessibility,Email,Accessibility,False,False,False,False,False,False
SUP002601,GT009533,Regular,31,Complaint,Email,Complaint,False,False,False,False,False,False
SUP002602,GT009451,Regular,59,Refund request,Phone,Refund request,False,False,False,False,False,False
SUP002603,GT009421,Regular,31,Enquiry,Phone,Enquiry,False,False,False,False,False,False
SUP002604,GT009411,Occasional,30,Enquiry,Email,Enquiry,False,False,False,False,True,False
SUP002605,GT009233,Regular,41,Enquiry,Email,Enquiry,False,False,False,False,False,False
SUP002606,GT007401,Occasional,37,Enquiry,Email,Enquiry,False,False,False,False,False,False
SUP002607,GT006277,Occasional,83,Refund request,Email,Refund request,False,False,False,False,False,False
SUP002608,GT003407,Regular,20,Enquiry,Phone,Enquiry,False,True,False,False,False,False
SUP002609,GT008800,Occasional,63,Enquiry,Phone,Enquiry,False,False,True,False,False,False
SUP002610,GT009306,Regular,26,Accessibility,Email,Accessibility,False,False,False,False,True,False
SUP002611,GT005056,Regular,62,Complaint,Email,Complaint,False,False,False,False,False,False
SUP002612,GT007857,VIP,27,Refund request,Email,Refund request,False,True,True,False,False,False
SUP002613,GT004630,VIP,44,Refund request,Email,Refund request,False,False,False,False,True,False
SUP002614,GT009135,Occasional,50,Accessibility,Email,Accessibility,False,True,False,False,False,False
SUP002615,GT007666,Occasional,32,Refund request,Email,Refund request,False,False,False,False,True,False
SUP002616,GT003584,Regular,55,Complaint,Email,Complaint,False,True,False,False,True,False
SUP002617,GT008013,VIP,73,Enquiry,Email,Enquiry,False,False,False,False,True,False
SUP002618,GT009008,Occasional,61,Accessibility,Email,Accessibility,False,False,False,False,True,False
SUP002619,GT003491,Occasional,49,Complaint,Email,Complaint,False,False,False,False,False,False
SUP002620,GT003576,Regular,44,Enquiry,Email,Enquiry,False,False,False,False,False,False
SUP002621,GT004595,New,58,Refund request,Email,Refund request,False,False,False,False,True,False
SUP002622,GT005009,Occasional,79,Accessibility,Email,Accessibility,False,False,False,False,False,False
SUP002623,GT001430,Occasional,19,Refund request,Email,Refund request,False,True,False,False,False,False
SUP002624,GT007773,Regular,36,Refund request,Phone,Refund request,False,False,False,False,False,False
SUP002625,GT000562,Regular,52,Complaint,Phone,Complaint,False,False,False,True,False,False
SUP002626,GT002513,Occasional,31,Refund request,Email,Refund request,False,False,False,False,False,False
SUP002627,GT008181,Occasional,30,Refund request,Email,Refund request,False,True,False,False,True,False
SUP002628,GT007578,VIP,20,Enquiry,Phone,Enquiry,False,True,False,False,False,False
SUP002629,GT003822,Regular,57,Accessibility,Email,Accessibility,False,False,False,False,True,False
SUP002630,GT000480,New,73,Accessibility,Email,Accessibility,False,False,False,False,False,False
SUP002631,GT003288,Occasional,72,Refund request,Phone,Refund request,False,False,False,False,False,False
SUP002632,GT008716,New,75,Refund request,Email,Refund request,False,False,False,False,True,False
SUP002633,GT008646,Occasional,56,Refund request,Email,Refund request,False,False,False,False,False,False
SUP002634,GT003200,Occasional,28,Refund request,Email,Refund request,False,False,False,False,False,False
SUP002635,GT009559,New,27,Complaint,Email,Complaint,False,False,False,False,True,False
SUP002636,GT004158,New,73,Enquiry,Email,Enquiry,False,False,False,False,False,False
SUP002637,GT001220,VIP,69,Enquiry,Email,Enquiry,True,False,True,False,False,False
SUP002638,GT001973,Regular,63,Enquiry,Email,Enquiry,False,False,False,False,True,False
SUP002639,GT004724,Occasional,28,Accessibility,Email,Accessibility,False,True,False,False,True,False
SUP002640,GT004144,Regular,60,Refund request,Phone,Refund request,False,False,False,False,False,False
SUP002641,GT007599,Occasional,71,Enquiry,Email,Enquiry,False,False,False,False,False,False
SUP002642,GT007536,Occasional,58,Refund request,Email,Refund request,False,False,False,False,True,False
SUP002643,GT000599,Occasional,46,Complaint,Phone,Complaint,False,False,False,True,False,False
SUP002644,GT003347,VIP,75,Enquiry,Phone,Enquiry,False,False,False,False,False,False
SUP002645,GT002183,New,59,Accessibility,Phone,Accessibility,False,False,False,True,False,False
SUP002646,GT009801,Occasional,84,Complaint,Email,Complaint,False,False,False,False,False,False
SUP002647,GT000415,New,32,Enquiry,Email,Enquiry,False,False,False,False,False,False
SUP002648,GT003910,VIP,50,Accessibility,Email,Accessibility,False,False,False,False,False,False
SUP002649,GT005541,VIP,72,Enquiry,Email,Enquiry,False,False,False,False,False,False
SUP002650,GT009134,VIP,50,Complaint,Email,Complaint,False,True,False,False,False,False
SUP002651,GT009909,New,68,Enquiry,Phone,Enquiry,False,False,False,False,False,False
SUP002652,GT000918,Occasional,67,Refund request,Email,Refund request,False,False,False,False,False,False
SUP002653,GT003313,New,71,Refund request,Phone,Refund request,False,False,False,True,False,False
SUP002654,GT005206,VIP,24,Enquiry,Email,Enquiry,False,False,False,False,False,False
SUP002655,GT004362,Occasional,84,Complaint,Phone,Complaint,False,False,False,False,False,False
SUP002656,GT003766,Regular,73,Complaint,Email,Refund request,False,False,False,False,False,True
SUP002657,GT009043,Regular,78,Complaint,Email,Complaint,False,False,False,False,False,False
SUP002658,GT007554,Regular,73,Enquiry,Phone,Complaint,False,False,True,True,False,True
SUP002659,GT003431,Regular,35,Refund request,Email,Refund request,False,False,False,False,False,False
SUP002660,GT001786,Regular,80,Accessibility,Phone,Accessibility,False,False,False,True,False,False
SUP002661,GT007468,Regular,35,Complaint,Email,Complaint,False,False,False,False,True,False
SUP002662,GT003937,New,82,Accessibility,Email,Accessibility,False,False,False,False,True,False
SUP002663,GT006074,VIP,53,Enquiry,Phone,Enquiry,False,False,False,True,False,False
SUP002664,GT002357,Occasional,57,Accessibility,Email,Accessibility,True,True,False,False,True,False
SUP002665,GT001008,Regular,80,Enquiry,Phone,Enquiry,False,False,False,False,False,False
SUP002666,GT002473,VIP,35,Refund request,Email,Refund request,False,False,False,False,False,False
SUP002667,GT004348,Occasional,62,Accessibility,Phone,Accessibility,False,False,False,False,False,False
SUP002668,GT005936,Occasional,41,Refund request,Phone,Refund request,False,False,False,True,False,False
SUP002669,GT006148,VIP,62,Complaint,Phone,Complaint,False,False,True,True,False,False
SUP002670,GT005175,Occasional,39,Complaint,Email,Complaint,False,False,False,False,False,False
SUP002671,GT002250,Regular,60,Accessibility,Phone,Accessibility,False,True,False,False,False,False
SUP002672,GT006700,Occasional,27,Complaint,Email,Enquiry,True,False,False,False,True,True
SUP002673,GT002724,Regular,50,Refund request,Phone,Refund request,False,False,False,True,False,False
SUP002674,GT005270,Regular,46,Refund request,Email,Refund request,False,False,False,False,False,False
SUP002675,GT000407,VIP,45,Enquiry,Email,Enquiry,False,False,False,False,False,False
SUP002676,GT001230,Regular,42,Refund request,Phone,Refund request,False,False,False,False,False,False
SUP002677,GT006990,Regular,62,Refund request,Email,Refund request,False,False,False,False,False,False
SUP002678,GT004294,Occasional,40,Complaint,Email,Complaint,False,True,False,False,False,False
SUP002679,GT001232,Occasional,77,Enquiry,Phone,Enquiry,False,False,False,True,False,False
SUP002680,GT004160,Regular,59,Accessibility,Email,Accessibility,False,True,False,False,False,False
SUP002681,GT001514,Regular,30,Refund request,Email,Refund request,False,False,False,False,False,False
SUP002682,GT006346,Occasional,77,Enquiry,Email,Enquiry,True,False,False,False,True,False
SUP002683,GT000224,Occasional,23,Enquiry,Phone,Enquiry,False,False,False,False,False,False
SUP002684,GT004222,Occasional,50,Complaint,Phone,Complaint,False,False,False,True,False,False
SUP002685,GT008816,Regular,39,Accessibility,Email,Enquiry,False,False,False,False,True,True
SUP002686,GT004638,Regular,40,Complaint,Phone,Complaint,False,False,False,True,False,False
SUP002687,GT004244,Occasional,60,Accessibility,Email,Accessibility,False,False,False,False,True,False
SUP002688,GT009626,Regular,37,Complaint,Email,Complaint,False,False,False,False,False,False
SUP002689,GT001903,Occasional,44,Refund request,Phone,Refund request,False,False,False,False,False,False
SUP002690,GT003530,Regular,41,Enquiry,Phone,Enquiry,False,False,False,True,False,False
SUP002691,GT001622,Occasional,63,Complaint,Email,Complaint,False,False,False,False,False,False
SUP002692,GT003025,VIP,56,Accessibility,Email,Accessibility,False,False,False,False,True,False
SUP002693,GT001230,Regular,42,Enquiry,Email,Enquiry,False,True,False,False,False,False
SUP002694,GT003728,Occasional,20,Complaint,Email,Complaint,True,False,False,False,False,False
SUP002695,GT003965,Regular,25,Refund request,Phone,Refund request,False,False,False,False,False,False
SUP002696,GT005475,Occasional,84,Complaint,Email,Complaint,True,False,False,False,False,False
SUP002697,GT009626,Regular,37,Refund request,Phone,Refund request,False,False,False,False,False,False
SUP002698,GT009824,Occasional,50,Accessibility,Email,Accessibility,False,True,False,False,False,False
SUP002699,GT007927,Occasional,23,Complaint,Phone,Complaint,False,False,False,True,False,False
SUP002700,GT008185,Regular,68,Accessibility,Email,Accessibility,False,False,False,False,False,False
SUP002701,GT000193,New,54,Complaint,Email,Complaint,False,False,False,False,False,False
SUP002702,GT004200,VIP,25,Refund request,Email,Refund request,False,False,False,False,False,False
SUP002703,GT003830,New,84,Refund request,Email,Refund request,False,False,True,False,False,False
SUP002704,GT000214,Regular,77,Enquiry,Email,Enquiry,False,False,False,False,False,False
SUP002705,GT002372,Regular,51,Complaint,Phone,Complaint,False,False,False,False,False,False
SUP002706,GT008215,Occasional,30,Accessibility,Email,Accessibility,False,False,False,False,False,False
SUP002707,GT006680,New,84,Enquiry,Email,Enquiry,False,False,False,False,False,False
SUP002708,GT007216,Occasional,58,Refund request,Email,Refund request,False,False,False,False,False,False
SUP002709,GT002459,Regular,18,Accessibility,Email,Accessibility,False,False,False,False,True,False
SUP002710,GT008635,Occasional,21,Refund request,Email,Refund request,False,False,True,False,False,False
SUP002711,GT007453,Occasional,33,Complaint,Phone,Complaint,False,False,False,False,False,False
SUP002712,GT008814,New,40,Refund request,Email,Refund request,False,False,True,False,False,False
SUP002713,GT003467,Occasional,57,Enquiry,Email,Enquiry,False,False,False,False,True,False
SUP002714,GT008689,New,80,Refund request,Email,Refund request,False,False,False,False,True,False
SUP002715,GT002855,Occasional,57,Complaint,Phone,Complaint,False,False,False,False,False,False
SUP002716,GT003215,Regular,56,Complaint,Email,Complaint,False,True,False,False,False,False
SUP002717,GT001664,Occasional,73,Refund request,Phone,Refund request,False,True,False,False,False,False
SUP002718,GT007230,Regular,24,Accessibility,Email,Accessibility,False,False,False,False,False,False
SUP002719,GT008701,New,37,Complaint,Email,Complaint,False,False,False,False,False,False
SUP002720,GT003978,New,32,Refund request,Email,Refund request,False,False,False,False,True,False
SUP002721,GT006563,Occasional,43,Refund request,Email,Refund request,False,False,False,False,True,False
SUP002722,GT002879,Regular,21,Complaint,Email,Complaint,False,False,False,False,True,False
SUP002723,GT001478,Regular,23,Accessibility,Phone,Complaint,False,False,False,False,False,True
SUP002724,GT008658,Regular,77,Refund request,Email,Refund request,False,False,False,False,False,False
SUP002725,GT006978,Regular,68,Refund request,Email,Refund request,False,False,False,False,False,False
SUP002726,GT005204,Regular,19,Complaint,Phone,Enquiry,False,False,False,False,False,True
SUP002727,GT009611,New,22,Enquiry,Email,Enquiry,False,False,False,False,False,False
SUP002728,GT008515,Occasional,71,Complaint,Phone,Complaint,False,False,False,False,False,False
SUP002729,GT005009,Occasional,79,Accessibility,Email,Accessibility,False,False,False,False,True,False
SUP002730,GT006565,Occasional,44,Enquiry,Email,Enquiry,False,False,False,False,True,False
SUP002731,GT005268,Regular,75,Refund request,Email,Refund request,False,False,False,False,True,False
SUP002732,GT009542,New,44,Complaint,Phone,Complaint,False,False,False,False,False,False
SUP002733,GT004769,Regular,50,Enquiry,Email,Enquiry,False,False,False,False,False,False
SUP002734,GT003784,New,58,Refund request,Email,Refund request,False,False,False,False,True,False
SUP002735,GT006362,Regular,66,Refund request,Email,Refund request,False,False,False,False,True,False
SUP002736,GT003496,Regular,50,Refund request,Email,Refund request,False,False,False,False,True,False
SUP002737,GT001011,New,31,Complaint,Phone,Complaint,False,False,True,False,False,False
SUP002738,GT008566,New,66,Refund request,Email,Refund request,False,False,False,False,False,False
SUP002739,GT009263,Regular,20,Refund request,Email,Refund request,False,False,False,False,False,False
SUP002740,GT008005,Occasional,41,Enquiry,Email,Enquiry,False,False,False,False,False,False
SUP002741,GT001044,Occasional,20,Accessibility,Email,Accessibility,False,False,True,False,False,False
SUP002742,GT002278,Regular,56,Enquiry,Email,Enquiry,False,False,True,False,False,False
SUP002743,GT007183,VIP,58,Complaint,Email,Complaint,False,False,False,False,True,False
SUP002744,GT008001,Occasional,68,Complaint,Email,Complaint,False,False,False,False,False,False
SUP002745,GT001103,Regular,65,Accessibility,Email,Accessibility,False,False,False,False,False,False
SUP002746,GT002147,Occasional,84,Enquiry,Phone,Enquiry,False,False,False,True,False,False
SUP002747,GT007427,VIP,74,Accessibility,Email,Accessibility,False,False,False,False,False,False
SUP002748,GT003956,Occasional,66,Refund request,Phone,Enquiry,False,False,False,False,False,True
SUP002749,GT004617,Regular,43,Refund request,Phone,Refund request,False,False,False,True,False,False
SUP002750,GT007784,Occasional,81,Enquiry,Email,Enquiry,False,False,False,False,True,False
SUP002751,GT005483,Regular,41,Enquiry,Phone,Enquiry,False,False,False,False,False,False
SUP002752,GT006088,Occasional,20,Refund request,Email,Refund request,False,False,False,False,False,False
SUP002753,GT000157,Occasional,20,Accessibility,Phone,Accessibility,False,False,False,False,False,False
SUP002754,GT006818,Occasional,38,Complaint,Email,Complaint,False,False,False,False,False,False
SUP002755,GT005823,Occasional,35,Refund request,Email,Refund request,False,False,False,False,True,False
SUP002756,GT007064,Regular,60,Accessibility,Email,Accessibility,False,False,False,False,False,False
SUP002757,GT008906,Occasional,55,Enquiry,Email,Enquiry,False,False,False,False,False,False
SUP002758,GT008220,Regular,27,Accessibility,Phone,Accessibility,False,False,False,False,False,False
SUP002759,GT002020,Occasional,41,Refund request,Phone,Refund request,False,False,False,True,False,False
SUP002760,GT005856,New,31,Enquiry,Email,Enquiry,False,False,False,False,False,False
SUP002761,GT009198,New,29,Refund request,Phone,Refund request,False,False,False,False,False,False
SUP002762,GT000239,VIP,32,Accessibility,Email,Accessibility,False,False,False,False,True,False
SUP002763,GT005937,Regular,41,Refund request,Email,Complaint,False,False,False,False,False,True
SUP002764,GT009364,Regular,52,Enquiry,Email,Enquiry,False,False,False,False,True,False
SUP002765,GT000871,New,50,Refund request,Email,Refund request,False,False,False,False,True,False
SUP002766,GT005418,Regular,19,Refund request,Phone,Refund request,False,False,False,True,False,False
SUP002767,GT006919,New,23,Enquiry,Phone,Enquiry,False,False,False,False,False,False
SUP002768,GT008974,Occasional,57,Enquiry,Email,Enquiry,False,False,False,False,False,False
SUP002769,GT000348,Regular,60,Refund request,Email,Refund request,False,False,False,False,True,False
SUP002770,GT005949,New,33,Enquiry,Phone,Enquiry,False,False,False,True,False,False
SUP002771,GT002982,Regular,38,Complaint,Email,Complaint,False,False,False,False,False,False
SUP002772,GT003667,Regular,56,Refund request,Phone,Refund request,False,False,False,True,False,False
SUP002773,GT005792,Occasional,56,Enquiry,Email,Enquiry,False,False,False,False,False,False
SUP002774,GT003654,Occasional,63,Accessibility,Email,Enquiry,False,False,False,False,False,True
SUP002775,GT006250,Regular,51,Accessibility,Phone,Accessibility,False,False,False,False,False,False
SUP002776,GT002837,Regular,53,Enquiry,Email,Enquiry,False,False,False,False,True,False
SUP002777,GT004100,Regular,53,Refund request,Email,Refund request,False,False,False,False,False,False
SUP002778,GT006346,Occasional,77,Refund request,Email,Refund request,False,False,False,False,False,False
SUP002779,GT001262,New,41,Accessibility,Phone,Accessibility,False,False,False,False,False,False
SUP002780,GT005069,Occasional,51,Enquiry,Phone,Enquiry,False,True,False,False,False,False
SUP002781,GT001533,New,26,Enquiry,Email,Enquiry,False,False,False,False,False,False
SUP002782,GT003359,New,61,Refund request,Email,Refund request,False,False,False,False,True,False
SUP002783,GT001232,Occasional,77,Enquiry,Email,Enquiry,False,False,False,False,True,False
SUP002784,GT005635,VIP,51,Refund request,Phone,Refund request,False,False,False,False,False,False
SUP002785,GT007331,Occasional,54,Refund request,Email,Refund request,False,True,False,False,False,False
SUP002786,GT007009,Regular,33,Enquiry,Phone,Enquiry,False,False,False,False,False,False
SUP002787,GT004103,Occasional,43,Accessibility,Email,Accessibility,False,False,False,False,False,False
SUP002788,GT008692,Regular,64,Enquiry,Email,Enquiry,False,False,False,False,True,False
SUP002789,GT005804,Occasional,31,Refund request,Email,Refund request,False,False,False,False,True,False
SUP002790,GT007066,Regular,21,Complaint,Email,Complaint,False,False,False,False,True,False
SUP002791,GT005418,Regular,19,Enquiry,Email,Enquiry,False,False,False,False,False,False
SUP002792,GT003684,Regular,50,Refund request,Email,Refund request,False,False,False,False,True,False
SUP002793,GT007495,Regular,48,Enquiry,Email,Enquiry,False,False,False,False,False,False
SUP002794,GT009626,Regular,37,Refund request,Email,Refund request,False,False,False,False,True,False
SUP002795,GT000296,Regular,44,Enquiry,Phone,Enquiry,False,False,False,True,False,False
SUP002796,GT006752,VIP,78,Accessibility,Phone,Accessibility,False,False,False,False,False,False
SUP002797,GT001602,Occasional,43,Enquiry,Email,Refund request,False,False,False,False,False,True
SUP002798,GT000447,Regular,32,Enquiry,Email,Enquiry,False,True,False,False,True,False
SUP002799,GT001185,Regular,35,Complaint,Phone,Complaint,False,False,False,False,False,False
SUP002800,GT003804,Regular,29,Enquiry,Phone,Enquiry,False,False,False,False,False,False
SUP002801,GT009485,Occasional,35,Refund request,Email,Refund request,False,False,False,False,False,False
SUP002802,GT002259,Occasional,51,Accessibility,Email,Accessibility,False,False,False,False,False,False
SUP002803,GT009038,New,66,Enquiry,Email,Enquiry,False,False,False,False,False,False
SUP002804,GT003758,Occasional,19,Refund request,Phone,Refund request,False,False,False,False,False,False
SUP002805,GT006320,Occasional,55,Enquiry,Email,Enquiry,False,False,False,False,False,False
SUP002806,GT001344,Regular,37,Enquiry,Email,Enquiry,False,False,False,False,False,False
SUP002807,GT000925,Occasional,41,Refund request,Email,Refund request,False,False,False,False,True,False
SUP002808,GT001453,Regular,55,Enquiry,Phone,Enquiry,False,False,False,True,False,False
SUP002809,GT000655,Regular,42,Enquiry,Email,Enquiry,False,False,False,False,True,False
SUP002810,GT007330,Occasional,60,Accessibility,Email,Accessibility,False,False,False,False,False,False
SUP002811,GT000471,Regular,67,Enquiry,Email,Enquiry,False,False,False,False,False,False
SUP002812,GT008649,Occasional,55,Enquiry,Phone,Enquiry,False,False,False,False,False,False
SUP002813,GT000296,Regular,44,Refund request,Email,Refund request,False,True,False,False,False,False
SUP002814,GT006893,Occasional,52,Refund request,Email,Refund request,False,False,False,False,False,False
SUP002815,GT005888,New,62,Accessibility,Email,Accessibility,False,False,True,False,False,False
SUP002816,GT001850,Regular,42,Accessibility,Email,Accessibility,False,False,False,False,False,False
SUP002817,GT000842,Regular,48,Accessibility,Email,Accessibility,False,False,False,False,False,False
SUP002818,GT001844,Occasional,65,Accessibility,Email,Accessibility,False,False,False,False,False,False
SUP002819,GT009610,Regular,43,Refund request,Email,Refund request,False,False,False,False,False,False
SUP002820,GT001914,VIP,41,Refund request,Phone,Refund request,False,False,False,False,False,False
SUP002821,GT001944,Occasional,49,Enquiry,Phone,Enquiry,False,False,False,False,False,False
SUP002822,GT005616,Regular,72,Refund request,Email,Refund request,False,False,False,False,True,False
SUP002823,GT003336,New,30,Accessibility,Phone,Accessibility,False,False,False,True,False,False
SUP002824,GT000961,Occasional,63,Refund request,Email,Refund request,False,False,False,False,False,False
SUP002825,GT006037,Occasional,50,Complaint,Email,Complaint,False,False,False,False,True,False
SUP002826,GT001262,New,41,Refund request,Phone,Refund request,False,False,False,False,False,False
SUP002827,GT008379,Regular,58,Complaint,Email,Complaint,False,False,False,False,True,False
SUP002828,GT005912,Regular,76,Refund request,Phone,Refund request,False,False,False,False,False,False
SUP002829,GT002526,New,23,Complaint,Email,Complaint,False,False,False,False,False,False
SUP002830,GT001786,Regular,80,Enquiry,Email,Enquiry,False,False,False,False,False,False
SUP002831,GT005863,Regular,64,Refund request,Phone,Refund request,False,False,False,False,False,False
SUP002832,GT005291,Occasional,62,Enquiry,Phone,Enquiry,False,False,False,True,False,False
SUP002833,GT007489,VIP,53,Enquiry,Email,Enquiry,False,False,False,False,False,False
SUP002834,GT005743,Regular,68,Refund request,Email,Refund request,False,False,False,False,False,False
SUP002835,GT008625,New,60,Complaint,Email,Complaint,False,False,False,False,True,False
SUP002836,GT009235,Regular,54,Enquiry,Email,Enquiry,False,False,False,False,False,False
SUP002837,GT008422,New,56,Accessibility,Phone,Accessibility,False,False,False,False,False,False
SUP002838,GT007126,Occasional,42,Refund request,Phone,Refund request,False,False,False,True,False,False
SUP002839,GT004948,Occasional,19,Refund request,Email,Enquiry,False,False,False,False,False,True
SUP002840,GT005580,VIP,43,Refund request,Phone,Refund request,False,True,False,False,False,False
SUP002841,GT009608,Occasional,43,Complaint,Phone,Complaint,False,False,False,False,False,False
SUP002842,GT001406,Occasional,33,Accessibility,Phone,Accessibility,False,False,False,False,False,False
SUP002843,GT003922,Regular,57,Enquiry,Email,Enquiry,False,False,False,False,True,False
SUP002844,GT003755,Regular,63,Refund request,Phone,Refund request,False,False,False,False,False,False
SUP002845,GT001461,New,24,Refund request,Email,Refund request,False,False,False,False,True,False
SUP002846,GT006805,Regular,30,Refund request,Email,Refund request,False,False,False,False,False,False
SUP002847,GT001673,VIP,45,Enquiry,Phone,Enquiry,False,False,False,True,False,False
SUP002848,GT008024,Regular,56,Complaint,Phone,Complaint,False,False,False,False,False,False
SUP002849,GT004448,Occasional,27,Accessibility,Email,Accessibility,False,False,False,False,False,False
SUP002850,GT000555,Regular,68,Accessibility,Email,Accessibility,False,False,False,False,True,False
SUP002851,GT007561,VIP,52,Complaint,Email,Complaint,False,False,False,False,False,False
SUP002852,GT009911,New,38,Refund request,Phone,Refund request,False,False,False,True,False,False
SUP002853,GT002655,Occasional,62,Accessibility,Email,Accessibility,True,False,False,False,True,False
SUP002854,GT007321,Regular,61,Refund request,Email,Refund request,False,False,False,False,False,False
SUP002855,GT003539,Regular,42,Accessibility,Email,Accessibility,False,False,False,False,True,False
SUP002856,GT008695,VIP,29,Refund request,Email,Refund request,False,False,False,False,False,False
SUP002857,GT004406,VIP,54,Enquiry,Email,Enquiry,False,False,False,False,False,False
SUP002858,GT009587,VIP,76,Enquiry,Email,Enquiry,False,False,False,False,False,False
SUP002859,GT009824,Occasional,50,Enquiry,Email,Enquiry,False,True,False,False,True,False
SUP002860,GT000079,New,47,Accessibility,Email,Accessibility,False,True,False,False,True,False
SUP002861,GT005518,Regular,48,Refund request,Email,Refund request,False,False,False,False,False,False
SUP002862,GT006218,Occasional,72,Complaint,Email,Complaint,False,False,False,False,False,False
SUP002863,GT009373,Regular,73,Accessibility,Email,Accessibility,False,False,False,False,False,False
SUP002864,GT000223,Regular,30,Complaint,Email,Complaint,False,True,False,False,False,False
SUP002865,GT007454,Regular,42,Enquiry,Phone,Enquiry,False,False,False,True,False,False
SUP002866,GT007640,Occasional,40,Refund request,Email,Refund request,False,False,False,False,False,False
SUP002867,GT009378,VIP,45,Refund request,Phone,Refund request,True,False,False,True,False,False
SUP002868,GT005670,Regular,22,Accessibility,Phone,Accessibility,False,False,False,False,False,False
SUP002869,GT002101,Regular,72,Accessibility,Email,Accessibility,False,False,False,False,False,False
SUP002870,GT002456,New,68,Accessibility,Email,Accessibility,False,False,False,False,True,False
SUP002871,GT000193,New,54,Refund request,Email,Refund request,False,False,False,False,False,False
SUP002872,GT003459,Occasional,44,Enquiry,Email,Enquiry,False,False,False,False,False,False
SUP002873,GT000415,New,32,Refund request,Email,Refund request,False,False,True,False,False,False
SUP002874,GT002315,Occasional,78,Enquiry,Email,Enquiry,False,False,False,False,True,False
SUP002875,GT007756,Occasional,19,Refund request,Email,Refund request,False,False,False,False,True,False
SUP002876,GT009272,New,45,Accessibility,Phone,Accessibility,False,False,False,True,False,False
SUP002877,GT007646,Occasional,49,Complaint,Email,Complaint,False,False,False,False,False,False
SUP002878,GT003753,New,25,Enquiry,Email,Enquiry,False,False,False,False,False,False
SUP002879,GT007085,Regular,56,Refund request,Phone,Refund request,False,False,True,False,False,False
SUP002880,GT000071,Regular,82,Accessibility,Email,Accessibility,False,True,False,False,True,False
SUP002881,GT007383,Occasional,68,Complaint,Phone,Complaint,False,False,False,False,False,False
SUP002882,GT007877,Regular,58,Refund request,Email,Refund request,False,False,False,False,False,False
SUP002883,GT004120,Occasional,64,Accessibility,Email,Accessibility,False,False,False,False,True,False
SUP002884,GT007651,Occasional,61,Complaint,Phone,Complaint,False,False,False,True,False,False
SUP002885,GT001350,VIP,79,Accessibility,Phone,Accessibility,False,False,False,True,False,False
SUP002886,GT009204,Regular,23,Refund request,Phone,Refund request,False,False,False,False,False,False
SUP002887,GT005133,Occasional,54,Enquiry,Email,Enquiry,False,False,False,False,False,False
SUP002888,GT002839,VIP,23,Accessibility,Email,Accessibility,True,False,False,False,False,False
SUP002889,GT004335,Occasional,41,Accessibility,Phone,Accessibility,False,False,False,True,False,False
SUP002890,GT001104,Occasional,60,Accessibility,Phone,Accessibility,False,False,False,True,False,False
SUP002891,GT008892,Regular,18,Complaint,Phone,Complaint,False,False,False,False,False,False
SUP002892,GT007802,Regular,21,Accessibility,Email,Accessibility,False,False,True,False,False,False
SUP002893,GT003659,Occasional,39,Complaint,Phone,Complaint,False,False,False,False,False,False
SUP002894,GT005350,New,34,Complaint,Email,Complaint,False,False,False,False,False,False
SUP002895,GT000312,New,43,Accessibility,Email,Accessibility,False,False,True,False,False,False
SUP002896,GT009147,Occasional,46,Complaint,Email,Complaint,False,False,False,False,True,False
SUP002897,GT004224,Occasional,37,Refund request,Email,Refund request,False,False,False,False,False,False
SUP002898,GT009076,Occasional,24,Refund request,Email,Refund request,False,False,False,False,True,False
SUP002899,GT007786,New,57,Refund request,Email,Refund request,True,False,False,False,False,False
SUP002900,GT006155,Regular,76,Accessibility,Email,Accessibility,False,False,True,False,False,False
SUP002901,GT006268,Regular,29,Enquiry,Phone,Enquiry,False,False,False,True,False,False
SUP002902,GT002861,Regular,77,Accessibility,Email,Accessibility,True,False,False,False,False,False
SUP002903,GT008478,Regular,49,Enquiry,Email,Enquiry,False,False,False,False,False,False
SUP002904,GT005759,Occasional,19,Complaint,Email,Complaint,False,False,False,False,True,False
SUP002905,GT004976,Occasional,38,Enquiry,Email,Enquiry,False,False,False,False,False,False
SUP002906,GT002422,Occasional,37,Complaint,Phone,Complaint,False,False,False,True,False,False
SUP002907,GT001632,Occasional,78,Enquiry,Email,Enquiry,False,False,False,False,False,False
SUP002908,GT006127,New,32,Enquiry,Email,Enquiry,False,False,False,False,False,False
SUP002909,GT004916,Occasional,29,Refund request,Phone,Refund request,False,False,False,False,False,False
SUP002910,GT004152,Occasional,24,Enquiry,Email,Enquiry,False,False,False,False,True,False
SUP002911,GT001553,Occasional,65,Refund request,Email,Refund request,False,False,False,False,True,False
SUP002912,GT003760,New,51,Enquiry,Phone,Enquiry,False,True,False,False,False,False
SUP002913,GT001360,Occasional,62,Accessibility,Email,Accessibility,False,False,False,False,False,False
SUP002914,GT002007,Regular,26,Complaint,Email,Complaint,False,False,False,False,False,False
SUP002915,GT000463,Regular,41,Refund request,Phone,Refund request,False,False,False,False,False,False
SUP002916,GT003854,New,32,Refund request,Email,Refund request,False,False,False,False,False,False
SUP002917,GT006547,Regular,56,Complaint,Email,Complaint,True,False,False,False,False,False
SUP002918,GT000155,VIP,41,Complaint,Email,Complaint,False,False,True,False,False,False
SUP002919,GT008789,Regular,72,Refund request,Email,Refund request,False,False,False,False,True,False
SUP002920,GT007508,New,39,Refund request,Phone,Refund request,False,False,False,False,False,False
SUP002921,GT009835,Occasional,62,Accessibility,Email,Accessibility,False,False,False,False,False,False
SUP002922,GT001480,Occasional,59,Complaint,Email,Complaint,False,False,False,False,False,False
SUP002923,GT005979,Regular,34,Enquiry,Email,Enquiry,False,True,False,False,False,False
SUP002924,GT007887,Regular,35,Complaint,Email,Complaint,False,False,False,False,False,False
SUP002925,GT003414,Occasional,50,Refund request,Email,Refund request,False,False,False,False,True,False
SUP002926,GT003303,Occasional,20,Refund request,Phone,Refund request,False,False,False,False,False,False
SUP002927,GT003289,Regular,72,Enquiry,Email,Enquiry,False,False,False,False,False,False
SUP002928,GT002699,Occasional,21,Accessibility,Email,Accessibility,False,False,False,False,True,False
SUP002929,GT005297,Occasional,37,Enquiry,Phone,Enquiry,False,False,False,False,False,False
SUP002930,GT003573,Occasional,71,Refund request,Email,Refund request,False,False,False,False,True,False
SUP002931,GT005252,Regular,66,Enquiry,Email,Enquiry,False,False,False,False,False,False
SUP002932,GT002430,Occasional,29,Enquiry,Phone,Enquiry,False,False,False,False,False,False
SUP002933,GT006383,Regular,62,Refund request,Email,Refund request,False,False,False,False,True,False
SUP002934,GT006691,New,53,Enquiry,Email,Enquiry,True,False,False,False,False,False
SUP002935,GT009135,Occasional,50,Complaint,Email,Complaint,False,False,False,False,True,False
SUP002936,GT009779,Occasional,28,Complaint,Phone,Complaint,False,False,False,True,False,False
SUP002937,GT007951,Regular,32,Refund request,Email,Refund request,False,False,False,False,True,False
SUP002938,GT008735,Regular,76,Accessibility,Email,Accessibility,False,False,False,False,False,False
SUP002939,GT003428,Regular,62,Accessibility,Phone,Accessibility,False,False,False,False,False,False
SUP002940,GT004179,Occasional,60,Enquiry,Email,Enquiry,False,False,False,False,False,False
SUP002941,GT008336,Regular,64,Enquiry,Phone,Enquiry,False,False,False,False,False,False
SUP002942,GT009948,VIP,50,Enquiry,Email,Enquiry,False,False,False,False,False,False
SUP002943,GT009744,Regular,54,Refund request,Email,Refund request,False,False,False,False,False,False
SUP002944,GT007585,Occasional,77,Accessibility,Email,Accessibility,False,False,False,False,False,False
SUP002945,GT000341,Regular,42,Complaint,Email,Complaint,False,False,False,False,False,False
SUP002946,GT005034,VIP,69,Enquiry,Phone,Enquiry,False,False,False,False,False,False
SUP002947,GT004671,Regular,27,Refund request,Phone,Refund request,False,False,False,False,False,False
SUP002948,GT003129,Occasional,80,Accessibility,Phone,Accessibility,True,False,False,False,False,False
SUP002949,GT006830,New,59,Refund request,Email,Refund request,False,False,False,False,True,False
SUP002950,GT007552,Occasional,80,Accessibility,Phone,Accessibility,False,False,False,False,False,False
SUP002951,GT000363,Occasional,33,Enquiry,Email,Enquiry,False,False,False,False,False,False
SUP002952,GT001756,Regular,32,Enquiry,Phone,Enquiry,True,False,False,False,False,False
SUP002953,GT008528,Occasional,20,Refund request,Phone,Refund request,True,False,False,False,False,False
SUP002954,GT007476,Regular,36,Accessibility,Email,Accessibility,False,False,False,False,True,False
SUP002955,GT008533,New,74,Complaint,Phone,Complaint,False,False,False,True,False,False
SUP002956,GT001459,VIP,83,Refund request,Email,Refund request,False,False,False,False,False,False
SUP002957,GT002544,Regular,55,Enquiry,Email,Enquiry,False,False,False,False,False,False
SUP002958,GT005360,Regular,56,Enquiry,Email,Enquiry,False,False,True,False,False,False
SUP002959,GT005288,Occasional,59,Refund request,Email,Refund request,False,False,False,False,False,False
SUP002960,GT002804,Occasional,61,Refund request,Email,Refund request,False,True,False,False,False,False
SUP002961,GT004950,VIP,24,Enquiry,Email,Enquiry,False,False,False,False,True,False
SUP002962,GT000099,Regular,64,Accessibility,Email,Accessibility,False,False,False,False,True,False
SUP002963,GT006908,Occasional,32,Enquiry,Phone,Enquiry,False,False,True,False,False,False
SUP002964,GT008079,Regular,65,Complaint,Email,Complaint,False,False,False,False,False,False
SUP002965,GT008468,Occasional,68,Refund request,Email,Refund request,False,False,False,False,True,False
SUP002966,GT007211,Regular,25,Refund request,Phone,Refund request,False,False,False,True,False,False
SUP002967,GT003142,Regular,61,Enquiry,Email,Enquiry,False,False,False,False,False,False
SUP002968,GT007493,Regular,57,Complaint,Email,Complaint,False,False,False,False,False,False
SUP002969,GT003425,Occasional,63,Enquiry,Email,Enquiry,False,False,False,False,False,False
SUP002970,GT008372,Regular,31,Enquiry,Email,Enquiry,False,False,False,False,False,False
SUP002971,GT004206,Regular,53,Enquiry,Email,Enquiry,False,False,False,False,True,False
SUP002972,GT009254,VIP,43,Enquiry,Email,Enquiry,False,False,False,False,False,False
SUP002973,GT007749,Regular,43,Enquiry,Email,Enquiry,False,False,False,False,False,False
SUP002974,GT009911,New,38,Enquiry,Email,Enquiry,True,False,False,False,True,False
SUP002975,GT007748,Occasional,64,Complaint,Phone,Complaint,False,False,False,False,False,False
SUP002976,GT000168,Regular,32,Refund request,Email,Refund request,False,False,False,False,False,False
SUP002977,GT000875,VIP,68,Accessibility,Phone,Accessibility,False,False,False,True,False,False
SUP002978,GT007457,Regular,56,Complaint,Phone,Complaint,False,False,False,True,False,False
SUP002979,GT006241,Occasional,50,Enquiry,Email,Enquiry,False,False,False,False,False,False
SUP002980,GT001698,Occasional,66,Refund request,Phone,Refund request,False,False,True,False,False,False
SUP002981,GT007900,Occasional,20,Refund request,Email,Refund request,False,False,False,False,False,False
SUP002982,GT001086,Occasional,18,Complaint,Email,Complaint,False,False,False,False,False,False
SUP002983,GT006644,Occasional,27,Refund request,Phone,Refund request,False,False,False,False,False,False
SUP002984,GT000284,Occasional,74,Accessibility,Email,Accessibility,False,False,False,False,False,False
SUP002985,GT006443,Regular,27,Refund request,Email,Refund request,False,False,False,False,True,False
SUP002986,GT009175,Regular,61,Enquiry,Email,Enquiry,False,False,False,False,False,False
SUP002987,GT006369,Regular,27,Refund request,Phone,Refund request,False,False,False,False,False,False
SUP002988,GT004601,Regular,72,Accessibility,Phone,Accessibility,False,False,False,True,False,False
SUP002989,GT002609,Occasional,84,Refund request,Email,Refund request,False,False,False,False,False,False
SUP002990,GT000205,Occasional,47,Refund request,Phone,Refund request,False,False,False,False,False,False
SUP002991,GT000005,New,46,Accessibility,Email,Accessibility,False,False,False,False,False,False
SUP002992,GT002815,New,24,Refund request,Phone,Refund request,False,False,False,True,False,False
SUP002993,GT009069,Occasional,21,Enquiry,Email,Enquiry,False,False,False,False,False,False
SUP002994,GT000902,Regular,69,Refund request,Email,Refund request,False,False,False,False,True,False
SUP002995,GT009208,Regular,25,Enquiry,Phone,Enquiry,False,True,False,False,False,False
SUP002996,GT006709,Occasional,83,Accessibility,Email,Accessibility,False,False,False,False,True,False
SUP002997,GT000660,Occasional,77,Enquiry,Email,Enquiry,False,False,False,False,True,False
SUP002998,GT007069,Regular,73,Enquiry,Email,Enquiry,False,False,False,False,False,False
SUP002999,GT000087,Regular,23,Complaint,Phone,Complaint,True,True,False,False,False,False
SUP003000,GT007931,Regular,61,Accessibility,Email,Accessibility,False,False,False,False,False,False
SUP003001,GT008051,Occasional,40,Refund request,Email,Refund request,False,False,False,False,True,False
SUP003002,GT008344,New,65,Complaint,Email,Complaint,False,False,False,False,False,False
SUP003003,GT009739,New,31,Refund request,Email,Refund request,False,False,False,False,False,False
SUP003004,GT005319,Regular,51,Accessibility,Email,Accessibility,False,False,False,False,False,False
SUP003005,GT003500,Occasional,25,Complaint,Email,Complaint,False,False,False,False,False,False
SUP003006,GT004318,Occasional,74,Refund request,Phone,Refund request,False,False,False,True,False,False
SUP003007,GT002163,Occasional,74,Refund request,Email,Accessibility,False,True,False,False,True,True
SUP003008,GT004577,New,67,Refund request,Email,Refund request,False,False,False,False,True,False
SUP003009,GT006446,Regular,23,Enquiry,Email,Enquiry,False,False,False,False,False,False
SUP003010,GT007075,VIP,68,Refund request,Email,Refund request,False,False,False,False,False,False
SUP003011,GT008144,VIP,40,Complaint,Phone,Complaint,False,False,False,True,False,False
SUP003012,GT006199,New,46,Refund request,Email,Refund request,False,False,False,False,False,False
SUP003013,GT009142,Regular,37,Enquiry,Email,Enquiry,False,False,False,False,False,False
SUP003014,GT009851,Regular,67,Enquiry,Email,Enquiry,False,False,False,False,False,False
SUP003015,GT009135,Occasional,50,Complaint,Phone,Complaint,False,False,False,True,False,False
SUP003016,GT005615,Occasional,31,Complaint,Email,Complaint,False,False,False,False,False,False
SUP003017,GT002031,Occasional,74,Accessibility,Email,Accessibility,False,False,False,False,True,False
SUP003018,GT004636,Regular,41,Accessibility,Email,Accessibility,False,False,False,False,False,False
SUP003019,GT007030,New,29,Complaint,Email,Complaint,False,False,False,False,False,False
SUP003020,GT003279,Regular,47,Refund request,Email,Refund request,False,False,False,False,False,False
SUP003021,GT004095,Occasional,50,Refund request,Email,Refund request,False,False,False,False,True,False
SUP003022,GT007567,Occasional,23,Enquiry,Email,Enquiry,False,False,False,False,False,False
SUP003023,GT008822,New,31,Enquiry,Email,Enquiry,False,False,False,False,False,False
SUP003024,GT009209,New,69,Accessibility,Phone,Enquiry,False,True,False,False,False,True
SUP003025,GT003249,Occasional,83,Refund request,Email,Refund request,False,False,False,False,False,False
SUP003026,GT005344,VIP,42,Enquiry,Phone,Enquiry,False,False,False,False,False,False
SUP003027,GT002796,Occasional,77,Refund request,Email,Refund request,False,False,False,False,False,False
SUP003028,GT000181,Occasional,48,Refund request,Email,Refund request,False,False,False,False,False,False
SUP003029,GT001752,Occasional,43,Enquiry,Email,Enquiry,False,False,False,False,False,False
SUP003030,GT000729,Occasional,76,Accessibility,Phone,Accessibility,False,False,False,False,False,False
SUP003031,GT005717,Regular,54,Refund request,Phone,Refund request,False,False,False,False,False,False
SUP003032,GT000436,Occasional,32,Complaint,Email,Complaint,False,False,False,False,False,False
SUP003033,GT008178,Occasional,24,Complaint,Phone,Complaint,False,False,True,False,False,False
SUP003034,GT008415,Regular,39,Enquiry,Email,Enquiry,False,False,False,False,False,False
SUP003035,GT000874,Occasional,54,Refund request,Email,Refund request,False,False,True,False,False,False
SUP003036,GT009235,Regular,54,Refund request,Phone,Refund request,False,False,False,False,False,False
SUP003037,GT004100,Regular,53,Refund request,Email,Refund request,False,False,False,False,False,False
SUP003038,GT003622,Regular,61,Accessibility,Phone,Accessibility,False,False,False,False,False,False
SUP003039,GT009069,Occasional,21,Accessibility,Email,Accessibility,False,False,False,False,False,False
SUP003040,GT001447,Occasional,19,Accessibility,Email,Accessibility,False,False,False,False,False,False
SUP003041,GT000087,Regular,23,Accessibility,Phone,Accessibility,False,False,False,False,False,False
SUP003042,GT002106,Occasional,69,Refund request,Email,Refund request,False,False,False,False,False,False
SUP003043,GT009292,Regular,51,Accessibility,Email,Accessibility,False,True,False,False,False,False
SUP003044,GT006669,Occasional,61,Refund request,Email,Refund request,False,False,False,False,True,False
SUP003045,GT009521,Regular,34,Refund request,Phone,Refund request,False,False,True,False,False,False
SUP003046,GT008037,Occasional,46,Accessibility,Email,Accessibility,False,False,False,False,True,False
SUP003047,GT001738,Occasional,28,Refund request,Email,Refund request,False,False,False,False,False,False
SUP003048,GT008781,VIP,65,Complaint,Phone,Complaint,False,False,False,True,False,False
SUP003049,GT001568,Regular,58,Accessibility,Email,Accessibility,False,False,False,False,True,False
SUP003050,GT004363,Regular,78,Accessibility,Email,Accessibility,False,False,False,False,False,False
SUP003051,GT005554,Occasional,20,Refund request,Email,Refund request,False,False,True,False,False,False
SUP003052,GT000575,Occasional,45,Refund request,Phone,Refund request,False,False,False,False,False,False
SUP003053,GT005766,Regular,25,Refund request,Email,Refund request,False,False,False,False,True,False
SUP003054,GT002204,Occasional,75,Accessibility,Email,Accessibility,False,False,True,False,False,False
SUP003055,GT001348,Regular,78,Accessibility,Phone,Accessibility,False,False,False,False,False,False
SUP003056,GT000477,Regular,60,Enquiry,Email,Enquiry,False,False,False,False,True,False
SUP003057,GT002637,Regular,30,Accessibility,Phone,Accessibility,False,False,False,False,False,False
SUP003058,GT006803,Regular,50,Complaint,Email,Complaint,False,False,True,False,False,False
SUP003059,GT006516,Regular,29,Refund request,Email,Refund request,False,False,False,False,False,False
SUP003060,GT002055,Occasional,41,Complaint,Email,Complaint,False,False,False,False,True,False
SUP003061,GT002815,New,24,Refund request,Email,Refund request,False,False,False,False,True,False
SUP003062,GT005484,Occasional,18,Enquiry,Email,Enquiry,False,False,False,False,False,False
SUP003063,GT001607,Regular,50,Refund request,Email,Refund request,False,False,False,False,False,False
SUP003064,GT003225,Occasional,24,Enquiry,Email,Enquiry,False,False,False,False,False,False
SUP003065,GT002550,Regular,42,Refund request,Email,Refund request,False,False,False,False,True,False
SUP003066,GT002846,Occasional,19,Complaint,Email,Complaint,False,False,False,False,False,False
SUP003067,GT005240,New,74,Refund request,Phone,Refund request,False,False,False,True,False,False
SUP003068,GT001298,New,69,Complaint,Email,Complaint,False,False,False,False,True,False
SUP003069,GT002971,New,31,Refund request,Phone,Refund request,False,False,True,False,False,False
SUP003070,GT005081,Regular,80,Refund request,Email,Refund request,False,False,False,False,False,False
SUP003071,GT001561,New,39,Complaint,Phone,Complaint,False,False,False,False,False,False
SUP003072,GT007887,Regular,35,Enquiry,Phone,Enquiry,False,False,False,False,False,False
SUP003073,GT008856,VIP,26,Enquiry,Email,Enquiry,False,False,False,False,True,False
SUP003074,GT002021,Regular,51,Refund request,Email,Refund request,False,False,False,False,False,False
SUP003075,GT001221,Regular,76,Complaint,Email,Complaint,False,False,False,False,False,False
SUP003076,GT008257,Occasional,38,Enquiry,Email,Accessibility,False,True,False,False,True,True
SUP003077,GT000145,Regular,24,Accessibility,Phone,Accessibility,False,True,False,False,False,False
SUP003078,GT002209,Regular,52,Enquiry,Email,Complaint,False,False,False,False,True,True
SUP003079,GT004973,New,31,Accessibility,Email,Accessibility,False,False,False,False,False,False
SUP003080,GT009854,Regular,30,Complaint,Email,Complaint,False,False,False,False,True,False
SUP003081,GT000663,VIP,69,Refund request,Email,Refund request,False,True,False,False,True,False
SUP003082,GT006547,Regular,56,Refund request,Email,Refund request,False,False,False,False,False,False
SUP003083,GT005897,Regular,32,Refund request,Phone,Refund request,False,False,False,False,False,False
SUP003084,GT007985,Occasional,56,Refund request,Phone,Refund request,False,False,True,False,False,False
SUP003085,GT005104,Occasional,36,Refund request,Phone,Refund request,False,False,False,True,False,False
SUP003086,GT004595,New,58,Refund request,Phone,Refund request,False,False,False,False,False,False
SUP003087,GT007242,New,54,Enquiry,Email,Enquiry,False,False,False,False,False,False
SUP003088,GT006685,Occasional,71,Complaint,Email,Complaint,False,False,False,False,False,False
SUP003089,GT002624,Regular,61,Accessibility,Phone,Accessibility,False,True,False,False,False,False
SUP003090,GT001065,New,52,Enquiry,Phone,Enquiry,False,False,False,False,False,False
SUP003091,GT008777,Regular,62,Accessibility,Email,Accessibility,False,False,False,False,False,False
SUP003092,GT003877,Regular,81,Enquiry,Email,Enquiry,False,False,False,False,False,False
SUP003093,GT001038,Occasional,56,Complaint,Email,Complaint,False,False,False,False,False,False
SUP003094,GT007559,Occasional,41,Refund request,Email,Refund request,False,False,False,False,True,False
SUP003095,GT005806,Occasional,81,Enquiry,Phone,Enquiry,False,False,False,True,False,False
SUP003096,GT001121,Occasional,43,Accessibility,Phone,Accessibility,False,True,False,False,False,False
SUP003097,GT006058,Regular,39,Complaint,Phone,Complaint,False,False,False,False,False,False
SUP003098,GT008304,VIP,34,Enquiry,Email,Enquiry,False,True,False,False,False,False
SUP003099,GT004820,Regular,43,Refund request,Email,Enquiry,False,False,False,False,True,True
SUP003100,GT002248,New,58,Enquiry,Email,Enquiry,False,False,False,False,False,False
SUP003101,GT007782,Occasional,42,Refund request,Email,Refund request,False,False,False,False,False,False
SUP003102,GT002248,New,58,Refund request,Email,Refund request,False,False,False,False,False,False
SUP003103,GT000005,New,46,Refund request,Phone,Refund request,False,False,False,False,False,False
SUP003104,GT004366,Occasional,24,Refund request,Email,Refund request,False,False,False,False,False,False
SUP003105,GT003536,Occasional,58,Enquiry,Phone,Enquiry,False,False,False,False,False,False
SUP003106,GT003815,Regular,57,Refund request,Email,Refund request,False,False,False,False,False,False
SUP003107,GT002844,Regular,77,Enquiry,Phone,Enquiry,False,False,True,False,False,False
SUP003108,GT009079,Occasional,73,Enquiry,Phone,Enquiry,False,False,False,True,False,False
SUP003109,GT007741,Occasional,24,Refund request,Email,Refund request,False,False,False,False,True,False
SUP003110,GT009197,VIP,73,Refund request,Email,Refund request,False,False,False,False,False,False
SUP003111,GT009622,Regular,67,Refund request,Phone,Refund request,False,False,False,False,False,False
SUP003112,GT006859,Occasional,24,Accessibility,Email,Accessibility,False,False,False,False,False,False
SUP003113,GT008257,Occasional,38,Refund request,Phone,Refund request,False,False,False,False,False,False
SUP003114,GT000655,Regular,42,Enquiry,Email,Enquiry,False,False,False,False,False,False
SUP003115,GT003935,Occasional,69,Enquiry,Email,Enquiry,False,False,False,False,False,False
SUP003116,GT007727,Occasional,73,Enquiry,Email,Enquiry,False,False,False,False,True,False
SUP003117,GT005909,VIP,32,Accessibility,Email,Accessibility,False,False,False,False,False,False
SUP003118,GT007616,Occasional,64,Enquiry,Email,Enquiry,False,False,False,False,False,False
SUP003119,GT006204,Occasional,59,Accessibility,Email,Accessibility,False,False,False,False,False,False
SUP003120,GT009187,Occasional,70,Refund request,Email,Refund request,False,False,False,False,False,False
SUP003121,GT005003,Regular,75,Enquiry,Email,Enquiry,False,False,False,False,False,False
SUP003122,GT006203,VIP,78,Complaint,Phone,Complaint,False,False,False,False,False,False
SUP003123,GT005903,Regular,43,Refund request,Phone,Refund request,False,False,False,False,False,False
SUP003124,GT007279,Occasional,50,Refund request,Email,Refund request,False,False,False,False,True,False
SUP003125,GT000876,Regular,22,Refund request,Phone,Refund request,False,False,False,True,False,False
SUP003126,GT002453,Regular,73,Accessibility,Phone,Accessibility,False,False,False,False,False,False
SUP003127,GT009875,Occasional,34,Refund request,Email,Refund request,False,False,False,False,False,False
SUP003128,GT009408,Occasional,51,Refund request,Email,Refund request,False,False,False,False,True,False
SUP003129,GT001478,Regular,23,Refund request,Email,Refund request,False,False,False,False,False,False
SUP003130,GT009493,Regular,44,Refund request,Email,Refund request,False,False,False,False,False,False
SUP003131,GT007224,Regular,48,Enquiry,Phone,Enquiry,False,False,False,True,False,False
SUP003132,GT009366,Occasional,39,Complaint,Phone,Complaint,False,False,False,False,False,False
SUP003133,GT000930,Regular,39,Enquiry,Phone,Enquiry,False,False,False,False,False,False
SUP003134,GT007375,VIP,73,Refund request,Phone,Refund request,False,False,False,False,False,False
SUP003135,GT008704,VIP,49,Refund request,Email,Refund request,False,True,False,False,False,False
SUP003136,GT001474,Occasional,54,Refund request,Email,Enquiry,False,True,False,False,True,True
SUP003137,GT008343,Occasional,70,Refund request,Email,Refund request,False,False,False,False,True,False
SUP003138,GT000030,VIP,33,Complaint,Email,Complaint,False,False,False,False,True,False
SUP003139,GT008733,Occasional,44,Accessibility,Phone,Accessibility,False,False,False,False,False,False
SUP003140,GT005233,Regular,41,Accessibility,Phone,Complaint,False,False,False,False,False,True
SUP003141,GT009966,Occasional,52,Refund request,Email,Enquiry,False,False,True,False,False,True
SUP003142,GT004144,Regular,60,Accessibility,Email,Accessibility,False,False,False,False,False,False
SUP003143,GT006414,New,57,Refund request,Email,Refund request,False,False,False,False,False,False
SUP003144,GT003020,Regular,59,Refund request,Email,Refund request,False,False,False,False,False,False
SUP003145,GT008712,Regular,46,Refund request,Phone,Refund request,False,False,False,False,False,False
SUP003146,GT003521,VIP,50,Refund request,Email,Refund request,False,False,True,False,False,False
SUP003147,GT001479,VIP,34,Enquiry,Email,Enquiry,False,False,False,False,True,False
SUP003148,GT003303,Occasional,20,Refund request,Email,Refund request,False,False,False,False,True,False
SUP003149,GT002208,Regular,59,Enquiry,Phone,Enquiry,False,False,False,True,False,False
SUP003150,GT009383,Occasional,34,Complaint,Phone,Complaint,False,False,False,False,False,False
SUP003151,GT005805,VIP,18,Refund request,Phone,Refund request,False,False,False,True,False,False
SUP003152,GT003522,Occasional,47,Enquiry,Phone,Enquiry,False,False,False,False,False,False
SUP003153,GT001445,Occasional,33,Refund request,Phone,Refund request,False,True,False,False,False,False
SUP003154,GT008571,Regular,30,Refund request,Email,Refund request,False,False,False,False,False,False
SUP003155,GT000223,Regular,30,Accessibility,Email,Accessibility,False,False,False,False,False,False
SUP003156,GT000242,Occasional,25,Accessibility,Email,Accessibility,False,True,False,False,True,False
SUP003157,GT005247,Occasional,67,Enquiry,Phone,Enquiry,False,False,False,True,False,False
SUP003158,GT006040,Regular,68,Enquiry,Email,Refund request,False,False,True,False,False,True
SUP003159,GT000834,Occasional,50,Refund request,Email,Refund request,False,False,False,False,False,False
SUP003160,GT003610,Occasional,61,Accessibility,Email,Accessibility,False,False,False,False,False,False
SUP003161,GT000305,New,58,Enquiry,Phone,Enquiry,False,False,False,False,False,False
SUP003162,GT001926,Regular,41,Complaint,Phone,Complaint,False,False,False,False,False,False
SUP003163,GT004214,Occasional,32,Enquiry,Phone,Enquiry,False,False,False,True,False,False
SUP003164,GT006446,Regular,23,Refund request,Email,Refund request,False,False,False,False,False,False
SUP003165,GT001627,VIP,65,Enquiry,Email,Enquiry,False,False,False,False,False,False
SUP003166,GT002367,New,68,Complaint,Phone,Complaint,False,False,False,True,False,False
SUP003167,GT007167,New,74,Accessibility,Email,Accessibility,False,False,False,False,False,False
SUP003168,GT001053,VIP,66,Enquiry,Phone,Enquiry,False,False,False,True,False,False
SUP003169,GT009175,Regular,61,Enquiry,Email,Enquiry,False,False,False,False,True,False
SUP003170,GT003997,Occasional,35,Refund request,Email,Refund request,False,False,False,False,False,False
SUP003171,GT003420,Regular,34,Refund request,Email,Refund request,True,False,False,False,True,False
SUP003172,GT002121,New,34,Refund request,Email,Refund request,False,False,False,False,False,False
SUP003173,GT003743,Occasional,54,Enquiry,Email,Accessibility,False,False,False,False,False,True
SUP003174,GT006145,Regular,38,Complaint,Email,Complaint,False,False,False,False,False,False
SUP003175,GT006167,VIP,64,Refund request,Email,Refund request,False,False,False,False,False,False
SUP003176,GT000475,VIP,28,Refund request,Email,Refund request,True,False,False,False,False,False
SUP003177,GT005161,Regular,66,Refund request,Email,Refund request,False,False,False,False,False,False
SUP003178,GT005160,VIP,54,Accessibility,Email,Accessibility,False,False,True,False,False,False
SUP003179,GT002409,VIP,35,Refund request,Email,Refund request,False,False,False,False,False,False
SUP003180,GT008012,Regular,61,Enquiry,Email,Enquiry,False,False,False,False,False,False
SUP003181,GT007747,Regular,47,Enquiry,Email,Enquiry,False,False,False,False,False,False
SUP003182,GT001095,New,30,Enquiry,Phone,Enquiry,False,False,True,False,False,False
SUP003183,GT000244,Occasional,51,Complaint,Email,Refund request,True,False,False,False,False,True
SUP003184,GT004924,New,68,Complaint,Email,Complaint,False,False,False,False,True,False
SUP003185,GT009775,Regular,59,Refund request,Email,Refund request,False,False,False,False,False,False
SUP003186,GT009100,Regular,68,Complaint,Phone,Complaint,False,False,False,False,False,False
SUP003187,GT003359,New,61,Accessibility,Email,Accessibility,False,False,False,False,False,False
SUP003188,GT006102,VIP,36,Enquiry,Email,Enquiry,False,False,False,False,False,False
SUP003189,GT003301,Regular,42,Complaint,Email,Complaint,False,False,False,False,False,False
SUP003190,GT007172,Regular,69,Enquiry,Phone,Enquiry,False,False,False,False,False,False
SUP003191,GT006800,Regular,28,Accessibility,Phone,Accessibility,False,False,False,False,False,False
SUP003192,GT001806,Regular,47,Refund request,Phone,Refund request,False,False,False,False,False,False
SUP003193,GT006985,New,58,Enquiry,Email,Enquiry,False,False,False,False,False,False
SUP003194,GT004276,Regular,59,Accessibility,Phone,Accessibility,False,False,False,False,False,False
SUP003195,GT004404,Occasional,22,Accessibility,Email,Accessibility,False,False,False,False,False,False
SUP003196,GT009753,Occasional,39,Complaint,Email,Complaint,False,False,False,False,False,False
SUP003197,GT008713,Occasional,52,Enquiry,Email,Enquiry,False,False,False,False,True,False
SUP003198,GT001063,VIP,73,Accessibility,Phone,Accessibility,False,False,False,True,False,False
SUP003199,GT004848,Regular,28,Complaint,Email,Complaint,False,False,False,False,False,False
SUP003200,GT007938,Regular,69,Refund request,Email,Refund request,False,False,False,False,True,False
SUP003201,GT000673,Occasional,56,Enquiry,Email,Enquiry,False,False,False,False,True,False
SUP003202,GT008272,New,73,Complaint,Email,Complaint,False,False,False,False,False,False
SUP003203,GT005907,Regular,29,Complaint,Email,Complaint,False,True,False,False,False,False
SUP003204,GT001148,VIP,61,Accessibility,Email,Enquiry,False,False,False,False,False,True
SUP003205,GT006478,Regular,48,Complaint,Email,Complaint,False,False,False,False,False,False
SUP003206,GT003746,Regular,59,Accessibility,Email,Accessibility,False,False,True,False,False,False
SUP003207,GT001119,VIP,71,Enquiry,Phone,Enquiry,False,False,False,False,False,False
SUP003208,GT004482,Occasional,32,Enquiry,Email,Enquiry,True,False,False,False,False,False
SUP003209,GT006693,Regular,85,Accessibility,Phone,Accessibility,False,False,False,True,False,False
SUP003210,GT005520,Occasional,74,Accessibility,Phone,Accessibility,False,False,False,True,False,False
SUP003211,GT007205,Regular,84,Accessibility,Email,Accessibility,False,False,False,False,False,False
SUP003212,GT003175,Regular,66,Refund request,Email,Refund request,False,True,False,False,False,False
SUP003213,GT000724,Regular,33,Refund request,Phone,Refund request,False,False,False,False,False,False
SUP003214,GT009455,New,26,Complaint,Phone,Complaint,False,False,False,False,False,False
SUP003215,GT001316,Occasional,57,Enquiry,Phone,Enquiry,False,False,False,True,False,False
SUP003216,GT008892,Regular,18,Accessibility,Email,Accessibility,False,False,False,False,False,False
SUP003217,GT002483,Occasional,33,Accessibility,Email,Accessibility,False,False,False,False,False,False
SUP003218,GT005982,Occasional,43,Enquiry,Phone,Enquiry,False,False,False,False,False,False
SUP003219,GT007800,Occasional,26,Enquiry,Email,Enquiry,False,False,False,False,False,False
SUP003220,GT002969,Regular,66,Refund request,Phone,Refund request,False,False,False,True,False,False
SUP003221,GT000928,Occasional,37,Complaint,Email,Complaint,False,False,False,False,True,False
SUP003222,GT005275,Occasional,24,Refund request,Phone,Refund request,False,False,False,True,False,False
SUP003223,GT000494,New,59,Enquiry,Email,Enquiry,False,False,False,False,False,False
SUP003224,GT008735,Regular,76,Accessibility,Phone,Accessibility,False,False,False,False,False,False
SUP003225,GT004724,Occasional,28,Refund request,Email,Refund request,False,False,False,False,False,False
SUP003226,GT008961,Regular,61,Complaint,Email,Complaint,False,False,False,False,False,False
SUP003227,GT004340,Occasional,46,Enquiry,Phone,Enquiry,False,False,False,True,False,False
SUP003228,GT001217,New,39,Complaint,Email,Accessibility,False,False,False,False,False,True
SUP003229,GT002136,Regular,43,Complaint,Email,Complaint,False,False,False,False,False,False
SUP003230,GT009454,Regular,34,Refund request,Email,Refund request,False,False,False,False,True,False
SUP003231,GT009638,Occasional,79,Accessibility,Email,Accessibility,False,True,False,False,False,False
SUP003232,GT005148,Regular,53,Enquiry,Email,Enquiry,False,False,False,False,True,False
SUP003233,GT003936,Regular,43,Accessibility,Email,Complaint,False,False,False,False,True,True
SUP003234,GT005458,New,65,Refund request,Phone,Refund request,False,False,False,False,False,False
SUP003235,GT001243,Regular,42,Refund request,Email,Refund request,False,False,False,False,True,False
SUP003236,GT001664,Occasional,73,Complaint,Email,Complaint,False,False,False,False,False,False
SUP003237,GT004960,New,51,Accessibility,Phone,Accessibility,False,False,False,True,False,False
SUP003238,GT004507,VIP,45,Refund request,Email,Refund request,False,False,False,False,True,False
SUP003239,GT004686,New,26,Enquiry,Phone,Enquiry,False,False,False,True,False,False
SUP003240,GT002161,Occasional,65,Accessibility,Email,Accessibility,True,False,False,False,False,False
SUP003241,GT002709,Regular,34,Enquiry,Email,Enquiry,False,False,False,False,False,False
SUP003242,GT003104,Occasional,53,Refund request,Email,Refund request,False,False,False,False,False,False
SUP003243,GT000576,New,37,Enquiry,Email,Enquiry,False,False,False,False,False,False
SUP003244,GT009619,Occasional,56,Refund request,Phone,Refund request,False,False,False,False,False,False
SUP003245,GT004344,Occasional,46,Refund request,Email,Refund request,False,False,False,False,False,False
SUP003246,GT002688,Occasional,70,Accessibility,Phone,Accessibility,True,False,False,False,False,False
SUP003247,GT004848,Regular,28,Refund request,Email,Refund request,False,False,False,False,False,False
SUP003248,GT001895,New,40,Complaint,Phone,Accessibility,False,False,False,False,False,True
SUP003249,GT006415,VIP,45,Refund request,Email,Refund request,False,False,False,False,False,False
SUP003250,GT008791,Occasional,42,Enquiry,Phone,Enquiry,False,False,False,True,False,False
SUP003251,GT005034,VIP,69,Enquiry,Email,Enquiry,False,False,False,False,False,False
SUP003252,GT001678,Occasional,34,Complaint,Phone,Complaint,False,False,False,False,False,False
SUP003253,GT005653,Regular,34,Refund request,Phone,Refund request,False,False,True,False,False,False
SUP003254,GT008601,Occasional,28,Enquiry,Email,Enquiry,False,False,False,False,False,False
SUP003255,GT001279,Occasional,73,Complaint,Email,Complaint,False,False,False,False,False,False
SUP003256,GT009222,VIP,21,Refund request,Email,Refund request,False,False,False,False,False,False
SUP003257,GT009490,Occasional,29,Refund request,Phone,Enquiry,False,False,False,False,False,True
SUP003258,GT009158,Regular,79,Accessibility,Email,Accessibility,False,False,False,False,False,False
SUP003259,GT009945,Occasional,62,Enquiry,Email,Enquiry,False,False,False,False,False,False
SUP003260,GT000817,Regular,59,Complaint,Email,Complaint,False,False,False,False,False,False
SUP003261,GT008125,Regular,21,Refund request,Email,Refund request,False,False,False,False,True,False
SUP003262,GT000789,New,31,Refund request,Email,Refund request,False,True,False,False,False,False
SUP003263,GT004289,Occasional,27,Enquiry,Email,Enquiry,False,False,False,False,True,False
SUP003264,GT000420,Regular,52,Refund request,Email,Refund request,False,False,False,False,False,False
SUP003265,GT005564,Occasional,38,Refund request,Email,Refund request,False,False,False,False,False,False
SUP003266,GT007730,Regular,33,Refund request,Phone,Refund request,False,False,False,False,False,False
SUP003267,GT001313,New,39,Refund request,Email,Refund request,False,False,False,False,False,False
SUP003268,GT004065,VIP,57,Refund request,Email,Refund request,False,False,False,False,False,False
SUP003269,GT007512,Regular,59,Complaint,Email,Complaint,False,False,False,False,False,False
SUP003270,GT007149,New,52,Enquiry,Email,Enquiry,False,True,True,False,False,False
SUP003271,GT000482,Regular,55,Refund request,Email,Refund request,False,False,False,False,False,False
SUP003272,GT000329,New,36,Refund request,Email,Refund request,False,False,False,False,True,False
SUP003273,GT007853,Occasional,58,Refund request,Email,Refund request,False,False,False,False,True,False
SUP003274,GT008515,Occasional,71,Complaint,Email,Complaint,False,False,False,False,True,False
SUP003275,GT003295,Regular,57,Enquiry,Email,Enquiry,False,False,False,False,False,False
SUP003276,GT004167,Regular,48,Refund request,Email,Refund request,False,False,False,False,True,False
SUP003277,GT003588,New,30,Refund request,Email,Refund request,False,False,False,False,False,False
SUP003278,GT007085,Regular,56,Accessibility,Email,Accessibility,False,True,False,False,False,False
SUP003279,GT002805,New,37,Enquiry,Phone,Enquiry,False,False,True,False,False,False
SUP003280,GT005650,Occasional,39,Accessibility,Phone,Accessibility,False,False,False,False,False,False
SUP003281,GT002140,Regular,52,Refund request,Email,Refund request,False,False,False,False,True,False
SUP003282,GT008037,Occasional,46,Refund request,Email,Refund request,False,False,False,False,True,False
SUP003283,GT004147,Regular,61,Enquiry,Phone,Enquiry,False,False,False,False,False,False
SUP003284,GT003194,Regular,47,Enquiry,Email,Enquiry,False,False,False,False,False,False
SUP003285,GT008828,Occasional,24,Complaint,Phone,Complaint,False,False,False,False,False,False
SUP003286,GT008831,Occasional,39,Refund request,Email,Refund request,False,False,False,False,False,False
SUP003287,GT004950,VIP,24,Accessibility,Phone,Accessibility,False,False,False,False,False,False
SUP003288,GT001220,VIP,69,Accessibility,Email,Accessibility,False,False,False,False,False,False
SUP003289,GT004759,Occasional,49,Enquiry,Email,Enquiry,False,False,False,False,False,False
SUP003290,GT003322,Regular,71,Accessibility,Phone,Accessibility,False,False,False,False,False,False
SUP003291,GT009158,Regular,79,Accessibility,Email,Accessibility,False,False,False,False,True,False
SUP003292,GT003824,Occasional,46,Enquiry,Email,Enquiry,False,False,False,False,True,False
SUP003293,GT006195,Occasional,42,Refund request,Email,Refund request,False,False,False,False,True,False
SUP003294,GT001006,Regular,43,Refund request,Phone,Refund request,False,False,False,False,False,False
SUP003295,GT006389,Occasional,73,Refund request,Email,Refund request,False,False,False,False,False,False
SUP003296,GT002765,Occasional,38,Enquiry,Phone,Enquiry,False,False,False,False,False,False
SUP003297,GT004411,Occasional,58,Complaint,Phone,Complaint,False,False,False,True,False,False
SUP003298,GT002515,Regular,60,Refund request,Email,Refund request,False,False,False,False,False,False
SUP003299,GT002811,Occasional,75,Enquiry,Phone,Enquiry,False,False,False,True,False,False
SUP003300,GT005541,VIP,72,Refund request,Email,Refund request,False,False,False,False,True,False
SUP003301,GT009909,New,68,Enquiry,Phone,Enquiry,False,False,False,False,False,False
SUP003302,GT005725,Occasional,63,Refund request,Email,Refund request,False,False,False,False,False,False
SUP003303,GT007669,New,58,Complaint,Phone,Complaint,False,False,False,False,False,False
SUP003304,GT004383,VIP,49,Enquiry,Email,Enquiry,False,False,False,False,True,False
SUP003305,GT001288,Regular,34,Complaint,Email,Complaint,False,False,False,False,True,False
SUP003306,GT008642,VIP,23,Refund request,Email,Refund request,False,False,False,False,False,False
SUP003307,GT006693,Regular,85,Enquiry,Phone,Enquiry,False,False,False,False,False,False
SUP003308,GT005856,New,31,Enquiry,Email,Enquiry,False,False,False,False,False,False
SUP003309,GT002655,Occasional,62,Accessibility,Email,Accessibility,False,False,False,False,True,False
SUP003310,GT002683,New,25,Enquiry,Email,Enquiry,False,False,False,False,False,False
SUP003311,GT004845,New,48,Refund request,Email,Refund request,False,False,False,False,False,False
SUP003312,GT000033,Regular,25,Refund request,Email,Refund request,False,False,False,False,False,False
SUP003313,GT004439,Occasional,54,Accessibility,Phone,Accessibility,False,False,False,False,False,False
SUP003314,GT009428,New,73,Accessibility,Email,Accessibility,False,False,False,False,True,False
SUP003315,GT001982,Occasional,61,Enquiry,Phone,Enquiry,False,False,False,False,False,False
SUP003316,GT000976,Occasional,35,Complaint,Phone,Complaint,False,False,False,True,False,False
SUP003317,GT009271,Regular,38,Accessibility,Email,Accessibility,False,False,False,False,False,False
SUP003318,GT005606,Regular,72,Refund request,Email,Refund request,False,False,False,False,False,False
SUP003319,GT008816,Regular,39,Enquiry,Email,Enquiry,False,False,False,False,False,False
SUP003320,GT002121,New,34,Enquiry,Phone,Enquiry,False,False,False,False,False,False
SUP003321,GT001279,Occasional,73,Refund request,Email,Refund request,False,False,False,False,False,False
SUP003322,GT006166,Regular,30,Enquiry,Phone,Enquiry,False,True,False,False,False,False
SUP003323,GT000346,VIP,49,Complaint,Email,Complaint,False,False,False,False,False,False
SUP003324,GT000755,Regular,55,Enquiry,Email,Enquiry,False,False,False,False,False,False
SUP003325,GT005232,Occasional,51,Complaint,Phone,Enquiry,False,False,False,True,False,True
SUP003326,GT000794,Occasional,19,Refund request,Email,Refund request,False,True,False,False,False,False
SUP003327,GT009104,Regular,61,Refund request,Email,Refund request,False,False,False,False,False,False
SUP003328,GT005289,VIP,31,Enquiry,Email,Enquiry,False,False,False,False,True,False
SUP003329,GT005809,New,51,Refund request,Email,Refund request,False,False,False,False,False,False
SUP003330,GT002844,Regular,77,Refund request,Email,Refund request,True,False,False,False,False,False
SUP003331,GT002068,Regular,54,Complaint,Email,Complaint,False,False,False,False,True,False
SUP003332,GT008044,Regular,29,Refund request,Email,Refund request,False,False,False,False,False,False
SUP003333,GT004689,Occasional,77,Accessibility,Email,Refund request,False,False,False,False,True,True
SUP003334,GT000739,Occasional,29,Complaint,Email,Complaint,True,False,False,False,False,False
SUP003335,GT009280,Regular,52,Accessibility,Phone,Accessibility,False,False,True,False,False,False
SUP003336,GT006859,Occasional,24,Complaint,Phone,Complaint,False,False,False,True,False,False
SUP003337,GT001477,Occasional,21,Enquiry,Email,Enquiry,False,False,False,False,False,False
SUP003338,GT008983,New,27,Enquiry,Phone,Enquiry,False,False,False,True,False,False
SUP003339,GT005281,Occasional,77,Refund request,Email,Refund request,True,True,False,False,False,False
SUP003340,GT002892,Occasional,30,Complaint,Email,Complaint,False,False,False,False,False,False
SUP003341,GT003414,Occasional,50,Accessibility,Email,Accessibility,False,False,False,False,False,False
SUP003342,GT005742,Regular,24,Enquiry,Email,Enquiry,False,False,False,False,True,False
SUP003343,GT004556,Regular,32,Accessibility,Email,Accessibility,False,False,False,False,False,False
SUP003344,GT003449,Regular,26,Refund request,Email,Refund request,False,False,True,False,False,False
SUP003345,GT007053,Occasional,83,Refund request,Phone,Refund request,False,False,False,True,False,False
SUP003346,GT001598,Regular,73,Accessibility,Email,Accessibility,False,False,False,False,False,False
SUP003347,GT002816,VIP,77,Accessibility,Phone,Accessibility,False,False,False,False,False,False
SUP003348,GT007639,Occasional,22,Enquiry,Phone,Enquiry,False,False,False,True,False,False
SUP003349,GT002965,VIP,56,Refund request,Email,Refund request,False,False,False,False,False,False
SUP003350,GT009218,New,54,Accessibility,Email,Accessibility,False,True,False,False,True,False
SUP003351,GT000951,Occasional,27,Accessibility,Email,Accessibility,False,False,False,False,False,False
SUP003352,GT009514,Regular,46,Refund request,Email,Refund request,False,False,False,False,True,False
SUP003353,GT005247,Occasional,67,Refund request,Email,Refund request,False,False,True,False,False,False
SUP003354,GT005351,New,70,Enquiry,Email,Enquiry,False,False,False,False,False,False
SUP003355,GT003407,Regular,20,Accessibility,Phone,Accessibility,False,False,False,False,False,False
SUP003356,GT008203,Occasional,21,Accessibility,Email,Accessibility,False,False,False,False,False,False
SUP003357,GT005650,Occasional,39,Refund request,Email,Refund request,False,False,False,False,False,False
SUP003358,GT003245,Occasional,31,Refund request,Email,Refund request,False,False,False,False,False,False
SUP003359,GT008517,Regular,61,Complaint,Email,Complaint,False,False,False,False,True,False
SUP003360,GT004995,New,25,Complaint,Phone,Complaint,False,False,False,False,False,False
SUP003361,GT008257,Occasional,38,Accessibility,Email,Accessibility,False,False,False,False,True,False
SUP003362,GT004759,Occasional,49,Accessibility,Email,Accessibility,False,False,False,False,False,False
SUP003363,GT002222,Regular,78,Accessibility,Email,Accessibility,False,False,False,False,False,False
SUP003364,GT003876,Occasional,29,Refund request,Phone,Refund request,True,False,False,False,False,False
SUP003365,GT007697,VIP,22,Complaint,Phone,Complaint,False,False,False,False,False,False
SUP003366,GT003778,New,60,Refund request,Email,Refund request,False,False,False,False,True,False
SUP003367,GT006633,New,73,Complaint,Email,Complaint,False,False,True,False,False,False
SUP003368,GT004897,Occasional,34,Enquiry,Phone,Enquiry,False,False,False,False,False,False
SUP003369,GT008895,Regular,80,Refund request,Phone,Refund request,False,False,False,False,False,False
SUP003370,GT003001,Regular,67,Accessibility,Phone,Accessibility,False,False,False,False,False,False
SUP003371,GT002888,VIP,73,Accessibility,Email,Accessibility,False,False,False,False,True,False
SUP003372,GT004945,Occasional,68,Refund request,Email,Refund request,False,False,False,False,True,False
SUP003373,GT002062,Regular,84,Accessibility,Phone,Accessibility,False,False,False,True,False,False
SUP003374,GT007818,Occasional,27,Enquiry,Email,Enquiry,False,False,False,False,True,False
SUP003375,GT001372,Regular,41,Accessibility,Email,Accessibility,False,True,True,False,False,False
SUP003376,GT007888,Occasional,35,Accessibility,Email,Accessibility,False,False,False,False,True,False
SUP003377,GT004484,New,24,Complaint,Email,Complaint,False,False,False,False,True,False
SUP003378,GT006362,Regular,66,Refund request,Email,Complaint,False,True,False,False,False,True
SUP003379,GT009775,Regular,59,Enquiry,Phone,Enquiry,False,False,False,False,False,False
SUP003380,GT009775,Regular,59,Refund request,Email,Refund request,False,False,False,False,False,False
SUP003381,GT004636,Regular,41,Refund request,Phone,Enquiry,False,False,False,True,False,True
SUP003382,GT004225,Occasional,66,Accessibility,Email,Accessibility,False,False,False,False,False,False
SUP003383,GT003758,Occasional,19,Complaint,Phone,Complaint,False,False,False,False,False,False
SUP003384,GT009714,Regular,22,Refund request,Email,Refund request,False,False,False,False,True,False
SUP003385,GT005794,New,40,Refund request,Phone,Refund request,False,False,False,False,False,False
SUP003386,GT005211,Occasional,58,Refund request,Phone,Refund request,False,True,False,False,False,False
SUP003387,GT001533,New,26,Refund request,Email,Refund request,False,False,False,False,False,False
SUP003388,GT002648,Regular,50,Refund request,Phone,Refund request,False,False,False,False,False,False
SUP003389,GT000217,VIP,59,Enquiry,Email,Enquiry,False,False,False,False,True,False
SUP003390,GT009529,VIP,49,Complaint,Phone,Complaint,False,False,False,True,False,False
SUP003391,GT002646,VIP,30,Complaint,Email,Complaint,False,False,False,False,False,False
SUP003392,GT009975,Occasional,82,Accessibility,Email,Accessibility,False,False,True,False,False,False
SUP003393,GT006389,Occasional,73,Enquiry,Phone,Enquiry,False,False,False,True,False,False
SUP003394,GT006544,New,60,Refund request,Email,Enquiry,False,False,False,False,False,True
SUP003395,GT000434,Occasional,31,Accessibility,Phone,Accessibility,False,False,True,False,False,False
SUP003396,GT005573,VIP,66,Accessibility,Email,Accessibility,False,False,False,False,False,False
SUP003397,GT004965,Regular,20,Complaint,Phone,Complaint,False,False,False,False,False,False
SUP003398,GT001402,New,26,Refund request,Email,Refund request,False,False,False,False,True,False
SUP003399,GT006307,Regular,66,Accessibility,Email,Accessibility,False,True,False,False,False,False
SUP003400,GT001172,New,76,Accessibility,Email,Accessibility,False,False,False,False,False,False
SUP003401,GT005078,Regular,55,Enquiry,Email,Enquiry,False,False,False,False,True,False
SUP003402,GT005341,New,50,Enquiry,Phone,Enquiry,False,False,False,False,False,False
SUP003403,GT001474,Occasional,54,Refund request,Email,Refund request,False,False,False,False,True,False
SUP003404,GT007964,Occasional,41,Complaint,Phone,Complaint,False,False,False,False,False,False
SUP003405,GT003679,Occasional,61,Enquiry,Email,Enquiry,False,False,False,False,False,False
SUP003406,GT006981,Regular,35,Complaint,Phone,Complaint,False,False,False,False,False,False
SUP003407,GT001494,Occasional,23,Enquiry,Email,Enquiry,False,False,False,False,True,False
SUP003408,GT004814,Occasional,37,Accessibility,Email,Accessibility,False,False,False,False,False,False
SUP003409,GT003568,New,62,Refund request,Phone,Refund request,False,False,False,True,False,False
SUP003410,GT001657,Regular,60,Enquiry,Phone,Enquiry,False,False,False,True,False,False
SUP003411,GT009006,Regular,69,Refund request,Email,Refund request,False,False,False,False,False,False
SUP003412,GT005853,Regular,64,Accessibility,Phone,Accessibility,False,False,False,False,False,False
SUP003413,GT002513,Occasional,31,Complaint,Email,Complaint,False,False,False,False,False,False
SUP003414,GT006568,New,50,Enquiry,Phone,Enquiry,False,False,False,False,False,False
SUP003415,GT001052,Regular,37,Refund request,Email,Refund request,False,False,False,False,True,False
SUP003416,GT005189,Regular,30,Enquiry,Phone,Enquiry,False,False,False,False,False,False
SUP003417,GT000656,Regular,54,Refund request,Phone,Refund request,False,False,False,True,False,False
SUP003418,GT001756,Regular,32,Complaint,Email,Complaint,False,False,False,False,False,False
SUP003419,GT006226,Occasional,53,Enquiry,Email,Enquiry,False,False,True,False,False,False
SUP003420,GT009197,VIP,73,Refund request,Email,Refund request,False,False,False,False,True,False
SUP003421,GT000794,Occasional,19,Enquiry,Email,Enquiry,False,True,False,False,True,False
SUP003422,GT003876,Occasional,29,Accessibility,Phone,Accessibility,False,False,False,False,False,False
SUP003423,GT003550,Occasional,63,Complaint,Email,Complaint,False,False,False,False,False,False
SUP003424,GT004579,Occasional,73,Enquiry,Email,Enquiry,False,False,False,False,True,False
SUP003425,GT000288,Occasional,37,Accessibility,Email,Accessibility,False,False,False,False,True,False
SUP003426,GT007822,Regular,41,Refund request,Email,Refund request,False,False,False,False,True,False
SUP003427,GT002728,Regular,46,Refund request,Phone,Refund request,False,False,False,True,False,False
SUP003428,GT004598,New,60,Enquiry,Phone,Enquiry,False,False,True,False,False,False
SUP003429,GT004324,New,56,Accessibility,Phone,Accessibility,False,False,False,True,False,False
SUP003430,GT003701,Occasional,20,Refund request,Phone,Refund request,False,False,True,False,False,False
SUP003431,GT004574,Regular,20,Accessibility,Email,Accessibility,False,False,False,False,False,False
SUP003432,GT007781,Occasional,36,Refund request,Email,Refund request,False,False,True,False,False,False
SUP003433,GT009742,New,22,Refund request,Phone,Refund request,False,False,False,False,False,False
SUP003434,GT008459,Occasional,40,Refund request,Email,Refund request,False,False,False,False,False,False
SUP003435,GT006369,Regular,27,Refund request,Email,Refund request,False,False,False,False,False,False
SUP003436,GT008713,Occasional,52,Enquiry,Email,Enquiry,False,False,False,False,False,False
SUP003437,GT004339,Regular,45,Enquiry,Email,Enquiry,False,False,False,False,False,False
SUP003438,GT007572,VIP,45,Refund request,Email,Refund request,False,False,False,False,True,False
SUP003439,GT008551,Occasional,65,Refund request,Email,Refund request,False,False,False,False,False,False
SUP003440,GT000155,VIP,41,Complaint,Email,Complaint,False,False,False,False,False,False
SUP003441,GT004300,Occasional,27,Refund request,Phone,Refund request,False,False,False,True,False,False
SUP003442,GT003864,Occasional,43,Refund request,Email,Refund request,False,True,False,False,False,False
SUP003443,GT003793,VIP,37,Complaint,Email,Complaint,False,False,False,False,False,False
SUP003444,GT000846,Regular,30,Refund request,Email,Refund request,False,False,False,False,True,False
SUP003445,GT001732,Occasional,79,Complaint,Email,Complaint,False,False,False,False,True,False
SUP003446,GT006713,Occasional,38,Refund request,Email,Refund request,False,False,False,False,True,False
SUP003447,GT002134,Regular,76,Complaint,Phone,Complaint,False,False,False,True,False,False
SUP003448,GT002413,Occasional,85,Refund request,Phone,Refund request,False,False,True,False,False,False
SUP003449,GT006749,Occasional,36,Enquiry,Email,Enquiry,False,False,False,False,False,False
SUP003450,GT009387,New,43,Refund request,Phone,Refund request,False,False,False,False,False,False
SUP003451,GT002451,Occasional,70,Refund request,Phone,Refund request,False,False,False,False,False,False
SUP003452,GT007049,Regular,40,Complaint,Email,Complaint,False,False,False,False,True,False
SUP003453,GT001311,Occasional,77,Enquiry,Email,Enquiry,False,False,False,False,False,False
SUP003454,GT006639,Occasional,22,Accessibility,Email,Accessibility,False,False,False,False,False,False
SUP003455,GT005351,New,70,Refund request,Email,Refund request,False,False,False,False,False,False
SUP003456,GT004092,Occasional,33,Refund request,Email,Refund request,False,False,False,False,True,False
SUP003457,GT005272,Occasional,41,Refund request,Email,Refund request,False,False,False,False,False,False
SUP003458,GT004389,Occasional,48,Accessibility,Email,Accessibility,False,False,False,False,False,False
SUP003459,GT001054,Occasional,54,Refund request,Email,Complaint,False,False,False,False,True,True
SUP003460,GT009503,New,27,Complaint,Email,Refund request,False,False,False,False,False,True
SUP003461,GT006805,Regular,30,Refund request,Email,Refund request,False,False,False,False,False,False
SUP003462,GT004978,Regular,56,Refund request,Email,Refund request,False,False,False,False,False,False
SUP003463,GT009873,Occasional,23,Enquiry,Email,Enquiry,False,False,False,False,True,False
SUP003464,GT002515,Regular,60,Enquiry,Email,Refund request,False,False,False,False,True,True
SUP003465,GT008474,Regular,69,Refund request,Phone,Refund request,False,False,False,False,False,False
SUP003466,GT008550,Regular,40,Refund request,Email,Refund request,False,False,False,False,False,False
SUP003467,GT007488,New,23,Refund request,Email,Accessibility,False,False,False,False,False,True
SUP003468,GT004167,Regular,48,Complaint,Email,Complaint,False,False,False,False,False,False
SUP003469,GT003684,Regular,50,Complaint,Phone,Complaint,False,True,False,False,False,False
SUP003470,GT001349,Regular,41,Refund request,Email,Refund request,False,False,False,False,False,False
SUP003471,GT008465,VIP,73,Enquiry,Email,Enquiry,False,False,False,False,True,False
SUP003472,GT009127,Occasional,67,Complaint,Phone,Complaint,False,False,True,False,False,False
SUP003473,GT008664,Occasional,37,Refund request,Email,Refund request,False,False,False,False,True,False
SUP003474,GT009795,Occasional,49,Accessibility,Email,Accessibility,False,False,False,False,False,False
SUP003475,GT000571,VIP,59,Refund request,Email,Refund request,False,False,False,False,False,False
SUP003476,GT001715,Occasional,63,Complaint,Email,Complaint,False,True,False,False,False,False
SUP003477,GT008248,New,75,Enquiry,Email,Enquiry,False,False,False,False,False,False
SUP003478,GT004226,Occasional,49,Refund request,Email,Refund request,False,True,False,False,False,False
SUP003479,GT000228,Occasional,22,Refund request,Phone,Refund request,False,False,False,True,False,False
SUP003480,GT008799,VIP,21,Enquiry,Email,Enquiry,False,False,False,False,False,False
SUP003481,GT002346,Occasional,45,Refund request,Email,Refund request,False,False,False,False,True,False
SUP003482,GT000039,Occasional,42,Complaint,Phone,Complaint,False,False,False,True,False,False
SUP003483,GT000253,Regular,35,Refund request,Email,Refund request,False,False,True,False,False,False
SUP003484,GT008672,Occasional,47,Accessibility,Phone,Accessibility,False,False,False,False,False,False
SUP003485,GT000729,Occasional,76,Enquiry,Email,Enquiry,False,False,False,False,False,False
SUP003486,GT003558,Regular,71,Refund request,Email,Refund request,False,False,False,False,False,False
SUP003487,GT006623,VIP,69,Enquiry,Email,Enquiry,False,False,False,False,False,False
SUP003488,GT002162,VIP,68,Refund request,Email,Refund request,False,False,False,False,True,False
SUP003489,GT002271,Regular,46,Accessibility,Email,Accessibility,False,False,False,False,False,False
SUP003490,GT006185,New,35,Enquiry,Email,Enquiry,False,False,False,False,False,False
SUP003491,GT009185,VIP,64,Complaint,Email,Complaint,False,False,False,False,True,False
SUP003492,GT007697,VIP,22,Enquiry,Phone,Enquiry,False,False,False,False,False,False
SUP003493,GT007639,Occasional,22,Refund request,Email,Refund request,False,False,False,False,True,False
SUP003494,GT006641,New,25,Enquiry,Phone,Enquiry,True,False,False,False,False,False
SUP003495,GT001699,Regular,43,Refund request,Email,Refund request,False,False,False,False,True,False
SUP003496,GT005631,Regular,31,Complaint,Email,Complaint,False,False,False,False,False,False
SUP003497,GT001793,Regular,29,Refund request,Email,Refund request,False,False,False,False,True,False
SUP003498,GT002733,Occasional,18,Enquiry,Email,Enquiry,False,False,False,False,False,False
SUP003499,GT008694,New,26,Refund request,Phone,Refund request,False,False,False,False,False,False
SUP003500,GT002466,Occasional,38,Accessibility,Phone,Accessibility,False,False,False,True,False,False
SUP003501,GT003858,Regular,67,Enquiry,Email,Enquiry,False,False,False,False,False,False
SUP003502,GT003808,Occasional,23,Enquiry,Email,Enquiry,False,False,False,False,False,False
SUP003503,GT002012,New,30,Refund request,Email,Refund request,False,False,False,False,False,False
SUP003504,GT002638,Occasional,57,Refund request,Phone,Refund request,False,False,False,False,False,False
SUP003505,GT008248,New,75,Enquiry,Email,Complaint,False,False,False,False,False,True
SUP003506,GT003190,Occasional,38,Refund request,Email,Refund request,False,False,False,False,False,False
SUP003507,GT006693,Regular,85,Refund request,Email,Refund request,False,False,False,False,True,False
SUP003508,GT005936,Occasional,41,Refund request,Email,Refund request,False,False,False,False,False,False
SUP003509,GT000784,Occasional,54,Refund request,Email,Refund request,False,False,False,False,False,False
SUP003510,GT007071,Regular,67,Refund request,Email,Refund request,False,True,False,False,False,False
SUP003511,GT003223,VIP,33,Accessibility,Phone,Accessibility,False,False,False,True,False,False
SUP003512,GT000015,Occasional,59,Refund request,Email,Refund request,False,False,False,False,True,False
SUP003513,GT003322,Regular,71,Refund request,Email,Refund request,False,False,False,False,False,False
SUP003514,GT001323,VIP,37,Enquiry,Email,Enquiry,False,False,False,False,True,False
SUP003515,GT007473,Regular,20,Refund request,Phone,Refund request,False,False,False,False,False,False
SUP003516,GT001358,VIP,47,Refund request,Email,Refund request,False,False,False,False,False,False
SUP003517,GT008069,Regular,50,Accessibility,Phone,Accessibility,False,False,False,False,False,False
SUP003518,GT008280,Regular,75,Complaint,Phone,Complaint,False,False,False,False,False,False
SUP003519,GT001877,New,49,Enquiry,Phone,Accessibility,False,False,False,False,False,True
SUP003520,GT004455,Occasional,20,Accessibility,Email,Enquiry,False,False,False,False,True,True
SUP003521,GT003991,New,62,Enquiry,Email,Enquiry,False,False,False,False,False,False
SUP003522,GT001580,Occasional,18,Enquiry,Email,Enquiry,False,False,False,False,True,False
SUP003523,GT000099,Regular,64,Complaint,Email,Complaint,False,False,False,False,True,False
SUP003524,GT004206,Regular,53,Accessibility,Email,Accessibility,False,False,False,False,False,False
SUP003525,GT006889,Occasional,68,Accessibility,Phone,Accessibility,False,True,False,False,False,False
SUP003526,GT009493,Regular,44,Refund request,Phone,Refund request,False,False,False,False,False,False
SUP003527,GT005401,VIP,50,Accessibility,Email,Accessibility,False,False,False,False,False,False
SUP003528,GT000409,Occasional,22,Refund request,Email,Refund request,False,False,False,False,True,False
SUP003529,GT005903,Regular,43,Complaint,Email,Complaint,False,False,False,False,False,False
SUP003530,GT004193,Regular,45,Complaint,Email,Complaint,False,False,False,False,True,False
SUP003531,GT008324,Occasional,66,Accessibility,Email,Accessibility,False,False,False,False,True,False
SUP003532,GT009373,Regular,73,Refund request,Email,Refund request,False,False,False,False,False,False
SUP003533,GT004678,Occasional,54,Accessibility,Email,Accessibility,False,False,False,False,True,False
SUP003534,GT002810,Regular,78,Refund request,Email,Refund request,False,False,False,False,True,False
SUP003535,GT008280,Regular,75,Accessibility,Email,Accessibility,True,False,False,False,False,False
SUP003536,GT009952,Occasional,44,Refund request,Email,Refund request,False,False,False,False,True,False
SUP003537,GT005232,Occasional,51,Enquiry,Email,Enquiry,False,False,False,False,True,False
SUP003538,GT002351,Regular,34,Complaint,Email,Complaint,False,False,False,False,False,False
SUP003539,GT004517,Regular,26,Refund request,Email,Refund request,False,False,False,False,False,False
SUP003540,GT009194,VIP,73,Accessibility,Email,Accessibility,False,False,False,False,False,False
SUP003541,GT002484,Occasional,59,Refund request,Phone,Refund request,False,False,False,False,False,False
SUP003542,GT006713,Occasional,38,Enquiry,Email,Enquiry,False,False,False,False,False,False
SUP003543,GT000101,Regular,57,Refund request,Phone,Refund request,False,False,False,True,False,False
SUP003544,GT009408,Occasional,51,Enquiry,Email,Enquiry,False,False,False,False,False,False
SUP003545,GT000187,Occasional,40,Enquiry,Phone,Enquiry,False,False,False,False,False,False
SUP003546,GT006208,Occasional,53,Enquiry,Email,Enquiry,False,False,False,False,False,False
SUP003547,GT006608,Regular,62,Complaint,Email,Complaint,False,False,False,False,False,False
SUP003548,GT002938,Occasional,53,Complaint,Email,Complaint,False,False,False,False,True,False
SUP003549,GT000744,Occasional,34,Enquiry,Email,Enquiry,False,False,False,False,False,False
SUP003550,GT000599,Occasional,46,Refund request,Email,Refund request,False,False,False,False,False,False
SUP003551,GT004787,New,37,Complaint,Phone,Complaint,False,False,False,True,False,False
SUP003552,GT003767,VIP,50,Complaint,Email,Complaint,False,False,False,False,True,False
SUP003553,GT004438,New,44,Enquiry,Email,Enquiry,False,False,False,False,False,False
SUP003554,GT005723,New,27,Refund request,Email,Refund request,False,False,False,False,False,False
SUP003555,GT009386,Occasional,39,Enquiry,Email,Enquiry,False,False,False,False,False,False
SUP003556,GT007788,Regular,74,Refund request,Email,Refund request,False,False,False,False,False,False
SUP003557,GT005025,New,25,Complaint,Email,Complaint,False,False,False,False,False,False
SUP003558,GT009348,New,76,Complaint,Email,Complaint,False,False,False,False,False,False
SUP003559,GT002403,New,70,Refund request,Email,Refund request,False,False,False,False,True,False
SUP003560,GT004167,Regular,48,Refund request,Phone,Refund request,False,False,False,True,False,False
SUP003561,GT009559,New,27,Accessibility,Email,Accessibility,False,False,False,False,False,False
SUP003562,GT002842,New,29,Refund request,Email,Refund request,False,False,False,False,False,False
SUP003563,GT003318,Regular,29,Refund request,Phone,Refund request,False,False,False,True,False,False
SUP003564,GT000461,New,25,Enquiry,Email,Enquiry,False,False,False,False,False,False
SUP003565,GT003123,Regular,55,Complaint,Phone,Complaint,False,False,False,False,False,False
SUP003566,GT002092,Occasional,48,Complaint,Email,Complaint,False,False,False,False,True,False
SUP003567,GT009586,New,66,Refund request,Email,Refund request,False,False,False,False,False,False
SUP003568,GT005821,Regular,77,Enquiry,Phone,Enquiry,False,False,False,False,False,False
SUP003569,GT005554,Occasional,20,Enquiry,Email,Complaint,False,False,False,False,False,True
SUP003570,GT000848,Occasional,79,Complaint,Email,Complaint,False,False,False,False,False,False
SUP003571,GT001377,Regular,18,Enquiry,Email,Enquiry,False,False,False,False,False,False
SUP003572,GT007898,VIP,49,Refund request,Email,Refund request,False,False,False,False,False,False
SUP003573,GT005480,Regular,55,Enquiry,Email,Enquiry,False,False,False,False,False,False
SUP003574,GT004759,Occasional,49,Refund request,Phone,Refund request,False,False,False,False,False,False
SUP003575,GT004283,Occasional,55,Complaint,Email,Complaint,False,False,False,False,False,False
SUP003576,GT009668,New,59,Refund request,Phone,Enquiry,False,False,False,False,False,True
SUP003577,GT006069,Occasional,53,Refund request,Email,Refund request,False,False,False,False,False,False
SUP003578,GT001305,Occasional,20,Refund request,Email,Refund request,False,False,False,False,False,False
SUP003579,GT001914,VIP,41,Refund request,Email,Refund request,False,False,False,False,False,False
SUP003580,GT004934,Regular,62,Accessibility,Email,Accessibility,False,True,False,False,True,False
SUP003581,GT006431,New,30,Complaint,Phone,Complaint,False,False,False,False,False,False
SUP003582,GT003858,Regular,67,Refund request,Phone,Refund request,False,False,False,False,False,False
SUP003583,GT006578,Occasional,70,Complaint,Phone,Complaint,False,False,False,True,False,False
SUP003584,GT005682,Occasional,36,Enquiry,Email,Enquiry,False,False,False,False,False,False
SUP003585,GT004120,Occasional,64,Complaint,Email,Complaint,False,False,False,False,True,False
SUP003586,GT005746,VIP,65,Refund request,Phone,Refund request,False,False,False,True,False,False
SUP003587,GT001861,Occasional,78,Refund request,Email,Refund request,False,False,False,False,False,False
SUP003588,GT005204,Regular,19,Refund request,Phone,Refund request,False,False,False,True,False,False
SUP003589,GT007280,New,23,Complaint,Email,Complaint,False,False,False,False,False,False
SUP003590,GT000352,New,35,Complaint,Email,Complaint,False,False,False,False,True,False
SUP003591,GT009264,Regular,25,Accessibility,Email,Accessibility,False,False,False,False,False,False
SUP003592,GT009058,VIP,21,Accessibility,Email,Accessibility,False,False,False,False,True,False
SUP003593,GT006315,Regular,19,Accessibility,Email,Accessibility,False,False,False,False,False,False
SUP003594,GT004289,Occasional,27,Complaint,Email,Complaint,False,False,False,False,False,False
SUP003595,GT004171,Occasional,67,Accessibility,Phone,Accessibility,False,False,False,False,False,False
SUP003596,GT008339,Regular,60,Accessibility,Email,Accessibility,False,False,False,False,False,False
SUP003597,GT000084,Regular,51,Complaint,Phone,Complaint,False,False,False,False,False,False
SUP003598,GT003400,Occasional,27,Refund request,Email,Refund request,False,False,False,False,True,False
SUP003599,GT002726,Occasional,45,Accessibility,Email,Accessibility,False,False,False,False,False,False
SUP003600,GT006012,VIP,45,Accessibility,Email,Accessibility,False,False,False,False,False,False
SUP003601,GT000048,Regular,40,Enquiry,Phone,Enquiry,False,False,False,False,False,False
SUP003602,GT005967,Occasional,79,Accessibility,Phone,Accessibility,False,True,False,False,False,False
SUP003603,GT007189,Regular,45,Enquiry,Phone,Enquiry,False,False,False,False,False,False
SUP003604,GT006855,Occasional,36,Refund request,Email,Refund request,False,False,False,False,False,False
SUP003605,GT007457,Regular,56,Refund request,Email,Refund request,False,False,False,False,False,False
SUP003606,GT005422,Occasional,21,Refund request,Email,Refund request,False,False,True,False,False,False
SUP003607,GT003855,Occasional,70,Refund request,Email,Refund request,False,False,False,False,False,False
SUP003608,GT003696,Regular,35,Refund request,Phone,Refund request,False,False,True,False,False,False
SUP003609,GT006155,Regular,76,Accessibility,Phone,Accessibility,False,False,False,False,False,False
SUP003610,GT002451,Occasional,70,Accessibility,Phone,Accessibility,False,False,False,False,False,False
SUP003611,GT006297,Occasional,76,Refund request,Email,Refund request,False,True,False,False,False,False
SUP003612,GT009809,New,50,Refund request,Phone,Refund request,True,False,False,True,False,False
SUP003613,GT007853,Occasional,58,Accessibility,Email,Accessibility,False,True,False,False,False,False
SUP003614,GT003594,Occasional,25,Refund request,Email,Refund request,False,False,False,False,False,False
SUP003615,GT006197,Regular,72,Accessibility,Email,Accessibility,False,False,False,False,False,False
SUP003616,GT007929,Regular,57,Refund request,Phone,Refund request,False,False,False,True,False,False
SUP003617,GT004910,Regular,29,Accessibility,Email,Accessibility,False,False,False,False,True,False
SUP003618,GT004065,VIP,57,Complaint,Email,Complaint,False,False,False,False,False,False
SUP003619,GT000995,Regular,37,Accessibility,Email,Accessibility,False,False,False,False,True,False
SUP003620,GT000959,New,66,Enquiry,Phone,Enquiry,False,False,True,True,False,False
SUP003621,GT007306,New,73,Accessibility,Email,Accessibility,False,False,False,False,True,False
SUP003622,GT002591,Regular,82,Enquiry,Email,Accessibility,False,False,True,False,False,True
SUP003623,GT007544,Regular,34,Complaint,Email,Complaint,False,False,False,False,False,False
SUP003624,GT007288,New,74,Enquiry,Email,Enquiry,False,False,False,False,False,False
SUP003625,GT004714,Regular,20,Refund request,Phone,Refund request,True,False,False,False,False,False
SUP003626,GT001874,Occasional,63,Accessibility,Phone,Accessibility,False,False,False,True,False,False
SUP003627,GT007518,Regular,61,Refund request,Phone,Refund request,False,False,False,False,False,False
SUP003628,GT009208,Regular,25,Refund request,Phone,Refund request,False,False,False,True,False,False
SUP003629,GT002653,VIP,54,Accessibility,Email,Accessibility,False,False,False,False,False,False
SUP003630,GT001978,Regular,38,Complaint,Phone,Complaint,False,False,False,False,False,False
SUP003631,GT008814,New,40,Enquiry,Phone,Enquiry,False,False,False,True,False,False
SUP003632,GT007014,Regular,43,Refund request,Phone,Refund request,False,False,False,False,False,False
SUP003633,GT008521,Regular,55,Complaint,Email,Refund request,False,False,False,False,False,True
SUP003634,GT004866,Regular,50,Complaint,Email,Complaint,False,False,False,False,False,False
SUP003635,GT000547,New,63,Accessibility,Phone,Accessibility,False,False,False,True,False,False
SUP003636,GT007198,Occasional,48,Refund request,Email,Refund request,False,False,False,False,True,False
SUP003637,GT004353,Occasional,65,Refund request,Phone,Refund request,False,False,False,False,False,False
SUP003638,GT003082,Occasional,42,Complaint,Email,Complaint,False,False,False,False,True,False
SUP003639,GT001144,Occasional,43,Enquiry,Email,Enquiry,False,False,False,False,False,False
SUP003640,GT001471,New,53,Refund request,Email,Refund request,False,False,False,False,False,False
SUP003641,GT001376,VIP,45,Enquiry,Email,Enquiry,False,False,False,False,False,False
SUP003642,GT006185,New,35,Accessibility,Phone,Accessibility,True,False,False,False,False,False
SUP003643,GT007676,New,38,Refund request,Email,Refund request,False,False,False,False,True,False
SUP003644,GT006182,Regular,45,Enquiry,Email,Enquiry,False,False,False,False,True,False
SUP003645,GT000235,Occasional,27,Complaint,Email,Complaint,False,False,False,False,True,False
SUP003646,GT003806,Regular,67,Refund request,Email,Refund request,False,True,False,False,False,False
SUP003647,GT003908,New,33,Refund request,Phone,Refund request,False,False,False,False,False,False
SUP003648,GT001943,Occasional,57,Accessibility,Email,Refund request,True,False,False,False,False,True
SUP003649,GT000646,Regular,22,Refund request,Email,Refund request,False,False,False,False,True,False
SUP003650,GT004014,VIP,42,Complaint,Email,Complaint,False,False,False,False,True,False
SUP003651,GT003193,Occasional,53,Complaint,Phone,Complaint,False,False,False,False,False,False
SUP003652,GT008003,Regular,54,Refund request,Email,Refund request,False,False,False,False,False,False
SUP003653,GT004556,Regular,32,Enquiry,Email,Enquiry,False,False,False,False,True,False
SUP003654,GT002372,Regular,51,Enquiry,Phone,Enquiry,False,False,False,False,False,False
SUP003655,GT004995,New,25,Refund request,Email,Refund request,False,False,False,False,False,False
SUP003656,GT000808,Regular,60,Refund request,Email,Refund request,False,False,False,False,False,False
SUP003657,GT008903,Occasional,27,Accessibility,Phone,Accessibility,False,False,False,True,False,False
SUP003658,GT002121,New,34,Refund request,Email,Refund request,False,False,False,False,False,False
SUP003659,GT007727,Occasional,73,Complaint,Email,Complaint,False,False,False,False,False,False
SUP003660,GT002905,Regular,19,Enquiry,Email,Enquiry,False,False,False,False,True,False
SUP003661,GT001156,Regular,37,Accessibility,Email,Accessibility,False,False,True,False,False,False
SUP003662,GT004261,Regular,56,Complaint,Email,Complaint,False,False,False,False,False,False
SUP003663,GT004756,Occasional,74,Enquiry,Phone,Enquiry,False,False,False,False,False,False
SUP003664,GT008229,Regular,20,Enquiry,Phone,Enquiry,False,False,False,False,False,False
SUP003665,GT000013,Regular,51,Refund request,Email,Refund request,False,False,False,False,True,False
SUP003666,GT002630,Regular,23,Complaint,Email,Complaint,False,False,False,False,False,False
SUP003667,GT007233,Regular,51,Refund request,Email,Refund request,False,False,False,False,True,False
SUP003668,GT005567,VIP,75,Accessibility,Email,Accessibility,False,False,False,False,True,False
SUP003669,GT008766,Occasional,67,Complaint,Email,Complaint,False,False,False,False,False,False
SUP003670,GT005275,Occasional,24,Refund request,Email,Refund request,False,False,False,False,True,False
SUP003671,GT007993,Regular,33,Complaint,Email,Complaint,False,False,True,False,False,False
SUP003672,GT002097,Occasional,54,Refund request,Email,Refund request,False,False,False,False,False,False
SUP003673,GT005082,Occasional,63,Complaint,Phone,Complaint,False,False,False,True,False,False
SUP003674,GT008858,Occasional,20,Complaint,Email,Complaint,False,False,False,False,False,False
SUP003675,GT000141,VIP,83,Complaint,Phone,Complaint,False,False,False,False,False,False
SUP003676,GT004595,New,58,Accessibility,Email,Accessibility,False,False,True,False,False,False
SUP003677,GT009607,Occasional,21,Complaint,Email,Complaint,False,False,False,False,True,False
SUP003678,GT008234,VIP,62,Refund request,Email,Refund request,False,False,False,False,False,False
SUP003679,GT001867,New,71,Refund request,Email,Refund request,False,False,False,False,True,False
SUP003680,GT002573,Occasional,47,Complaint,Email,Complaint,False,False,False,False,False,False
SUP003681,GT002368,Occasional,21,Accessibility,Email,Accessibility,False,False,False,False,False,False
SUP003682,GT000180,New,67,Accessibility,Email,Accessibility,False,False,False,False,False,False
SUP003683,GT001298,New,69,Complaint,Email,Complaint,False,False,False,False,False,False
SUP003684,GT001961,New,28,Refund request,Email,Refund request,False,False,False,False,False,False
SUP003685,GT009975,Occasional,82,Accessibility,Email,Accessibility,False,False,False,False,False,False
SUP003686,GT005540,Regular,23,Accessibility,Email,Accessibility,False,False,False,False,True,False
SUP003687,GT001478,Regular,23,Enquiry,Phone,Enquiry,False,False,True,False,False,False
SUP003688,GT003479,Regular,42,Refund request,Email,Refund request,False,False,True,False,False,False
SUP003689,GT000351,Occasional,63,Accessibility,Phone,Accessibility,True,False,False,False,False,False
SUP003690,GT004945,Occasional,68,Refund request,Phone,Refund request,False,False,False,False,False,False
SUP003691,GT007079,Occasional,26,Accessibility,Email,Accessibility,False,False,False,False,False,False
SUP003692,GT002737,Regular,62,Refund request,Email,Complaint,False,False,True,False,False,True
SUP003693,GT003459,Occasional,44,Refund request,Email,Refund request,False,False,False,False,False,False
SUP003694,GT003655,Occasional,40,Enquiry,Phone,Enquiry,False,False,False,False,False,False
SUP003695,GT005638,New,21,Complaint,Email,Complaint,False,False,False,False,False,False
SUP003696,GT009601,Regular,53,Enquiry,Phone,Refund request,False,False,False,False,False,True
SUP003697,GT002783,Regular,28,Refund request,Email,Refund request,False,False,False,False,False,False
SUP003698,GT001010,New,19,Refund request,Phone,Refund request,False,False,False,True,False,False
SUP003699,GT000174,VIP,84,Complaint,Phone,Complaint,False,False,False,True,False,False
SUP003700,GT008037,Occasional,46,Enquiry,Phone,Enquiry,False,False,False,True,False,False
SUP003701,GT009139,New,41,Complaint,Email,Complaint,False,False,False,False,True,False
SUP003702,GT009687,New,35,Complaint,Email,Complaint,False,False,False,False,False,False
SUP003703,GT002316,Occasional,31,Accessibility,Email,Accessibility,False,True,True,False,False,False
SUP003704,GT009124,Occasional,49,Enquiry,Phone,Enquiry,False,False,False,False,False,False
SUP003705,GT003029,Regular,40,Complaint,Phone,Complaint,False,False,False,False,False,False
SUP003706,GT007072,Regular,39,Refund request,Email,Refund request,False,False,False,False,False,False
SUP003707,GT001533,New,26,Accessibility,Phone,Accessibility,False,False,True,False,False,False
SUP003708,GT002458,Regular,30,Enquiry,Email,Enquiry,False,False,False,False,True,False
SUP003709,GT001316,Occasional,57,Complaint,Phone,Complaint,False,False,False,False,False,False
SUP003710,GT002165,Regular,39,Enquiry,Email,Enquiry,False,False,False,False,False,False
SUP003711,GT000351,Occasional,63,Accessibility,Email,Accessibility,False,False,False,False,True,False
SUP003712,GT008694,New,26,Enquiry,Email,Enquiry,False,False,False,False,False,False
SUP003713,GT004499,VIP,48,Accessibility,Email,Accessibility,False,False,False,False,False,False
SUP003714,GT009742,New,22,Enquiry,Email,Enquiry,False,False,False,False,False,False
SUP003715,GT005237,Occasional,83,Refund request,Email,Refund request,False,False,False,False,True,False
SUP003716,GT006422,New,37,Complaint,Phone,Complaint,False,False,False,False,False,False
SUP003717,GT009357,Regular,58,Accessibility,Email,Accessibility,False,False,False,False,True,False
SUP003718,GT003032,Occasional,76,Refund request,Email,Refund request,False,False,False,False,True,False
SUP003719,GT008868,Occasional,55,Enquiry,Email,Enquiry,False,False,False,False,False,False
SUP003720,GT000919,Regular,47,Enquiry,Email,Enquiry,False,False,False,False,True,False
SUP003721,GT002248,New,58,Complaint,Phone,Complaint,False,False,False,False,False,False
SUP003722,GT008816,Regular,39,Refund request,Email,Refund request,False,False,False,False,True,False
SUP003723,GT000642,Regular,60,Accessibility,Email,Accessibility,False,True,False,False,False,False
SUP003724,GT002210,Regular,39,Complaint,Email,Complaint,False,False,False,False,True,False
SUP003725,GT002130,Regular,63,Accessibility,Phone,Accessibility,False,False,False,True,False,False
SUP003726,GT009636,Occasional,67,Refund request,Email,Refund request,False,False,False,False,True,False
SUP003727,GT004128,Occasional,57,Complaint,Phone,Complaint,True,False,False,False,False,False
SUP003728,GT008107,New,36,Refund request,Phone,Refund request,False,False,False,False,False,False
SUP003729,GT006731,Occasional,46,Accessibility,Email,Accessibility,False,False,False,False,False,False
SUP003730,GT009333,VIP,52,Refund request,Email,Refund request,False,False,False,False,False,False
SUP003731,GT005264,Occasional,23,Refund request,Email,Refund request,False,False,False,False,True,False
SUP003732,GT000544,Occasional,71,Complaint,Email,Complaint,False,False,False,False,False,False
SUP003733,GT004484,New,24,Complaint,Phone,Complaint,False,False,False,True,False,False
SUP003734,GT009559,New,27,Accessibility,Phone,Accessibility,False,False,False,False,False,False
SUP003735,GT003855,Occasional,70,Complaint,Phone,Complaint,False,False,False,False,False,False
SUP003736,GT002281,Occasional,24,Complaint,Phone,Complaint,False,False,False,True,False,False
SUP003737,GT007276,Regular,22,Refund request,Email,Refund request,False,False,False,False,False,False
SUP003738,GT000409,Occasional,22,Refund request,Email,Refund request,False,False,False,False,False,False
SUP003739,GT002572,Occasional,63,Refund request,Email,Refund request,False,True,False,False,False,False
SUP003740,GT008892,Regular,18,Accessibility,Email,Accessibility,False,False,False,False,True,False
SUP003741,GT009294,Regular,41,Accessibility,Phone,Accessibility,False,False,False,False,False,False
SUP003742,GT008071,Occasional,41,Enquiry,Email,Enquiry,False,False,False,False,False,False
SUP003743,GT006396,New,81,Accessibility,Email,Enquiry,False,False,True,False,False,True
SUP003744,GT002679,Occasional,43,Accessibility,Phone,Accessibility,False,False,False,False,False,False
SUP003745,GT004845,New,48,Complaint,Email,Complaint,False,False,False,False,False,False
SUP003746,GT008506,New,57,Complaint,Email,Complaint,False,False,False,False,False,False
SUP003747,GT005036,VIP,60,Enquiry,Phone,Enquiry,False,False,False,True,False,False
SUP003748,GT009263,Regular,20,Refund request,Email,Refund request,False,False,False,False,False,False
SUP003749,GT009758,VIP,51,Accessibility,Email,Accessibility,False,False,False,False,False,False
SUP003750,GT000551,VIP,71,Accessibility,Phone,Accessibility,False,False,False,False,False,False
SUP003751,GT006387,Occasional,62,Complaint,Phone,Complaint,False,False,False,False,False,False
SUP003752,GT000297,Regular,24,Refund request,Phone,Refund request,False,False,False,False,False,False
SUP003753,GT003301,Regular,42,Accessibility,Phone,Accessibility,False,False,False,False,False,False
SUP003754,GT005801,VIP,31,Complaint,Phone,Complaint,False,False,False,False,False,False
SUP003755,GT005710,Regular,71,Complaint,Email,Complaint,False,False,False,False,False,False
SUP003756,GT007208,Occasional,45,Accessibility,Phone,Accessibility,False,False,False,False,False,False
SUP003757,GT000146,Regular,59,Refund request,Email,Refund request,False,False,False,False,True,False
SUP003758,GT007375,VIP,73,Refund request,Email,Refund request,False,False,False,False,False,False
SUP003759,GT005542,Occasional,26,Accessibility,Email,Accessibility,True,False,True,False,False,False
SUP003760,GT002830,Regular,80,Refund request,Email,Refund request,False,False,False,False,True,False
SUP003761,GT007132,Occasional,46,Refund request,Phone,Refund request,False,False,False,False,False,False
SUP003762,GT007183,VIP,58,Accessibility,Email,Accessibility,False,False,False,False,False,False
SUP003763,GT004724,Occasional,28,Refund request,Phone,Refund request,False,True,False,False,False,False
SUP003764,GT009364,Regular,52,Refund request,Phone,Refund request,False,False,False,True,False,False
SUP003765,GT001072,Occasional,18,Complaint,Email,Complaint,False,False,False,False,False,False
SUP003766,GT004205,VIP,56,Refund request,Email,Refund request,True,False,False,False,False,False
SUP003767,GT000057,Regular,42,Refund request,Phone,Refund request,False,False,False,False,False,False
SUP003768,GT009841,Occasional,54,Complaint,Email,Complaint,False,False,False,False,True,False
SUP003769,GT006277,Occasional,83,Complaint,Phone,Complaint,False,False,False,False,False,False
SUP003770,GT004329,Regular,20,Refund request,Phone,Refund request,False,False,False,True,False,False
SUP003771,GT002835,New,38,Enquiry,Phone,Enquiry,False,False,False,False,False,False
SUP003772,GT001300,New,51,Complaint,Phone,Complaint,False,False,False,False,False,False
SUP003773,GT004684,VIP,18,Refund request,Email,Refund request,False,False,False,False,False,False
SUP003774,GT001127,VIP,74,Refund request,Email,Refund request,False,False,False,False,False,False
SUP003775,GT002111,Regular,23,Complaint,Email,Complaint,False,False,False,False,False,False
SUP003776,GT001428,Occasional,43,Refund request,Email,Refund request,False,False,False,False,True,False
SUP003777,GT000451,New,67,Enquiry,Email,Enquiry,False,False,False,False,False,False
SUP003778,GT002274,New,63,Refund request,Phone,Refund request,False,False,False,False,False,False
SUP003779,GT005858,New,50,Refund request,Email,Refund request,False,False,False,False,False,False
SUP003780,GT009824,Occasional,50,Complaint,Email,Complaint,False,False,False,False,False,False
SUP003781,GT004656,Occasional,20,Complaint,Email,Complaint,False,False,False,False,True,False
SUP003782,GT005088,Occasional,43,Refund request,Phone,Refund request,False,False,False,True,False,False
SUP003783,GT009294,Regular,41,Complaint,Email,Complaint,False,False,False,False,True,False
SUP003784,GT008626,Occasional,41,Refund request,Email,Refund request,False,False,False,False,False,False
SUP003785,GT009255,Regular,60,Refund request,Email,Refund request,False,False,False,False,False,False
SUP003786,GT002031,Occasional,74,Enquiry,Phone,Enquiry,False,False,False,True,False,False
SUP003787,GT009182,Regular,26,Complaint,Email,Complaint,False,False,False,False,False,False
SUP003788,GT006112,Regular,34,Refund request,Email,Refund request,False,False,False,False,False,False
SUP003789,GT002737,Regular,62,Refund request,Phone,Refund request,False,False,True,True,False,False
SUP003790,GT002656,VIP,61,Enquiry,Email,Complaint,False,False,False,False,True,True
SUP003791,GT002689,VIP,51,Enquiry,Email,Enquiry,False,False,False,False,True,False
SUP003792,GT000824,Occasional,64,Accessibility,Email,Accessibility,False,False,True,False,False,False
SUP003793,GT002639,Regular,18,Refund request,Email,Refund request,False,True,False,False,True,False
SUP003794,GT006315,Regular,19,Enquiry,Email,Enquiry,False,True,False,False,False,False
SUP003795,GT003684,Regular,50,Refund request,Email,Refund request,False,False,False,False,False,False
SUP003796,GT004654,Occasional,54,Accessibility,Phone,Accessibility,False,False,False,True,False,False
SUP003797,GT003860,Occasional,58,Refund request,Phone,Refund request,False,False,False,True,False,False
SUP003798,GT006422,New,37,Refund request,Email,Refund request,False,False,False,False,True,False
SUP003799,GT007021,Regular,68,Accessibility,Email,Accessibility,False,False,False,False,False,False
SUP003800,GT001889,VIP,32,Refund request,Email,Refund request,False,False,False,False,True,False
SUP003801,GT009790,Occasional,62,Complaint,Email,Complaint,False,False,False,False,False,False
SUP003802,GT003541,Occasional,34,Complaint,Phone,Complaint,False,False,False,False,False,False
SUP003803,GT006931,Regular,63,Refund request,Email,Refund request,False,False,False,False,True,False
SUP003804,GT002313,Occasional,48,Complaint,Email,Complaint,False,False,False,False,True,False
SUP003805,GT006876,New,23,Refund request,Phone,Refund request,False,False,False,False,False,False
SUP003806,GT009568,New,81,Enquiry,Phone,Refund request,False,False,False,False,False,True
SUP003807,GT007127,Occasional,73,Refund request,Email,Refund request,False,False,False,False,False,False
SUP003808,GT001561,New,39,Refund request,Phone,Refund request,False,False,False,False,False,False
SUP003809,GT000400,Regular,57,Refund request,Email,Refund request,False,False,False,False,False,False
SUP003810,GT008701,New,37,Refund request,Email,Refund request,False,False,False,False,True,False
SUP003811,GT001955,Regular,64,Refund request,Phone,Refund request,False,False,False,False,False,False
SUP003812,GT009758,VIP,51,Refund request,Email,Refund request,False,False,False,False,True,False
SUP003813,GT004693,VIP,38,Enquiry,Email,Enquiry,False,False,False,False,False,False
SUP003814,GT003946,Regular,25,Refund request,Email,Refund request,False,False,False,False,False,False
SUP003815,GT000253,Regular,35,Refund request,Email,Refund request,False,False,True,False,False,False
SUP003816,GT001866,Occasional,37,Enquiry,Email,Enquiry,False,False,False,False,False,False
SUP003817,GT006705,New,47,Refund request,Email,Refund request,False,False,False,False,False,False
SUP003818,GT006244,Regular,65,Enquiry,Phone,Enquiry,False,False,False,False,False,False
SUP003819,GT009385,Regular,24,Refund request,Email,Refund request,False,False,False,False,True,False
SUP003820,GT005532,Occasional,30,Refund request,Phone,Refund request,False,False,False,False,False,False
SUP003821,GT008857,Occasional,34,Enquiry,Email,Enquiry,False,False,False,False,True,False
SUP003822,GT000629,VIP,61,Enquiry,Email,Enquiry,False,False,False,False,True,False
SUP003823,GT005149,Regular,58,Refund request,Email,Refund request,False,False,False,False,False,False
SUP003824,GT002406,Occasional,51,Refund request,Email,Complaint,False,False,False,False,False,True
SUP003825,GT006415,VIP,45,Complaint,Phone,Complaint,False,False,False,False,False,False
SUP003826,GT005178,New,39,Enquiry,Email,Enquiry,False,False,False,False,True,False
SUP003827,GT004656,Occasional,20,Enquiry,Email,Enquiry,False,False,False,False,False,False
SUP003828,GT009473,Occasional,37,Enquiry,Email,Enquiry,False,False,False,False,False,False
SUP003829,GT008660,Regular,55,Refund request,Email,Refund request,False,False,False,False,True,False
SUP003830,GT004943,Regular,52,Refund request,Email,Refund request,False,False,False,False,True,False
SUP003831,GT005418,Regular,19,Accessibility,Email,Accessibility,False,False,False,False,False,False
SUP003832,GT007867,New,71,Enquiry,Phone,Enquiry,False,False,False,False,False,False
SUP003833,GT009872,Occasional,66,Accessibility,Phone,Accessibility,False,False,False,False,False,False
SUP003834,GT006199,New,46,Complaint,Email,Complaint,False,False,False,False,False,False
SUP003835,GT001247,Regular,52,Refund request,Phone,Refund request,False,False,False,False,False,False
SUP003836,GT005730,Occasional,23,Complaint,Phone,Complaint,False,False,False,False,False,False
SUP003837,GT000890,Regular,49,Enquiry,Email,Enquiry,False,False,False,False,False,False
SUP003838,GT007174,Occasional,37,Refund request,Email,Refund request,False,False,False,False,False,False
SUP003839,GT004262,New,23,Accessibility,Email,Accessibility,False,False,False,False,False,False
SUP003840,GT004934,Regular,62,Refund request,Phone,Refund request,False,False,False,False,False,False
SUP003841,GT003028,Regular,40,Refund request,Phone,Refund request,False,False,False,False,False,False
SUP003842,GT000646,Regular,22,Complaint,Email,Complaint,False,False,False,False,True,False
SUP003843,GT008379,Regular,58,Enquiry,Email,Enquiry,False,False,False,False,True,False
SUP003844,GT006879,Regular,49,Accessibility,Email,Refund request,False,False,False,False,False,True
SUP003845,GT005510,Regular,80,Refund request,Email,Refund request,False,False,False,False,True,False
SUP003846,GT001950,Occasional,32,Refund request,Email,Refund request,False,False,False,False,False,False
SUP003847,GT007224,Regular,48,Enquiry,Email,Enquiry,False,False,False,False,False,False
SUP003848,GT008906,Occasional,55,Refund request,Email,Refund request,False,False,False,False,False,False
SUP003849,GT006400,Occasional,45,Complaint,Email,Complaint,False,False,False,False,False,False
SUP003850,GT002451,Occasional,70,Accessibility,Phone,Accessibility,False,False,False,False,False,False
SUP003851,GT001211,Occasional,21,Complaint,Phone,Complaint,False,False,False,False,False,False
SUP003852,GT005415,Occasional,49,Enquiry,Email,Enquiry,False,False,False,False,True,False
SUP003853,GT004179,Occasional,60,Refund request,Email,Refund request,False,False,False,False,False,False
SUP003854,GT004282,VIP,38,Refund request,Phone,Refund request,False,False,False,False,False,False
SUP003855,GT006244,Regular,65,Refund request,Email,Refund request,False,False,False,False,False,False
SUP003856,GT004105,Regular,32,Enquiry,Email,Enquiry,False,False,False,False,False,False
SUP003857,GT007359,VIP,34,Refund request,Phone,Refund request,False,False,False,False,False,False
SUP003858,GT000196,New,41,Refund request,Email,Refund request,False,False,False,False,False,False
SUP003859,GT000702,VIP,69,Accessibility,Phone,Accessibility,False,False,False,False,False,False
SUP003860,GT003114,Occasional,31,Refund request,Email,Refund request,False,False,False,False,False,False
SUP003861,GT002525,Regular,28,Refund request,Email,Enquiry,False,False,False,False,True,True
SUP003862,GT000228,Occasional,22,Refund request,Email,Refund request,False,False,False,False,False,False
SUP003863,GT007066,Regular,21,Refund request,Email,Refund request,False,False,False,False,False,False
SUP003864,GT002049,New,47,Refund request,Email,Refund request,False,False,False,False,True,False
SUP003865,GT000570,Occasional,70,Refund request,Email,Refund request,False,False,False,False,False,False
SUP003866,GT002230,Regular,76,Accessibility,Email,Accessibility,False,False,False,False,False,False
SUP003867,GT007279,Occasional,50,Complaint,Email,Complaint,False,True,False,False,True,False
SUP003868,GT003322,Regular,71,Refund request,Email,Refund request,False,False,False,False,True,False
SUP003869,GT001498,New,54,Refund request,Email,Refund request,False,True,False,False,False,False
SUP003870,GT007240,Occasional,34,Refund request,Email,Refund request,False,False,False,False,False,False
SUP003871,GT006206,Regular,63,Refund request,Email,Refund request,False,False,False,False,False,False
SUP003872,GT007817,New,70,Refund request,Email,Refund request,False,False,False,False,False,False
SUP003873,GT008983,New,27,Complaint,Phone,Complaint,False,False,False,True,False,False
SUP003874,GT001005,Regular,48,Accessibility,Email,Accessibility,False,False,False,False,False,False
SUP003875,GT008993,VIP,30,Enquiry,Email,Enquiry,False,False,False,False,False,False
SUP003876,GT009348,New,76,Complaint,Email,Complaint,False,False,True,False,False,False
SUP003877,GT008641,Regular,60,Refund request,Phone,Refund request,False,False,False,True,False,False
SUP003878,GT001056,Occasional,36,Refund request,Email,Accessibility,False,False,True,False,False,True
SUP003879,GT000925,Occasional,41,Enquiry,Email,Enquiry,False,False,False,False,False,False
SUP003880,GT005113,Regular,25,Complaint,Email,Complaint,False,False,False,False,False,False
SUP003881,GT000021,Occasional,28,Enquiry,Email,Enquiry,False,True,True,False,False,False
SUP003882,GT003541,Occasional,34,Refund request,Email,Refund request,False,False,False,False,False,False
SUP003883,GT004244,Occasional,60,Accessibility,Phone,Accessibility,False,False,False,False,False,False
SUP003884,GT008844,Occasional,63,Complaint,Phone,Complaint,False,True,False,False,False,False
SUP003885,GT008055,Occasional,79,Refund request,Email,Refund request,False,False,False,False,True,False
SUP003886,GT000945,Occasional,84,Enquiry,Email,Enquiry,False,True,False,False,False,False
SUP003887,GT008661,VIP,51,Complaint,Email,Complaint,False,False,False,False,True,False
SUP003888,GT003598,Regular,79,Enquiry,Email,Enquiry,False,False,False,False,False,False
SUP003889,GT008310,Occasional,23,Refund request,Email,Refund request,False,False,False,False,False,False
SUP003890,GT005569,Regular,74,Complaint,Email,Complaint,False,False,False,False,False,False
SUP003891,GT000186,Occasional,47,Enquiry,Email,Enquiry,False,False,False,False,False,False
SUP003892,GT004506,VIP,63,Enquiry,Phone,Enquiry,False,False,False,False,False,False
SUP003893,GT002896,Regular,65,Accessibility,Email,Accessibility,False,False,False,False,False,False
SUP003894,GT007838,Regular,27,Accessibility,Email,Accessibility,False,False,False,False,True,False
SUP003895,GT000863,Occasional,21,Refund request,Phone,Refund request,False,False,False,False,False,False
SUP003896,GT004438,New,44,Enquiry,Email,Enquiry,False,False,False,False,False,False
SUP003897,GT007776,Occasional,66,Enquiry,Phone,Enquiry,False,False,False,False,False,False
SUP003898,GT005545,Occasional,52,Complaint,Email,Refund request,False,False,False,False,False,True
SUP003899,GT008347,VIP,45,Enquiry,Email,Enquiry,False,False,False,False,False,False
SUP003900,GT007173,Regular,73,Enquiry,Email,Enquiry,False,False,False,False,False,False
SUP003901,GT009263,Regular,20,Refund request,Email,Refund request,False,False,False,False,True,False
SUP003902,GT003517,Occasional,58,Refund request,Phone,Refund request,False,False,False,False,False,False
SUP003903,GT006219,VIP,71,Enquiry,Email,Enquiry,False,False,False,False,True,False
SUP003904,GT003301,Regular,42,Accessibility,Phone,Refund request,False,False,False,True,False,True
SUP003905,GT007071,Regular,67,Refund request,Email,Refund request,False,False,False,False,True,False
SUP003906,GT002772,Regular,46,Enquiry,Email,Refund request,False,False,False,False,False,True
SUP003907,GT001211,Occasional,21,Refund request,Email,Refund request,False,False,False,False,False,False
SUP003908,GT003171,Regular,28,Refund request,Email,Refund request,True,False,False,False,False,False
SUP003909,GT003807,Occasional,50,Refund request,Email,Refund request,False,False,False,False,True,False
SUP003910,GT000297,Regular,24,Enquiry,Phone,Enquiry,False,False,False,False,False,False
SUP003911,GT005712,Regular,64,Accessibility,Phone,Accessibility,False,False,False,True,False,False
SUP003912,GT004943,Regular,52,Refund request,Email,Refund request,False,False,False,False,False,False
SUP003913,GT008969,Occasional,73,Enquiry,Email,Enquiry,False,False,False,False,True,False
SUP003914,GT003345,Occasional,38,Enquiry,Phone,Enquiry,False,False,False,False,False,False
SUP003915,GT005115,Occasional,31,Refund request,Email,Refund request,False,True,False,False,False,False
SUP003916,GT009835,Occasional,62,Enquiry,Email,Enquiry,False,False,True,False,False,False
SUP003917,GT002118,Occasional,52,Refund request,Phone,Refund request,False,False,False,False,False,False
SUP003918,GT008626,Occasional,41,Enquiry,Email,Enquiry,False,False,False,False,True,False
SUP003919,GT005131,Regular,19,Complaint,Email,Complaint,False,False,False,False,True,False
SUP003920,GT001621,Occasional,71,Refund request,Email,Refund request,False,False,True,False,False,False
SUP003921,GT005025,New,25,Refund request,Phone,Refund request,False,False,False,False,False,False
SUP003922,GT003372,Occasional,38,Refund request,Email,Refund request,False,False,False,False,True,False
SUP003923,GT003491,Occasional,49,Refund request,Email,Refund request,False,False,False,False,True,False
SUP003924,GT007416,Occasional,26,Refund request,Email,Refund request,False,True,False,False,False,False
SUP003925,GT000993,Occasional,19,Refund request,Email,Refund request,False,False,False,False,False,False
SUP003926,GT006185,New,35,Complaint,Phone,Complaint,False,False,True,False,False,False
SUP003927,GT002475,VIP,21,Accessibility,Email,Accessibility,False,False,False,False,True,False
SUP003928,GT001830,VIP,31,Refund request,Email,Refund request,False,False,False,False,False,False
SUP003929,GT000959,New,66,Complaint,Phone,Complaint,False,False,False,False,False,False
SUP003930,GT007288,New,74,Refund request,Phone,Refund request,False,False,False,False,False,False
SUP003931,GT002436,Regular,74,Refund request,Phone,Refund request,False,False,False,False,False,False
SUP003932,GT007756,Occasional,19,Refund request,Email,Refund request,False,False,False,False,False,False
SUP003933,GT002818,VIP,28,Refund request,Email,Refund request,True,False,False,False,False,False
SUP003934,GT006163,Occasional,62,Enquiry,Email,Enquiry,False,True,False,False,True,False
SUP003935,GT002653,VIP,54,Refund request,Email,Refund request,False,False,False,False,False,False
SUP003936,GT009229,Occasional,43,Complaint,Email,Complaint,False,False,False,False,False,False
SUP003937,GT001056,Occasional,36,Accessibility,Phone,Accessibility,False,True,False,False,False,False
SUP003938,GT002835,New,38,Enquiry,Email,Enquiry,False,False,False,False,False,False
SUP003939,GT002742,Regular,18,Complaint,Email,Complaint,False,False,False,False,False,False
SUP003940,GT008691,Regular,51,Accessibility,Email,Accessibility,False,False,False,False,False,False
SUP003941,GT008211,Occasional,36,Accessibility,Email,Accessibility,False,False,False,False,False,False
SUP003942,GT000654,Occasional,62,Complaint,Email,Complaint,False,False,False,False,False,False
SUP003943,GT002484,Occasional,59,Accessibility,Email,Accessibility,False,False,False,False,False,False
SUP003944,GT003574,VIP,18,Refund request,Email,Refund request,False,False,False,False,True,False
SUP003945,GT000123,New,38,Refund request,Email,Refund request,False,False,True,False,False,False
SUP003946,GT008417,Regular,63,Refund request,Phone,Refund request,True,False,False,False,False,False
SUP003947,GT002663,VIP,73,Enquiry,Email,Enquiry,False,False,False,False,False,False
SUP003948,GT008314,New,71,Refund request,Email,Refund request,False,False,False,False,True,False
SUP003949,GT004611,Occasional,60,Complaint,Phone,Complaint,False,False,False,False,False,False
SUP003950,GT008800,Occasional,63,Enquiry,Phone,Enquiry,False,False,False,True,False,False
SUP003951,GT001072,Occasional,18,Refund request,Email,Refund request,False,False,False,False,False,False
SUP003952,GT006464,New,19,Enquiry,Email,Enquiry,False,False,False,False,False,False
SUP003953,GT002605,VIP,20,Refund request,Phone,Refund request,False,False,False,False,False,False
SUP003954,GT007758,Regular,78,Refund request,Email,Refund request,False,False,False,False,False,False
SUP003955,GT004320,Regular,81,Refund request,Phone,Accessibility,False,True,False,False,False,True
SUP003956,GT009841,Occasional,54,Complaint,Email,Complaint,False,False,False,False,False,False
SUP003957,GT003988,Occasional,37,Enquiry,Email,Enquiry,False,False,False,False,True,False
SUP003958,GT005696,New,26,Refund request,Email,Refund request,False,False,False,False,False,False
SUP003959,GT009626,Regular,37,Enquiry,Phone,Enquiry,False,False,False,False,False,False
SUP003960,GT006978,Regular,68,Complaint,Email,Complaint,False,False,False,False,False,False
SUP003961,GT001607,Regular,50,Refund request,Email,Refund request,False,False,False,False,False,False
SUP003962,GT008639,New,44,Complaint,Email,Complaint,False,False,False,False,True,False
SUP003963,GT000244,Occasional,51,Accessibility,Email,Accessibility,False,False,True,False,False,False
SUP003964,GT002066,New,70,Refund request,Email,Refund request,False,False,False,False,False,False
SUP003965,GT003858,Regular,67,Refund request,Email,Refund request,False,False,False,False,False,False
SUP003966,GT001003,Regular,28,Enquiry,Email,Accessibility,False,True,False,False,False,True
SUP003967,GT006157,Regular,20,Accessibility,Email,Accessibility,False,False,True,False,False,False
SUP003968,GT004175,Occasional,81,Refund request,Email,Refund request,False,False,False,False,False,False
SUP003969,GT005044,New,19,Refund request,Phone,Refund request,False,False,False,True,False,False
SUP003970,GT001279,Occasional,73,Refund request,Email,Refund request,False,False,False,False,False,False
SUP003971,GT001885,Regular,55,Complaint,Email,Complaint,False,False,False,False,False,False
SUP003972,GT004350,Occasional,74,Complaint,Email,Complaint,False,False,False,False,False,False
SUP003973,GT008639,New,44,Refund request,Phone,Refund request,False,False,False,False,False,False
SUP003974,GT009377,Regular,59,Refund request,Email,Refund request,False,False,False,False,True,False
SUP003975,GT000632,Regular,49,Refund request,Email,Refund request,False,False,False,False,False,False
SUP003976,GT000204,Occasional,37,Refund request,Email,Refund request,False,False,False,False,False,False
SUP003977,GT004696,Regular,61,Refund request,Phone,Refund request,False,False,False,True,False,False
SUP003978,GT004267,Regular,63,Accessibility,Phone,Accessibility,False,False,False,True,False,False
SUP003979,GT005145,Occasional,43,Enquiry,Email,Enquiry,False,False,False,False,False,False
SUP003980,GT006423,VIP,18,Refund request,Phone,Refund request,False,False,False,False,False,False
SUP003981,GT005756,Regular,45,Accessibility,Email,Accessibility,False,False,False,False,False,False
SUP003982,GT001217,New,39,Refund request,Email,Refund request,False,False,False,False,False,False
SUP003983,GT003521,VIP,50,Accessibility,Phone,Accessibility,False,False,False,False,False,False
SUP003984,GT002213,Regular,46,Enquiry,Email,Enquiry,False,False,False,False,True,False
SUP003985,GT003828,Regular,72,Complaint,Email,Complaint,False,False,False,False,True,False
SUP003986,GT007199,New,23,Refund request,Email,Refund request,False,False,False,False,True,False
SUP003987,GT003785,VIP,27,Refund request,Email,Refund request,False,False,False,False,False,False
SUP003988,GT004193,Regular,45,Accessibility,Email,Accessibility,False,False,False,False,True,False
SUP003989,GT002950,VIP,71,Accessibility,Email,Accessibility,False,False,False,False,False,False
SUP003990,GT007251,Regular,43,Refund request,Email,Refund request,False,False,False,False,False,False
SUP003991,GT007172,Regular,69,Refund request,Email,Refund request,False,False,False,False,False,False
SUP003992,GT006907,Occasional,46,Complaint,Email,Complaint,False,False,False,False,False,False
SUP003993,GT004802,VIP,18,Accessibility,Email,Accessibility,False,True,False,False,False,False
SUP003994,GT003877,Regular,81,Refund request,Email,Refund request,False,False,False,False,True,False
SUP003995,GT005207,Occasional,41,Refund request,Email,Refund request,False,False,False,False,False,False
SUP003996,GT000101,Regular,57,Complaint,Email,Complaint,False,False,False,False,False,False
SUP003997,GT001352,New,29,Complaint,Phone,Complaint,False,False,False,True,False,False
SUP003998,GT000329,New,36,Refund request,Email,Refund request,True,False,False,False,False,False
SUP003999,GT004048,Regular,18,Refund request,Email,Refund request,False,False,False,False,False,False
SUP004000,GT001370,Regular,18,Refund request,Email,Refund request,False,False,True,False,False,False
SUP004001,GT009531,Regular,59,Complaint,Phone,Complaint,False,False,False,False,False,False
SUP004002,GT005686,New,65,Accessibility,Email,Accessibility,False,False,False,False,False,False
SUP004003,GT007454,Regular,42,Enquiry,Email,Enquiry,False,False,False,False,True,False
SUP004004,GT007611,Regular,23,Complaint,Email,Refund request,False,False,False,False,False,True
SUP004005,GT005626,New,48,Refund request,Email,Refund request,False,True,False,False,False,False
SUP004006,GT004261,Regular,56,Refund request,Email,Refund request,False,False,False,False,True,False
SUP004007,GT005647,Occasional,42,Accessibility,Phone,Accessibility,False,False,False,False,False,False
SUP004008,GT001372,Regular,41,Enquiry,Email,Enquiry,False,False,False,False,False,False
SUP004009,GT008527,Occasional,50,Refund request,Email,Refund request,False,False,False,False,False,False
SUP004010,GT001209,Regular,79,Enquiry,Phone,Enquiry,False,False,False,False,False,False
SUP004011,GT000416,Occasional,26,Complaint,Email,Complaint,False,False,False,False,True,False
SUP004012,GT004004,Regular,67,Refund request,Email,Refund request,False,False,False,False,False,False
SUP004013,GT001398,Occasional,77,Refund request,Email,Refund request,False,False,False,False,False,False
SUP004014,GT001429,Regular,30,Accessibility,Email,Accessibility,False,False,False,False,True,False
SUP004015,GT000079,New,47,Enquiry,Email,Enquiry,False,False,False,False,False,False
SUP004016,GT001097,Regular,50,Refund request,Email,Refund request,False,False,False,False,False,False
SUP004017,GT009903,Occasional,49,Refund request,Phone,Refund request,False,False,False,False,False,False
SUP004018,GT001402,New,26,Refund request,Email,Refund request,False,False,False,False,False,False
SUP004019,GT000537,Occasional,60,Enquiry,Email,Enquiry,False,False,False,False,False,False
SUP004020,GT000220,Regular,44,Refund request,Email,Refund request,False,False,False,False,False,False
SUP004021,GT005772,New,34,Complaint,Email,Complaint,False,False,False,False,True,False
SUP004022,GT006596,Regular,72,Complaint,Email,Complaint,False,True,True,False,False,False
SUP004023,GT007513,Regular,41,Refund request,Phone,Refund request,False,False,False,False,False,False
SUP004024,GT007814,Occasional,57,Enquiry,Email,Enquiry,False,False,False,False,False,False
SUP004025,GT008103,Occasional,53,Refund request,Email,Refund request,False,False,False,False,True,False
SUP004026,GT002570,New,56,Complaint,Phone,Complaint,False,True,False,False,False,False
SUP004027,GT007799,VIP,22,Complaint,Phone,Complaint,False,False,False,False,False,False
SUP004028,GT000055,Occasional,51,Refund request,Email,Refund request,False,False,False,False,False,False
SUP004029,GT001960,New,34,Accessibility,Email,Accessibility,False,False,False,False,False,False
SUP004030,GT000412,Occasional,57,Enquiry,Email,Enquiry,False,False,False,False,False,False
SUP004031,GT006427,Occasional,39,Enquiry,Phone,Enquiry,False,False,True,True,False,False
SUP004032,GT002810,Regular,78,Refund request,Email,Refund request,False,False,False,False,False,False
SUP004033,GT009415,Occasional,34,Refund request,Email,Refund request,False,False,False,False,False,False
SUP004034,GT008649,Occasional,55,Complaint,Phone,Complaint,False,False,False,False,False,False
SUP004035,GT006358,Regular,68,Refund request,Email,Refund request,False,False,False,False,False,False
SUP004036,GT003808,Occasional,23,Enquiry,Phone,Enquiry,False,False,False,True,False,False
SUP004037,GT009886,Regular,34,Refund request,Phone,Refund request,False,False,False,False,False,False
SUP004038,GT007194,Occasional,18,Enquiry,Email,Enquiry,False,False,False,False,False,False
SUP004039,GT008135,New,84,Refund request,Email,Refund request,False,False,False,False,False,False
SUP004040,GT008749,Occasional,49,Enquiry,Email,Enquiry,False,False,False,False,False,False
SUP004041,GT000412,Occasional,57,Accessibility,Phone,Accessibility,False,False,False,False,False,False
SUP004042,GT001645,Regular,29,Enquiry,Phone,Enquiry,False,False,False,False,False,False
SUP004043,GT006286,Occasional,27,Complaint,Email,Complaint,False,False,False,False,False,False
SUP004044,GT008080,Occasional,42,Complaint,Email,Complaint,False,False,False,False,False,False
SUP004045,GT003493,Occasional,44,Accessibility,Email,Accessibility,False,False,False,False,False,False
SUP004046,GT008639,New,44,Enquiry,Email,Enquiry,False,False,False,False,False,False
SUP004047,GT007873,Regular,32,Accessibility,Email,Accessibility,False,False,False,False,False,False
SUP004048,GT001348,Regular,78,Accessibility,Phone,Accessibility,False,False,False,False,False,False
SUP004049,GT005728,Occasional,21,Accessibility,Email,Accessibility,False,False,True,False,False,False
SUP004050,GT003186,Regular,42,Complaint,Phone,Complaint,True,False,False,False,False,False
SUP004051,GT003908,New,33,Refund request,Email,Refund request,False,False,False,False,False,False
SUP004052,GT007879,Regular,44,Complaint,Email,Complaint,False,False,False,False,False,False
SUP004053,GT004656,Occasional,20,Enquiry,Email,Enquiry,False,False,False,False,False,False
SUP004054,GT003261,Regular,48,Accessibility,Email,Accessibility,False,False,False,False,False,False
SUP004055,GT004884,New,28,Enquiry,Email,Enquiry,False,False,False,False,True,False
SUP004056,GT002607,Occasional,76,Accessibility,Phone,Accessibility,False,False,False,False,False,False
SUP004057,GT002332,Occasional,29,Accessibility,Phone,Accessibility,False,False,False,False,False,False
SUP004058,GT008972,New,47,Accessibility,Email,Accessibility,False,False,False,False,False,False
SUP004059,GT006607,Occasional,30,Complaint,Email,Complaint,False,False,False,False,False,False
SUP004060,GT006203,VIP,78,Complaint,Email,Complaint,False,False,False,False,True,False
SUP004061,GT008317,VIP,22,Refund request,Email,Refund request,False,False,False,False,False,False
SUP004062,GT003430,Regular,42,Refund request,Email,Refund request,False,False,False,False,False,False
SUP004063,GT008733,Occasional,44,Refund request,Email,Refund request,False,False,True,False,False,False
SUP004064,GT008204,Occasional,70,Enquiry,Email,Enquiry,False,False,False,False,False,False
SUP004065,GT004558,Regular,67,Refund request,Email,Refund request,False,True,False,False,True,False
SUP004066,GT009519,Regular,26,Accessibility,Phone,Accessibility,False,False,False,False,False,False
SUP004067,GT005497,New,22,Enquiry,Email,Enquiry,False,False,False,False,True,False
SUP004068,GT004142,New,27,Refund request,Email,Refund request,False,False,False,False,True,False
SUP004069,GT001430,Occasional,19,Enquiry,Phone,Enquiry,True,False,False,True,False,False
SUP004070,GT007752,Regular,27,Refund request,Email,Refund request,False,False,False,False,True,False
SUP004071,GT006813,Occasional,29,Refund request,Phone,Refund request,False,False,False,False,False,False
SUP004072,GT009283,VIP,63,Refund request,Phone,Refund request,False,False,False,False,False,False
SUP004073,GT004607,VIP,47,Refund request,Email,Refund request,False,False,False,False,False,False
SUP004074,GT000123,New,38,Refund request,Email,Refund request,False,False,False,False,True,False
SUP004075,GT000712,Occasional,31,Enquiry,Phone,Enquiry,False,False,True,True,False,False
SUP004076,GT006434,Regular,40,Refund request,Email,Refund request,False,False,False,False,True,False
SUP004077,GT006182,Regular,45,Accessibility,Email,Accessibility,False,False,False,False,False,False
SUP004078,GT005590,Regular,45,Enquiry,Email,Enquiry,False,False,False,False,True,False
SUP004079,GT006909,VIP,27,Refund request,Email,Enquiry,False,True,False,False,False,True
SUP004080,GT007788,Regular,74,Accessibility,Phone,Accessibility,False,False,False,False,False,False
SUP004081,GT001860,Regular,34,Refund request,Email,Refund request,False,True,False,False,False,False
SUP004082,GT006387,Occasional,62,Enquiry,Email,Enquiry,False,False,False,False,True,False
SUP004083,GT009021,Occasional,40,Enquiry,Email,Complaint,False,False,False,False,True,True
SUP004084,GT006330,VIP,36,Complaint,Phone,Complaint,True,False,False,True,False,False
SUP004085,GT009209,New,69,Enquiry,Phone,Enquiry,False,False,False,False,False,False
SUP004086,GT001985,VIP,41,Refund request,Phone,Refund request,False,False,False,False,False,False
SUP004087,GT009592,New,78,Accessibility,Email,Accessibility,False,False,False,False,False,False
SUP004088,GT003585,Regular,36,Refund request,Email,Refund request,False,False,False,False,False,False
SUP004089,GT000220,Regular,44,Complaint,Email,Complaint,False,False,False,False,False,False
SUP004090,GT008596,New,29,Accessibility,Email,Accessibility,False,False,False,False,False,False
SUP004091,GT000427,Regular,58,Enquiry,Phone,Enquiry,False,True,False,False,False,False
SUP004092,GT002379,Occasional,75,Enquiry,Phone,Enquiry,False,False,False,True,False,False
SUP004093,GT000068,Regular,26,Refund request,Email,Refund request,False,False,False,False,True,False
SUP004094,GT001784,Occasional,44,Accessibility,Phone,Accessibility,False,False,False,False,False,False
SUP004095,GT001148,VIP,61,Enquiry,Email,Enquiry,False,False,False,False,False,False
SUP004096,GT002403,New,70,Refund request,Email,Refund request,False,False,False,False,False,False
SUP004097,GT003831,New,30,Enquiry,Phone,Enquiry,False,False,False,False,False,False
SUP004098,GT001427,New,55,Refund request,Phone,Refund request,False,False,True,True,False,False
SUP004099,GT003400,Occasional,27,Refund request,Email,Refund request,False,False,False,False,True,False
SUP004100,GT000976,Occasional,35,Refund request,Email,Refund request,False,True,True,False,False,False
SUP004101,GT003026,Occasional,29,Accessibility,Email,Accessibility,False,False,True,False,False,False
SUP004102,GT000330,Regular,20,Enquiry,Email,Enquiry,False,False,False,False,False,False
SUP004103,GT006392,Occasional,40,Enquiry,Email,Enquiry,False,False,False,False,False,False
SUP004104,GT004724,Occasional,28,Refund request,Email,Refund request,False,False,False,False,False,False
SUP004105,GT006051,Occasional,29,Refund request,Email,Refund request,False,False,False,False,True,False
SUP004106,GT009714,Regular,22,Enquiry,Phone,Enquiry,False,True,False,False,False,False
SUP004107,GT009502,New,18,Refund request,Email,Refund request,False,False,True,False,False,False
SUP004108,GT001358,VIP,47,Refund request,Phone,Refund request,False,False,False,False,False,False
SUP004109,GT007495,Regular,48,Accessibility,Email,Accessibility,False,False,False,False,False,False
SUP004110,GT004307,New,57,Enquiry,Phone,Enquiry,False,True,False,False,False,False
SUP004111,GT005393,Regular,55,Enquiry,Email,Enquiry,False,True,False,False,False,False
SUP004112,GT001300,New,51,Refund request,Email,Refund request,False,False,False,False,False,False
SUP004113,GT006208,Occasional,53,Refund request,Email,Refund request,False,False,False,False,False,False
SUP004114,GT005567,VIP,75,Refund request,Email,Enquiry,False,False,False,False,True,True
SUP004115,GT001280,New,62,Enquiry,Email,Enquiry,False,False,False,False,True,False
SUP004116,GT005124,Regular,31,Accessibility,Email,Accessibility,False,False,False,False,False,False
SUP004117,GT009911,New,38,Enquiry,Email,Enquiry,False,False,False,False,True,False
SUP004118,GT005715,Occasional,45,Refund request,Email,Refund request,False,False,False,False,False,False
SUP004119,GT007944,Occasional,39,Enquiry,Email,Enquiry,False,False,False,False,False,False
SUP004120,GT009918,Occasional,51,Refund request,Email,Refund request,False,False,False,False,True,False
SUP004121,GT003830,New,84,Accessibility,Email,Accessibility,False,False,False,False,False,False
SUP004122,GT005794,New,40,Refund request,Email,Refund request,False,False,False,False,False,False
SUP004123,GT006336,New,67,Refund request,Email,Refund request,False,False,False,False,True,False
SUP004124,GT004926,Regular,28,Refund request,Phone,Refund request,False,False,False,True,False,False
SUP004125,GT007473,Regular,20,Complaint,Phone,Complaint,False,False,False,False,False,False
SUP004126,GT003329,Occasional,44,Enquiry,Phone,Enquiry,False,False,False,True,False,False
SUP004127,GT005930,Occasional,25,Accessibility,Email,Refund request,False,False,False,False,False,True
SUP004128,GT005878,VIP,44,Accessibility,Email,Accessibility,False,False,False,False,True,False
SUP004129,GT008873,Occasional,31,Accessibility,Email,Accessibility,False,True,False,False,True,False
SUP004130,GT009140,Occasional,64,Refund request,Phone,Refund request,False,False,False,True,False,False
SUP004131,GT005473,New,23,Refund request,Email,Refund request,False,False,False,False,False,False
SUP004132,GT006983,New,35,Refund request,Email,Refund request,False,False,False,False,False,False
SUP004133,GT000507,New,19,Refund request,Email,Refund request,True,False,False,False,False,False
SUP004134,GT001208,Occasional,79,Complaint,Email,Complaint,False,False,False,False,True,False
SUP004135,GT005729,VIP,34,Refund request,Email,Refund request,False,False,False,False,False,False
SUP004136,GT001159,New,19,Enquiry,Email,Enquiry,False,False,False,False,True,False
SUP004137,GT000678,New,40,Refund request,Email,Refund request,False,False,False,False,False,False
SUP004138,GT008388,Regular,20,Refund request,Phone,Refund request,False,False,True,True,False,False
SUP004139,GT003417,Occasional,71,Refund request,Phone,Refund request,False,False,True,False,False,False
SUP004140,GT008533,New,74,Accessibility,Phone,Accessibility,False,False,False,False,False,False
SUP004141,GT007272,VIP,37,Enquiry,Email,Enquiry,False,False,False,False,False,False
SUP004142,GT002681,Occasional,29,Refund request,Email,Refund request,False,True,False,False,False,False
SUP004143,GT002522,Regular,28,Accessibility,Phone,Accessibility,False,False,False,False,False,False
SUP004144,GT003500,Occasional,25,Refund request,Email,Refund request,False,False,True,False,False,False
SUP004145,GT000420,Regular,52,Complaint,Email,Complaint,False,True,False,False,False,False
SUP004146,GT001527,Regular,68,Complaint,Phone,Complaint,False,False,False,True,False,False
SUP004147,GT001451,VIP,48,Refund request,Phone,Refund request,False,False,False,True,False,False
SUP004148,GT007625,Regular,83,Refund request,Email,Refund request,False,False,False,False,False,False
SUP004149,GT008895,Regular,80,Refund request,Email,Refund request,False,False,False,False,False,False
SUP004150,GT004714,Regular,20,Complaint,Email,Complaint,False,False,False,False,False,False
SUP004151,GT001323,VIP,37,Refund request,Phone,Refund request,False,False,False,False,False,False
SUP004152,GT006576,New,38,Accessibility,Email,Accessibility,False,False,False,False,False,False
SUP004153,GT000919,Regular,47,Refund request,Email,Refund request,False,False,False,False,True,False
SUP004154,GT000324,Regular,29,Complaint,Email,Complaint,False,False,False,False,False,False
SUP004155,GT004090,VIP,23,Enquiry,Email,Enquiry,False,False,False,False,False,False
SUP004156,GT000643,New,29,Refund request,Email,Refund request,False,False,False,False,False,False
SUP004157,GT004828,Occasional,36,Enquiry,Phone,Enquiry,False,False,False,True,False,False
SUP004158,GT005082,Occasional,63,Accessibility,Phone,Accessibility,False,False,False,False,False,False
SUP004159,GT009359,New,58,Enquiry,Email,Enquiry,False,False,False,False,True,False
SUP004160,GT005541,VIP,72,Enquiry,Email,Enquiry,False,False,False,False,True,False
SUP004161,GT008544,Occasional,47,Refund request,Email,Refund request,False,False,False,False,True,False
SUP004162,GT001311,Occasional,77,Enquiry,Email,Enquiry,False,True,False,False,False,False
SUP004163,GT005034,VIP,69,Enquiry,Email,Enquiry,False,False,False,False,True,False
SUP004164,GT008232,Regular,53,Complaint,Email,Refund request,False,False,False,False,False,True
SUP004165,GT008672,Occasional,47,Complaint,Email,Complaint,False,False,True,False,False,False
SUP004166,GT000228,Occasional,22,Refund request,Email,Refund request,False,False,False,False,True,False
SUP004167,GT008344,New,65,Enquiry,Email,Enquiry,False,False,False,False,False,False
SUP004168,GT004641,Occasional,62,Enquiry,Email,Enquiry,False,False,False,False,True,False
SUP004169,GT007536,Occasional,58,Refund request,Email,Refund request,False,False,False,False,False,False
SUP004170,GT009588,Regular,20,Enquiry,Phone,Enquiry,False,False,False,True,False,False
SUP004171,GT000663,VIP,69,Accessibility,Email,Accessibility,False,False,True,False,False,False
SUP004172,GT001428,Occasional,43,Complaint,Email,Complaint,False,False,False,False,True,False
SUP004173,GT006548,New,32,Refund request,Email,Refund request,False,True,False,False,False,False
SUP004174,GT002380,VIP,18,Complaint,Email,Complaint,False,False,False,False,False,False
SUP004175,GT005045,New,43,Complaint,Email,Complaint,False,False,False,False,False,False
SUP004176,GT009880,Regular,52,Complaint,Email,Complaint,False,False,False,False,False,False
SUP004177,GT003695,New,27,Enquiry,Phone,Enquiry,False,False,False,True,False,False
SUP004178,GT003752,New,74,Accessibility,Email,Accessibility,False,False,False,False,True,False
SUP004179,GT000341,Regular,42,Accessibility,Email,Accessibility,False,False,False,False,False,False
SUP004180,GT006127,New,32,Complaint,Email,Complaint,False,False,False,False,False,False
SUP004181,GT009762,New,76,Enquiry,Phone,Enquiry,False,False,False,False,False,False
SUP004182,GT000513,Regular,65,Accessibility,Email,Accessibility,False,False,False,False,True,False
SUP004183,GT008029,New,26,Complaint,Email,Complaint,False,False,False,False,False,False
SUP004184,GT003785,VIP,27,Enquiry,Phone,Enquiry,False,False,False,False,False,False
SUP004185,GT001864,New,33,Complaint,Email,Complaint,False,False,False,False,False,False
SUP004186,GT004288,Regular,24,Refund request,Email,Refund request,False,False,False,False,False,False
SUP004187,GT007205,Regular,84,Enquiry,Email,Enquiry,False,False,False,False,False,False
SUP004188,GT001447,Occasional,19,Refund request,Email,Refund request,False,False,False,False,False,False
SUP004189,GT003359,New,61,Refund request,Phone,Complaint,False,False,False,False,False,True
SUP004190,GT003828,Regular,72,Accessibility,Email,Accessibility,False,False,False,False,False,False
SUP004191,GT006120,New,62,Complaint,Phone,Complaint,False,False,True,True,False,False
SUP004192,GT005026,Occasional,72,Accessibility,Email,Accessibility,False,True,False,False,False,False
SUP004193,GT008830,New,81,Accessibility,Email,Accessibility,False,True,False,False,False,False
SUP004194,GT004543,Occasional,46,Enquiry,Email,Enquiry,False,True,False,False,True,False
SUP004195,GT008417,Regular,63,Enquiry,Phone,Enquiry,False,False,False,False,False,False
SUP004196,GT009581,Occasional,18,Complaint,Email,Complaint,False,False,False,False,False,False
SUP004197,GT002582,Regular,22,Accessibility,Phone,Accessibility,False,False,False,True,False,False
SUP004198,GT006516,Regular,29,Accessibility,Email,Accessibility,False,False,True,False,False,False
SUP004199,GT006661,VIP,43,Refund request,Email,Refund request,False,False,False,False,False,False
SUP004200,GT005199,New,19,Accessibility,Email,Accessibility,False,True,False,False,False,False
SUP004201,GT001086,Occasional,18,Accessibility,Email,Accessibility,False,True,False,False,False,False
SUP004202,GT003935,Occasional,69,Accessibility,Email,Accessibility,False,False,False,False,False,False
SUP004203,GT008469,Occasional,18,Refund request,Email,Refund request,False,False,False,False,False,False
SUP004204,GT003209,VIP,57,Refund request,Email,Refund request,False,False,False,False,False,False
SUP004205,GT005758,New,60,Enquiry,Email,Enquiry,False,False,False,False,False,False
SUP004206,GT004911,Occasional,47,Complaint,Email,Complaint,False,False,False,False,False,False
SUP004207,GT005772,New,34,Accessibility,Email,Accessibility,False,False,False,False,False,False
SUP004208,GT006713,Occasional,38,Enquiry,Email,Enquiry,False,False,False,False,False,False
SUP004209,GT002279,Occasional,42,Refund request,Email,Refund request,False,True,False,False,False,False
SUP004210,GT002872,VIP,55,Complaint,Email,Complaint,False,False,False,False,False,False
SUP004211,GT003454,VIP,29,Accessibility,Email,Accessibility,False,False,False,False,False,False
SUP004212,GT006270,New,53,Refund request,Phone,Refund request,False,False,False,False,False,False
SUP004213,GT008444,New,49,Refund request,Email,Refund request,False,False,False,False,True,False
SUP004214,GT004068,VIP,56,Enquiry,Email,Enquiry,False,False,False,False,False,False
SUP004215,GT001271,Regular,40,Refund request,Email,Refund request,False,False,False,False,True,False
SUP004216,GT001859,Regular,55,Refund request,Email,Refund request,False,False,False,False,True,False
SUP004217,GT007224,Regular,48,Refund request,Email,Refund request,False,False,False,False,False,False
SUP004218,GT008873,Occasional,31,Enquiry,Email,Enquiry,False,False,False,False,False,False
SUP004219,GT002456,New,68,Accessibility,Phone,Accessibility,False,False,False,False,False,False
SUP004220,GT009601,Regular,53,Refund request,Email,Refund request,False,False,False,False,False,False
SUP004221,GT008546,Occasional,62,Accessibility,Email,Accessibility,False,False,False,False,False,False
SUP004222,GT002808,Occasional,43,Complaint,Email,Complaint,False,False,False,False,True,False
SUP004223,GT005211,Occasional,58,Complaint,Email,Complaint,False,False,False,False,False,False
SUP004224,GT000845,Occasional,33,Complaint,Phone,Complaint,False,False,False,True,False,False
SUP004225,GT005778,VIP,51,Complaint,Phone,Complaint,False,False,False,False,False,False
SUP004226,GT002439,Regular,60,Refund request,Email,Refund request,False,False,False,False,False,False
SUP004227,GT004322,Regular,58,Refund request,Email,Refund request,False,False,False,False,True,False
SUP004228,GT005515,Occasional,26,Refund request,Phone,Refund request,False,False,False,False,False,False
SUP004229,GT009676,Regular,27,Enquiry,Phone,Enquiry,False,False,False,False,False,False
SUP004230,GT006345,Regular,76,Enquiry,Phone,Enquiry,False,False,True,False,False,False
SUP004231,GT003191,Regular,76,Refund request,Phone,Refund request,False,False,False,False,False,False
SUP004232,GT005635,VIP,51,Accessibility,Phone,Accessibility,False,False,False,False,False,False
SUP004233,GT005897,Regular,32,Enquiry,Phone,Enquiry,False,True,False,False,False,False
SUP004234,GT000348,Regular,60,Refund request,Email,Refund request,False,False,False,False,False,False
SUP004235,GT005871,New,46,Refund request,Email,Refund request,False,False,False,False,False,False
SUP004236,GT000156,VIP,53,Enquiry,Email,Enquiry,False,False,False,False,False,False
SUP004237,GT004189,New,50,Refund request,Email,Refund request,False,False,False,False,True,False
SUP004238,GT009671,Occasional,27,Refund request,Email,Refund request,False,False,False,False,False,False
SUP004239,GT003694,Occasional,30,Enquiry,Phone,Enquiry,False,False,False,False,False,False
SUP004240,GT000842,Regular,48,Accessibility,Phone,Accessibility,False,False,False,True,False,False
SUP004241,GT002347,New,24,Enquiry,Email,Enquiry,False,True,False,False,True,False
SUP004242,GT003026,Occasional,29,Refund request,Email,Refund request,False,False,False,False,True,False
SUP004243,GT002121,New,34,Refund request,Email,Refund request,True,True,False,False,False,False
SUP004244,GT001431,Regular,83,Enquiry,Phone,Enquiry,False,False,False,False,False,False
SUP004245,GT007172,Regular,69,Complaint,Email,Complaint,True,False,False,False,True,False
SUP004246,GT006727,VIP,54,Refund request,Email,Refund request,False,False,False,False,False,False
SUP004247,GT009038,New,66,Refund request,Email,Refund request,False,False,False,False,False,False
SUP004248,GT009886,Regular,34,Refund request,Phone,Refund request,False,False,False,True,False,False
SUP004249,GT007816,VIP,40,Complaint,Email,Complaint,False,False,False,False,False,False
SUP004250,GT005350,New,34,Refund request,Email,Refund request,False,False,False,False,True,False
SUP004251,GT003454,VIP,29,Refund request,Email,Refund request,False,False,False,False,True,False
SUP004252,GT006931,Regular,63,Refund request,Email,Refund request,False,False,False,False,False,False
SUP004253,GT005581,Occasional,45,Refund request,Email,Refund request,False,False,False,False,False,False
SUP004254,GT002737,Regular,62,Enquiry,Email,Enquiry,False,False,False,False,False,False
SUP004255,GT003778,New,60,Complaint,Email,Complaint,False,False,False,False,False,False
SUP004256,GT004584,VIP,45,Enquiry,Email,Enquiry,False,False,False,False,True,False
SUP004257,GT004068,VIP,56,Refund request,Email,Refund request,False,False,False,False,False,False
SUP004258,GT000423,Regular,49,Accessibility,Email,Accessibility,False,False,False,False,False,False
SUP004259,GT003129,Occasional,80,Refund request,Phone,Refund request,False,False,False,True,False,False
SUP004260,GT001148,VIP,61,Refund request,Email,Refund request,False,False,False,False,False,False
SUP004261,GT000094,New,71,Accessibility,Email,Accessibility,False,False,False,False,True,False
SUP004262,GT000352,New,35,Refund request,Email,Refund request,False,False,False,False,False,False
SUP004263,GT000522,Occasional,49,Enquiry,Email,Enquiry,False,True,False,False,True,False
SUP004264,GT003660,Regular,24,Complaint,Email,Complaint,False,False,False,False,False,False
SUP004265,GT003574,VIP,18,Refund request,Email,Refund request,False,False,False,False,True,False
SUP004266,GT003422,New,55,Accessibility,Phone,Accessibility,False,False,False,False,False,False
SUP004267,GT009006,Regular,69,Enquiry,Phone,Enquiry,False,False,True,False,False,False
SUP004268,GT007127,Occasional,73,Accessibility,Email,Accessibility,False,False,False,False,False,False
SUP004269,GT000545,Regular,76,Complaint,Email,Complaint,False,False,False,False,False,False
SUP004270,GT004189,New,50,Enquiry,Phone,Enquiry,False,False,False,False,False,False
SUP004271,GT005725,Occasional,63,Refund request,Email,Refund request,False,False,False,False,False,False
SUP004272,GT003125,New,42,Enquiry,Email,Enquiry,False,False,False,False,False,False
SUP004273,GT008371,Occasional,36,Enquiry,Email,Enquiry,False,False,False,False,True,False
SUP004274,GT005072,New,30,Complaint,Email,Complaint,True,False,False,False,False,False
SUP004275,GT004063,Regular,20,Refund request,Email,Refund request,False,False,False,False,True,False
SUP004276,GT003040,Occasional,35,Refund request,Email,Refund request,False,False,False,False,True,False
SUP004277,GT002605,VIP,20,Complaint,Phone,Complaint,False,False,False,False,False,False
SUP004278,GT008407,Occasional,44,Refund request,Phone,Refund request,False,False,False,False,False,False
SUP004279,GT009677,New,43,Refund request,Email,Refund request,False,False,False,False,True,False
SUP004280,GT009753,Occasional,39,Refund request,Email,Refund request,False,False,False,False,False,False
SUP004281,GT009983,Occasional,48,Refund request,Email,Refund request,False,False,False,False,False,False
SUP004282,GT006383,Regular,62,Refund request,Email,Refund request,False,False,False,False,True,False
SUP004283,GT001051,Occasional,58,Refund request,Email,Refund request,False,False,False,False,False,False
SUP004284,GT001459,VIP,83,Refund request,Email,Refund request,False,False,False,False,True,False
SUP004285,GT003195,Occasional,62,Refund request,Email,Refund request,False,False,False,False,False,False
SUP004286,GT001769,Regular,37,Enquiry,Phone,Complaint,False,False,False,False,False,True
SUP004287,GT009774,VIP,65,Complaint,Email,Complaint,False,False,False,False,False,False
SUP004288,GT004397,New,22,Enquiry,Email,Enquiry,False,False,False,False,False,False
SUP004289,GT003407,Regular,20,Enquiry,Email,Enquiry,False,False,False,False,True,False
SUP004290,GT002585,Occasional,63,Accessibility,Email,Accessibility,False,False,True,False,False,False
SUP004291,GT002276,Regular,28,Enquiry,Email,Enquiry,False,False,True,False,False,False
SUP004292,GT001974,New,35,Refund request,Email,Refund request,False,False,False,False,True,False
SUP004293,GT007760,Occasional,61,Refund request,Email,Refund request,False,True,False,False,False,False
SUP004294,GT000919,Regular,47,Complaint,Phone,Complaint,False,False,False,False,False,False
SUP004295,GT009610,Regular,43,Refund request,Email,Refund request,False,False,False,False,False,False
SUP004296,GT003998,Occasional,28,Refund request,Email,Refund request,False,False,False,False,False,False
SUP004297,GT002366,New,25,Refund request,Phone,Refund request,False,False,False,True,False,False
SUP004298,GT007405,VIP,27,Refund request,Email,Refund request,False,False,False,False,False,False
SUP004299,GT003935,Occasional,69,Complaint,Phone,Complaint,False,False,False,True,False,False
SUP004300,GT004394,Regular,77,Enquiry,Phone,Enquiry,False,False,False,True,False,False
SUP004301,GT003790,Occasional,30,Complaint,Email,Complaint,False,False,False,False,True,False
SUP004302,GT000925,Occasional,41,Enquiry,Email,Enquiry,True,False,False,False,True,False
SUP004303,GT008114,Regular,56,Enquiry,Email,Enquiry,False,False,False,False,True,False
SUP004304,GT007069,Regular,73,Complaint,Email,Complaint,False,False,False,False,False,False
SUP004305,GT008833,Occasional,58,Refund request,Email,Refund request,False,False,False,False,False,False
SUP004306,GT006607,Occasional,30,Refund request,Phone,Refund request,False,False,False,False,False,False
SUP004307,GT002598,Occasional,30,Enquiry,Email,Enquiry,False,True,False,False,False,False
SUP004308,GT005048,Regular,56,Accessibility,Email,Accessibility,False,False,False,False,False,False
SUP004309,GT003752,New,74,Complaint,Phone,Complaint,False,False,False,True,False,False
SUP004310,GT007272,VIP,37,Refund request,Email,Refund request,False,False,False,False,False,False
SUP004311,GT002821,Occasional,68,Accessibility,Phone,Enquiry,False,False,False,True,False,True
SUP004312,GT007529,New,48,Refund request,Phone,Refund request,False,False,False,False,False,False
SUP004313,GT000239,VIP,32,Complaint,Email,Complaint,False,False,False,False,False,False
SUP004314,GT003526,Regular,33,Enquiry,Phone,Enquiry,False,False,False,False,False,False
SUP004315,GT008795,VIP,46,Complaint,Email,Complaint,False,False,False,False,True,False
SUP004316,GT009588,Regular,20,Complaint,Phone,Complaint,False,False,False,True,False,False
SUP004317,GT008613,New,34,Refund request,Email,Refund request,False,False,False,False,False,False
SUP004318,GT003782,Occasional,20,Accessibility,Email,Accessibility,False,False,False,False,True,False
SUP004319,GT006889,Occasional,68,Refund request,Email,Refund request,False,False,False,False,False,False
SUP004320,GT001961,New,28,Complaint,Email,Complaint,False,False,False,False,True,False
SUP004321,GT009586,New,66,Enquiry,Email,Enquiry,False,False,False,False,False,False
SUP004322,GT003655,Occasional,40,Enquiry,Email,Enquiry,False,False,False,False,True,False
SUP004323,GT005758,New,60,Accessibility,Email,Accessibility,False,False,False,False,False,False
SUP004324,GT001072,Occasional,18,Complaint,Email,Complaint,False,False,False,False,True,False
SUP004325,GT003415,New,74,Enquiry,Phone,Enquiry,False,False,False,True,False,False
SUP004326,GT009137,New,57,Refund request,Email,Refund request,False,False,False,False,True,False
SUP004327,GT005092,Regular,67,Refund request,Phone,Refund request,False,False,False,False,False,False
SUP004328,GT000719,Regular,70,Refund request,Email,Refund request,False,False,False,False,False,False
SUP004329,GT009775,Regular,59,Enquiry,Email,Enquiry,False,False,False,False,True,False
SUP004330,GT009455,New,26,Refund request,Phone,Refund request,False,False,False,False,False,False
SUP004331,GT003155,Occasional,85,Complaint,Email,Complaint,False,False,False,False,False,False
SUP004332,GT009106,New,26,Complaint,Email,Complaint,False,False,False,False,False,False
SUP004333,GT003539,Regular,42,Complaint,Phone,Complaint,False,True,False,False,False,False
SUP004334,GT006942,Occasional,45,Complaint,Email,Complaint,False,False,False,False,False,False
SUP004335,GT002457,Occasional,57,Enquiry,Phone,Enquiry,False,False,False,False,False,False
SUP004336,GT005696,New,26,Refund request,Email,Enquiry,False,False,False,False,False,True
SUP004337,GT008599,New,65,Refund request,Email,Refund request,False,False,False,False,True,False
SUP004338,GT003419,Regular,22,Refund request,Email,Refund request,False,False,False,False,False,False
SUP004339,GT007687,New,60,Complaint,Phone,Complaint,False,False,True,False,False,False
SUP004340,GT000463,Regular,41,Complaint,Email,Complaint,False,False,False,False,True,False
SUP004341,GT008727,New,51,Accessibility,Email,Accessibility,False,False,False,False,False,False
SUP004342,GT000255,New,20,Complaint,Email,Complaint,True,True,False,False,False,False
SUP004343,GT002889,Regular,70,Enquiry,Email,Enquiry,False,False,False,False,True,False
SUP004344,GT002818,VIP,28,Refund request,Email,Refund request,False,False,False,False,False,False
SUP004345,GT008780,New,24,Accessibility,Phone,Accessibility,False,False,False,True,False,False
SUP004346,GT006816,Regular,35,Refund request,Phone,Refund request,False,False,False,False,False,False
SUP004347,GT004922,Regular,43,Refund request,Email,Refund request,False,False,False,False,True,False
SUP004348,GT008828,Occasional,24,Refund request,Email,Refund request,False,False,False,False,False,False
SUP004349,GT005344,VIP,42,Refund request,Email,Refund request,False,False,False,False,True,False
SUP004350,GT003886,Occasional,40,Accessibility,Email,Accessibility,False,True,False,False,False,False
SUP004351,GT002871,New,27,Enquiry,Email,Enquiry,False,False,False,False,True,False
SUP004352,GT009471,New,44,Enquiry,Email,Enquiry,False,False,False,False,False,False
SUP004353,GT001581,VIP,64,Refund request,Email,Refund request,False,False,False,False,False,False
SUP004354,GT006860,Regular,53,Complaint,Email,Complaint,False,False,False,False,True,False
SUP004355,GT006210,Regular,18,Enquiry,Email,Enquiry,False,False,False,False,False,False
SUP004356,GT004711,Regular,85,Refund request,Email,Refund request,False,False,False,False,False,False
SUP004357,GT004973,New,31,Complaint,Email,Complaint,False,False,False,False,False,False
SUP004358,GT006331,Occasional,76,Enquiry,Phone,Enquiry,False,False,True,False,False,False
SUP004359,GT005441,VIP,18,Enquiry,Email,Enquiry,False,True,False,False,False,False
SUP004360,GT001625,New,54,Enquiry,Email,Enquiry,False,False,False,False,True,False
SUP004361,GT002292,New,52,Refund request,Email,Refund request,False,False,False,False,True,False
SUP004362,GT003752,New,74,Refund request,Email,Refund request,False,False,False,False,False,False
SUP004363,GT002845,Occasional,18,Complaint,Phone,Complaint,False,False,False,False,False,False
SUP004364,GT007386,VIP,29,Refund request,Email,Refund request,False,False,False,False,False,False
SUP004365,GT000794,Occasional,19,Complaint,Phone,Complaint,False,False,False,True,False,False
SUP004366,GT000123,New,38,Accessibility,Email,Accessibility,False,False,False,False,True,False
SUP004367,GT009977,Regular,67,Accessibility,Email,Accessibility,False,False,False,False,True,False
SUP004368,GT006784,New,40,Accessibility,Email,Accessibility,False,False,False,False,False,False
SUP004369,GT006913,New,55,Complaint,Phone,Complaint,False,False,False,False,False,False
SUP004370,GT000799,New,35,Accessibility,Phone,Accessibility,False,False,False,False,False,False
SUP004371,GT007719,Occasional,18,Complaint,Email,Complaint,False,False,False,False,False,False
SUP004372,GT007899,Occasional,19,Enquiry,Phone,Enquiry,False,False,False,False,False,False
SUP004373,GT008300,Occasional,44,Refund request,Email,Refund request,False,False,False,False,True,False
SUP004374,GT004048,Regular,18,Refund request,Email,Accessibility,False,False,False,False,True,True
SUP004375,GT004468,New,56,Complaint,Email,Complaint,False,False,False,False,False,False
SUP004376,GT002726,Occasional,45,Enquiry,Email,Enquiry,False,False,False,False,True,False
SUP004377,GT002525,Regular,28,Refund request,Email,Refund request,False,False,False,False,False,False
SUP004378,GT002750,Regular,27,Refund request,Email,Refund request,False,False,False,False,True,False
SUP004379,GT001253,New,70,Complaint,Email,Complaint,False,False,False,False,False,False
SUP004380,GT008973,Regular,29,Accessibility,Email,Accessibility,False,False,False,False,False,False
SUP004381,GT002513,Occasional,31,Refund request,Email,Refund request,False,False,False,False,False,False
SUP004382,GT005933,Occasional,18,Complaint,Phone,Complaint,False,False,False,False,False,False
SUP004383,GT009676,Regular,27,Refund request,Email,Refund request,False,False,False,False,False,False
SUP004384,GT009750,Regular,59,Accessibility,Phone,Accessibility,False,False,False,False,False,False
SUP004385,GT005232,Occasional,51,Complaint,Email,Complaint,False,True,False,False,False,False
SUP004386,GT007052,Regular,35,Enquiry,Email,Enquiry,False,False,False,False,False,False
SUP004387,GT006623,VIP,69,Enquiry,Email,Enquiry,False,False,False,False,True,False
SUP004388,GT005901,Regular,48,Refund request,Phone,Refund request,False,False,False,False,False,False
SUP004389,GT001209,Regular,79,Complaint,Email,Complaint,False,False,False,False,False,False
SUP004390,GT001259,VIP,32,Accessibility,Phone,Accessibility,False,False,False,False,False,False
SUP004391,GT009533,Regular,31,Complaint,Email,Complaint,False,False,False,False,True,False
SUP004392,GT009359,New,58,Complaint,Email,Complaint,False,False,False,False,False,False
SUP004393,GT007480,VIP,19,Complaint,Phone,Complaint,False,False,False,False,False,False
SUP004394,GT006548,New,32,Enquiry,Email,Refund request,False,True,False,False,True,True
SUP004395,GT001427,New,55,Refund request,Email,Refund request,False,False,False,False,True,False
SUP004396,GT003966,Regular,44,Refund request,Email,Refund request,False,False,False,False,False,False
SUP004397,GT006314,New,25,Refund request,Email,Refund request,False,True,False,False,True,False
SUP004398,GT006346,Occasional,77,Complaint,Email,Complaint,False,False,False,False,True,False
SUP004399,GT007822,Regular,41,Accessibility,Phone,Accessibility,False,False,False,True,False,False
SUP004400,GT008073,Regular,18,Enquiry,Email,Enquiry,False,False,False,False,False,False
SUP004401,GT000661,VIP,54,Complaint,Phone,Complaint,False,False,False,False,False,False
SUP004402,GT006046,New,72,Enquiry,Email,Enquiry,False,False,False,False,False,False
SUP004403,GT008677,VIP,72,Refund request,Phone,Refund request,False,False,False,False,False,False
SUP004404,GT005459,New,33,Accessibility,Email,Complaint,False,False,False,False,False,True
SUP004405,GT002052,VIP,45,Refund request,Phone,Refund request,False,False,False,False,False,False
SUP004406,GT009252,New,78,Complaint,Email,Complaint,False,False,False,False,False,False
SUP004407,GT007535,New,30,Refund request,Email,Refund request,False,False,False,False,True,False
SUP004408,GT008733,Occasional,44,Refund request,Phone,Refund request,True,False,False,True,False,False
SUP004409,GT006484,VIP,35,Complaint,Email,Complaint,False,False,False,False,False,False
SUP004410,GT003680,Occasional,58,Accessibility,Email,Accessibility,False,False,False,False,False,False
SUP004411,GT006466,Regular,44,Accessibility,Phone,Refund request,False,False,False,False,False,True
SUP004412,GT000581,Regular,27,Accessibility,Email,Accessibility,False,False,False,False,False,False
SUP004413,GT000011,Occasional,51,Accessibility,Email,Accessibility,False,False,False,False,True,False
SUP004414,GT000196,New,41,Enquiry,Phone,Enquiry,False,False,False,False,False,False
SUP004415,GT003418,Occasional,48,Refund request,Phone,Complaint,False,False,False,False,False,True
SUP004416,GT002439,Regular,60,Accessibility,Phone,Accessibility,False,False,False,False,False,False
SUP004417,GT009293,Occasional,31,Enquiry,Email,Enquiry,False,True,False,False,False,False
SUP004418,GT004558,Regular,67,Enquiry,Email,Enquiry,False,False,False,False,False,False
SUP004419,GT005493,Regular,64,Enquiry,Email,Enquiry,False,False,False,False,False,False
SUP004420,GT009375,New,47,Refund request,Email,Refund request,False,False,False,False,False,False
SUP004421,GT000033,Regular,25,Enquiry,Phone,Enquiry,False,False,False,False,False,False
SUP004422,GT008344,New,65,Complaint,Email,Complaint,False,False,False,False,False,False
SUP004423,GT002624,Regular,61,Accessibility,Email,Accessibility,False,False,False,False,True,False
SUP004424,GT004194,Occasional,49,Enquiry,Email,Enquiry,False,False,False,False,True,False
SUP004425,GT002755,Occasional,29,Accessibility,Phone,Accessibility,False,False,False,True,False,False
SUP004426,GT005562,Occasional,55,Accessibility,Email,Accessibility,False,False,False,False,False,False
SUP004427,GT002555,Regular,49,Enquiry,Phone,Enquiry,False,False,False,False,False,False
SUP004428,GT006314,New,25,Complaint,Phone,Complaint,False,False,False,False,False,False
SUP004429,GT009312,Occasional,61,Refund request,Email,Refund request,False,False,False,False,False,False
SUP004430,GT001869,Regular,18,Enquiry,Email,Enquiry,False,True,False,False,False,False
SUP004431,GT008543,VIP,50,Enquiry,Email,Enquiry,False,False,False,False,False,False
SUP004432,GT006218,Occasional,72,Enquiry,Email,Enquiry,False,False,False,False,True,False
SUP004433,GT005793,New,39,Accessibility,Email,Enquiry,False,False,False,False,False,True
SUP004434,GT004692,Occasional,66,Refund request,Phone,Refund request,False,False,False,False,False,False
SUP004435,GT003781,New,35,Enquiry,Email,Enquiry,False,False,False,False,False,False
SUP004436,GT008869,New,81,Refund request,Email,Refund request,False,False,False,False,False,False
SUP004437,GT009560,Occasional,63,Enquiry,Phone,Enquiry,False,False,False,False,False,False
SUP004438,GT006457,Regular,41,Complaint,Phone,Complaint,False,False,True,True,False,False
SUP004439,GT008072,New,31,Refund request,Email,Refund request,False,False,False,False,False,False
SUP004440,GT007043,VIP,45,Enquiry,Email,Enquiry,False,False,False,False,False,False
SUP004441,GT007468,Regular,35,Accessibility,Email,Accessibility,False,False,False,False,False,False
SUP004442,GT002226,Regular,61,Enquiry,Email,Enquiry,False,False,False,False,False,False
SUP004443,GT008073,Regular,18,Enquiry,Email,Enquiry,False,False,False,False,False,False
SUP004444,GT007480,VIP,19,Complaint,Phone,Complaint,False,False,False,False,False,False
SUP004445,GT009375,New,47,Refund request,Email,Refund request,False,False,False,False,False,False
SUP004446,GT008858,Occasional,20,Refund request,Phone,Refund request,False,False,False,False,False,False
SUP004447,GT002085,Occasional,26,Refund request,Phone,Refund request,False,False,False,False,False,False
SUP004448,GT007873,Regular,32,Refund request,Email,Refund request,False,False,False,False,True,False
SUP004449,GT005008,New,40,Refund request,Email,Refund request,False,False,False,False,True,False
SUP004450,GT000428,VIP,22,Refund request,Email,Refund request,False,False,False,False,False,False
SUP004451,GT009636,Occasional,67,Refund request,Phone,Refund request,False,False,False,False,False,False
SUP004452,GT001196,Occasional,45,Complaint,Phone,Refund request,False,False,False,True,False,True
SUP004453,GT006037,Occasional,50,Complaint,Email,Complaint,False,False,False,False,False,False
SUP004454,GT003852,Occasional,61,Complaint,Email,Complaint,False,False,True,False,False,False
SUP004455,GT000913,Regular,64,Refund request,Email,Refund request,False,False,False,False,False,False
SUP004456,GT008278,Regular,18,Enquiry,Phone,Enquiry,False,False,False,True,False,False
SUP004457,GT008974,Occasional,57,Enquiry,Phone,Enquiry,False,False,False,False,False,False
SUP004458,GT007214,VIP,57,Refund request,Email,Refund request,False,False,False,False,True,False
SUP004459,GT002070,Occasional,82,Refund request,Email,Refund request,False,False,False,False,False,False
SUP004460,GT007416,Occasional,26,Enquiry,Email,Enquiry,False,False,False,False,False,False
SUP004461,GT009182,Regular,26,Refund request,Email,Refund request,False,False,False,False,True,False
SUP004462,GT003144,New,47,Refund request,Email,Refund request,False,False,False,False,False,False
SUP004463,GT007907,Regular,25,Refund request,Phone,Refund request,False,False,False,True,False,False
SUP004464,GT006513,New,55,Accessibility,Phone,Accessibility,False,False,False,False,False,False
SUP004465,GT009503,New,27,Refund request,Email,Refund request,False,False,True,False,False,False
SUP004466,GT008592,Occasional,21,Refund request,Phone,Refund request,False,False,False,True,False,False
SUP004467,GT007096,Regular,43,Accessibility,Email,Accessibility,False,True,False,False,False,False
SUP004468,GT005469,Occasional,48,Complaint,Email,Complaint,False,False,False,False,False,False
SUP004469,GT006074,VIP,53,Refund request,Phone,Refund request,True,False,False,False,False,False
SUP004470,GT009163,Occasional,57,Refund request,Email,Refund request,False,False,False,False,True,False
SUP004471,GT006709,Occasional,83,Accessibility,Phone,Accessibility,False,False,False,False,False,False
SUP004472,GT006118,New,47,Refund request,Email,Refund request,False,False,False,False,False,False
SUP004473,GT007951,Regular,32,Refund request,Email,Refund request,False,False,False,False,False,False
SUP004474,GT007096,Regular,43,Enquiry,Email,Accessibility,False,False,False,False,True,True
SUP004475,GT007460,Regular,18,Refund request,Phone,Refund request,False,False,False,False,False,False
SUP004476,GT002263,Occasional,18,Refund request,Phone,Refund request,False,False,False,False,False,False
SUP004477,GT003635,VIP,30,Enquiry,Email,Enquiry,False,False,False,False,True,False
SUP004478,GT008819,Occasional,46,Complaint,Email,Complaint,False,True,False,False,False,False
SUP004479,GT006674,New,85,Enquiry,Email,Enquiry,False,False,False,False,False,False
SUP004480,GT008248,New,75,Accessibility,Email,Accessibility,False,False,False,False,True,False
SUP004481,GT004698,New,43,Complaint,Phone,Complaint,False,False,False,True,False,False
SUP004482,GT002463,New,76,Complaint,Phone,Complaint,False,False,False,False,False,False
SUP004483,GT005441,VIP,18,Complaint,Email,Complaint,False,False,False,False,True,False
SUP004484,GT004092,Occasional,33,Enquiry,Email,Enquiry,False,True,False,False,False,False
SUP004485,GT003180,VIP,83,Enquiry,Email,Enquiry,False,False,False,False,False,False
SUP004486,GT003883,VIP,63,Enquiry,Phone,Enquiry,False,False,False,False,False,False
SUP004487,GT008620,VIP,24,Complaint,Email,Complaint,False,False,False,False,True,False
SUP004488,GT000138,Regular,24,Refund request,Email,Refund request,False,False,False,False,False,False
SUP004489,GT000941,Regular,61,Enquiry,Email,Enquiry,False,False,False,False,False,False
SUP004490,GT004438,New,44,Accessibility,Email,Accessibility,False,False,False,False,False,False
SUP004491,GT005567,VIP,75,Accessibility,Phone,Accessibility,False,False,False,False,False,False
SUP004492,GT005674,Occasional,54,Complaint,Email,Complaint,False,False,False,False,False,False
SUP004493,GT001265,New,38,Refund request,Email,Refund request,False,False,False,False,True,False
SUP004494,GT008292,Occasional,39,Accessibility,Email,Accessibility,False,False,False,False,True,False
SUP004495,GT007549,VIP,44,Enquiry,Phone,Enquiry,False,False,False,False,False,False
SUP004496,GT006989,Regular,74,Refund request,Email,Refund request,False,False,False,False,False,False
SUP004497,GT005274,Occasional,77,Accessibility,Email,Refund request,False,False,False,False,False,True
SUP004498,GT009051,Occasional,67,Enquiry,Email,Complaint,False,False,False,False,False,True
SUP004499,GT001427,New,55,Refund request,Email,Refund request,False,False,False,False,True,False
SUP004500,GT001537,Occasional,19,Accessibility,Email,Accessibility,False,False,False,False,False,False
SUP004501,GT003322,Regular,71,Accessibility,Phone,Accessibility,False,False,False,False,False,False
SUP004502,GT008042,VIP,36,Refund request,Email,Refund request,False,False,False,False,True,False
SUP004503,GT002308,Regular,41,Complaint,Email,Complaint,False,False,False,False,False,False
SUP004504,GT008471,Regular,58,Enquiry,Phone,Enquiry,False,True,False,False,False,False
SUP004505,GT001522,Occasional,47,Accessibility,Email,Accessibility,False,False,False,False,False,False
SUP004506,GT000104,Regular,85,Complaint,Email,Complaint,False,False,False,False,False,False
SUP004507,GT008219,Regular,20,Enquiry,Email,Enquiry,False,True,False,False,False,False
SUP004508,GT008302,Regular,43,Refund request,Email,Refund request,False,False,False,False,False,False
SUP004509,GT008371,Occasional,36,Enquiry,Email,Enquiry,False,True,False,False,False,False
SUP004510,GT009581,Occasional,18,Accessibility,Email,Accessibility,False,False,False,False,True,False
SUP004511,GT003576,Regular,44,Enquiry,Email,Enquiry,False,False,False,False,False,False
SUP004512,GT000440,Occasional,54,Complaint,Email,Complaint,False,False,False,False,False,False
SUP004513,GT008086,New,62,Accessibility,Email,Accessibility,False,False,False,False,True,False
SUP004514,GT008194,Occasional,58,Enquiry,Email,Enquiry,False,False,False,False,False,False
SUP004515,GT006104,Regular,61,Accessibility,Phone,Accessibility,False,False,False,False,False,False
SUP004516,GT007285,VIP,54,Accessibility,Email,Accessibility,True,False,False,False,False,False
SUP004517,GT008086,New,62,Accessibility,Email,Accessibility,False,True,False,False,False,False
SUP004518,GT004141,VIP,31,Refund request,Phone,Refund request,False,False,False,False,False,False
SUP004519,GT002242,Occasional,31,Enquiry,Phone,Accessibility,False,False,False,False,False,True
SUP004520,GT002503,New,28,Enquiry,Email,Enquiry,False,False,False,False,False,False
SUP004521,GT000674,Regular,64,Accessibility,Email,Accessibility,False,False,False,False,False,False
SUP004522,GT007740,VIP,55,Refund request,Email,Refund request,False,False,False,False,False,False
SUP004523,GT005247,Occasional,67,Accessibility,Email,Accessibility,False,False,False,False,False,False
SUP004524,GT002720,New,77,Refund request,Email,Refund request,False,False,False,False,False,False
SUP004525,GT000897,New,53,Refund request,Email,Refund request,False,False,False,False,False,False
SUP004526,GT005072,New,30,Complaint,Phone,Complaint,False,False,False,False,False,False
SUP004527,GT007189,Regular,45,Refund request,Phone,Refund request,False,False,False,False,False,False
SUP004528,GT002864,New,63,Refund request,Email,Refund request,False,False,False,False,False,False
SUP004529,GT001271,Regular,40,Refund request,Phone,Refund request,False,True,False,False,False,False
SUP004530,GT006326,Regular,44,Accessibility,Email,Accessibility,False,False,False,False,True,False
SUP004531,GT006813,Occasional,29,Complaint,Email,Complaint,False,False,False,False,False,False
SUP004532,GT006816,Regular,35,Refund request,Phone,Refund request,True,False,True,True,False,False
SUP004533,GT006222,Occasional,59,Complaint,Email,Complaint,False,False,False,False,True,False
SUP004534,GT001372,Regular,41,Enquiry,Phone,Enquiry,False,False,False,False,False,False
SUP004535,GT008683,VIP,58,Refund request,Email,Refund request,False,True,False,False,False,False
SUP004536,GT009169,VIP,75,Refund request,Email,Refund request,False,True,False,False,True,False
SUP004537,GT002347,New,24,Accessibility,Phone,Accessibility,True,False,False,False,False,False
SUP004538,GT006434,Regular,40,Accessibility,Phone,Accessibility,False,False,False,False,False,False
SUP004539,GT002430,Occasional,29,Enquiry,Email,Enquiry,False,False,False,False,False,False
SUP004540,GT003158,Occasional,37,Complaint,Email,Complaint,False,False,False,False,False,False
SUP004541,GT001599,Regular,28,Enquiry,Email,Enquiry,False,False,False,False,False,False
SUP004542,GT003158,Occasional,37,Accessibility,Email,Accessibility,False,False,False,False,False,False
SUP004543,GT002778,Regular,44,Accessibility,Email,Accessibility,False,False,False,False,True,False
SUP004544,GT001672,Occasional,64,Refund request,Email,Refund request,False,False,False,False,True,False
SUP004545,GT002717,New,35,Refund request,Email,Refund request,False,False,False,False,False,False
SUP004546,GT009528,Occasional,25,Refund request,Email,Refund request,False,False,False,False,True,False
SUP004547,GT008324,Occasional,66,Complaint,Phone,Complaint,False,False,True,True,False,False
SUP004548,GT009802,VIP,66,Accessibility,Email,Accessibility,False,False,False,False,False,False
SUP004549,GT004300,Occasional,27,Complaint,Phone,Complaint,False,False,False,True,False,False
SUP004550,GT006118,New,47,Refund request,Email,Refund request,False,False,True,False,False,False
SUP004551,GT007386,VIP,29,Refund request,Email,Refund request,False,False,False,False,False,False
SUP004552,GT004208,Regular,59,Enquiry,Phone,Enquiry,False,True,False,False,False,False
SUP004553,GT001992,New,38,Accessibility,Email,Accessibility,False,False,False,False,False,False
SUP004554,GT003374,Regular,61,Complaint,Phone,Complaint,False,False,False,True,False,False
SUP004555,GT006464,New,19,Refund request,Email,Refund request,False,False,False,False,False,False
SUP004556,GT000739,Occasional,29,Refund request,Email,Refund request,False,False,False,False,True,False
SUP004557,GT007182,Regular,31,Enquiry,Email,Enquiry,False,False,False,False,True,False
SUP004558,GT009487,Occasional,49,Refund request,Phone,Refund request,False,False,False,False,False,False
SUP004559,GT000996,Occasional,53,Refund request,Email,Refund request,False,False,False,False,True,False
SUP004560,GT009867,Occasional,27,Refund request,Email,Refund request,False,False,False,False,True,False
SUP004561,GT003222,Occasional,42,Refund request,Email,Refund request,False,False,False,False,False,False
SUP004562,GT004790,Regular,21,Enquiry,Phone,Enquiry,False,False,False,False,False,False
SUP004563,GT007453,Occasional,33,Accessibility,Email,Accessibility,False,True,False,False,True,False
SUP004564,GT008758,Occasional,39,Complaint,Phone,Complaint,False,False,False,False,False,False
SUP004565,GT003896,New,34,Refund request,Email,Refund request,False,True,False,False,False,False
SUP004566,GT007855,Occasional,67,Accessibility,Email,Accessibility,False,False,False,False,False,False
SUP004567,GT004722,Regular,18,Enquiry,Email,Enquiry,False,False,False,False,False,False
SUP004568,GT002503,New,28,Accessibility,Email,Accessibility,False,False,True,False,False,False
SUP004569,GT007687,New,60,Complaint,Email,Complaint,False,False,False,False,False,False
SUP004570,GT000919,Regular,47,Complaint,Phone,Complaint,False,False,False,False,False,False
SUP004571,GT008073,Regular,18,Refund request,Email,Refund request,False,False,False,False,True,False
SUP004572,GT006708,Occasional,84,Complaint,Email,Complaint,False,False,False,False,False,False
SUP004573,GT009671,Occasional,27,Enquiry,Email,Enquiry,False,False,False,False,False,False
SUP004574,GT000248,Regular,40,Accessibility,Phone,Accessibility,False,False,False,False,False,False
SUP004575,GT002584,Occasional,73,Refund request,Email,Enquiry,False,False,False,False,False,True
SUP004576,GT001032,Occasional,24,Enquiry,Phone,Enquiry,False,False,False,True,False,False
SUP004577,GT003700,Occasional,31,Refund request,Email,Refund request,False,False,False,False,True,False
SUP004578,GT002176,New,52,Accessibility,Email,Accessibility,False,False,False,False,False,False
SUP004579,GT002021,Regular,51,Refund request,Phone,Refund request,True,False,False,False,False,False
SUP004580,GT009511,Occasional,26,Accessibility,Email,Accessibility,False,False,False,False,False,False
SUP004581,GT006871,Regular,50,Refund request,Email,Refund request,False,False,True,False,False,False
SUP004582,GT009134,VIP,50,Enquiry,Email,Enquiry,False,False,False,False,True,False
SUP004583,GT007395,New,66,Accessibility,Phone,Accessibility,False,False,False,True,False,False
SUP004584,GT006500,Occasional,20,Complaint,Email,Enquiry,False,False,False,False,False,True
SUP004585,GT004712,VIP,18,Refund request,Email,Refund request,False,True,False,False,False,False
SUP004586,GT009981,Occasional,47,Refund request,Email,Refund request,False,False,False,False,False,False
SUP004587,GT002041,Regular,61,Enquiry,Email,Enquiry,False,False,False,False,False,False
SUP004588,GT008465,VIP,73,Refund request,Email,Refund request,False,False,False,False,False,False
SUP004589,GT005115,Occasional,31,Complaint,Phone,Accessibility,False,False,False,True,False,True
SUP004590,GT004397,New,22,Refund request,Email,Refund request,False,False,False,False,True,False
SUP004591,GT003491,Occasional,49,Enquiry,Email,Enquiry,False,False,False,False,False,False
SUP004592,GT004765,Regular,33,Refund request,Email,Refund request,False,False,False,False,False,False
SUP004593,GT003142,Regular,61,Refund request,Email,Refund request,False,False,False,False,False,False
SUP004594,GT005408,Occasional,19,Accessibility,Email,Accessibility,False,False,False,False,False,False
SUP004595,GT001220,VIP,69,Enquiry,Phone,Enquiry,False,False,False,True,False,False
SUP004596,GT006148,VIP,62,Refund request,Phone,Refund request,False,True,False,False,False,False
SUP004597,GT007517,New,64,Accessibility,Phone,Accessibility,False,False,False,False,False,False
SUP004598,GT004577,New,67,Enquiry,Email,Enquiry,False,False,True,False,False,False
SUP004599,GT001897,Regular,58,Refund request,Email,Refund request,False,True,False,False,False,False
SUP004600,GT000003,Occasional,67,Refund request,Phone,Refund request,False,False,False,True,False,False
SUP004601,GT001431,Regular,83,Refund request,Email,Refund request,False,False,False,False,True,False
SUP004602,GT009586,New,66,Refund request,Email,Refund request,False,False,False,False,True,False
SUP004603,GT007075,VIP,68,Complaint,Phone,Complaint,False,False,False,True,False,False
SUP004604,GT001133,Occasional,52,Refund request,Phone,Refund request,False,False,False,True,False,False
SUP004605,GT007004,Occasional,54,Accessibility,Phone,Accessibility,False,False,False,False,False,False
SUP004606,GT004612,Regular,35,Accessibility,Email,Accessibility,False,True,False,False,False,False
SUP004607,GT000161,Occasional,19,Complaint,Email,Complaint,False,False,False,False,True,False
SUP004608,GT000228,Occasional,22,Enquiry,Phone,Enquiry,False,False,False,False,False,False
SUP004609,GT003741,Occasional,62,Accessibility,Email,Accessibility,False,False,False,False,False,False
SUP004610,GT004511,Regular,35,Accessibility,Email,Accessibility,False,False,False,False,True,False
SUP004611,GT004479,VIP,18,Complaint,Email,Complaint,False,False,False,False,False,False
SUP004612,GT008672,Occasional,47,Complaint,Email,Complaint,False,False,False,False,False,False
SUP004613,GT005413,New,57,Enquiry,Email,Enquiry,False,False,False,False,True,False
SUP004614,GT007055,Occasional,68,Enquiry,Phone,Enquiry,False,False,True,False,False,False
SUP004615,GT004660,Occasional,45,Refund request,Email,Refund request,False,False,False,False,False,False
SUP004616,GT005716,Occasional,56,Enquiry,Email,Enquiry,False,False,False,False,False,False
SUP004617,GT005276,VIP,41,Refund request,Email,Refund request,False,False,False,False,False,False
SUP004618,GT006152,Occasional,79,Enquiry,Email,Enquiry,False,False,False,False,False,False
SUP004619,GT006623,VIP,69,Refund request,Email,Refund request,False,True,False,False,False,False
SUP004620,GT006518,Regular,64,Refund request,Email,Refund request,True,False,False,False,True,False
SUP004621,GT002541,Occasional,59,Complaint,Email,Complaint,False,False,False,False,False,False
SUP004622,GT005969,New,22,Refund request,Email,Refund request,False,False,False,False,True,False
SUP004623,GT008319,Occasional,76,Accessibility,Phone,Accessibility,False,False,False,False,False,False
SUP004624,GT004189,New,50,Refund request,Email,Refund request,False,False,False,False,True,False
SUP004625,GT006056,Occasional,18,Enquiry,Email,Enquiry,False,False,False,False,True,False
SUP004626,GT004387,Regular,30,Accessibility,Phone,Accessibility,False,False,True,False,False,False
SUP004627,GT004911,Occasional,47,Refund request,Email,Refund request,False,False,False,False,False,False
SUP004628,GT003078,Occasional,18,Enquiry,Email,Enquiry,False,True,False,False,False,False
SUP004629,GT004420,Occasional,38,Refund request,Email,Refund request,False,False,False,False,False,False
SUP004630,GT003655,Occasional,40,Refund request,Email,Refund request,False,False,False,False,False,False
SUP004631,GT006348,Occasional,36,Accessibility,Email,Accessibility,False,False,False,False,False,False
SUP004632,GT007375,VIP,73,Enquiry,Email,Enquiry,False,False,False,False,False,False
SUP004633,GT002136,Regular,43,Refund request,Email,Refund request,False,False,False,False,True,False
SUP004634,GT009474,Occasional,45,Refund request,Phone,Refund request,False,False,False,False,False,False
SUP004635,GT005139,Regular,43,Refund request,Phone,Refund request,False,False,True,False,False,False
SUP004636,GT008452,New,61,Complaint,Email,Complaint,False,False,False,False,False,False
SUP004637,GT000155,VIP,41,Enquiry,Phone,Enquiry,False,False,False,False,False,False
SUP004638,GT009533,Regular,31,Enquiry,Email,Enquiry,False,False,False,False,False,False
SUP004639,GT006449,Occasional,38,Complaint,Email,Complaint,False,False,False,False,False,False
SUP004640,GT009523,New,75,Refund request,Email,Refund request,True,True,False,False,False,False
SUP004641,GT008452,New,61,Complaint,Phone,Complaint,False,False,False,False,False,False
SUP004642,GT005092,Regular,67,Refund request,Email,Refund request,False,False,False,False,True,False
SUP004643,GT006816,Regular,35,Enquiry,Email,Enquiry,False,False,False,False,False,False
SUP004644,GT001356,Occasional,23,Refund request,Email,Refund request,False,False,False,False,False,False
SUP004645,GT003922,Regular,57,Refund request,Email,Refund request,False,True,False,False,False,False
SUP004646,GT003684,Regular,50,Enquiry,Email,Enquiry,False,False,False,False,True,False
SUP004647,GT004077,New,36,Accessibility,Email,Accessibility,True,False,False,False,True,False
SUP004648,GT005299,New,41,Complaint,Email,Complaint,False,False,True,False,False,False
SUP004649,GT003879,New,22,Accessibility,Email,Accessibility,False,False,False,False,False,False
SUP004650,GT009537,New,25,Refund request,Phone,Refund request,False,False,False,True,False,False
SUP004651,GT004334,New,27,Accessibility,Email,Accessibility,False,False,False,False,False,False
SUP004652,GT007603,VIP,51,Refund request,Email,Refund request,False,True,False,False,True,False
SUP004653,GT007817,New,70,Enquiry,Phone,Enquiry,False,False,False,False,False,False
SUP004654,GT003415,New,74,Enquiry,Phone,Enquiry,False,False,False,True,False,False
SUP004655,GT003013,New,32,Complaint,Email,Complaint,False,False,False,False,False,False
SUP004656,GT007126,Occasional,42,Enquiry,Email,Enquiry,False,False,False,False,False,False
SUP004657,GT003137,Regular,30,Refund request,Email,Refund request,False,False,True,False,False,False
SUP004658,GT001171,New,65,Refund request,Phone,Refund request,False,False,False,False,False,False
SUP004659,GT009699,Occasional,55,Complaint,Email,Complaint,False,True,False,False,False,False
SUP004660,GT004612,Regular,35,Complaint,Phone,Complaint,False,False,False,False,False,False
SUP004661,GT009808,Regular,41,Complaint,Email,Complaint,True,True,False,False,False,False
SUP004662,GT008191,New,57,Refund request,Email,Refund request,False,True,False,False,False,False
SUP004663,GT003137,Regular,30,Refund request,Email,Refund request,False,False,False,False,False,False
SUP004664,GT001860,Regular,34,Enquiry,Email,Enquiry,False,False,False,False,True,False
SUP004665,GT005189,Regular,30,Accessibility,Email,Accessibility,False,False,False,False,False,False
SUP004666,GT001699,Regular,43,Complaint,Email,Complaint,False,True,True,False,False,False
SUP004667,GT007689,Occasional,27,Enquiry,Email,Enquiry,False,False,False,False,True,False
SUP004668,GT001960,New,34,Enquiry,Email,Enquiry,False,False,False,False,True,False
SUP004669,GT007779,Occasional,48,Refund request,Email,Refund request,False,False,False,False,False,False
SUP004670,GT000749,Occasional,34,Enquiry,Email,Enquiry,False,False,False,False,False,False
SUP004671,GT009891,New,48,Refund request,Phone,Refund request,False,False,False,False,False,False
SUP004672,GT005735,Regular,66,Refund request,Email,Refund request,False,False,False,False,False,False
SUP004673,GT006993,Regular,28,Refund request,Email,Refund request,False,True,False,False,True,False
SUP004674,GT000340,VIP,25,Complaint,Email,Complaint,False,False,False,False,False,False
SUP004675,GT008517,Regular,61,Complaint,Phone,Complaint,False,True,False,False,False,False
SUP004676,GT009387,New,43,Enquiry,Phone,Enquiry,False,False,False,False,False,False
SUP004677,GT004802,VIP,18,Enquiry,Email,Enquiry,False,False,False,False,False,False
SUP004678,GT001140,VIP,42,Complaint,Phone,Complaint,False,False,False,True,False,False
SUP004679,GT004710,Regular,79,Refund request,Phone,Refund request,False,True,False,False,False,False
SUP004680,GT009236,Occasional,41,Complaint,Email,Complaint,False,False,False,False,True,False
SUP004681,GT003137,Regular,30,Refund request,Email,Refund request,False,True,False,False,False,False
SUP004682,GT008917,Occasional,78,Complaint,Email,Complaint,False,False,False,False,False,False
SUP004683,GT007775,New,28,Enquiry,Email,Enquiry,False,False,False,False,False,False
SUP004684,GT005963,Regular,38,Accessibility,Phone,Accessibility,False,False,False,False,False,False
SUP004685,GT002522,Regular,28,Complaint,Phone,Complaint,False,False,True,False,False,False
SUP004686,GT000560,Occasional,23,Enquiry,Phone,Enquiry,False,False,False,False,False,False
SUP004687,GT001869,Regular,18,Complaint,Email,Complaint,False,False,False,False,False,False
SUP004688,GT004722,Regular,18,Accessibility,Email,Accessibility,False,False,False,False,False,False
SUP004689,GT004559,New,60,Refund request,Phone,Refund request,False,False,False,False,False,False
SUP004690,GT002081,New,71,Refund request,Email,Refund request,False,False,False,False,True,False
SUP004691,GT005060,Occasional,68,Refund request,Email,Refund request,False,False,False,False,False,False
SUP004692,GT003652,Occasional,43,Accessibility,Email,Accessibility,False,False,False,False,False,False
SUP004693,GT008030,Regular,56,Refund request,Email,Refund request,False,False,False,False,False,False
SUP004694,GT005434,Regular,40,Refund request,Email,Refund request,False,False,False,False,False,False
SUP004695,GT001504,New,18,Enquiry,Email,Enquiry,False,False,False,False,False,False
SUP004696,GT008080,Occasional,42,Complaint,Email,Complaint,False,True,False,False,False,False
SUP004697,GT001831,Regular,46,Enquiry,Phone,Enquiry,False,False,False,False,False,False
SUP004698,GT009362,Occasional,71,Accessibility,Phone,Accessibility,False,False,False,False,False,False
SUP004699,GT000688,VIP,49,Refund request,Phone,Refund request,False,False,False,False,False,False
SUP004700,GT007642,New,30,Refund request,Email,Refund request,False,True,False,False,False,False
SUP004701,GT000463,Regular,41,Complaint,Email,Complaint,False,False,False,False,False,False
SUP004702,GT004334,New,27,Enquiry,Email,Enquiry,False,False,False,False,False,False
SUP004703,GT001622,Occasional,63,Accessibility,Email,Accessibility,False,False,False,False,False,False
SUP004704,GT001093,Occasional,60,Refund request,Email,Refund request,False,False,False,False,False,False
SUP004705,GT002044,Regular,20,Enquiry,Email,Enquiry,False,False,False,False,True,False
SUP004706,GT008938,Occasional,50,Refund request,Email,Refund request,False,False,False,False,False,False
SUP004707,GT009052,Occasional,58,Refund request,Email,Refund request,False,False,False,False,False,False
SUP004708,GT001323,VIP,37,Refund request,Email,Refund request,False,False,False,False,False,False
SUP004709,GT002818,VIP,28,Refund request,Phone,Refund request,False,False,False,True,False,False
SUP004710,GT001109,Regular,50,Accessibility,Phone,Accessibility,False,True,False,False,False,False
SUP004711,GT000919,Regular,47,Complaint,Phone,Complaint,False,False,False,True,False,False
SUP004712,GT003817,New,74,Accessibility,Email,Enquiry,False,False,False,False,False,True
SUP004713,GT007761,Occasional,48,Enquiry,Email,Enquiry,False,False,False,False,False,False
SUP004714,GT003752,New,74,Refund request,Email,Refund request,False,False,False,False,False,False
SUP004715,GT003129,Occasional,80,Accessibility,Email,Accessibility,False,False,False,False,False,False
SUP004716,GT009867,Occasional,27,Accessibility,Email,Accessibility,False,False,False,False,True,False
SUP004717,GT006913,New,55,Enquiry,Email,Enquiry,False,False,False,False,False,False
SUP004718,GT001171,New,65,Enquiry,Phone,Enquiry,False,False,False,False,False,False
SUP004719,GT002326,Occasional,18,Enquiry,Email,Enquiry,False,False,False,False,False,False
SUP004720,GT004642,Occasional,24,Refund request,Phone,Refund request,False,False,False,False,False,False
SUP004721,GT004382,Occasional,51,Complaint,Phone,Complaint,False,False,False,False,False,False
SUP004722,GT006860,Regular,53,Complaint,Email,Complaint,False,False,False,False,False,False
SUP004723,GT004748,New,60,Refund request,Email,Refund request,False,False,False,False,True,False
SUP004724,GT005858,New,50,Refund request,Email,Refund request,False,False,False,False,False,False
SUP004725,GT009362,Occasional,71,Complaint,Email,Complaint,False,False,False,False,False,False
SUP004726,GT007553,Regular,59,Complaint,Phone,Complaint,False,False,False,False,False,False
SUP004727,GT009838,Occasional,30,Refund request,Email,Refund request,False,False,False,False,True,False
SUP004728,GT009810,New,70,Refund request,Email,Refund request,False,False,False,False,False,False
SUP004729,GT000248,Regular,40,Enquiry,Email,Enquiry,False,False,False,False,False,False
SUP004730,GT002342,New,37,Refund request,Email,Refund request,False,False,False,False,False,False
SUP004731,GT006279,New,73,Accessibility,Email,Accessibility,True,False,False,False,False,False
SUP004732,GT009556,New,55,Refund request,Email,Refund request,False,False,False,False,False,False
SUP004733,GT001307,Regular,48,Enquiry,Email,Enquiry,False,False,False,False,False,False
SUP004734,GT000997,Regular,27,Accessibility,Email,Accessibility,False,False,False,False,True,False
SUP004735,GT000286,Regular,55,Refund request,Email,Refund request,True,False,False,False,False,False
SUP004736,GT008777,Regular,62,Complaint,Email,Complaint,False,False,False,False,False,False
SUP004737,GT000079,New,47,Accessibility,Email,Accessibility,False,False,False,False,False,False
SUP004738,GT004770,New,18,Refund request,Email,Refund request,False,False,False,False,False,False
SUP004739,GT003381,Occasional,68,Accessibility,Email,Accessibility,False,False,True,False,False,False
SUP004740,GT001203,Occasional,45,Complaint,Email,Complaint,False,False,False,False,False,False
SUP004741,GT009746,Occasional,22,Complaint,Email,Complaint,True,False,False,False,True,False
SUP004742,GT002450,VIP,55,Refund request,Email,Refund request,False,False,False,False,False,False
SUP004743,GT009579,Occasional,38,Enquiry,Phone,Enquiry,False,False,False,False,False,False
SUP004744,GT000754,Occasional,46,Refund request,Email,Refund request,False,False,False,False,False,False
SUP004745,GT003574,VIP,18,Refund request,Phone,Enquiry,False,False,False,True,False,True
SUP004746,GT007732,New,18,Enquiry,Email,Enquiry,False,False,False,False,True,False
SUP004747,GT009017,Occasional,62,Enquiry,Email,Enquiry,False,False,True,False,False,False
SUP004748,GT004394,Regular,77,Enquiry,Email,Enquiry,False,False,False,False,False,False
SUP004749,GT004245,Occasional,18,Refund request,Phone,Refund request,False,False,False,True,False,False
SUP004750,GT002979,Occasional,35,Refund request,Email,Refund request,False,False,False,False,False,False
SUP004751,GT004815,Regular,59,Refund request,Phone,Refund request,False,False,False,False,False,False
SUP004752,GT009581,Occasional,18,Enquiry,Email,Enquiry,False,False,False,False,False,False
SUP004753,GT003206,Regular,65,Enquiry,Email,Enquiry,False,False,False,False,True,False
SUP004754,GT006322,Regular,42,Refund request,Email,Refund request,False,False,False,False,False,False
SUP004755,GT009610,Regular,43,Accessibility,Email,Accessibility,False,True,False,False,False,False
SUP004756,GT006440,New,60,Accessibility,Phone,Accessibility,False,False,False,False,False,False
SUP004757,GT001688,Regular,37,Complaint,Email,Accessibility,False,False,False,False,False,True
SUP004758,GT009139,New,41,Refund request,Phone,Refund request,False,True,False,False,False,False
SUP004759,GT003061,New,37,Complaint,Email,Complaint,False,False,False,False,False,False
SUP004760,GT001918,New,69,Refund request,Email,Refund request,False,False,False,False,False,False
SUP004761,GT009022,Occasional,67,Enquiry,Phone,Enquiry,False,False,False,False,False,False
SUP004762,GT004224,Occasional,37,Enquiry,Email,Enquiry,False,False,False,False,False,False
SUP004763,GT004077,New,36,Enquiry,Email,Enquiry,False,False,False,False,False,False
SUP004764,GT009764,Occasional,44,Refund request,Email,Refund request,False,False,False,False,False,False
SUP004765,GT006996,New,27,Refund request,Email,Refund request,False,True,False,False,False,False
SUP004766,GT002795,Occasional,19,Complaint,Email,Accessibility,False,False,True,False,False,True
SUP004767,GT001203,Occasional,45,Enquiry,Email,Enquiry,False,False,False,False,False,False
SUP004768,GT007964,Occasional,41,Refund request,Phone,Refund request,False,False,False,False,False,False
SUP004769,GT008830,New,81,Complaint,Phone,Complaint,False,False,False,False,False,False
SUP004770,GT000452,New,79,Complaint,Phone,Complaint,False,False,False,False,False,False
SUP004771,GT004245,Occasional,18,Refund request,Phone,Refund request,False,False,False,False,False,False
SUP004772,GT006518,Regular,64,Complaint,Email,Complaint,False,False,False,False,False,False
SUP004773,GT007039,Regular,69,Enquiry,Email,Enquiry,False,False,False,False,True,False
SUP004774,GT009270,Occasional,54,Complaint,Phone,Complaint,False,False,False,True,False,False
SUP004775,GT000105,New,26,Enquiry,Email,Enquiry,False,False,False,False,True,False
SUP004776,GT007384,Occasional,56,Refund request,Email,Refund request,False,False,False,False,False,False
SUP004777,GT008320,Regular,29,Refund request,Phone,Refund request,False,False,False,True,False,False
SUP004778,GT004514,New,45,Accessibility,Email,Enquiry,False,False,False,False,False,True
SUP004779,GT006580,VIP,26,Refund request,Email,Refund request,False,False,False,False,False,False
SUP004780,GT001203,Occasional,45,Refund request,Email,Refund request,False,False,False,False,False,False
SUP004781,GT000973,Occasional,48,Enquiry,Email,Enquiry,False,False,True,False,False,False
SUP004782,GT000088,Occasional,21,Refund request,Phone,Refund request,False,False,False,False,False,False
SUP004783,GT002601,Occasional,47,Enquiry,Email,Enquiry,False,False,False,False,False,False
SUP004784,GT009058,VIP,21,Enquiry,Phone,Enquiry,False,False,False,False,False,False
SUP004785,GT009872,Occasional,66,Refund request,Email,Refund request,False,False,False,False,False,False
SUP004786,GT009827,Occasional,38,Enquiry,Phone,Enquiry,False,False,False,False,False,False
SUP004787,GT002021,Regular,51,Accessibility,Phone,Accessibility,False,False,False,False,False,False
SUP004788,GT002526,New,23,Enquiry,Email,Enquiry,False,False,False,False,True,False
SUP004789,GT003137,Regular,30,Refund request,Email,Refund request,False,False,False,False,False,False
SUP004790,GT002586,Regular,28,Complaint,Email,Complaint,False,False,False,False,False,False
SUP004791,GT003224,New,61,Complaint,Phone,Complaint,False,False,False,False,False,False
SUP004792,GT006035,Occasional,68,Enquiry,Email,Enquiry,True,False,False,False,True,False
SUP004793,GT003914,Occasional,65,Enquiry,Email,Enquiry,False,False,False,False,True,False
SUP004794,GT008445,New,65,Complaint,Phone,Complaint,False,False,False,True,False,False
SUP004795,GT004348,Occasional,62,Complaint,Email,Complaint,False,False,True,False,False,False
SUP004796,GT002795,Occasional,19,Complaint,Email,Complaint,False,True,False,False,True,False
SUP004797,GT003793,VIP,37,Refund request,Phone,Refund request,False,False,False,True,False,False
SUP004798,GT006063,Regular,40,Refund request,Email,Refund request,False,False,False,False,False,False
SUP004799,GT007431,New,59,Enquiry,Email,Enquiry,False,False,False,False,False,False
SUP004800,GT004068,VIP,56,Complaint,Phone,Complaint,False,False,False,False,False,False
SUP004801,GT007909,New,73,Refund request,Email,Refund request,False,False,False,False,False,False
SUP004802,GT001636,New,42,Enquiry,Phone,Enquiry,False,True,False,False,False,False
SUP004803,GT007000,Regular,38,Refund request,Email,Refund request,False,False,False,False,True,False
SUP004804,GT003061,New,37,Accessibility,Email,Accessibility,False,False,False,False,True,False
SUP004805,GT001574,Regular,22,Accessibility,Email,Accessibility,False,False,False,False,True,False
SUP004806,GT008526,Occasional,36,Enquiry,Email,Enquiry,False,False,False,False,False,False
SUP004807,GT008694,New,26,Refund request,Phone,Refund request,False,False,False,False,False,False
SUP004808,GT002630,Regular,23,Refund request,Phone,Refund request,False,False,False,False,False,False
SUP004809,GT005498,Occasional,36,Enquiry,Email,Enquiry,False,False,False,False,False,False
SUP004810,GT008561,New,47,Enquiry,Phone,Enquiry,False,False,False,False,False,False
SUP004811,GT004141,VIP,31,Refund request,Phone,Refund request,False,False,False,False,False,False
SUP004812,GT000542,New,53,Enquiry,Phone,Enquiry,False,False,False,False,False,False
SUP004813,GT007210,VIP,58,Enquiry,Email,Enquiry,False,False,False,False,False,False
SUP004814,GT008579,New,40,Enquiry,Email,Enquiry,False,False,False,False,True,False
SUP004815,GT008468,Occasional,68,Refund request,Email,Refund request,False,False,False,False,True,False
SUP004816,GT006102,VIP,36,Complaint,Email,Complaint,False,False,False,False,True,False
SUP004817,GT007903,Regular,48,Enquiry,Email,Enquiry,False,True,False,False,False,False
SUP004818,GT007625,Regular,83,Refund request,Email,Refund request,False,False,False,False,False,False
SUP004819,GT007932,New,47,Enquiry,Phone,Enquiry,False,False,False,True,False,False
SUP004820,GT002586,Regular,28,Accessibility,Email,Accessibility,False,True,False,False,True,False
SUP004821,GT006440,New,60,Complaint,Phone,Complaint,False,False,False,True,False,False
SUP004822,GT008456,New,59,Refund request,Email,Refund request,False,False,False,False,True,False
SUP004823,GT001675,Occasional,78,Refund request,Email,Refund request,False,False,False,False,False,False
SUP004824,GT003040,Occasional,35,Complaint,Phone,Complaint,False,False,False,False,False,False
SUP004825,GT007214,VIP,57,Refund request,Email,Refund request,False,True,False,False,True,False
SUP004826,GT007473,Regular,20,Enquiry,Email,Enquiry,False,False,False,False,False,False
SUP004827,GT002811,Occasional,75,Refund request,Email,Refund request,False,False,False,False,True,False
SUP004828,GT007134,VIP,33,Enquiry,Email,Enquiry,False,False,False,False,False,False
SUP004829,GT001644,Occasional,29,Accessibility,Phone,Accessibility,False,False,False,False,False,False
SUP004830,GT000428,VIP,22,Accessibility,Email,Accessibility,False,False,False,False,True,False
SUP004831,GT009252,New,78,Complaint,Email,Complaint,False,False,False,False,False,False
SUP004832,GT009499,Occasional,52,Refund request,Phone,Refund request,False,False,False,False,False,False
SUP004833,GT004922,Regular,43,Refund request,Phone,Refund request,False,False,False,False,False,False
SUP004834,GT006746,Occasional,68,Refund request,Email,Refund request,False,False,False,False,False,False
SUP004835,GT002521,Regular,33,Complaint,Phone,Complaint,False,False,False,True,False,False
SUP004836,GT002049,New,47,Enquiry,Email,Enquiry,False,False,False,False,True,False
SUP004837,GT007271,New,46,Refund request,Email,Refund request,False,False,False,False,False,False
SUP004838,GT002387,Occasional,79,Complaint,Email,Complaint,False,True,False,False,False,False
SUP004839,GT002765,Occasional,38,Refund request,Email,Refund request,False,False,False,False,False,False
SUP004840,GT002535,VIP,60,Accessibility,Email,Accessibility,False,True,True,False,False,False
SUP004841,GT000628,Occasional,35,Refund request,Phone,Refund request,False,False,False,False,False,False
SUP004842,GT007377,Occasional,48,Complaint,Phone,Complaint,False,False,False,False,False,False
SUP004843,GT001591,Regular,30,Complaint,Phone,Complaint,False,False,False,False,False,False
SUP004844,GT004807,Regular,30,Refund request,Email,Refund request,False,False,False,False,False,False
SUP004845,GT002370,VIP,29,Complaint,Email,Complaint,False,False,False,False,False,False
SUP004846,GT006851,VIP,61,Complaint,Email,Complaint,False,False,False,False,False,False
SUP004847,GT006211,Occasional,32,Accessibility,Email,Accessibility,False,False,False,False,False,False
SUP004848,GT000323,VIP,59,Complaint,Email,Complaint,False,False,True,False,False,False
SUP004849,GT001988,Occasional,43,Enquiry,Email,Enquiry,False,True,False,False,True,False
SUP004850,GT003086,Occasional,58,Accessibility,Phone,Accessibility,False,False,False,True,False,False
SUP004851,GT004334,New,27,Accessibility,Email,Accessibility,False,False,False,False,False,False
SUP004852,GT000535,Regular,18,Enquiry,Email,Accessibility,False,False,False,False,True,True
SUP004853,GT005400,Occasional,33,Refund request,Email,Refund request,False,True,False,False,False,False
SUP004854,GT008423,New,36,Complaint,Phone,Complaint,False,True,False,False,False,False
SUP004855,GT009854,Regular,30,Enquiry,Email,Enquiry,False,False,False,False,True,False
SUP004856,GT004092,Occasional,33,Complaint,Phone,Complaint,False,False,True,False,False,False
SUP004857,GT003224,New,61,Complaint,Email,Complaint,False,False,False,False,True,False
SUP004858,GT009009,Occasional,81,Complaint,Phone,Complaint,False,False,False,False,False,False
SUP004859,GT006456,Occasional,35,Complaint,Email,Complaint,False,False,False,False,True,False
SUP004860,GT004700,Occasional,43,Accessibility,Email,Accessibility,False,False,False,False,False,False
SUP004861,GT008215,Occasional,30,Complaint,Email,Complaint,False,False,False,False,True,False
SUP004862,GT009263,Regular,20,Enquiry,Phone,Enquiry,False,False,False,False,False,False
SUP004863,GT000688,VIP,49,Accessibility,Email,Accessibility,False,False,False,False,False,False
SUP004864,GT000121,VIP,45,Accessibility,Email,Accessibility,False,False,False,False,False,False
SUP004865,GT007900,Occasional,20,Enquiry,Email,Enquiry,False,False,False,False,False,False
SUP004866,GT003438,Regular,18,Refund request,Email,Refund request,False,False,True,False,False,False
SUP004867,GT003622,Regular,61,Accessibility,Email,Accessibility,False,False,False,False,False,False
SUP004868,GT001104,Occasional,60,Accessibility,Email,Accessibility,False,False,False,False,False,False
SUP004869,GT004770,New,18,Enquiry,Email,Enquiry,True,True,False,False,False,False
SUP004870,GT000999,New,48,Enquiry,Email,Enquiry,False,False,False,False,False,False
SUP004871,GT002898,Occasional,63,Enquiry,Phone,Enquiry,False,False,False,False,False,False
SUP004872,GT002066,New,70,Refund request,Phone,Refund request,False,False,False,True,False,False
SUP004873,GT004710,Regular,79,Refund request,Phone,Refund request,False,True,False,False,False,False
SUP004874,GT000763,Occasional,28,Refund request,Email,Refund request,False,False,False,False,False,False
SUP004875,GT004609,New,52,Complaint,Phone,Enquiry,False,False,False,True,False,True
SUP004876,GT006057,VIP,66,Accessibility,Email,Accessibility,False,False,False,False,False,False
SUP004877,GT003914,Occasional,65,Complaint,Email,Complaint,False,False,False,False,False,False
SUP004878,GT000517,Occasional,70,Refund request,Email,Refund request,False,False,False,False,True,False
SUP004879,GT001298,New,69,Refund request,Email,Refund request,False,False,False,False,False,False
SUP004880,GT004635,Occasional,33,Enquiry,Email,Enquiry,False,False,False,False,False,False
SUP004881,GT003125,New,42,Enquiry,Phone,Enquiry,False,False,False,True,False,False
SUP004882,GT006342,New,34,Complaint,Phone,Complaint,False,False,False,False,False,False
SUP004883,GT008424,VIP,40,Enquiry,Email,Enquiry,False,False,False,False,False,False
SUP004884,GT002795,Occasional,19,Refund request,Email,Refund request,False,False,False,False,True,False
SUP004885,GT009880,Regular,52,Accessibility,Email,Accessibility,False,False,False,False,False,False
SUP004886,GT006057,VIP,66,Refund request,Phone,Refund request,False,False,False,False,False,False
SUP004887,GT000105,New,26,Enquiry,Phone,Enquiry,False,False,False,False,False,False
SUP004888,GT007431,New,59,Refund request,Phone,Refund request,False,False,False,False,False,False
SUP004889,GT003793,VIP,37,Refund request,Phone,Refund request,False,False,False,True,False,False
SUP004890,GT005853,Regular,64,Accessibility,Email,Accessibility,False,False,False,False,False,False
SUP004891,GT004037,VIP,41,Enquiry,Email,Enquiry,False,False,False,False,False,False
SUP004892,GT006607,Occasional,30,Enquiry,Email,Enquiry,False,False,False,False,True,False
SUP004893,GT008729,Occasional,62,Complaint,Email,Complaint,False,False,False,False,False,False
SUP004894,GT001147,New,57,Refund request,Email,Refund request,False,False,False,False,False,False
SUP004895,GT003125,New,42,Complaint,Email,Complaint,False,False,False,False,False,False
SUP004896,GT009808,Regular,41,Accessibility,Email,Accessibility,False,False,False,False,False,False
SUP004897,GT007844,Occasional,50,Enquiry,Phone,Enquiry,True,False,False,True,False,False
SUP004898,GT008830,New,81,Accessibility,Email,Accessibility,False,False,True,False,False,False
SUP004899,GT001614,New,75,Complaint,Email,Complaint,False,False,False,False,False,False
SUP004900,GT008445,New,65,Refund request,Phone,Refund request,False,False,False,False,False,False
SUP004901,GT000535,Regular,18,Enquiry,Phone,Enquiry,False,False,False,False,False,False
SUP004902,GT007431,New,59,Complaint,Email,Complaint,False,False,False,False,False,False
SUP004903,GT004700,Occasional,43,Refund request,Phone,Refund request,False,False,False,False,False,False
SUP004904,GT006288,Occasional,23,Accessibility,Email,Refund request,False,False,False,False,False,True
SUP004905,GT008455,New,22,Accessibility,Phone,Accessibility,False,False,False,False,False,False
SUP004906,GT006063,Regular,40,Refund request,Email,Refund request,False,False,False,False,False,False
SUP004907,GT005119,Regular,27,Enquiry,Email,Enquiry,False,False,False,False,False,False
SUP004908,GT004899,Occasional,30,Accessibility,Email,Accessibility,False,False,False,False,False,False
SUP004909,GT006586,Occasional,59,Complaint,Email,Complaint,False,False,False,False,True,False
SUP004910,GT003914,Occasional,65,Accessibility,Email,Accessibility,False,True,False,False,False,False
SUP004911,GT003170,VIP,47,Complaint,Email,Complaint,False,False,False,False,False,False
SUP004912,GT003581,Regular,24,Complaint,Phone,Complaint,False,True,False,False,False,False
SUP004913,GT004334,New,27,Refund request,Phone,Refund request,False,False,False,False,False,False
SUP004914,GT008144,VIP,40,Refund request,Email,Refund request,False,False,False,False,True,False
SUP004915,GT006372,Regular,57,Complaint,Phone,Complaint,True,False,False,True,False,False
SUP004916,GT006586,Occasional,59,Complaint,Phone,Enquiry,False,False,False,False,False,True
SUP004917,GT008981,Regular,32,Enquiry,Email,Enquiry,False,False,False,False,True,False
SUP004918,GT009330,VIP,35,Enquiry,Email,Enquiry,False,False,False,False,True,False
SUP004919,GT004489,Regular,23,Enquiry,Email,Complaint,False,False,False,False,False,True
SUP004920,GT009915,VIP,42,Refund request,Email,Refund request,False,False,False,False,False,False
SUP004921,GT004827,New,18,Refund request,Email,Refund request,False,False,False,False,True,False
SUP004922,GT004226,Occasional,49,Refund request,Email,Refund request,False,False,False,False,False,False
SUP004923,GT003391,New,29,Accessibility,Email,Accessibility,False,False,False,False,False,False
SUP004924,GT004193,Regular,45,Enquiry,Email,Enquiry,False,False,False,False,False,False
SUP004925,GT002449,Regular,78,Complaint,Email,Complaint,False,False,False,False,True,False
SUP004926,GT004899,Occasional,30,Complaint,Email,Complaint,False,False,False,False,False,False
SUP004927,GT003006,New,36,Complaint,Email,Complaint,False,False,False,False,False,False
SUP004928,GT003969,Occasional,79,Accessibility,Email,Accessibility,False,False,False,False,False,False
SUP004929,GT008882,VIP,43,Accessibility,Email,Accessibility,False,True,False,False,False,False
SUP004930,GT002795,Occasional,19,Refund request,Phone,Refund request,False,False,False,True,False,False
SUP004931,GT001259,VIP,32,Refund request,Email,Refund request,False,False,False,False,False,False
SUP004932,GT004309,Regular,66,Enquiry,Email,Enquiry,False,False,False,False,False,False
SUP004933,GT005441,VIP,18,Enquiry,Phone,Enquiry,False,False,False,False,False,False
SUP004934,GT004985,Occasional,57,Complaint,Phone,Complaint,False,False,False,False,False,False
SUP004935,GT008905,New,25,Refund request,Email,Refund request,False,False,False,False,True,False
SUP004936,GT000083,Occasional,18,Enquiry,Phone,Enquiry,False,False,False,False,False,False
SUP004937,GT001063,VIP,73,Enquiry,Email,Enquiry,False,False,False,False,False,False
SUP004938,GT006554,Occasional,20,Accessibility,Email,Accessibility,False,False,False,False,True,False
SUP004939,GT002063,Occasional,33,Refund request,Email,Refund request,False,False,False,False,True,False
SUP004940,GT002736,Regular,29,Refund request,Email,Refund request,False,False,False,False,False,False
SUP004941,GT002277,Regular,20,Complaint,Email,Complaint,False,False,False,False,False,False
SUP004942,GT008834,Occasional,67,Complaint,Email,Complaint,False,False,False,False,False,False
SUP004943,GT004915,Regular,25,Accessibility,Email,Accessibility,False,True,True,False,False,False
SUP004944,GT008844,Occasional,63,Enquiry,Email,Enquiry,False,False,False,False,False,False
SUP004945,GT004054,Occasional,20,Enquiry,Email,Enquiry,False,False,False,False,False,False
SUP004946,GT003496,Regular,50,Accessibility,Email,Accessibility,False,True,False,False,False,False
SUP004947,GT008191,New,57,Enquiry,Email,Enquiry,False,False,False,False,False,False
SUP004948,GT006554,Occasional,20,Enquiry,Phone,Enquiry,False,False,True,False,False,False
SUP004949,GT006613,Occasional,18,Accessibility,Email,Accessibility,False,False,False,False,False,False
SUP004950,GT004748,New,60,Refund request,Email,Refund request,False,False,False,False,True,False
SUP004951,GT002486,Occasional,78,Accessibility,Email,Accessibility,False,False,False,False,False,False
SUP004952,GT003137,Regular,30,Refund request,Phone,Refund request,False,False,False,False,False,False
SUP004953,GT004700,Occasional,43,Complaint,Email,Complaint,False,False,False,False,False,False
SUP004954,GT009529,VIP,49,Accessibility,Phone,Accessibility,False,False,True,False,False,False
SUP004955,GT008469,Occasional,18,Accessibility,Email,Accessibility,False,False,False,False,True,False
SUP004956,GT004610,Occasional,18,Complaint,Email,Complaint,False,False,False,False,False,False
SUP004957,GT002271,Regular,46,Accessibility,Phone,Accessibility,False,False,False,False,False,False
SUP004958,GT004748,New,60,Refund request,Email,Refund request,False,False,False,False,True,False
SUP004959,GT009499,Occasional,52,Enquiry,Phone,Enquiry,False,False,False,False,False,False
SUP004960,GT006725,VIP,59,Accessibility,Email,Accessibility,False,False,False,False,False,False
SUP004961,GT009211,Occasional,18,Enquiry,Phone,Enquiry,False,False,False,False,False,False
SUP004962,GT008088,Occasional,64,Refund request,Email,Refund request,False,False,False,False,True,False
SUP004963,GT000994,Occasional,18,Enquiry,Phone,Enquiry,False,False,False,True,False,False
SUP004964,GT000193,New,54,Refund request,Email,Refund request,True,False,False,False,False,False
SUP004965,GT009549,New,33,Complaint,Email,Complaint,False,False,False,False,True,False
SUP004966,GT001946,New,76,Complaint,Email,Complaint,False,False,False,False,True,False
SUP004967,GT002449,Regular,78,Refund request,Email,Refund request,False,False,False,False,False,False
SUP004968,GT007395,New,66,Enquiry,Email,Enquiry,False,False,False,False,False,False
SUP004969,GT001614,New,75,Refund request,Email,Refund request,False,False,False,False,True,False
SUP004970,GT002428,VIP,58,Enquiry,Phone,Enquiry,False,False,False,False,False,False
SUP004971,GT006518,Regular,64,Enquiry,Phone,Enquiry,False,False,False,False,False,False
SUP004972,GT002166,Occasional,54,Refund request,Email,Refund request,False,False,False,False,True,False
SUP004973,GT002999,New,67,Refund request,Email,Refund request,False,False,False,False,True,False
SUP004974,GT002428,VIP,58,Refund request,Email,Refund request,False,False,False,False,False,False
SUP004975,GT000156,VIP,53,Refund request,Email,Refund request,False,False,False,False,False,False
SUP004976,GT005758,New,60,Accessibility,Email,Accessibility,False,False,False,False,True,False
SUP004977,GT005388,New,61,Accessibility,Email,Accessibility,True,False,False,False,True,False
SUP004978,GT008329,Occasional,21,Refund request,Phone,Refund request,False,False,False,False,False,False
SUP004979,GT004700,Occasional,43,Refund request,Email,Refund request,False,False,False,False,False,False
SUP004980,GT006054,Occasional,79,Complaint,Email,Complaint,False,False,False,False,True,False
SUP004981,GT006655,Regular,18,Refund request,Phone,Refund request,False,False,True,False,False,False
SUP004982,GT003382,New,29,Refund request,Email,Refund request,False,False,False,False,True,False
SUP004983,GT007431,New,59,Refund request,Email,Refund request,False,False,True,False,False,False
SUP004984,GT008456,New,59,Complaint,Email,Complaint,False,False,False,False,False,False
SUP004985,GT004430,Regular,48,Refund request,Phone,Refund request,False,False,False,False,False,False
SUP004986,GT006063,Regular,40,Accessibility,Phone,Accessibility,False,False,False,False,False,False
SUP004987,GT006081,New,34,Enquiry,Email,Enquiry,False,True,False,False,True,False
SUP004988,GT008671,Regular,57,Enquiry,Email,Enquiry,False,False,False,False,False,False
SUP004989,GT002716,Occasional,74,Refund request,Email,Refund request,False,False,False,False,False,False
SUP004990,GT009451,Regular,59,Refund request,Email,Refund request,False,False,True,False,False,False
SUP004991,GT003282,Regular,32,Enquiry,Email,Enquiry,False,False,False,False,True,False
SUP004992,GT006057,VIP,66,Refund request,Email,Accessibility,False,False,False,False,False,True
SUP004993,GT006655,Regular,18,Complaint,Phone,Complaint,False,False,False,False,False,False
SUP004994,GT002726,Occasional,45,Enquiry,Email,Enquiry,False,False,False,False,True,False
SUP004995,GT004600,New,46,Enquiry,Email,Enquiry,False,False,False,False,False,False
SUP004996,GT009958,New,62,Refund request,Email,Refund request,False,False,False,False,False,False
SUP004997,GT002564,Regular,73,Refund request,Phone,Refund request,False,False,False,False,False,False
SUP004998,GT005247,Occasional,67,Enquiry,Email,Enquiry,False,False,False,False,False,False
SUP004999,GT004334,New,27,Accessibility,Phone,Accessibility,False,False,False,True,False,False
SUP005000,GT008905,New,25,Refund request,Email,Refund request,False,False,False,False,False,False
